"gene.name","human.gene.name","human.homology.type","human.gene.order.conservation.score","human.whole.genome.alignment.coverage","human.orthology.confidence..0.low..1.high."
"mt-Nd1","MT-ND1","ortholog_one2one",50,100,1
"mt-Nd2","MT-ND2","ortholog_one2one",75,100,1
"mt-Co1","MT-CO1","ortholog_one2one",100,100,1
"mt-Co2","MT-CO2","ortholog_one2one",100,100,1
"mt-Atp8","MT-ATP8","ortholog_one2one",100,100,0
"mt-Atp6","MT-ATP6","ortholog_one2one",100,100,1
"mt-Co3","MT-CO3","ortholog_one2one",100,100,1
"mt-Nd3","MT-ND3","ortholog_one2one",100,100,1
"mt-Nd4l","MT-ND4L","ortholog_one2one",100,100,1
"mt-Nd4","MT-ND4","ortholog_one2one",100,100,1
"mt-Nd5","MT-ND5","ortholog_one2one",100,100,1
"mt-Nd6","MT-ND6","ortholog_one2one",75,100,1
"mt-Cytb","MT-CYB","ortholog_one2one",50,100,1
"Stc2","STC2","ortholog_one2one",50,100,1
"Hdhd3","HDHD3","ortholog_one2one",100,100,1
"Iba57","IBA57","ortholog_one2one",100,100,1
"Kcnj14","KCNJ14","ortholog_one2one",100,100,1
"Trim60","TRIM60","ortholog_one2one",75,100,1
"Ncs1","NCS1","ortholog_one2one",100,100,1
"Gfod2","GFOD2","ortholog_one2one",100,100,1
"Nudt14","NUDT14","ortholog_one2one",100,100,1
"Rlbp1","RLBP1","ortholog_one2one",100,100,1
"Themis","THEMIS","ortholog_one2one",100,98.38,1
"Fbp2","FBP2","ortholog_one2one",50,100,1
"Znhit2","ZNHIT2","ortholog_one2one",100,100,1
"Rnf182","RNF182","ortholog_one2one",100,100,1
"Macc1","MACC1","ortholog_one2one",50,100,1
"Trim61","TRIM61","ortholog_one2one",0,100,1
"Slc25a4","SLC25A4","ortholog_one2one",100,100,1
"Echdc3","ECHDC3","ortholog_one2one",100,100,1
"Smo","SMO","ortholog_one2one",100,100,1
"Dcaf15","DCAF15","ortholog_one2one",100,100,1
"Ttc13","TTC13","ortholog_one2one",100,98.88,1
"Fkbp1b","FKBP1B","ortholog_one2one",100,100,1
"Fsd2","FSD2","ortholog_one2one",100,98.46,1
"Cc2d2a","CC2D2A","ortholog_one2one",100,100,1
"Smyd5","SMYD5","ortholog_one2one",100,100,1
"Mbd2","MBD2","ortholog_one2one",100,100,1
"Mboat1","MBOAT1","ortholog_one2one",50,100,1
"Gjc2","GJC2","ortholog_one2one",100,100,1
"Snrnp48","SNRNP48","ortholog_one2one",100,100,1
"Rev3l","REV3L","ortholog_one2one",100,100,1
"Fxr2","FXR2","ortholog_one2one",75,100,1
"Arhgap24","ARHGAP24","ortholog_one2one",100,100,1
"Cfap73","CFAP73","ortholog_one2one",100,100,1
"Pus1","PUS1","ortholog_one2one",75,98.24,1
"Reln","RELN","ortholog_one2one",100,100,1
"Tapbpl","TAPBPL","ortholog_one2one",100,97.11,1
"Ddx54","DDX54","ortholog_one2one",100,100,1
"Dnaja3","DNAJA3","ortholog_one2one",100,100,1
"Ccdc182","CCDC182","ortholog_one2one",100,100,1
"Gmnn","GMNN","ortholog_one2one",100,100,1
"Lgi4","LGI4","ortholog_one2one",100,100,1
"Zfp398","ZNF398","ortholog_one2one",100,100,1
"Pmch","PMCH","ortholog_one2one",100,100,1
"Vamp1","VAMP1","ortholog_one2one",100,100,1
"Tsc1","TSC1","ortholog_one2one",100,100,1
"Usp6nl","USP6NL","ortholog_one2one",100,100,1
"Slc4a2","SLC4A2","ortholog_one2one",100,100,1
"Chst1","CHST1","ortholog_one2one",100,100,1
"Mbtd1","MBTD1","ortholog_one2one",100,100,1
"Ldah","LDAH","ortholog_one2one",100,100,1
"Parpbp","PARPBP","ortholog_one2one",100,100,1
"Myo15","MYO15A","ortholog_one2one",100,100,1
"Rbis","RBIS","ortholog_one2one",100,100,1
"Olfr267","OR2K2","ortholog_one2one",100,100,1
"Nlrp12","NLRP12","ortholog_one2one",50,100,1
"Dock7","DOCK7","ortholog_one2one",100,100,1
"Tac4","TAC4","ortholog_one2one",100,96.99,0
"Tal1","TAL1","ortholog_one2one",100,100,1
"Abca2","ABCA2","ortholog_one2one",75,99.55,1
"Ak4","AK4","ortholog_one2one",100,100,1
"Il22ra2","IL22RA2","ortholog_one2one",100,95.62,1
"E2f5","E2F5","ortholog_one2one",100,100,1
"Dyrk1b","DYRK1B","ortholog_one2one",100,100,1
"Iqsec1","IQSEC1","ortholog_one2one",50,100,1
"Tomm7","TOMM7","ortholog_one2one",50,86.24,0
"Cdk6","CDK6","ortholog_one2one",50,100,1
"Cd27","CD27","ortholog_one2one",100,100,1
"Nudcd2","NUDCD2","ortholog_one2one",100,100,1
"Zmynd11","ZMYND11","ortholog_one2one",50,100,1
"Tle7","TLE7","ortholog_one2one",100,100,1
"Slc22a16","SLC22A16","ortholog_one2one",100,94.95,0
"Magohb","MAGOHB","ortholog_one2one",100,100,1
"Hp1bp3","HP1BP3","ortholog_one2one",100,100,1
"Txndc9","TXNDC9","ortholog_one2one",100,100,1
"Olfr587-ps1","OR51L1","ortholog_one2one",25,100,0
"Zfp612","ZNF23","ortholog_one2one",100,100,1
"Lhfpl2","LHFPL2","ortholog_one2one",100,100,1
"Helt","HELT","ortholog_one2one",100,100,1
"Etv1","ETV1","ortholog_one2one",100,100,1
"Mep1b","MEP1B","ortholog_one2one",100,100,1
"Ppp1r12c","PPP1R12C","ortholog_one2one",100,100,1
"Ncl","NCL","ortholog_one2one",100,99.97,1
"Enc1","ENC1","ortholog_one2one",100,100,1
"Tubd1","TUBD1","ortholog_one2one",100,100,1
"Ost4","OST4","ortholog_one2one",100,100,1
"Podnl1","PODNL1","ortholog_one2one",100,100,1
"L2hgdh","L2HGDH","ortholog_one2one",100,100,1
"Cptp","CPTP","ortholog_one2one",100,100,1
"Phox2b","PHOX2B","ortholog_one2one",100,100,1
"Oaz1","OAZ1","ortholog_one2one",100,100,1
"Noxo1","NOXO1","ortholog_one2one",100,100,1
"Whamm","WHAMM","ortholog_one2one",100,100,1
"Myadm","MYADM","ortholog_one2one",75,100,1
"Agbl5","AGBL5","ortholog_one2one",100,100,1
"Foxo1","FOXO1","ortholog_one2one",50,100,1
"Ppargc1a","PPARGC1A","ortholog_one2one",100,100,1
"Sctr","SCTR","ortholog_one2one",100,100,1
"Ccdc173","CCDC173","ortholog_one2one",100,100,1
"Mark3","MARK3","ortholog_one2one",100,100,1
"Tmem159","TMEM159","ortholog_one2one",100,100,1
"Krt17","KRT17","ortholog_one2one",100,100,1
"Zfp282","ZNF282","ortholog_one2one",100,100,1
"Prkcg","PRKCG","ortholog_one2one",100,100,1
"Grwd1","GRWD1","ortholog_one2one",100,100,1
"Nfic","NFIC","ortholog_one2one",100,95.79,1
"Kcnd2","KCND2","ortholog_one2one",100,100,1
"Hcn2","HCN2","ortholog_one2one",100,100,1
"Med22","MED22","ortholog_one2one",100,100,1
"Tnip1","TNIP1","ortholog_one2one",50,100,1
"Tbl3","TBL3","ortholog_one2one",100,100,1
"Aurkc","AURKC","ortholog_one2one",50,0,0
"Kdelr1","KDELR1","ortholog_one2one",100,100,1
"Ranbp10","RANBP10","ortholog_one2one",100,99.27,1
"Ttc21b","TTC21B","ortholog_one2one",100,100,1
"Dact2","DACT2","ortholog_one2one",50,100,1
"Maea","MAEA","ortholog_one2one",100,98.24,1
"Cga","CGA","ortholog_one2one",50,92.79,1
"Stat5b","STAT5B","ortholog_one2one",100,100,1
"1110032F04Rik","C3orf80","ortholog_one2one",100,100,1
"Rab3il1","RAB3IL1","ortholog_one2one",100,100,1
"Lrrc4c","LRRC4C","ortholog_one2one",100,100,1
"Tut4","TUT4","ortholog_one2one",100,99.53,1
"Tmem37","TMEM37","ortholog_one2one",100,97.33,1
"Itga4","ITGA4","ortholog_one2one",100,100,1
"Atg2b","ATG2B","ortholog_one2one",100,100,1
"Smim3","SMIM3","ortholog_one2one",50,100,1
"Tmem33","TMEM33","ortholog_one2one",100,100,1
"Dbi","DBI","ortholog_one2one",100,100,0
"Ephb3","EPHB3","ortholog_one2one",100,100,1
"Grin2d","GRIN2D","ortholog_one2one",100,100,1
"Tmem248","TMEM248","ortholog_one2one",100,100,1
"Il20ra","IL20RA","ortholog_one2one",100,100,1
"Tug1","TUG1","ortholog_one2one",100,100,1
"Dlgap3","DLGAP3","ortholog_one2one",100,100,1
"Abracl","ABRACL","ortholog_one2one",100,100,1
"Gas2l1","GAS2L1","ortholog_one2one",100,100,1
"Olfr1451","OR5B2","ortholog_one2one",25,0,0
"Mapk9","MAPK9","ortholog_one2one",100,100,1
"Zfp212","ZNF212","ortholog_one2one",100,100,1
"Garem1","GAREM1","ortholog_one2one",100,100,1
"Ppp1r14c","PPP1R14C","ortholog_one2one",50,100,1
"Ramp1","RAMP1","ortholog_one2one",100,100,1
"Ngef","NGEF","ortholog_one2one",100,100,1
"Ap1s3","AP1S3","ortholog_one2one",100,95.59,1
"Rpusd1","RPUSD1","ortholog_one2one",100,100,1
"Vasn","VASN","ortholog_one2one",100,100,1
"Olfr466","OR9H1P","ortholog_one2one",0,100,1
"Fastk","FASTK","ortholog_one2one",100,100,1
"Ints11","INTS11","ortholog_one2one",100,100,1
"Kynu","KYNU","ortholog_one2one",50,100,1
"Sox15","SOX15","ortholog_one2one",100,100,1
"Fam133b","FAM133B","ortholog_one2one",75,100,1
"Cd83","CD83","ortholog_one2one",100,100,1
"Adamts12","ADAMTS12","ortholog_one2one",100,100,1
"Mpdu1","MPDU1","ortholog_one2one",100,100,1
"Gskip","GSKIP","ortholog_one2one",100,100,1
"Eif4ebp1","EIF4EBP1","ortholog_one2one",50,92.63,1
"Zfp688","ZNF688","ortholog_one2one",100,100,1
"Ptprj","PTPRJ","ortholog_one2one",100,98.37,1
"Hacd4","HACD4","ortholog_one2one",100,100,1
"Slc38a7","SLC38A7","ortholog_one2one",100,100,1
"Gabrr2","GABRR2","ortholog_one2one",100,100,1
"Smarcal1","SMARCAL1","ortholog_one2one",100,99.31,1
"Kcnq5","KCNQ5","ortholog_one2one",75,100,1
"Phc3","PHC3","ortholog_one2one",100,100,1
"Llph","LLPH","ortholog_one2one",100,100,1
"Atp2a1","ATP2A1","ortholog_one2one",100,100,1
"Lrrc28","LRRC28","ortholog_one2one",100,100,1
"Hspa4","HSPA4","ortholog_one2one",100,100,1
"Fam171a1","FAM171A1","ortholog_one2one",50,100,1
"Frmd8","FRMD8","ortholog_one2one",100,100,1
"Map3k20","MAP3K20","ortholog_one2one",100,100,1
"Rilpl2","RILPL2","ortholog_one2one",100,96.62,1
"Neurod1","NEUROD1","ortholog_one2one",100,100,1
"Cyp2e1","CYP2E1","ortholog_one2one",75,100,1
"Muc5ac","MUC5AC","ortholog_one2one",100,100,0
"Zup1","ZUP1","ortholog_one2one",0,100,1
"Zfpm2","ZFPM2","ortholog_one2one",100,100,1
"Cerkl","CERKL","ortholog_one2one",100,99.96,1
"Rasl10a","RASL10A","ortholog_one2one",100,100,1
"Focad","FOCAD","ortholog_one2one",100,100,1
"Slc9a7","SLC9A7","ortholog_one2one",100,100,1
"Ephb4","EPHB4","ortholog_one2one",100,100,1
"Obsl1","OBSL1","ortholog_one2one",100,100,1
"Trmt10c","TRMT10C","ortholog_one2one",100,100,1
"Fbp1","FBP1","ortholog_one2one",50,100,1
"Acp2","ACP2","ortholog_one2one",100,100,1
"Cldn14","CLDN14","ortholog_one2one",100,100,1
"Rabep2","RABEP2","ortholog_one2one",100,100,1
"Ccdc187","CCDC187","ortholog_one2one",100,100,0
"Pusl1","PUSL1","ortholog_one2one",100,100,1
"Neu2","NEU2","ortholog_one2one",100,98.72,1
"Smad2","SMAD2","ortholog_one2one",100,100,1
"Phospho2","PHOSPHO2","ortholog_one2one",100,100,1
"Adam22","ADAM22","ortholog_one2one",100,100,1
"Arhgef3","ARHGEF3","ortholog_one2one",100,100,1
"Gm38394","ZBED6","ortholog_one2one",100,100,1
"N6amt1","N6AMT1","ortholog_one2one",0,100,1
"Bicra","BICRA","ortholog_one2one",100,100,1
"Pdzk1ip1","PDZK1IP1","ortholog_one2one",100,100,1
"Slc35d3","SLC35D3","ortholog_one2one",100,100,1
"Rnf11","RNF11","ortholog_one2one",100,100,1
"Fez1","FEZ1","ortholog_one2one",100,100,1
"Fcf1","FCF1","ortholog_one2one",100,100,1
"Iyd","IYD","ortholog_one2one",75,94.83,1
"Dock6","DOCK6","ortholog_one2one",100,100,1
"Kncn","KNCN","ortholog_one2one",100,100,1
"Zfp213","ZNF213","ortholog_one2one",50,100,1
"Rad51","RAD51","ortholog_one2one",100,94.81,1
"Aspscr1","ASPSCR1","ortholog_one2one",100,94.42,1
"Klhl14","KLHL14","ortholog_one2one",75,100,1
"6430628N08Rik","TMEM275","ortholog_one2one",100,100,1
"Alad","ALAD","ortholog_one2one",100,100,1
"Pycard","PYCARD","ortholog_one2one",100,100,1
"Clk2","CLK2","ortholog_one2one",100,100,1
"Lrrn3","LRRN3","ortholog_one2one",100,100,1
"Pnpla6","PNPLA6","ortholog_one2one",100,100,1
"Rskr","RSKR","ortholog_one2one",100,99.52,1
"Opcml","OPCML","ortholog_one2one",100,100,1
"Arel1","AREL1","ortholog_one2one",100,100,1
"Immp2l","IMMP2L","ortholog_one2one",100,100,1
"Eaf2","EAF2","ortholog_one2one",100,100,1
"Tmem63c","TMEM63C","ortholog_one2one",100,100,1
"Gjc3","GJC3","ortholog_one2one",25,94.81,1
"Ifnk","IFNK","ortholog_one2one",50,100,0
"Mob3b","MOB3B","ortholog_one2one",50,100,1
"Trim72","TRIM72","ortholog_one2one",100,100,1
"C9","C9","ortholog_one2one",100,100,1
"Ptpn6","PTPN6","ortholog_one2one",100,100,1
"Mef2c","MEF2C","ortholog_one2one",100,100,1
"Gsdmd","GSDMD","ortholog_one2one",100,100,1
"Ccdc136","CCDC136","ortholog_one2one",100,100,1
"Esco1","ESCO1","ortholog_one2one",100,100,1
"Grhpr","GRHPR","ortholog_one2one",100,94.24,1
"Olfr589","OR52E2","ortholog_one2one",75,100,1
"Bax","BAX","ortholog_one2one",100,91.14,1
"Ddb2","DDB2","ortholog_one2one",100,100,1
"Dync2h1","DYNC2H1","ortholog_one2one",75,100,1
"Ebf1","EBF1","ortholog_one2one",100,100,1
"Kat6a","KAT6A","ortholog_one2one",100,100,1
"Olfr735","OR4Q3","ortholog_one2one",50,98.63,1
"Rmdn3","RMDN3","ortholog_one2one",100,100,1
"Greb1","GREB1","ortholog_one2one",100,100,1
"Chpf","CHPF","ortholog_one2one",75,100,1
"Lingo3","LINGO3","ortholog_one2one",100,100,1
"1500009L16Rik","C12orf75","ortholog_one2one",100,100,1
"Olfr592","OR52J3","ortholog_one2one",75,99.42,1
"Rab11fip3","RAB11FIP3","ortholog_one2one",100,88.72,1
"Rhox13","RHOXF1","ortholog_one2one",0,14.11,0
"Styk1","STYK1","ortholog_one2one",75,100,1
"Hspa12b","HSPA12B","ortholog_one2one",100,100,1
"Atp2a3","ATP2A3","ortholog_one2one",100,100,1
"Guk1","GUK1","ortholog_one2one",100,93.58,0
"Tmem198","TMEM198","ortholog_one2one",100,100,1
"Sel1l2","SEL1L2","ortholog_one2one",100,100,1
"Iqcb1","IQCB1","ortholog_one2one",100,100,1
"Rpl11","RPL11","ortholog_one2one",100,100,1
"Chrnb3","CHRNB3","ortholog_one2one",25,100,1
"Bcl3","BCL3","ortholog_one2one",100,100,1
"Meox1","MEOX1","ortholog_one2one",100,100,1
"Pradc1","PRADC1","ortholog_one2one",100,100,1
"Rbm48","RBM48","ortholog_one2one",100,100,1
"Arv1","ARV1","ortholog_one2one",100,95.18,1
"Amn1","AMN1","ortholog_one2one",100,95.38,1
"Snrnp35","SNRNP35","ortholog_one2one",100,99.24,1
"Ppp1r15a","PPP1R15A","ortholog_one2one",75,100,0
"Cyp4x1","CYP4X1","ortholog_one2one",100,100,1
"Amz1","AMZ1","ortholog_one2one",50,100,1
"Gm30191","C1orf232","ortholog_one2one",100,100,1
"Mrps33","MRPS33","ortholog_one2one",100,100,1
"Nucb1","NUCB1","ortholog_one2one",100,100,1
"Sytl1","SYTL1","ortholog_one2one",100,100,1
"Rp2","RP2","ortholog_one2one",100,100,1
"Apod","APOD","ortholog_one2one",50,97.97,1
"Gatad1","GATAD1","ortholog_one2one",100,100,1
"Homer2","HOMER2","ortholog_one2one",100,100,1
"Ppp1cc","PPP1CC","ortholog_one2one",100,100,1
"Cct7","CCT7","ortholog_one2one",100,100,1
"Gabrr1","GABRR1","ortholog_one2one",100,100,1
"Bend3","BEND3","ortholog_one2one",100,100,1
"Brf1","BRF1","ortholog_one2one",100,100,1
"Smc2","SMC2","ortholog_one2one",100,100,1
"Cpeb4","CPEB4","ortholog_one2one",100,100,1
"Gna12","GNA12","ortholog_one2one",50,100,1
"Pex1","PEX1","ortholog_one2one",100,100,1
"Eif4e1b","EIF4E1B","ortholog_one2one",100,100,1
"Angptl8","ANGPTL8","ortholog_one2one",100,100,1
"Sra1","SRA1","ortholog_one2one",100,100,1
"Hoxb1","HOXB1","ortholog_one2one",100,100,1
"Arhgap10","ARHGAP10","ortholog_one2one",100,100,1
"Abcb9","ABCB9","ortholog_one2one",100,100,1
"Fam126a","FAM126A","ortholog_one2one",50,100,1
"Slc25a3","SLC25A3","ortholog_one2one",100,100,1
"Nus1","NUS1","ortholog_one2one",100,100,1
"Zan","ZAN","ortholog_one2one",100,78.01,0
"Zfp13","ZNF205","ortholog_one2one",75,100,1
"Btbd6","BTBD6","ortholog_one2one",100,100,1
"Angptl3","ANGPTL3","ortholog_one2one",100,100,1
"Rgs22","RGS22","ortholog_one2one",100,100,1
"Bmp6","BMP6","ortholog_one2one",100,100,1
"Zcchc10","ZCCHC10","ortholog_one2one",100,94.72,1
"Lig1","LIG1","ortholog_one2one",75,100,1
"Dnmt1","DNMT1","ortholog_one2one",100,98.48,1
"Ivns1abp","IVNS1ABP","ortholog_one2one",100,100,1
"Mcc","MCC","ortholog_one2one",50,100,1
"Tmem255a","TMEM255A","ortholog_one2one",50,100,1
"Orai1","ORAI1","ortholog_one2one",100,100,1
"Slc26a3","SLC26A3","ortholog_one2one",100,100,1
"Txndc5","TXNDC5","ortholog_one2one",100,100,1
"Mroh6","MROH6","ortholog_one2one",100,100,1
"Spaca9","SPACA9","ortholog_one2one",100,100,1
"Tuba3a","TUBA3D","ortholog_one2one",0,1.68,0
"4930524B15Rik","C5orf47","ortholog_one2one",75,100,0
"Smad5","SMAD5","ortholog_one2one",100,100,1
"Ntm","NTM","ortholog_one2one",100,100,1
"Mars1","MARS1","ortholog_one2one",75,100,1
"Rnf34","RNF34","ortholog_one2one",100,100,1
"Mfn2","MFN2","ortholog_one2one",100,97.37,1
"Cdk5r1","CDK5R1","ortholog_one2one",100,100,1
"Tmem178b","TMEM178B","ortholog_one2one",100,100,0
"Foxp1","AC097634.4","ortholog_one2one",100,99.33,1
"Rasal1","RASAL1","ortholog_one2one",100,99.78,1
"Atp13a1","ATP13A1","ortholog_one2one",50,100,1
"Ccdc27","CCDC27","ortholog_one2one",100,100,0
"Cenpt","CENPT","ortholog_one2one",100,94.48,1
"Tspan12","TSPAN12","ortholog_one2one",100,100,1
"Adamts18","ADAMTS18","ortholog_one2one",100,100,1
"Kdm2b","KDM2B","ortholog_one2one",100,100,1
"Chrna6","CHRNA6","ortholog_one2one",0,100,1
"Rrp8","RRP8","ortholog_one2one",100,100,1
"Rnf14","RNF14","ortholog_one2one",100,100,1
"Zbtb33","ZBTB33","ortholog_one2one",50,100,1
"Tulp2","TULP2","ortholog_one2one",100,91.23,1
"Grrp1","FAM110D","ortholog_one2one",100,100,1
"Rilpl1","RILPL1","ortholog_one2one",100,100,1
"Azgp1","AZGP1","ortholog_one2one",0,100,1
"Cdk12","CDK12","ortholog_one2one",100,100,1
"Olfr738","OR11G2","ortholog_one2one",50,0,0
"Fam89a","FAM89A","ortholog_one2one",100,100,1
"Pole3","POLE3","ortholog_one2one",100,100,1
"Cryzl1","CRYZL1","ortholog_one2one",100,100,1
"Cdc25b","CDC25B","ortholog_one2one",100,100,1
"Nbn","NBN","ortholog_one2one",100,100,1
"Eif1","EIF1","ortholog_one2one",100,100,1
"H2az2","H2AZ2","ortholog_one2one",100,100,1
"Prpf38a","PRPF38A","ortholog_one2one",100,100,1
"Rptor","RPTOR","ortholog_one2one",100,100,1
"Tsnaxip1","TSNAXIP1","ortholog_one2one",100,100,1
"Ak8","AK8","ortholog_one2one",100,100,1
"Plekhf1","PLEKHF1","ortholog_one2one",75,100,1
"Clpb","CLPB","ortholog_one2one",100,100,1
"Taf10","TAF10","ortholog_one2one",100,100,1
"Cacng7","CACNG7","ortholog_one2one",100,100,1
"Pcgf5","PCGF5","ortholog_one2one",100,100,1
"Lin7c","LIN7C","ortholog_one2one",100,100,1
"Smim31","SMIM31","ortholog_one2one",75,100,1
"Olfr449","OR6B1","ortholog_one2one",100,100,1
"Bcl11a","BCL11A","ortholog_one2one",100,100,1
"Slf2","SLF2","ortholog_one2one",75,100,1
"Ilk","ILK","ortholog_one2one",100,100,1
"Ccng1","CCNG1","ortholog_one2one",100,100,1
"Samd9l","SAMD9L","ortholog_one2one",50,100,1
"Snrpd1","SNRPD1","ortholog_one2one",100,100,1
"Orc1","ORC1","ortholog_one2one",100,100,1
"Slco2b1","SLCO2B1","ortholog_one2one",100,100,1
"Napg","NAPG","ortholog_one2one",25,100,1
"Ccdc178","CCDC178","ortholog_one2one",100,100,0
"Tars","TARS1","ortholog_one2one",100,98.52,1
"Mfsd6","MFSD6","ortholog_one2one",100,100,1
"Odf1","ODF1","ortholog_one2one",100,100,1
"Lrfn4","LRFN4","ortholog_one2one",100,100,1
"Msi1","MSI1","ortholog_one2one",100,100,1
"3110009E18Rik","C2orf76","ortholog_one2one",100,100,1
"Cacng8","CACNG8","ortholog_one2one",100,100,1
"Pcx","PC","ortholog_one2one",100,99.99,1
"Hps6","HPS6","ortholog_one2one",100,100,1
"Tgfbr1","TGFBR1","ortholog_one2one",100,100,1
"Prr14","PRR14","ortholog_one2one",100,100,1
"Armh3","ARMH3","ortholog_one2one",100,100,1
"Zkscan1","ZKSCAN1","ortholog_one2one",75,100,1
"Myo3a","MYO3A","ortholog_one2one",100,99.94,1
"Hepacam2","HEPACAM2","ortholog_one2one",50,100,1
"Ccnc","CCNC","ortholog_one2one",75,100,1
"Nme1","NME1","ortholog_one2one",100,100,1
"Slc17a7","SLC17A7","ortholog_one2one",100,100,1
"Sost","SOST","ortholog_one2one",100,100,1
"Ppcs","PPCS","ortholog_one2one",100,100,1
"Nkg7","NKG7","ortholog_one2one",100,100,1
"Gm45623","SMIM32","ortholog_one2one",100,100,1
"Cnot4","CNOT4","ortholog_one2one",100,100,1
"Cacng6","CACNG6","ortholog_one2one",100,100,1
"Syce1","SYCE1","ortholog_one2one",50,100,1
"Pex26","PEX26","ortholog_one2one",100,100,1
"Rhobtb1","RHOBTB1","ortholog_one2one",100,100,1
"Gm20390","NME1-NME2","ortholog_one2one",100,100,1
"Ccdc66","CCDC66","ortholog_one2one",100,100,1
"Nme2","NME2","ortholog_one2one",100,100,1
"Fxyd4","FXYD4","ortholog_one2one",100,100,1
"Ift80","IFT80","ortholog_one2one",100,100,1
"Zfp689","ZNF689","ortholog_one2one",100,100,1
"Dlg4","DLG4","ortholog_one2one",100,100,1
"Smu1","SMU1","ortholog_one2one",100,100,1
"Daam1","DAAM1","ortholog_one2one",100,100,1
"Zfyve26","ZFYVE26","ortholog_one2one",100,100,1
"Mrpl21","MRPL21","ortholog_one2one",75,95.01,1
"Gast","GAST","ortholog_one2one",100,100,1
"Olfr448","OR2A5","ortholog_one2one",100,100,1
"Eid2","EID2","ortholog_one2one",100,100,1
"Hecw1","HECW1","ortholog_one2one",50,100,1
"Eid2b","EID2B","ortholog_one2one",100,100,0
"Nptx2","NPTX2","ortholog_one2one",100,100,1
"Mslnl","MSLNL","ortholog_one2one",100,100,1
"Akap6","AKAP6","ortholog_one2one",100,100,1
"Lsm7","LSM7","ortholog_one2one",100,100,1
"Spef1","SPEF1","ortholog_one2one",100,100,1
"Bdh1","BDH1","ortholog_one2one",50,100,1
"AA986860","C1orf116","ortholog_one2one",75,100,1
"Msi2","MSI2","ortholog_one2one",100,100,1
"Eif3a","EIF3A","ortholog_one2one",100,99.2,1
"Rbm3","RBM3","ortholog_one2one",100,100,1
"Smim12","SMIM12","ortholog_one2one",0,100,1
"Tasor","TASOR","ortholog_one2one",100,100,1
"Ighmbp2","IGHMBP2","ortholog_one2one",50,100,1
"Olfr447","OR2A25","ortholog_one2one",100,100,1
"Ddo","DDO","ortholog_one2one",100,100,1
"Gja4","GJA4","ortholog_one2one",100,100,1
"Olfr446","OR2A12","ortholog_one2one",75,100,1
"Itsn1","ITSN1","ortholog_one2one",100,100,1
"Ybx3","YBX3","ortholog_one2one",100,100,1
"Cd47","CD47","ortholog_one2one",100,100,1
"Ltbr","LTBR","ortholog_one2one",100,100,1
"Bhlha9","BHLHA9","ortholog_one2one",75,100,1
"Alg2","ALG2","ortholog_one2one",100,100,1
"Trarg1","TRARG1","ortholog_one2one",50,100,1
"4933430I17Rik","C9orf43","ortholog_one2one",100,99.67,0
"Rimkla","RIMKLA","ortholog_one2one",100,100,1
"Synrg","SYNRG","ortholog_one2one",100,100,1
"Gm47429","AL353572.3","ortholog_one2one",25,100,1
"Tuba8","TUBA8","ortholog_one2one",75,100,1
"Ric8a","RIC8A","ortholog_one2one",100,100,1
"Camk2g","CAMK2G","ortholog_one2one",100,100,1
"Mcmdc2","MCMDC2","ortholog_one2one",100,100,1
"Cenpb","CENPB","ortholog_one2one",100,100,1
"Mtres1","MTRES1","ortholog_one2one",100,99.82,1
"Kitl","KITLG","ortholog_one2one",75,100,1
"Zmynd12","ZMYND12","ortholog_one2one",100,100,1
"1700037H04Rik","C20orf27","ortholog_one2one",100,100,1
"4930522H14Rik","C1orf185","ortholog_one2one",100,97.74,0
"Tnfsf4","TNFSF4","ortholog_one2one",100,100,0
"Selenov","SELENOV","ortholog_one2one",100,100,0
"Uvssa","UVSSA","ortholog_one2one",100,95.53,1
"Ptpru","PTPRU","ortholog_one2one",100,100,1
"Adcyap1r1","ADCYAP1R1","ortholog_one2one",100,100,1
"Gabrg2","GABRG2","ortholog_one2one",100,97.32,1
"Dctn4","DCTN4","ortholog_one2one",75,100,1
"Myh11","MYH11","ortholog_one2one",100,100,1
"Mab21l1","MAB21L1","ortholog_one2one",75,100,1
"Tnfsf18","TNFSF18","ortholog_one2one",100,100,0
"Intu","INTU","ortholog_one2one",100,100,1
"Hnrnpa3","HNRNPA3","ortholog_one2one",100,100,1
"Nbea","NBEA","ortholog_one2one",75,100,1
"Purb","PURB","ortholog_one2one",100,100,1
"Skor2","SKOR2","ortholog_one2one",100,100,1
"Olfr745","OR11H6","ortholog_one2one",25,100,1
"Tmem68","TMEM68","ortholog_one2one",50,100,1
"Zfp541","ZNF541","ortholog_one2one",100,96.97,1
"Dmac2l","DMAC2L","ortholog_one2one",100,100,0
"Prmt9","PRMT9","ortholog_one2one",100,100,1
"Wdcp","WDCP","ortholog_one2one",100,98.35,1
"Tmed2","TMED2","ortholog_one2one",100,100,1
"Specc1","SPECC1","ortholog_one2one",50,100,1
"Cfap97d1","CFAP97D1","ortholog_one2one",100,100,1
"Synpr","SYNPR","ortholog_one2one",100,100,1
"Ulk1","ULK1","ortholog_one2one",50,99.86,1
"Nsg2","NSG2","ortholog_one2one",50,100,1
"Atp1b4","ATP1B4","ortholog_one2one",100,100,1
"Sidt1","SIDT1","ortholog_one2one",100,100,1
"Osgin2","OSGIN2","ortholog_one2one",100,100,1
"Jade3","JADE3","ortholog_one2one",100,100,1
"Usp45","USP45","ortholog_one2one",100,100,1
"Nol10","NOL10","ortholog_one2one",75,100,1
"Gfy","GFY","ortholog_one2one",100,100,1
"Alpk2","ALPK2","ortholog_one2one",100,100,1
"Rps13","RPS13","ortholog_one2one",100,100,1
"Myom2","MYOM2","ortholog_one2one",100,100,1
"Calb2","CALB2","ortholog_one2one",100,100,1
"Tmem184c","TMEM184C","ortholog_one2one",100,83.8,1
"Dll3","DLL3","ortholog_one2one",100,99.6,1
"Odf3","ODF3","ortholog_one2one",100,100,1
"Dtx1","DTX1","ortholog_one2one",100,100,1
"Zfp787","ZNF787","ortholog_one2one",75,100,1
"Pop4","POP4","ortholog_one2one",50,100,1
"Robo2","ROBO2","ortholog_one2one",50,100,1
"Wdfy1","WDFY1","ortholog_one2one",100,97.09,1
"Pex7","PEX7","ortholog_one2one",100,100,1
"Sirt3","SIRT3","ortholog_one2one",100,100,1
"Car13","CA13","ortholog_one2one",100,100,1
"Pknox2","PKNOX2","ortholog_one2one",100,100,1
"Pcdh15","PCDH15","ortholog_one2one",50,100,1
"Cmtr2","CMTR2","ortholog_one2one",100,100,1
"Sbds","SBDS","ortholog_one2one",75,100,1
"Pth2","PTH2","ortholog_one2one",100,100,1
"Napa","NAPA","ortholog_one2one",100,100,1
"Naprt","NAPRT","ortholog_one2one",100,100,1
"Sh2d5","SH2D5","ortholog_one2one",100,100,1
"Sema3d","SEMA3D","ortholog_one2one",100,100,1
"Hk1","HK1","ortholog_one2one",100,97.94,1
"Rab10","RAB10","ortholog_one2one",50,100,1
"Stk36","STK36","ortholog_one2one",100,100,1
"Ednra","EDNRA","ortholog_one2one",100,100,1
"Rnf112","RNF112","ortholog_one2one",100,100,1
"Syt13","SYT13","ortholog_one2one",100,100,1
"Hap1","HAP1","ortholog_one2one",100,100,1
"Zswim9","ZSWIM9","ortholog_one2one",50,98.01,1
"Myo1d","MYO1D","ortholog_one2one",100,100,1
"Cdkl1","CDKL1","ortholog_one2one",100,100,1
"Cc2d1b","CC2D1B","ortholog_one2one",100,100,1
"Tns3","TNS3","ortholog_one2one",100,100,1
"Zbtb5","ZBTB5","ortholog_one2one",100,100,1
"Kif17","KIF17","ortholog_one2one",100,100,1
"Senp7","SENP7","ortholog_one2one",100,100,1
"Crisp2","CRISP2","ortholog_one2one",25,100,1
"Pm20d2","PM20D2","ortholog_one2one",100,100,1
"Slc25a45","SLC25A45","ortholog_one2one",100,100,1
"Psmd13","PSMD13","ortholog_one2one",100,100,1
"Map4k5","MAP4K5","ortholog_one2one",100,99.97,1
"Tcf3","TCF3","ortholog_one2one",100,98.54,1
"Eef1d","EEF1D","ortholog_one2one",100,100,1
"Npas3","NPAS3","ortholog_one2one",100,100,1
"Aqp4","AQP4","ortholog_one2one",100,100,1
"Fads3","FADS3","ortholog_one2one",75,100,1
"Smoc2","SMOC2","ortholog_one2one",100,100,1
"Nuak1","NUAK1","ortholog_one2one",100,100,1
"Ripk2","RIPK2","ortholog_one2one",100,100,1
"Ythdc2","YTHDC2","ortholog_one2one",100,100,1
"Sntn","SNTN","ortholog_one2one",100,93.67,1
"Btbd1","BTBD1","ortholog_one2one",100,100,1
"Ddx4","DDX4","ortholog_one2one",100,100,1
"Fasl","FASLG","ortholog_one2one",100,100,1
"Mrpl44","MRPL44","ortholog_one2one",100,100,1
"Car1","CA1","ortholog_one2one",100,100,1
"Rasgef1c","RASGEF1C","ortholog_one2one",100,100,1
"Ccdc155","KASH5","ortholog_one2one",100,100,1
"3110040N11Rik","C15orf40","ortholog_one2one",100,87.7,1
"Tas2r130","TAS2R7","ortholog_one2one",100,100,1
"Cog6","COG6","ortholog_one2one",75,100,1
"Nmt2","NMT2","ortholog_one2one",75,99.96,1
"Klhl7","KLHL7","ortholog_one2one",75,100,1
"Nkx1-1","NKX1-1","ortholog_one2one",100,100,1
"Olfr520","OR2AT4","ortholog_one2one",100,100,1
"Mettl24","METTL24","ortholog_one2one",100,100,1
"Erich4","ERICH4","ortholog_one2one",75,100,1
"Tmem222","TMEM222","ortholog_one2one",100,100,1
"Dpp3","DPP3","ortholog_one2one",100,100,1
"AW554918","KIAA1328","ortholog_one2one",100,100,1
"Enox2","ENOX2","ortholog_one2one",100,99.62,1
"Uqcrfs1","UQCRFS1","ortholog_one2one",0,54.88,0
"Resf1","RESF1","ortholog_one2one",75,94.2,0
"Pik3c2a","PIK3C2A","ortholog_one2one",75,100,1
"Gjb3","GJB3","ortholog_one2one",100,100,1
"Prr7","PRR7","ortholog_one2one",100,100,1
"Nup210","NUP210","ortholog_one2one",50,100,1
"Tlr1","TLR1","ortholog_one2one",100,100,1
"Cldnd2","CLDND2","ortholog_one2one",100,100,1
"Srsf12","SRSF12","ortholog_one2one",100,94.18,1
"Fzd8","FZD8","ortholog_one2one",50,100,1
"Olfr437","OR2A2","ortholog_one2one",25,3.05,0
"Agk","AGK","ortholog_one2one",100,100,1
"Scamp1","SCAMP1","ortholog_one2one",100,100,1
"Macrod2","MACROD2","ortholog_one2one",100,100,1
"Gjd4","GJD4","ortholog_one2one",25,100,1
"Serac1","SERAC1","ortholog_one2one",100,100,1
"Nr4a3","NR4A3","ortholog_one2one",100,100,1
"Rbm22","RBM22","ortholog_one2one",100,100,1
"Dguok","DGUOK","ortholog_one2one",100,100,1
"Fhod3","FHOD3","ortholog_one2one",100,100,1
"Rbm47","RBM47","ortholog_one2one",100,100,1
"Rnf151","RNF151","ortholog_one2one",100,100,1
"Gnpnat1","GNPNAT1","ortholog_one2one",100,100,1
"Pnrc1","PNRC1","ortholog_one2one",100,98.08,1
"Dtwd2","DTWD2","ortholog_one2one",100,100,1
"Zfp444","ZNF444","ortholog_one2one",100,100,1
"A930018P22Rik","C11orf91","ortholog_one2one",100,100,1
"Tmem130","TMEM130","ortholog_one2one",100,100,1
"Tarm1","TARM1","ortholog_one2one",100,91.58,0
"Hdhd2","HDHD2","ortholog_one2one",100,100,1
"Ddx1","DDX1","ortholog_one2one",100,100,1
"Kif2a","KIF2A","ortholog_one2one",100,100,1
"Timm50","TIMM50","ortholog_one2one",100,98.37,1
"Asxl3","ASXL3","ortholog_one2one",100,100,1
"Rpp38","RPP38","ortholog_one2one",100,100,1
"Tpm2","TPM2","ortholog_one2one",100,100,1
"Fads2","FADS2","ortholog_one2one",100,100,1
"Fcamr","FCAMR","ortholog_one2one",100,99.13,0
"Dmac2","DMAC2","ortholog_one2one",100,98.4,1
"Tgs1","TGS1","ortholog_one2one",50,100,1
"Steap3","STEAP3","ortholog_one2one",100,100,1
"Zscan21","ZSCAN21","ortholog_one2one",50,94.13,1
"Eif5b","EIF5B","ortholog_one2one",100,100,1
"Atxn7","ATXN7","ortholog_one2one",75,100,1
"Flrt3","FLRT3","ortholog_one2one",100,100,1
"Slc25a31","SLC25A31","ortholog_one2one",100,100,1
"Pdik1l","PDIK1L","ortholog_one2one",100,100,1
"C9orf72","C9orf72","ortholog_one2one",100,99.33,1
"Gjb4","GJB4","ortholog_one2one",100,100,1
"Acbd7","ACBD7","ortholog_one2one",100,96.14,1
"Hao2","HAO2","ortholog_one2one",100,100,1
"Il9r","IL9R","ortholog_one2one",0,100,1
"Scly","SCLY","ortholog_one2one",100,95.21,1
"Sdr9c7","SDR9C7","ortholog_one2one",100,100,1
"Nudt7","NUDT7","ortholog_one2one",100,94.95,1
"Myoz3","MYOZ3","ortholog_one2one",100,100,1
"B3gnt8","B3GNT8","ortholog_one2one",100,100,1
"Oscar","OSCAR","ortholog_one2one",100,100,1
"Olfr275","OR13F1","ortholog_one2one",75,100,1
"Egln3","EGLN3","ortholog_one2one",100,100,1
"Adgb","ADGB","ortholog_one2one",100,99.15,0
"Tlr6","TLR6","ortholog_one2one",100,100,1
"Ttc5","TTC5","ortholog_one2one",75,100,1
"Ltn1","LTN1","ortholog_one2one",75,100,1
"Zfp777","ZNF777","ortholog_one2one",100,100,1
"Synj2","SYNJ2","ortholog_one2one",100,100,1
"Slc27a3","SLC27A3","ortholog_one2one",100,100,1
"Gm11100","C3orf49","ortholog_one2one",100,100,1
"Fbxo41","FBXO41","ortholog_one2one",100,100,1
"Inpp1","INPP1","ortholog_one2one",100,100,1
"Rev1","REV1","ortholog_one2one",100,100,1
"Id3","ID3","ortholog_one2one",100,100,1
"Gpatch1","GPATCH1","ortholog_one2one",100,100,1
"Atl1","ATL1","ortholog_one2one",100,100,1
"Ceacam16","CEACAM16","ortholog_one2one",100,100,1
"Farp2","FARP2","ortholog_one2one",100,100,1
"Nudcd3","NUDCD3","ortholog_one2one",100,100,1
"Thoc7","THOC7","ortholog_one2one",100,100,1
"Olah","OLAH","ortholog_one2one",100,92.46,0
"Msrb3","MSRB3","ortholog_one2one",100,100,1
"Thbs2","THBS2","ortholog_one2one",100,100,1
"Trim67","TRIM67","ortholog_one2one",100,100,1
"Olfr273","OR13C3","ortholog_one2one",75,100,1
"Spag5","SPAG5","ortholog_one2one",100,99.51,1
"Add1","ADD1","ortholog_one2one",100,100,1
"Gjb5","GJB5","ortholog_one2one",75,100,1
"Abhd3","ABHD3","ortholog_one2one",100,100,1
"C1ql2","C1QL2","ortholog_one2one",100,100,1
"Tpgs2","TPGS2","ortholog_one2one",100,89.61,1
"Vmp1","VMP1","ortholog_one2one",100,100,1
"Fam53a","FAM53A","ortholog_one2one",100,100,1
"Card11","CARD11","ortholog_one2one",100,100,1
"Gosr1","GOSR1","ortholog_one2one",50,100,1
"Suco","SUCO","ortholog_one2one",100,100,1
"Sav1","SAV1","ortholog_one2one",100,100,1
"Neurod2","NEUROD2","ortholog_one2one",100,100,1
"Ppp1r42","PPP1R42","ortholog_one2one",100,100,1
"Decr2","DECR2","ortholog_one2one",100,100,1
"E2f6","E2F6","ortholog_one2one",100,100,1
"Stk25","STK25","ortholog_one2one",100,100,1
"Prrc2b","PRRC2B","ortholog_one2one",100,100,1
"Gnpat","GNPAT","ortholog_one2one",100,100,1
"Ndufb10","NDUFB10","ortholog_one2one",100,99.19,1
"Arhgef5","ARHGEF5","ortholog_one2one",50,100,1
"Rwdd1","RWDD1","ortholog_one2one",50,100,1
"Sumo2","SUMO2","ortholog_one2one",100,100,1
"Myrfl","MYRFL","ortholog_one2one",100,100,1
"Skida1","SKIDA1","ortholog_one2one",100,100,1
"Egr4","EGR4","ortholog_one2one",100,100,1
"Rce1","RCE1","ortholog_one2one",75,100,1
"Tigd3","TIGD3","ortholog_one2one",100,100,1
"Slc35a4","SLC35A4","ortholog_one2one",100,100,1
"Chst9","CHST9","ortholog_one2one",100,100,1
"Tmem131l","TMEM131L","ortholog_one2one",100,100,1
"Apbb3","APBB3","ortholog_one2one",75,100,1
"Slc7a2","SLC7A2","ortholog_one2one",100,100,1
"Zfpl1","ZFPL1","ortholog_one2one",100,100,1
"Gnpda1","GNPDA1","ortholog_one2one",100,99.4,1
"Msln","MSLN","ortholog_one2one",100,100,1
"Ndufa3","NDUFA3","ortholog_one2one",100,100,1
"Slc35f1","SLC35F1","ortholog_one2one",100,100,1
"Pla2g1b","PLA2G1B","ortholog_one2one",100,100,1
"Tcf24","TCF24","ortholog_one2one",100,100,1
"Anapc1","ANAPC1","ortholog_one2one",100,100,1
"Dnajb9","DNAJB9","ortholog_one2one",75,100,1
"Mrpl55","MRPL55","ortholog_one2one",100,95.94,1
"Dkkl1","DKKL1","ortholog_one2one",100,100,1
"CK137956","C1orf94","ortholog_one2one",75,100,1
"Il15ra","IL15RA","ortholog_one2one",100,100,0
"Gtf3c4","GTF3C4","ortholog_one2one",100,100,1
"Eif4e3","EIF4E3","ortholog_one2one",100,100,1
"Fbxo43","FBXO43","ortholog_one2one",100,100,1
"Tfpt","TFPT","ortholog_one2one",100,100,1
"Mllt10","MLLT10","ortholog_one2one",100,100,1
"Slc6a13","SLC6A13","ortholog_one2one",50,100,1
"Kcnt1","KCNT1","ortholog_one2one",100,99.11,1
"Olfr272","OR13C8","ortholog_one2one",0,100,1
"Snx19","SNX19","ortholog_one2one",100,100,1
"Galntl6","GALNTL6","ortholog_one2one",100,100,1
"Chmp6","CHMP6","ortholog_one2one",100,100,1
"2810004N23Rik","C1orf131","ortholog_one2one",100,100,1
"Cdh20","CDH20","ortholog_one2one",50,100,1
"Cdc40","CDC40","ortholog_one2one",100,100,1
"B3gnt5","B3GNT5","ortholog_one2one",50,100,1
"Clic3","CLIC3","ortholog_one2one",100,100,1
"Vsig10l","VSIG10L","ortholog_one2one",100,99.87,1
"Ttll11","TTLL11","ortholog_one2one",100,100,1
"Car3","CA3","ortholog_one2one",75,100,1
"Foxj3","FOXJ3","ortholog_one2one",100,100,1
"Eloc","ELOC","ortholog_one2one",100,94.44,1
"D430041D05Rik","KIAA1549L","ortholog_one2one",100,100,1
"2310033P09Rik","C1orf35","ortholog_one2one",100,99.95,1
"Dimt1","DIMT1","ortholog_one2one",100,100,1
"Zfp523","ZNF76","ortholog_one2one",100,100,1
"Ceacam19","CEACAM19","ortholog_one2one",100,94.24,1
"Galp","GALP","ortholog_one2one",75,100,1
"Suclg1","SUCLG1","ortholog_one2one",75,100,1
"Nupl2","NUP42","ortholog_one2one",50,97.94,1
"Vps51","VPS51","ortholog_one2one",100,100,1
"Prdm11","PRDM11","ortholog_one2one",100,100,0
"Rgn","RGN","ortholog_one2one",100,100,1
"Ogfod2","OGFOD2","ortholog_one2one",100,100,1
"Ankar","ANKAR","ortholog_one2one",0,83.48,1
"Hscb","HSCB","ortholog_one2one",50,100,1
"Aff4","AFF4","ortholog_one2one",100,100,1
"Lyn","LYN","ortholog_one2one",100,100,1
"Mfsd2b","MFSD2B","ortholog_one2one",100,100,1
"Ccnb1ip1","CCNB1IP1","ortholog_one2one",50,99.78,1
"Fam114a1","FAM114A1","ortholog_one2one",100,100,1
"Adora2b","ADORA2B","ortholog_one2one",50,100,1
"BC005537","C6orf62","ortholog_one2one",100,100,1
"Paxx","PAXX","ortholog_one2one",100,100,1
"Neu3","NEU3","ortholog_one2one",100,100,1
"Pnpla8","PNPLA8","ortholog_one2one",75,100,1
"Rad51b","RAD51B","ortholog_one2one",100,93.9,0
"Klf10","KLF10","ortholog_one2one",100,100,1
"Tmem120a","TMEM120A","ortholog_one2one",100,100,1
"Vat1l","VAT1L","ortholog_one2one",100,100,1
"Mrpl32","MRPL32","ortholog_one2one",75,100,1
"Nmur1","NMUR1","ortholog_one2one",100,100,1
"Lamp2","LAMP2","ortholog_one2one",100,100,1
"Tmem262","TMEM262","ortholog_one2one",100,100,1
"Dnajc1","DNAJC1","ortholog_one2one",100,100,1
"Hibch","HIBCH","ortholog_one2one",75,100,1
"Tm7sf2","TM7SF2","ortholog_one2one",100,100,1
"Tmem156","TMEM156","ortholog_one2one",100,100,1
"Clec3a","CLEC3A","ortholog_one2one",100,100,1
"Arf1","ARF1","ortholog_one2one",100,100,1
"Nol4","NOL4","ortholog_one2one",100,100,1
"Stat3","STAT3","ortholog_one2one",100,100,1
"2310057J18Rik","C6orf58","ortholog_one2one",100,100,1
"Rbm10","RBM10","ortholog_one2one",100,100,1
"Ttc29","TTC29","ortholog_one2one",100,100,1
"Actg2","ACTG2","ortholog_one2one",75,100,1
"Oas2","OAS2","ortholog_one2one",100,94.99,1
"Lgr4","LGR4","ortholog_one2one",100,100,1
"Zswim7","ZSWIM7","ortholog_one2one",50,100,1
"Rpl3l","RPL3L","ortholog_one2one",100,100,1
"Gpr135","GPR135","ortholog_one2one",100,100,1
"Wdr12","WDR12","ortholog_one2one",100,100,1
"Ifnb1","IFNB1","ortholog_one2one",100,100,0
"Wnt3a","WNT3A","ortholog_one2one",100,100,1
"Nup85","NUP85","ortholog_one2one",100,100,1
"Dnajc6","DNAJC6","ortholog_one2one",100,100,1
"Midn","MIDN","ortholog_one2one",100,100,1
"Tex44","TEX44","ortholog_one2one",100,88.75,0
"Zfyve9","ZFYVE9","ortholog_one2one",100,99.44,1
"Ddx31","DDX31","ortholog_one2one",100,100,1
"Snrnp25","SNRNP25","ortholog_one2one",50,100,1
"Tmtc3","TMTC3","ortholog_one2one",75,100,1
"Dnajc21","DNAJC21","ortholog_one2one",100,97.32,1
"Acsl1","ACSL1","ortholog_one2one",100,100,1
"Spcs2","SPCS2","ortholog_one2one",100,100,1
"Fyb","FYB1","ortholog_one2one",100,100,1
"Arhgap15","ARHGAP15","ortholog_one2one",100,100,1
"Rngtt","RNGTT","ortholog_one2one",100,100,1
"Ccny","CCNY","ortholog_one2one",50,100,1
"Dennd11","DENND11","ortholog_one2one",100,100,1
"Akap1","AKAP1","ortholog_one2one",100,99.4,1
"Dmxl1","DMXL1","ortholog_one2one",100,100,1
"Vps41","VPS41","ortholog_one2one",100,100,1
"Ppp1r1b","PPP1R1B","ortholog_one2one",100,100,1
"Rasgef1a","RASGEF1A","ortholog_one2one",100,100,1
"Xrra1","XRRA1","ortholog_one2one",100,100,1
"Trappc3l","TRAPPC3L","ortholog_one2one",0,100,1
"Son","SON","ortholog_one2one",100,99.79,1
"E2f2","E2F2","ortholog_one2one",100,100,1
"Lhfp","LHFPL6","ortholog_one2one",100,100,1
"Tcf4","TCF4","ortholog_one2one",50,97.85,1
"Calhm5","CALHM5","ortholog_one2one",75,100,1
"Calhm4","CALHM4","ortholog_one2one",75,100,1
"Fam98c","FAM98C","ortholog_one2one",100,100,1
"Eif4a1","EIF4A1","ortholog_one2one",100,100,1
"Ckap4","CKAP4","ortholog_one2one",100,100,1
"Tm6sf1","TM6SF1","ortholog_one2one",100,100,1
"Klhl23","KLHL23","ortholog_one2one",100,100,1
"Ints3","INTS3","ortholog_one2one",100,100,1
"Espnl","ESPNL","ortholog_one2one",100,100,1
"Tmem98","TMEM98","ortholog_one2one",100,100,1
"Clint1","CLINT1","ortholog_one2one",100,100,1
"Fbrs","FBRS","ortholog_one2one",100,100,0
"Trim63","TRIM63","ortholog_one2one",100,100,1
"Hectd2","HECTD2","ortholog_one2one",100,100,1
"Nup160","NUP160","ortholog_one2one",100,100,1
"Reps1","REPS1","ortholog_one2one",100,100,1
"Arhgef1","ARHGEF1","ortholog_one2one",100,100,1
"Got2","GOT2","ortholog_one2one",100,100,1
"Hsd17b6","HSD17B6","ortholog_one2one",100,100,1
"Gad2","GAD2","ortholog_one2one",100,100,1
"Cc2d1a","CC2D1A","ortholog_one2one",100,100,1
"Ttc23","TTC23","ortholog_one2one",75,100,1
"Kdm5d","KDM5D","ortholog_one2one",0,64.44,0
"Scube3","SCUBE3","ortholog_one2one",100,99.92,1
"Pvr","PVR","ortholog_one2one",100,75.14,0
"Caln1","CALN1","ortholog_one2one",75,100,1
"Rwdd2b","RWDD2B","ortholog_one2one",50,96.74,1
"Myo1g","MYO1G","ortholog_one2one",100,100,1
"Sema6c","SEMA6C","ortholog_one2one",100,100,1
"Nf2","NF2","ortholog_one2one",100,100,1
"Rasgrp4","RASGRP4","ortholog_one2one",100,100,1
"Pigr","PIGR","ortholog_one2one",100,100,1
"Inppl1","INPPL1","ortholog_one2one",100,100,1
"Hdgfl3","HDGFL3","ortholog_one2one",100,100,1
"Creg1","CREG1","ortholog_one2one",100,94.89,1
"Tmem218","TMEM218","ortholog_one2one",100,100,1
"Car2","CA2","ortholog_one2one",50,100,1
"Selenop","SELENOP","ortholog_one2one",50,100,1
"Carf","CARF","ortholog_one2one",100,100,1
"Rab3ip","RAB3IP","ortholog_one2one",100,99.76,1
"Tpp2","TPP2","ortholog_one2one",50,100,1
"Pou4f2","POU4F2","ortholog_one2one",100,100,1
"Wars2","WARS2","ortholog_one2one",100,100,1
"L3hypdh","L3HYPDH","ortholog_one2one",100,100,1
"Odc1","ODC1","ortholog_one2one",50,100,1
"Ddost","DDOST","ortholog_one2one",100,100,1
"Emilin1","EMILIN1","ortholog_one2one",100,100,1
"Rhag","RHAG","ortholog_one2one",50,98.81,1
"Ndufa8","NDUFA8","ortholog_one2one",100,100,1
"Ccdc152","CCDC152","ortholog_one2one",75,100,1
"Cdca7","CDCA7","ortholog_one2one",100,100,1
"Wnt9a","WNT9A","ortholog_one2one",100,100,1
"Epo","EPO","ortholog_one2one",100,100,1
"Morn5","MORN5","ortholog_one2one",100,100,1
"Prss38","PRSS38","ortholog_one2one",75,100,1
"Cyp2f2","CYP2F1","ortholog_one2one",0,100,1
"Fam149b","FAM149B1","ortholog_one2one",100,100,1
"Ube4b","UBE4B","ortholog_one2one",100,99.99,1
"Aldh18a1","ALDH18A1","ortholog_one2one",100,100,1
"Cd14","CD14","ortholog_one2one",75,100,1
"Spaca3","SPACA3","ortholog_one2one",100,100,1
"Kptn","KPTN","ortholog_one2one",100,100,1
"Gigyf1","GIGYF1","ortholog_one2one",100,100,1
"Hdac11","HDAC11","ortholog_one2one",100,100,1
"Acot13","ACOT13","ortholog_one2one",100,100,1
"Ptpn22","PTPN22","ortholog_one2one",100,100,1
"Slc34a3","SLC34A3","ortholog_one2one",100,100,1
"Olfr270","OR13D1","ortholog_one2one",50,100,1
"Gdf7","GDF7","ortholog_one2one",100,99.37,1
"Max","MAX","ortholog_one2one",100,100,1
"Zfp746","ZNF746","ortholog_one2one",100,100,1
"Donson","DONSON","ortholog_one2one",100,100,1
"Peli3","PELI3","ortholog_one2one",100,100,1
"Sirt4","SIRT4","ortholog_one2one",100,99.67,1
"Madd","MADD","ortholog_one2one",100,100,1
"Dnm3","DNM3","ortholog_one2one",100,100,1
"Ptrh2","PTRH2","ortholog_one2one",100,99.74,1
"Gnaz","GNAZ","ortholog_one2one",50,100,1
"Alms1","ALMS1","ortholog_one2one",75,92.31,0
"Thap11","THAP11","ortholog_one2one",100,100,1
"Gnb2","GNB2","ortholog_one2one",100,100,1
"B4galt1","B4GALT1","ortholog_one2one",100,100,1
"Rsph14","RSPH14","ortholog_one2one",50,100,1
"Marchf1","MARCHF1","ortholog_one2one",75,100,1
"Mnd1","MND1","ortholog_one2one",100,99.66,1
"Mib1","MIB1","ortholog_one2one",100,100,1
"Scnn1a","SCNN1A","ortholog_one2one",100,100,1
"Chek2","CHEK2","ortholog_one2one",75,96.96,1
"Lrmp","IRAG2","ortholog_one2one",100,78.05,0
"Egln2","EGLN2","ortholog_one2one",75,100,1
"9330159F19Rik","KIAA0408","ortholog_one2one",100,100,1
"Pdgfrl","PDGFRL","ortholog_one2one",100,100,1
"Tmem70","TMEM70","ortholog_one2one",100,100,1
"Plekhg1","PLEKHG1","ortholog_one2one",100,100,1
"Pde7b","PDE7B","ortholog_one2one",100,100,1
"Phox2a","PHOX2A","ortholog_one2one",100,100,1
"Npc1l1","NPC1L1","ortholog_one2one",100,99.32,1
"AW209491","C7orf25","ortholog_one2one",100,100,1
"Folr2","FOLR2","ortholog_one2one",100,100,1
"Ngb","NGB","ortholog_one2one",75,100,1
"Cpd","CPD","ortholog_one2one",75,100,1
"Ldb1","LDB1","ortholog_one2one",100,100,1
"Synm","SYNM","ortholog_one2one",50,100,1
"Ylpm1","YLPM1","ortholog_one2one",100,100,1
"Oas3","OAS3","ortholog_one2one",100,98.19,1
"Cd247","CD247","ortholog_one2one",100,93.17,1
"Igsf23","IGSF23","ortholog_one2one",75,97.13,0
"Cnr1","CNR1","ortholog_one2one",100,100,1
"Tcp11l2","TCP11L2","ortholog_one2one",100,100,1
"Tnfaip8","TNFAIP8","ortholog_one2one",100,100,1
"Fcmr","FCMR","ortholog_one2one",100,100,1
"Gchfr","GCHFR","ortholog_one2one",100,100,1
"Dcc","DCC","ortholog_one2one",100,100,1
"Skap1","SKAP1","ortholog_one2one",100,100,1
"Ly96","LY96","ortholog_one2one",100,100,1
"Slc22a8","SLC22A8","ortholog_one2one",100,100,1
"Malt1","MALT1","ortholog_one2one",100,100,1
"Adam12","ADAM12","ortholog_one2one",100,100,1
"Muc5b","MUC5B","ortholog_one2one",100,100,0
"Lingo2","LINGO2","ortholog_one2one",100,100,1
"Lsm11","LSM11","ortholog_one2one",100,100,1
"Pcnx3","PCNX3","ortholog_one2one",100,100,1
"Plekha5","PLEKHA5","ortholog_one2one",100,100,1
"Ankrd42","ANKRD42","ortholog_one2one",100,100,1
"Syngr4","SYNGR4","ortholog_one2one",100,100,1
"Fam171a2","FAM171A2","ortholog_one2one",100,100,1
"Pigc","PIGC","ortholog_one2one",100,100,1
"1700019D03Rik","C2orf88","ortholog_one2one",100,100,1
"Slf1","SLF1","ortholog_one2one",100,100,1
"Tmco6","TMCO6","ortholog_one2one",100,100,1
"Tbc1d25","TBC1D25","ortholog_one2one",100,100,1
"Spink4","SPINK4","ortholog_one2one",100,84.37,0
"4930558K02Rik","C1orf105","ortholog_one2one",100,100,1
"Grn","GRN","ortholog_one2one",100,100,1
"Casc1","CFAP94","ortholog_one2one",100,99.68,1
"Etl4","KIAA1217","ortholog_one2one",100,100,1
"Slc8a2","SLC8A2","ortholog_one2one",100,100,1
"Glmp","GLMP","ortholog_one2one",100,100,1
"Gtdc1","GTDC1","ortholog_one2one",100,100,1
"Hs1bp3","HS1BP3","ortholog_one2one",100,100,1
"Ap3b1","AP3B1","ortholog_one2one",100,99.58,1
"Sema4g","SEMA4G","ortholog_one2one",100,100,1
"Slbp","SLBP","ortholog_one2one",75,100,1
"Ndufa2","NDUFA2","ortholog_one2one",100,100,1
"Parp2","PARP2","ortholog_one2one",100,100,1
"Mertk","MERTK","ortholog_one2one",100,100,1
"Dhx15","DHX15","ortholog_one2one",100,100,1
"Rnf224","RNF224","ortholog_one2one",100,100,1
"Marco","MARCO","ortholog_one2one",100,100,1
"Slc22a6","SLC22A6","ortholog_one2one",100,100,1
"Sh2b1","SH2B1","ortholog_one2one",100,100,1
"Wdtc1","WDTC1","ortholog_one2one",100,100,1
"Cysrt1","CYSRT1","ortholog_one2one",100,100,1
"Txndc12","TXNDC12","ortholog_one2one",100,100,1
"Tmem79","TMEM79","ortholog_one2one",100,100,1
"Utrn","UTRN","ortholog_one2one",100,100,1
"Camsap3","CAMSAP3","ortholog_one2one",100,100,1
"Rab3d","RAB3D","ortholog_one2one",100,100,1
"Dhcr7","DHCR7","ortholog_one2one",75,100,1
"Sptssa","SPTSSA","ortholog_one2one",100,100,1
"Vrk2","VRK2","ortholog_one2one",100,100,1
"Foxj1","FOXJ1","ortholog_one2one",100,100,1
"Lax1","LAX1","ortholog_one2one",75,100,0
"Slc10a7","SLC10A7","ortholog_one2one",100,97.91,1
"Zfyve19","ZFYVE19","ortholog_one2one",100,100,1
"Ppp1r10","PPP1R10","ortholog_one2one",100,99.2,1
"Bnc1","BNC1","ortholog_one2one",100,100,1
"Meig1","MEIG1","ortholog_one2one",100,100,1
"Synpo","SYNPO","ortholog_one2one",100,100,1
"Adamts15","ADAMTS15","ortholog_one2one",100,100,1
"Tmem129","TMEM129","ortholog_one2one",100,100,1
"Pop7","POP7","ortholog_one2one",100,100,1
"Pprc1","PPRC1","ortholog_one2one",100,100,1
"Swt1","SWT1","ortholog_one2one",100,99.28,1
"Slc6a12","SLC6A12","ortholog_one2one",50,100,1
"Fut8","FUT8","ortholog_one2one",100,100,1
"Ankrd28","ANKRD28","ortholog_one2one",100,100,1
"Il24","IL24","ortholog_one2one",100,99.82,1
"Pou2f1","POU2F1","ortholog_one2one",100,100,1
"Ehmt2","EHMT2","ortholog_one2one",75,100,1
"Dmbx1","DMBX1","ortholog_one2one",100,100,1
"Jph1","JPH1","ortholog_one2one",100,100,1
"Ccdc34","CCDC34","ortholog_one2one",100,100,1
"P2rx1","P2RX1","ortholog_one2one",100,100,1
"Tacc3","TACC3","ortholog_one2one",100,70.48,0
"Rnf130","RNF130","ortholog_one2one",100,100,1
"Ccdc90b","CCDC90B","ortholog_one2one",100,100,1
"Fancl","FANCL","ortholog_one2one",100,100,1
"Il20","IL20","ortholog_one2one",100,99.96,1
"Olfr607","OR52P1P","ortholog_one2one",0,0,0
"4930432K21Rik","C19orf57","ortholog_one2one",100,96.06,0
"Nup37","NUP37","ortholog_one2one",100,100,1
"Inava","INAVA","ortholog_one2one",100,100,1
"Tbx15","TBX15","ortholog_one2one",100,100,1
"Kmt2b","KMT2B","ortholog_one2one",100,100,1
"Mapk1","MAPK1","ortholog_one2one",100,100,1
"Asxl2","ASXL2","ortholog_one2one",100,100,1
"Naca","NACA","ortholog_one2one",100,99.43,0
"Dnajc17","DNAJC17","ortholog_one2one",100,100,1
"Stat5a","STAT5A","ortholog_one2one",100,100,1
"Tph1","TPH1","ortholog_one2one",100,100,1
"Espn","ESPN","ortholog_one2one",100,99.37,0
"Qrsl1","QRSL1","ortholog_one2one",100,99.79,1
"Map2","MAP2","ortholog_one2one",100,100,1
"Mapk7","MAPK7","ortholog_one2one",100,100,1
"Gm14137","C15orf62","ortholog_one2one",100,100,1
"Nlrp10","NLRP10","ortholog_one2one",50,96.68,1
"En1","EN1","ortholog_one2one",100,100,1
"Baiap2","BAIAP2","ortholog_one2one",100,100,1
"Zfp36l1","ZFP36L1","ortholog_one2one",100,100,1
"Polr2c","POLR2C","ortholog_one2one",100,100,1
"Asap3","ASAP3","ortholog_one2one",100,100,1
"Eif3f","EIF3F","ortholog_one2one",50,100,1
"Sim2","SIM2","ortholog_one2one",100,100,1
"Tmem143","TMEM143","ortholog_one2one",100,100,1
"Rpl37a","RPL37A","ortholog_one2one",100,100,1
"Kif3c","KIF3C","ortholog_one2one",75,100,1
"Pacs2","PACS2","ortholog_one2one",100,100,1
"Il19","IL19","ortholog_one2one",100,100,1
"Smc4","SMC4","ortholog_one2one",100,100,1
"Sh3gl3","SH3GL3","ortholog_one2one",75,99.26,1
"Ccdc159","CCDC159","ortholog_one2one",100,100,1
"Surf2","SURF2","ortholog_one2one",100,100,1
"Cbll1","CBLL1","ortholog_one2one",100,100,1
"Pitpnm1","PITPNM1","ortholog_one2one",100,100,1
"Map3k11","MAP3K11","ortholog_one2one",100,100,1
"Xab2","XAB2","ortholog_one2one",100,99.92,1
"Polr3b","POLR3B","ortholog_one2one",100,100,1
"Tmpo","TMPO","ortholog_one2one",100,100,1
"Mrpl11","MRPL11","ortholog_one2one",100,100,1
"Pigl","PIGL","ortholog_one2one",100,100,1
"Wdyhv1","NTAQ1","ortholog_one2one",100,100,1
"Sncg","SNCG","ortholog_one2one",100,100,1
"Ttc19","TTC19","ortholog_one2one",100,100,1
"Ptpa","PTPA","ortholog_one2one",100,97.31,1
"Surf1","SURF1","ortholog_one2one",100,100,1
"Cpt1a","CPT1A","ortholog_one2one",100,100,1
"Mfap4","MFAP4","ortholog_one2one",100,100,1
"Orc5","ORC5","ortholog_one2one",100,100,1
"Klhl6","KLHL6","ortholog_one2one",50,100,1
"Dok4","DOK4","ortholog_one2one",100,100,1
"Nipbl","NIPBL","ortholog_one2one",100,100,1
"Camsap2","CAMSAP2","ortholog_one2one",100,100,1
"Cep85l","CEP85L","ortholog_one2one",100,98.6,1
"Rhob","RHOB","ortholog_one2one",100,100,1
"Hmgb1","HMGB1","ortholog_one2one",100,100,1
"Ak7","AK7","ortholog_one2one",100,100,1
"Msrb1","MSRB1","ortholog_one2one",100,97.04,0
"Gata6","GATA6","ortholog_one2one",100,100,1
"Igfbp2","IGFBP2","ortholog_one2one",100,100,1
"Wwox","WWOX","ortholog_one2one",100,100,1
"Cct8","CCT8","ortholog_one2one",100,100,1
"Pkd1l1","PKD1L1","ortholog_one2one",100,95.95,1
"Ttc28","TTC28","ortholog_one2one",100,100,1
"Pln","PLN","ortholog_one2one",100,100,1
"Mex3c","MEX3C","ortholog_one2one",100,100,1
"Klhl30","KLHL30","ortholog_one2one",100,100,1
"Dusp14","DUSP14","ortholog_one2one",100,100,1
"Twnk","TWNK","ortholog_one2one",75,100,1
"Gm960","C11orf80","ortholog_one2one",100,96.78,0
"Taf2","TAF2","ortholog_one2one",100,100,1
"Tyrp1","TYRP1","ortholog_one2one",100,100,1
"Tmem205","TMEM205","ortholog_one2one",100,100,1
"Apbb1ip","APBB1IP","ortholog_one2one",100,100,1
"Leap2","LEAP2","ortholog_one2one",100,100,1
"Cops5","COPS5","ortholog_one2one",100,100,1
"Rims1","RIMS1","ortholog_one2one",100,98.39,1
"Ncor1","NCOR1","ortholog_one2one",100,100,1
"Mrpl43","MRPL43","ortholog_one2one",100,100,0
"Rnf208","RNF208","ortholog_one2one",100,100,1
"Barhl1","BARHL1","ortholog_one2one",100,100,1
"Hs3st6","HS3ST6","ortholog_one2one",100,100,1
"Nanos3","NANOS3","ortholog_one2one",100,100,1
"Cetn1","CETN1","ortholog_one2one",50,100,1
"Tma16","TMA16","ortholog_one2one",100,92.97,1
"Mstn","MSTN","ortholog_one2one",100,100,1
"Gpr25","GPR25","ortholog_one2one",100,100,1
"Epp13","EDDM13","ortholog_one2one",50,97.82,1
"Gdf6","GDF6","ortholog_one2one",50,100,1
"Npr1","NPR1","ortholog_one2one",100,100,1
"Tmem203","TMEM203","ortholog_one2one",100,100,1
"Ppp1r3c","PPP1R3C","ortholog_one2one",100,100,1
"Polg","POLG","ortholog_one2one",100,99.62,1
"Nbas","NBAS","ortholog_one2one",100,100,1
"Neurod6","NEUROD6","ortholog_one2one",100,100,1
"Slc30a2","SLC30A2","ortholog_one2one",100,100,1
"Slc12a1","SLC12A1","ortholog_one2one",100,98.8,1
"Spin1","SPIN1","ortholog_one2one",50,100,1
"Hpcal1","HPCAL1","ortholog_one2one",0,38.48,0
"Tex22","TEX22","ortholog_one2one",100,94.51,0
"Surf4","SURF4","ortholog_one2one",100,100,1
"Zp2","ZP2","ortholog_one2one",100,100,1
"Mos","MOS","ortholog_one2one",100,100,1
"Uqcrq","UQCRQ","ortholog_one2one",100,100,1
"Mmp16","MMP16","ortholog_one2one",100,100,1
"Csgalnact2","CSGALNACT2","ortholog_one2one",100,100,1
"Kat7","KAT7","ortholog_one2one",100,100,1
"Bag1","BAG1","ortholog_one2one",100,100,1
"Svil","SVIL","ortholog_one2one",50,100,1
"Vps50","VPS50","ortholog_one2one",100,100,1
"Csmd2","CSMD2","ortholog_one2one",100,100,1
"Smad4","SMAD4","ortholog_one2one",100,100,1
"Uspl1","USPL1","ortholog_one2one",100,100,1
"Gdf9","GDF9","ortholog_one2one",100,100,1
"Acap3","ACAP3","ortholog_one2one",100,100,1
"Gdap1","GDAP1","ortholog_one2one",100,100,1
"Fopnl","CEP20","ortholog_one2one",75,84.26,1
"Mtus1","MTUS1","ortholog_one2one",100,100,1
"Ttll4","TTLL4","ortholog_one2one",100,100,1
"Itprid1","ITPRID1","ortholog_one2one",100,98.88,1
"Cdh2","CDH2","ortholog_one2one",100,100,1
"Cspp1","CSPP1","ortholog_one2one",100,98.86,1
"Erfe","ERFE","ortholog_one2one",100,100,1
"Fgfr1","FGFR1","ortholog_one2one",100,100,1
"Tmem87b","TMEM87B","ortholog_one2one",100,100,1
"Cacna2d1","CACNA2D1","ortholog_one2one",100,100,1
"Hvcn1","HVCN1","ortholog_one2one",100,97.87,1
"Cfap77","CFAP77","ortholog_one2one",100,96.63,1
"Wasf1","WASF1","ortholog_one2one",100,100,1
"Usp16","USP16","ortholog_one2one",100,100,1
"Jmjd4","JMJD4","ortholog_one2one",75,100,1
"Ilkap","ILKAP","ortholog_one2one",100,100,1
"Tktl2","TKTL2","ortholog_one2one",100,100,1
"Gstz1","GSTZ1","ortholog_one2one",100,100,1
"Mapk10","MAPK10","ortholog_one2one",100,94.16,1
"Npy5r","NPY5R","ortholog_one2one",100,99.11,1
"Hmgb4","HMGB4","ortholog_one2one",100,100,1
"Nsun7","NSUN7","ortholog_one2one",100,100,1
"Ppp1r17","PPP1R17","ortholog_one2one",100,100,1
"Amtn","AMTN","ortholog_one2one",100,100,1
"Sema3a","SEMA3A","ortholog_one2one",100,99.96,1
"Spaca1","SPACA1","ortholog_one2one",100,100,1
"Shroom1","SHROOM1","ortholog_one2one",100,100,1
"Snap47","SNAP47","ortholog_one2one",75,100,1
"Dnlz","DNLZ","ortholog_one2one",100,100,1
"Ambn","AMBN","ortholog_one2one",100,99.67,1
"Chmp5","CHMP5","ortholog_one2one",100,100,1
"Nav3","NAV3","ortholog_one2one",100,100,1
"Pomt2","POMT2","ortholog_one2one",100,100,1
"Tctn1","TCTN1","ortholog_one2one",100,100,1
"Gpsm1","GPSM1","ortholog_one2one",100,100,1
"Mpp3","MPP3","ortholog_one2one",100,100,1
"Chrm1","CHRM1","ortholog_one2one",100,100,1
"Tmub1","TMUB1","ortholog_one2one",100,100,0
"Ect2l","ECT2L","ortholog_one2one",100,100,1
"Aldoc","ALDOC","ortholog_one2one",100,100,1
"Enam","ENAM","ortholog_one2one",100,96.92,1
"Ceacam20","CEACAM20","ortholog_one2one",50,100,1
"Hspa4l","HSPA4L","ortholog_one2one",100,100,1
"Unc5d","UNC5D","ortholog_one2one",50,100,1
"Tcea3","TCEA3","ortholog_one2one",100,100,1
"Ptges3","PTGES3","ortholog_one2one",100,98.8,1
"Ogfrl1","OGFRL1","ortholog_one2one",100,100,1
"Trpc7","TRPC7","ortholog_one2one",100,100,1
"Cirbp","CIRBP","ortholog_one2one",100,100,1
"Ccdc175","CCDC175","ortholog_one2one",100,99.11,0
"Lhfpl3","LHFPL3","ortholog_one2one",100,100,1
"Tdp2","TDP2","ortholog_one2one",100,100,1
"Saal1","SAAL1","ortholog_one2one",100,100,1
"Slc38a9","SLC38A9","ortholog_one2one",100,99.86,1
"Tnfrsf1a","TNFRSF1A","ortholog_one2one",100,100,1
"Stk38","STK38","ortholog_one2one",100,100,1
"Abi1","ABI1","ortholog_one2one",50,100,1
"Nup205","NUP205","ortholog_one2one",100,100,1
"Fnbp4","FNBP4","ortholog_one2one",100,100,1
"Emp3","EMP3","ortholog_one2one",75,100,1
"Orc3","ORC3","ortholog_one2one",100,100,1
"Klhl9","KLHL9","ortholog_one2one",75,100,1
"9130008F23Rik","C6orf141","ortholog_one2one",75,100,0
"Cst7","CST7","ortholog_one2one",100,100,1
"Zscan10","ZSCAN10","ortholog_one2one",100,100,1
"Sod3","SOD3","ortholog_one2one",100,100,1
"Plekhg6","PLEKHG6","ortholog_one2one",100,100,1
"Rnf169","RNF169","ortholog_one2one",100,99.86,1
"Ier5l","IER5L","ortholog_one2one",75,100,1
"Trmt1l","TRMT1L","ortholog_one2one",100,100,1
"Fanci","FANCI","ortholog_one2one",100,98.82,1
"Hpn","HPN","ortholog_one2one",100,97.36,1
"Igfbp5","IGFBP5","ortholog_one2one",100,100,1
"Glyatl3","GLYATL3","ortholog_one2one",100,100,1
"Slc37a2","SLC37A2","ortholog_one2one",100,100,1
"Zswim4","ZSWIM4","ortholog_one2one",100,100,1
"Sppl2b","SPPL2B","ortholog_one2one",100,88.22,1
"Asic2","ASIC2","ortholog_one2one",100,100,1
"Cenpq","CENPQ","ortholog_one2one",100,100,1
"Nrn1l","NRN1L","ortholog_one2one",100,100,1
"Cntn4","CNTN4","ortholog_one2one",100,100,1
"Exoc8","EXOC8","ortholog_one2one",100,100,1
"Rgs3","RGS3","ortholog_one2one",100,97.31,1
"Sprtn","SPRTN","ortholog_one2one",100,98.89,1
"Edc4","EDC4","ortholog_one2one",100,100,1
"Rab36","RAB36","ortholog_one2one",75,100,1
"Insig2","INSIG2","ortholog_one2one",100,100,1
"Tollip","TOLLIP","ortholog_one2one",100,100,1
"Washc3","WASHC3","ortholog_one2one",100,100,1
"Mmut","MMUT","ortholog_one2one",100,100,1
"Tnp1","TNP1","ortholog_one2one",100,100,1
"Rnf2","RNF2","ortholog_one2one",100,100,1
"Tada2a","TADA2A","ortholog_one2one",75,100,1
"Npy1r","NPY1R","ortholog_one2one",75,100,1
"Lurap1l","LURAP1L","ortholog_one2one",100,100,1
"Apmap","APMAP","ortholog_one2one",100,100,1
"Lzts2","LZTS2","ortholog_one2one",100,100,1
"Ttc14","TTC14","ortholog_one2one",100,100,1
"Erbb3","ERBB3","ortholog_one2one",100,100,1
"Dscam","DSCAM","ortholog_one2one",75,100,1
"Adamts8","ADAMTS8","ortholog_one2one",100,100,1
"Il10","IL10","ortholog_one2one",100,100,1
"Tead2","TEAD2","ortholog_one2one",100,100,1
"Pdzd7","PDZD7","ortholog_one2one",100,100,1
"Itih4","ITIH4","ortholog_one2one",100,100,1
"Vsir","VSIR","ortholog_one2one",75,100,1
"Zbtb44","ZBTB44","ortholog_one2one",100,100,1
"Ccdc114","CCDC114","ortholog_one2one",50,100,1
"Chrdl2","CHRDL2","ortholog_one2one",100,99.35,1
"Phf10","PHF10","ortholog_one2one",100,100,1
"Itga2b","ITGA2B","ortholog_one2one",100,100,1
"Extl1","EXTL1","ortholog_one2one",100,100,1
"Rsbn1","RSBN1","ortholog_one2one",100,100,1
"Smg5","SMG5","ortholog_one2one",100,100,1
"Cdc42se1","CDC42SE1","ortholog_one2one",100,100,1
"Khk","KHK","ortholog_one2one",100,100,1
"Klhl24","KLHL24","ortholog_one2one",100,100,1
"Stx17","STX17","ortholog_one2one",100,100,1
"Kcnma1","KCNMA1","ortholog_one2one",100,100,1
"Aip","AIP","ortholog_one2one",100,100,1
"Rnf152","RNF152","ortholog_one2one",50,100,1
"1600012H06Rik","C6orf120","ortholog_one2one",100,100,1
"Gpr6","GPR6","ortholog_one2one",100,100,1
"Hic1","HIC1","ortholog_one2one",100,100,1
"D8Ertd738e","C19orf53","ortholog_one2one",100,100,1
"Thg1l","THG1L","ortholog_one2one",75,100,1
"Impg2","IMPG2","ortholog_one2one",100,100,1
"Tas2r131","TAS2R42","ortholog_one2one",75,100,0
"Kif16b","KIF16B","ortholog_one2one",100,100,1
"Ccdc149","CCDC149","ortholog_one2one",100,100,1
"Snapin","SNAPIN","ortholog_one2one",100,100,1
"Dph1","DPH1","ortholog_one2one",100,100,1
"Ccl2","CCL2","ortholog_one2one",100,100,0
"Akirin2","AKIRIN2","ortholog_one2one",100,100,1
"Mllt11","MLLT11","ortholog_one2one",100,100,1
"Maf","MAF","ortholog_one2one",100,100,1
"Mri1","MRI1","ortholog_one2one",100,99.85,1
"Zfp46","ZNF436","ortholog_one2one",100,100,1
"Elac1","ELAC1","ortholog_one2one",100,100,1
"Ica1","ICA1","ortholog_one2one",100,100,1
"Phtf1","PHTF1","ortholog_one2one",100,100,1
"Itprid2","ITPRID2","ortholog_one2one",100,100,1
"Gabpb2","GABPB2","ortholog_one2one",100,100,1
"Zfp619","ZNF850","ortholog_one2one",0,0,0
"Ilf2","ILF2","ortholog_one2one",100,100,1
"Tbca","TBCA","ortholog_one2one",100,97.92,1
"Pi15","PI15","ortholog_one2one",75,100,1
"Prkci","PRKCI","ortholog_one2one",100,100,1
"Naf1","NAF1","ortholog_one2one",50,96.26,1
"Ccl7","CCL7","ortholog_one2one",100,100,1
"Ddx55","DDX55","ortholog_one2one",100,100,1
"Tmigd1","TMIGD1","ortholog_one2one",100,100,1
"Arid4b","ARID4B","ortholog_one2one",50,100,1
"Olfr1497","OR9Q2","ortholog_one2one",75,99.94,1
"Mapkapk2","MAPKAPK2","ortholog_one2one",100,100,1
"Cdh23","CDH23","ortholog_one2one",0,99.99,1
"Mtrex","MTREX","ortholog_one2one",100,100,1
"Sox30","SOX30","ortholog_one2one",75,100,1
"Gm6657","CCDC196","ortholog_one2one",100,100,1
"Ugt2a3","UGT2A3","ortholog_one2one",50,55.63,0
"Tctn3","TCTN3","ortholog_one2one",100,100,1
"St14","ST14","ortholog_one2one",100,100,1
"Me2","ME2","ortholog_one2one",100,100,1
"Echdc1","ECHDC1","ortholog_one2one",100,96.98,1
"Atp2b4","ATP2B4","ortholog_one2one",100,100,1
"Trp73","TP73","ortholog_one2one",100,100,1
"Olfr1500","OR9Q1","ortholog_one2one",25,100,1
"Phf20l1","PHF20L1","ortholog_one2one",100,100,1
"Crispld1","CRISPLD1","ortholog_one2one",50,100,1
"Smim10l1","SMIM10L1","ortholog_one2one",75,89.75,1
"Med15","MED15","ortholog_one2one",50,100,1
"Ovca2","OVCA2","ortholog_one2one",100,100,1
"Fig4","FIG4","ortholog_one2one",100,100,1
"Cltc","CLTC","ortholog_one2one",100,100,1
"Cd37","CD37","ortholog_one2one",100,100,1
"Ccl11","CCL11","ortholog_one2one",100,100,1
"Ms4a2","MS4A2","ortholog_one2one",50,100,1
"Mif4gd","MIF4GD","ortholog_one2one",100,99.41,1
"Mettl5","METTL5","ortholog_one2one",100,95.79,1
"Slc30a9","SLC30A9","ortholog_one2one",100,100,1
"Atp5b","ATP5F1B","ortholog_one2one",100,100,1
"Rnf157","RNF157","ortholog_one2one",100,100,1
"Ssb","SSB","ortholog_one2one",100,100,1
"Plpp1","PLPP1","ortholog_one2one",100,100,1
"Sowaha","SOWAHA","ortholog_one2one",100,100,1
"Nucb2","NUCB2","ortholog_one2one",50,100,1
"Hsd17b4","HSD17B4","ortholog_one2one",100,100,1
"Fbxo32","FBXO32","ortholog_one2one",100,100,1
"Ttf1","TTF1","ortholog_one2one",100,87.92,0
"Gphn","GPHN","ortholog_one2one",100,100,1
"Npr3","NPR3","ortholog_one2one",100,100,1
"Rnf146","RNF146","ortholog_one2one",100,100,1
"Jchain","JCHAIN","ortholog_one2one",100,100,1
"Klhl38","KLHL38","ortholog_one2one",100,100,1
"Ccdc130","CCDC130","ortholog_one2one",100,100,1
"Dyrk3","DYRK3","ortholog_one2one",100,100,1
"Kcnn2","KCNN2","ortholog_one2one",100,100,1
"Spag17","SPAG17","ortholog_one2one",100,99.77,1
"Faah","FAAH","ortholog_one2one",100,100,1
"Primpol","PRIMPOL","ortholog_one2one",100,98.79,1
"Tub","TUB","ortholog_one2one",100,100,1
"Mcm9","MCM9","ortholog_one2one",100,98.99,1
"Gga3","GGA3","ortholog_one2one",100,100,1
"Ik","IK","ortholog_one2one",75,100,1
"Trrap","TRRAP","ortholog_one2one",100,100,1
"Ablim1","ABLIM1","ortholog_one2one",100,100,1
"Rfx4","RFX4","ortholog_one2one",100,100,1
"Ugt2a2","UGT2A2","ortholog_one2one",50,100,1
"Dpf2","DPF2","ortholog_one2one",100,100,1
"Ccdc39","CCDC39","ortholog_one2one",100,100,1
"Krba1","KRBA1","ortholog_one2one",100,100,1
"Mecr","MECR","ortholog_one2one",100,100,1
"Galnt17","GALNT17","ortholog_one2one",75,100,1
"Ric3","RIC3","ortholog_one2one",100,100,1
"Cdk1","CDK1","ortholog_one2one",100,100,1
"Cdh8","CDH8","ortholog_one2one",100,100,1
"Asf1a","ASF1A","ortholog_one2one",100,100,1
"Plag1","PLAG1","ortholog_one2one",100,100,1
"Axin2","AXIN2","ortholog_one2one",100,100,1
"Wdr3","WDR3","ortholog_one2one",100,100,1
"2210408I21Rik","KIAA0825","ortholog_one2one",75,100,1
"Slc3a2","SLC3A2","ortholog_one2one",100,95.84,1
"Anks4b","ANKS4B","ortholog_one2one",75,100,1
"Dusp26","DUSP26","ortholog_one2one",75,100,1
"Cenpu","CENPU","ortholog_one2one",100,93.04,1
"Epc2","EPC2","ortholog_one2one",100,100,1
"Cct5","CCT5","ortholog_one2one",100,100,1
"Dnmt3a","DNMT3A","ortholog_one2one",100,100,1
"Rps26","RPS26","ortholog_one2one",100,100,1
"Tas1r2","TAS1R2","ortholog_one2one",100,100,1
"Galnt15","GALNT15","ortholog_one2one",100,100,1
"Setx","SETX","ortholog_one2one",100,100,1
"Dynlrb2","DYNLRB2","ortholog_one2one",100,96.65,1
"Abcc6","ABCC6","ortholog_one2one",25,85.75,1
"Trio","TRIO","ortholog_one2one",100,100,1
"Mmrn2","MMRN2","ortholog_one2one",100,100,1
"Gnptab","GNPTAB","ortholog_one2one",75,100,1
"Atg4c","ATG4C","ortholog_one2one",100,100,1
"Unc79","UNC79","ortholog_one2one",100,100,1
"Slc44a4","SLC44A4","ortholog_one2one",100,100,1
"Cd9","CD9","ortholog_one2one",100,99.87,1
"Tesmin","TESMIN","ortholog_one2one",100,100,1
"Paqr6","PAQR6","ortholog_one2one",100,83.12,0
"Cdyl2","CDYL2","ortholog_one2one",100,99.93,1
"Gdap2","GDAP2","ortholog_one2one",100,100,1
"Mrps7","MRPS7","ortholog_one2one",100,100,1
"Slc9a1","SLC9A1","ortholog_one2one",100,100,1
"Scamp3","SCAMP3","ortholog_one2one",100,100,1
"Aldh4a1","ALDH4A1","ortholog_one2one",100,100,1
"Mro","MRO","ortholog_one2one",100,100,1
"Pigs","PIGS","ortholog_one2one",100,100,1
"Iglon5","IGLON5","ortholog_one2one",75,100,1
"Gpr27","GPR27","ortholog_one2one",100,100,1
"Ggps1","GGPS1","ortholog_one2one",75,100,1
"Gli3","GLI3","ortholog_one2one",100,100,1
"Abcg1","ABCG1","ortholog_one2one",50,91.46,1
"Prok2","PROK2","ortholog_one2one",100,100,1
"Prr14l","PRR14L","ortholog_one2one",50,99.3,1
"Plod1","PLOD1","ortholog_one2one",100,100,1
"Col11a2","COL11A2","ortholog_one2one",100,100,1
"Zfp618","ZNF618","ortholog_one2one",100,99.58,1
"Serpine2","SERPINE2","ortholog_one2one",100,100,1
"Gmip","GMIP","ortholog_one2one",75,100,1
"Mettl21c","METTL21C","ortholog_one2one",50,95.95,1
"Erp44","ERP44","ortholog_one2one",100,100,1
"Lgi2","LGI2","ortholog_one2one",100,100,1
"1810058I24Rik","STMP1","ortholog_one2one",100,100,1
"Bcr","BCR","ortholog_one2one",50,100,1
"Gm8251","CCDC168","ortholog_one2one",100,96.12,0
"Mapk4","MAPK4","ortholog_one2one",100,100,1
"Slc26a4","SLC26A4","ortholog_one2one",100,100,1
"Rtn4rl1","RTN4RL1","ortholog_one2one",100,100,1
"Lratd1","LRATD1","ortholog_one2one",100,100,1
"Exosc5","EXOSC5","ortholog_one2one",75,100,1
"Pxn","PXN","ortholog_one2one",100,100,1
"Rnf122","RNF122","ortholog_one2one",75,100,1
"Hlcs","HLCS","ortholog_one2one",100,100,1
"Dram1","DRAM1","ortholog_one2one",100,100,1
"Foxd3","FOXD3","ortholog_one2one",100,100,1
"B9d1","B9D1","ortholog_one2one",100,92,1
"Utp3","UTP3","ortholog_one2one",100,100,1
"Magi3","MAGI3","ortholog_one2one",100,100,1
"Pacsin3","PACSIN3","ortholog_one2one",100,100,1
"Snx11","SNX11","ortholog_one2one",100,100,1
"Ypel1","YPEL1","ortholog_one2one",100,100,1
"Cul4b","CUL4B","ortholog_one2one",100,98.72,1
"Bnipl","BNIPL","ortholog_one2one",100,100,1
"BC024978","C19orf54","ortholog_one2one",100,100,1
"Tmem91","TMEM91","ortholog_one2one",75,88.53,0
"Smap1","SMAP1","ortholog_one2one",100,100,1
"Ddx56","DDX56","ortholog_one2one",100,100,1
"Kcnh2","KCNH2","ortholog_one2one",50,100,1
"Cgref1","CGREF1","ortholog_one2one",100,100,0
"Disc1","DISC1","ortholog_one2one",100,100,1
"Ifne","IFNE","ortholog_one2one",75,100,1
"Ggn","GGN","ortholog_one2one",100,100,1
"Snrpa","SNRPA","ortholog_one2one",100,100,1
"Prpf31","PRPF31","ortholog_one2one",100,100,1
"Arl4a","ARL4A","ortholog_one2one",75,100,1
"Lrrtm1","LRRTM1","ortholog_one2one",50,100,1
"Lipt2","LIPT2","ortholog_one2one",100,100,1
"Ret","RET","ortholog_one2one",75,100,1
"Oxnad1","OXNAD1","ortholog_one2one",50,64.99,0
"Spred3","SPRED3","ortholog_one2one",100,100,1
"Kcne3","KCNE3","ortholog_one2one",100,100,1
"Ctnna2","CTNNA2","ortholog_one2one",25,100,1
"Spock1","SPOCK1","ortholog_one2one",100,100,1
"Crym","CRYM","ortholog_one2one",50,100,1
"Ms4a3","MS4A3","ortholog_one2one",75,100,1
"Slc1a3","SLC1A3","ortholog_one2one",100,100,1
"Sult1b1","SULT1B1","ortholog_one2one",100,100,1
"Ddx59","DDX59","ortholog_one2one",100,100,1
"Tm4sf1","TM4SF1","ortholog_one2one",50,100,1
"Tti2","TTI2","ortholog_one2one",100,100,1
"Msmp","MSMP","ortholog_one2one",100,100,1
"Itpkc","ITPKC","ortholog_one2one",100,100,1
"Gba2","GBA2","ortholog_one2one",100,100,1
"Pdss1","PDSS1","ortholog_one2one",75,99.06,1
"Oosp2","OOSP2","ortholog_one2one",100,100,0
"Pitpnb","PITPNB","ortholog_one2one",100,100,1
"Supt5","SUPT5H","ortholog_one2one",100,100,1
"Vstm2b","VSTM2B","ortholog_one2one",0,100,1
"Golgb1","GOLGB1","ortholog_one2one",100,100,1
"B3gat2","B3GAT2","ortholog_one2one",100,100,1
"Ppil2","PPIL2","ortholog_one2one",100,99.54,1
"Mak16","MAK16","ortholog_one2one",100,100,1
"Invs","INVS","ortholog_one2one",100,100,1
"Wiz","WIZ","ortholog_one2one",100,100,0
"Nme4","NME4","ortholog_one2one",100,100,1
"Olfr1104","OR8I2","ortholog_one2one",50,100,1
"Fam170a","FAM170A","ortholog_one2one",100,100,1
"Cyp27a1","CYP27A1","ortholog_one2one",100,100,1
"Gm128","C1orf56","ortholog_one2one",100,100,1
"Rad9b","RAD9B","ortholog_one2one",100,100,1
"Leprot","LEPROT","ortholog_one2one",100,100,1
"Otp","OTP","ortholog_one2one",100,100,1
"Ap5s1","AP5S1","ortholog_one2one",100,100,1
"Tmed8","TMED8","ortholog_one2one",100,100,1
"Cdc42ep2","CDC42EP2","ortholog_one2one",100,100,1
"Ambp","AMBP","ortholog_one2one",100,98.57,1
"Tle4","TLE4","ortholog_one2one",50,100,1
"Ccdc28a","CCDC28A","ortholog_one2one",100,100,1
"Mmp25","MMP25","ortholog_one2one",100,100,1
"Samd15","SAMD15","ortholog_one2one",100,97.01,0
"Sp3","SP3","ortholog_one2one",100,100,1
"Dysf","DYSF","ortholog_one2one",100,100,1
"Etfrf1","ETFRF1","ortholog_one2one",100,100,1
"2510039O18Rik","KIAA2013","ortholog_one2one",100,99.87,1
"Tspan17","TSPAN17","ortholog_one2one",100,100,1
"Zeb2","ZEB2","ortholog_one2one",100,100,1
"Map3k5","MAP3K5","ortholog_one2one",100,100,1
"Tex10","TEX10","ortholog_one2one",100,100,1
"Amph","AMPH","ortholog_one2one",100,100,1
"Dph3","DPH3","ortholog_one2one",75,100,1
"Pign","PIGN","ortholog_one2one",100,98.37,1
"Olfr221","OR5AU1","ortholog_one2one",100,100,1
"Calcr","CALCR","ortholog_one2one",75,99.04,1
"Bend4","BEND4","ortholog_one2one",100,100,1
"Ntng2","NTNG2","ortholog_one2one",100,100,1
"Pptc7","PPTC7","ortholog_one2one",100,100,1
"Uba1","UBA1","ortholog_one2one",100,100,1
"Kcnk7","KCNK7","ortholog_one2one",100,100,1
"Kras","KRAS","ortholog_one2one",100,100,1
"Rgp1","RGP1","ortholog_one2one",100,100,1
"Tff2","TFF2","ortholog_one2one",100,100,1
"Gabra1","GABRA1","ortholog_one2one",100,100,1
"Olfr981","OR10G6","ortholog_one2one",50,100,1
"D7Ertd443e","C10orf90","ortholog_one2one",100,100,1
"Ptchd4","PTCHD4","ortholog_one2one",100,100,1
"Ak9","AK9","ortholog_one2one",100,100,1
"Arhgap36","ARHGAP36","ortholog_one2one",100,99.88,1
"Ikzf4","IKZF4","ortholog_one2one",100,100,1
"Dsc3","DSC3","ortholog_one2one",100,99.66,1
"Pafah2","PAFAH2","ortholog_one2one",100,100,1
"Il5ra","IL5RA","ortholog_one2one",100,100,1
"Gal","GAL","ortholog_one2one",100,100,1
"Card9","CARD9","ortholog_one2one",100,100,1
"Lmo1","LMO1","ortholog_one2one",100,100,1
"Hcfc1r1","HCFC1R1","ortholog_one2one",100,100,1
"Mn1","MN1","ortholog_one2one",100,100,1
"Bicdl2","BICDL2","ortholog_one2one",100,100,1
"Fam174c","FAM174C","ortholog_one2one",100,93.03,0
"Agbl2","AGBL2","ortholog_one2one",100,98.21,1
"Snapc4","SNAPC4","ortholog_one2one",100,100,1
"Med19","MED19","ortholog_one2one",100,100,1
"Lpar2","LPAR2","ortholog_one2one",100,100,1
"Eif2b1","EIF2B1","ortholog_one2one",100,99,1
"S1pr2","S1PR2","ortholog_one2one",100,100,1
"Psmd8","PSMD8","ortholog_one2one",100,100,1
"Rufy3","RUFY3","ortholog_one2one",100,100,1
"Iqsec3","IQSEC3","ortholog_one2one",50,100,1
"Suv39h2","SUV39H2","ortholog_one2one",100,100,1
"Lemd3","LEMD3","ortholog_one2one",100,100,1
"Ripply3","RIPPLY3","ortholog_one2one",100,100,1
"Celf4","CELF4","ortholog_one2one",100,100,1
"Btbd18","BTBD18","ortholog_one2one",75,100,1
"Scn1a","SCN1A","ortholog_one2one",100,100,1
"Bmpr1a","BMPR1A","ortholog_one2one",100,100,1
"Hkdc1","HKDC1","ortholog_one2one",100,100,1
"Opn5","OPN5","ortholog_one2one",100,100,1
"Flnc","FLNC","ortholog_one2one",100,100,1
"Abcf1","ABCF1","ortholog_one2one",100,96.6,1
"Thoc6","THOC6","ortholog_one2one",100,100,1
"Tln1","TLN1","ortholog_one2one",100,99.6,1
"Sdk1","SDK1","ortholog_one2one",100,100,1
"Dclre1c","DCLRE1C","ortholog_one2one",100,100,1
"Oosp1","OOSP1","ortholog_one2one",100,63.85,0
"Acss1","ACSS1","ortholog_one2one",100,100,1
"Tff1","TFF1","ortholog_one2one",100,100,1
"Tprkb","TPRKB","ortholog_one2one",0,93.75,1
"Rock2","ROCK2","ortholog_one2one",100,100,1
"Xylt1","XYLT1","ortholog_one2one",0,100,1
"Polrmt","POLRMT","ortholog_one2one",100,99.47,1
"Rtn1","RTN1","ortholog_one2one",100,100,1
"Fut10","FUT10","ortholog_one2one",50,100,1
"Trim36","TRIM36","ortholog_one2one",100,100,1
"Hltf","HLTF","ortholog_one2one",100,100,1
"Ndst1","NDST1","ortholog_one2one",100,100,1
"Cmc2","CMC2","ortholog_one2one",100,81.29,1
"Pms1","PMS1","ortholog_one2one",75,100,1
"Acaca","ACACA","ortholog_one2one",100,100,1
"Fam189b","FAM189B","ortholog_one2one",100,100,1
"Pde6d","PDE6D","ortholog_one2one",100,100,1
"Taf6","TAF6","ortholog_one2one",100,100,1
"Pmf1","PMF1","ortholog_one2one",100,92.7,1
"Timm13","TIMM13","ortholog_one2one",100,100,1
"Rps14","RPS14","ortholog_one2one",100,100,1
"Tmprss9","TMPRSS9","ortholog_one2one",100,100,1
"Dnajc9","DNAJC9","ortholog_one2one",100,100,1
"Dcun1d5","DCUN1D5","ortholog_one2one",100,100,1
"Neu1","NEU1","ortholog_one2one",100,100,1
"Pudp","PUDP","ortholog_one2one",0,84.65,1
"Tep1","TEP1","ortholog_one2one",100,100,1
"B9d2","B9D2","ortholog_one2one",75,100,1
"Mrc2","MRC2","ortholog_one2one",100,100,1
"Septin8","SEPTIN8","ortholog_one2one",100,100,1
"Olfr982","OR10S1","ortholog_one2one",75,100,1
"Abca1","ABCA1","ortholog_one2one",100,100,1
"Gpatch8","GPATCH8","ortholog_one2one",100,100,1
"Scn1b","SCN1B","ortholog_one2one",100,100,1
"Dut","DUT","ortholog_one2one",100,88.47,1
"Ubald2","UBALD2","ortholog_one2one",100,100,1
"Cep290","CEP290","ortholog_one2one",100,100,1
"Dio3","DIO3","ortholog_one2one",100,100,1
"Adgrf4","ADGRF4","ortholog_one2one",100,97.95,1
"Nppb","NPPB","ortholog_one2one",100,100,0
"Scin","SCIN","ortholog_one2one",50,100,1
"Eapp","EAPP","ortholog_one2one",100,100,1
"Pcf11","PCF11","ortholog_one2one",100,100,1
"Aplp2","APLP2","ortholog_one2one",100,100,1
"Gm17455","C10orf105","ortholog_one2one",75,100,1
"Zscan20","ZSCAN20","ortholog_one2one",75,100,1
"Nxnl2","NXNL2","ortholog_one2one",50,100,1
"Mmp13","MMP13","ortholog_one2one",100,98.52,1
"Cbx1","CBX1","ortholog_one2one",100,100,1
"Hbb-y","HBE1","ortholog_one2one",75,100,1
"Crisp4","CRISP1","ortholog_one2one",50,95.68,1
"Zkscan17","ZNF496","ortholog_one2one",50,100,1
"Colec12","COLEC12","ortholog_one2one",75,100,1
"S1pr3","S1PR3","ortholog_one2one",100,100,1
"Shank2","SHANK2","ortholog_one2one",100,100,1
"Camkk1","CAMKK1","ortholog_one2one",100,100,1
"Paip1","PAIP1","ortholog_one2one",100,100,1
"Plau","PLAU","ortholog_one2one",100,100,1
"Srsf3","SRSF3","ortholog_one2one",100,100,1
"Olfr984","OR4D5","ortholog_one2one",100,100,1
"Zbtb32","ZBTB32","ortholog_one2one",100,100,1
"Olfr985","OR8D4","ortholog_one2one",100,100,1
"Hus1","HUS1","ortholog_one2one",100,100,1
"Kpna4","KPNA4","ortholog_one2one",100,100,1
"Gm11437","C17orf78","ortholog_one2one",100,100,1
"Vsx1","VSX1","ortholog_one2one",100,100,1
"Dtna","DTNA","ortholog_one2one",100,100,1
"Sdhaf4","SDHAF4","ortholog_one2one",100,100,1
"Tbc1d9b","TBC1D9B","ortholog_one2one",100,100,1
"Prelp","PRELP","ortholog_one2one",100,100,1
"Cnbd1","CNBD1","ortholog_one2one",100,99.72,1
"Adgrf2","ADGRF2","ortholog_one2one",100,100,1
"Adamtsl3","ADAMTSL3","ortholog_one2one",50,100,1
"Optc","OPTC","ortholog_one2one",100,100,1
"Srsf4","SRSF4","ortholog_one2one",100,100,1
"Ubxn2a","UBXN2A","ortholog_one2one",100,100,1
"Creb3","CREB3","ortholog_one2one",100,100,1
"Nppa","NPPA","ortholog_one2one",100,100,1
"Ric8b","RIC8B","ortholog_one2one",100,100,1
"Anxa6","ANXA6","ortholog_one2one",100,100,1
"Mcm7","MCM7","ortholog_one2one",100,100,1
"Tmem225","TMEM225","ortholog_one2one",100,100,0
"4930430F08Rik","C12orf29","ortholog_one2one",100,100,1
"Ppp1r14d","PPP1R14D","ortholog_one2one",100,91.99,1
"Dnd1","DND1","ortholog_one2one",100,100,1
"Oprm1","OPRM1","ortholog_one2one",100,98.26,1
"Mcts1","MCTS1","ortholog_one2one",100,100,1
"Crbn","CRBN","ortholog_one2one",75,100,1
"Ank1","ANK1","ortholog_one2one",100,100,1
"Gdi2","GDI2","ortholog_one2one",50,100,1
"Zfp667","ZNF667","ortholog_one2one",50,94.13,1
"Fam124b","FAM124B","ortholog_one2one",100,100,1
"Dscc1","DSCC1","ortholog_one2one",100,100,1
"Wdr55","WDR55","ortholog_one2one",100,100,1
"Igf1r","IGF1R","ortholog_one2one",25,100,1
"Slc25a44","SLC25A44","ortholog_one2one",100,100,1
"Cenpn","CENPN","ortholog_one2one",100,95.25,1
"Efna2","EFNA2","ortholog_one2one",100,100,1
"Gtf2h3","GTF2H3","ortholog_one2one",100,99.31,1
"Ccdc15","CCDC15","ortholog_one2one",100,96.15,0
"Agap3","AGAP3","ortholog_one2one",100,100,1
"Rps15a","RPS15A","ortholog_one2one",50,100,1
"Nobox","NOBOX","ortholog_one2one",100,96.22,0
"Gm6525","RPL36AL","ortholog_one2one",0,0,0
"Tmed4","TMED4","ortholog_one2one",100,100,1
"Preb","PREB","ortholog_one2one",100,99.87,1
"Trim2","TRIM2","ortholog_one2one",100,98.83,1
"Wdr41","WDR41","ortholog_one2one",100,100,1
"Rgs9","RGS9","ortholog_one2one",75,100,1
"Suox","SUOX","ortholog_one2one",100,100,1
"B230118H07Rik","IFTAP","ortholog_one2one",100,100,1
"Arl14","ARL14","ortholog_one2one",100,100,1
"Olfr986","OR6X1","ortholog_one2one",100,100,1
"Ocln","OCLN","ortholog_one2one",75,100,1
"Entpd6","ENTPD6","ortholog_one2one",100,100,1
"Entpd1","ENTPD1","ortholog_one2one",100,98.17,1
"Rab5b","RAB5B","ortholog_one2one",100,100,1
"Ppm1l","PPM1L","ortholog_one2one",100,100,1
"Tgfb1","TGFB1","ortholog_one2one",75,100,1
"Aebp2","AEBP2","ortholog_one2one",100,99.32,1
"Sub1","SUB1","ortholog_one2one",100,100,1
"Alox5ap","ALOX5AP","ortholog_one2one",100,92.95,1
"Rps16","RPS16","ortholog_one2one",100,100,1
"Shisa3","SHISA3","ortholog_one2one",100,100,1
"Trib2","TRIB2","ortholog_one2one",100,100,1
"Lipi","LIPI","ortholog_one2one",50,95.74,1
"Zfp583","ZNF583","ortholog_one2one",25,93.8,1
"Atp8a1","ATP8A1","ortholog_one2one",100,100,1
"Ap4m1","AP4M1","ortholog_one2one",100,100,1
"Ccdc102a","CCDC102A","ortholog_one2one",100,100,1
"Pggt1b","PGGT1B","ortholog_one2one",100,100,1
"Mrps16","MRPS16","ortholog_one2one",100,100,1
"Marchf10","MARCHF10","ortholog_one2one",100,100,1
"Trnt1","TRNT1","ortholog_one2one",100,100,1
"Cd2ap","CD2AP","ortholog_one2one",100,100,1
"Rtn4ip1","RTN4IP1","ortholog_one2one",100,100,1
"Atp6v1f","ATP6V1F","ortholog_one2one",75,95.38,1
"Olfr66","OR51B4","ortholog_one2one",50,100,1
"Stk33","STK33","ortholog_one2one",100,100,1
"Ahi1","AHI1","ortholog_one2one",100,98.22,1
"Trp53i11","TP53I11","ortholog_one2one",100,100,1
"Abhd1","ABHD1","ortholog_one2one",100,100,1
"Hnrnpr","HNRNPR","ortholog_one2one",100,100,1
"Kif12","KIF12","ortholog_one2one",100,100,1
"Cngb3","CNGB3","ortholog_one2one",100,100,1
"Inhbe","INHBE","ortholog_one2one",100,100,1
"Mtap","MTAP","ortholog_one2one",50,91.8,1
"Commd3","COMMD3","ortholog_one2one",100,100,1
"Gli1","GLI1","ortholog_one2one",100,100,1
"Aff3","AFF3","ortholog_one2one",100,100,1
"Pskh1","PSKH1","ortholog_one2one",100,100,1
"Crybg1","CRYBG1","ortholog_one2one",100,100,1
"Cblif","CBLIF","ortholog_one2one",100,100,1
"Slc13a4","SLC13A4","ortholog_one2one",100,100,1
"Tasor2","TASOR2","ortholog_one2one",75,97.93,1
"Gnl1","GNL1","ortholog_one2one",100,100,1
"Gm3854","ZNF582","ortholog_one2one",50,100,1
"Lsmem1","LSMEM1","ortholog_one2one",50,100,1
"Fmod","FMOD","ortholog_one2one",100,100,1
"Atmin","ATMIN","ortholog_one2one",100,100,1
"Ctrl","CTRL","ortholog_one2one",100,100,1
"Bphl","BPHL","ortholog_one2one",100,100,1
"Sepsecs","SEPSECS","ortholog_one2one",100,100,1
"Ppp1r1c","PPP1R1C","ortholog_one2one",100,100,1
"Btg2","BTG2","ortholog_one2one",100,100,1
"Cops6","COPS6","ortholog_one2one",100,100,1
"Inhbc","INHBC","ortholog_one2one",100,100,1
"Sptbn2","SPTBN2","ortholog_one2one",100,100,1
"Tmprss3","TMPRSS3","ortholog_one2one",100,99.64,1
"Fam180a","FAM180A","ortholog_one2one",100,100,1
"Arhgap9","ARHGAP9","ortholog_one2one",100,98.6,1
"Rybp","RYBP","ortholog_one2one",100,98.43,1
"D130043K22Rik","KIAA0319","ortholog_one2one",100,100,1
"Mrpl16","MRPL16","ortholog_one2one",100,100,1
"Gyg","GYG1","ortholog_one2one",100,100,1
"Kcp","KCP","ortholog_one2one",75,99.51,1
"Defb18","DEFB113","ortholog_one2one",50,100,1
"Prr3","PRR3","ortholog_one2one",100,100,1
"Nfix","NFIX","ortholog_one2one",100,100,1
"Cc2d2b","CC2D2B","ortholog_one2one",100,99.46,1
"Igsf1","IGSF1","ortholog_one2one",100,100,1
"Lcat","LCAT","ortholog_one2one",100,100,1
"Pgpep1l","PGPEP1L","ortholog_one2one",0,100,0
"1700030J22Rik","C16orf46","ortholog_one2one",100,100,1
"Tpk1","TPK1","ortholog_one2one",100,100,1
"Rag2","RAG2","ortholog_one2one",100,100,1
"Slc12a4","SLC12A4","ortholog_one2one",100,100,1
"Sqstm1","SQSTM1","ortholog_one2one",100,100,1
"Jarid2","JARID2","ortholog_one2one",100,100,1
"Cul3","CUL3","ortholog_one2one",100,100,1
"Unc119","UNC119","ortholog_one2one",100,100,1
"Rag1","RAG1","ortholog_one2one",100,100,1
"Dcp1b","DCP1B","ortholog_one2one",50,100,1
"Fads1","FADS1","ortholog_one2one",100,100,1
"Defb41","DEFB110","ortholog_one2one",100,100,1
"Cdkn2b","CDKN2B","ortholog_one2one",100,100,1
"Auts2","AUTS2","ortholog_one2one",50,100,1
"Nfe2l1","NFE2L1","ortholog_one2one",100,100,1
"C1galt1c1","C1GALT1C1","ortholog_one2one",100,100,1
"Tm4sf4","TM4SF4","ortholog_one2one",50,100,1
"Ccnj","CCNJ","ortholog_one2one",100,100,1
"Noxred1","NOXRED1","ortholog_one2one",100,100,1
"Ccdc85a","CCDC85A","ortholog_one2one",100,100,1
"Snrpb2","SNRPB2","ortholog_one2one",100,100,1
"Tubb2a","TUBB2A","ortholog_one2one",100,100,1
"Adgrg5","ADGRG5","ortholog_one2one",100,96.55,1
"Wwtr1","WWTR1","ortholog_one2one",100,100,1
"Spint1","SPINT1","ortholog_one2one",100,100,1
"Msantd3","MSANTD3","ortholog_one2one",100,100,1
"Cdca5","CDCA5","ortholog_one2one",100,97.51,1
"Mrnip","MRNIP","ortholog_one2one",100,92.47,1
"Rbm4b","RBM4B","ortholog_one2one",100,100,1
"Drg1","DRG1","ortholog_one2one",100,100,1
"Tmem200b","TMEM200B","ortholog_one2one",100,100,1
"Nlrp3","NLRP3","ortholog_one2one",25,100,1
"Wee2","WEE2","ortholog_one2one",100,99.63,1
"Tfap2d","TFAP2D","ortholog_one2one",100,100,1
"Pax7","PAX7","ortholog_one2one",100,99.63,1
"Ccdc97","CCDC97","ortholog_one2one",100,100,1
"Cacna1c","CACNA1C","ortholog_one2one",50,99.32,1
"Rbm14","RBM14","ortholog_one2one",100,100,1
"Marveld2","MARVELD2","ortholog_one2one",100,99.95,1
"Otor","OTOR","ortholog_one2one",100,100,1
"Pet100","PET100","ortholog_one2one",100,100,1
"Gna13","GNA13","ortholog_one2one",50,100,1
"Kcnj11","KCNJ11","ortholog_one2one",50,100,1
"Erc2","ERC2","ortholog_one2one",100,100,1
"Fen1","FEN1","ortholog_one2one",75,100,1
"Dmrta1","DMRTA1","ortholog_one2one",100,100,1
"Gba","GBA","ortholog_one2one",100,100,1
"Pcp2","PCP2","ortholog_one2one",100,100,1
"Eef1aknmt","EEF1AKNMT","ortholog_one2one",100,100,1
"Sfi1","SFI1","ortholog_one2one",25,98.66,1
"Zfp352","KLF18","ortholog_one2one",0,0,0
"Ccdc112","CCDC112","ortholog_one2one",100,100,1
"Mtpn","MTPN","ortholog_one2one",100,100,1
"Shq1","SHQ1","ortholog_one2one",100,100,1
"Tmem258","TMEM258","ortholog_one2one",100,100,1
"Trpm3","TRPM3","ortholog_one2one",100,100,1
"Cd300lg","CD300LG","ortholog_one2one",100,97.75,0
"Ccm2","CCM2","ortholog_one2one",100,100,1
"Bcap29","BCAP29","ortholog_one2one",100,100,1
"Medag","MEDAG","ortholog_one2one",100,100,1
"Pi4k2b","PI4K2B","ortholog_one2one",100,100,1
"Atp6v1fnb","ATP6V1FNB","ortholog_one2one",75,100,1
"Bms1","BMS1","ortholog_one2one",50,100,1
"Tubb2b","TUBB2B","ortholog_one2one",100,100,1
"Fzd2","FZD2","ortholog_one2one",100,100,1
"Calhm6","CALHM6","ortholog_one2one",100,100,1
"Grm1","GRM1","ortholog_one2one",100,100,1
"Hcls1","HCLS1","ortholog_one2one",100,100,1
"Nhsl1","NHSL1","ortholog_one2one",100,100,1
"Ndfip1","NDFIP1","ortholog_one2one",100,100,1
"Gabra6","GABRA6","ortholog_one2one",100,100,1
"Qrich2","QRICH2","ortholog_one2one",100,98.17,0
"Skil","SKIL","ortholog_one2one",100,100,1
"Aldh5a1","ALDH5A1","ortholog_one2one",100,99.05,1
"2610301B20Rik","C8orf37","ortholog_one2one",75,100,1
"Cox8b","COX8C","ortholog_one2one",0,0,0
"Olfr631","OR51M1","ortholog_one2one",100,100,1
"Zfp532","ZNF532","ortholog_one2one",100,100,1
"Klhdc7a","KLHDC7A","ortholog_one2one",100,100,1
"Kif14","KIF14","ortholog_one2one",100,98.97,1
"Gtf2h5","GTF2H5","ortholog_one2one",100,100,1
"Meioc","MEIOC","ortholog_one2one",100,100,1
"Guca2a","GUCA2A","ortholog_one2one",100,100,1
"Lyl1","LYL1","ortholog_one2one",100,100,1
"Vwf","VWF","ortholog_one2one",100,100,1
"Prkag3","PRKAG3","ortholog_one2one",100,99.97,1
"Psmb10","PSMB10","ortholog_one2one",100,100,1
"Meis3","MEIS3","ortholog_one2one",100,98.78,1
"Ncbp3","NCBP3","ortholog_one2one",75,100,1
"Nxph1","NXPH1","ortholog_one2one",100,100,1
"Nmral1","NMRAL1","ortholog_one2one",100,98.67,1
"E2f7","E2F7","ortholog_one2one",100,100,1
"Pmel","PMEL","ortholog_one2one",100,100,1
"Hars2","HARS2","ortholog_one2one",100,100,1
"Plekhf2","PLEKHF2","ortholog_one2one",75,100,1
"Spag9","SPAG9","ortholog_one2one",100,100,1
"Dusp22","DUSP22","ortholog_one2one",50,100,1
"Cdkn1a","CDKN1A","ortholog_one2one",100,100,1
"A2m","A2M","ortholog_one2one",75,100,1
"Kmt2e","KMT2E","ortholog_one2one",100,100,1
"Anxa9","ANXA9","ortholog_one2one",100,100,1
"Cdk2","CDK2","ortholog_one2one",100,100,1
"Dbf4","DBF4","ortholog_one2one",100,100,1
"Zcchc4","ZCCHC4","ortholog_one2one",100,100,1
"Mmp12","MMP12","ortholog_one2one",100,100,1
"Cacna1f","CACNA1F","ortholog_one2one",100,100,1
"Arl6ip1","ARL6IP1","ortholog_one2one",25,100,1
"Inhba","INHBA","ortholog_one2one",100,100,1
"Ranbp3l","RANBP3L","ortholog_one2one",100,98.69,1
"Guca2b","GUCA2B","ortholog_one2one",75,100,1
"Sipa1l2","SIPA1L2","ortholog_one2one",100,98.97,1
"Rad54l","RAD54L","ortholog_one2one",75,100,1
"Hars","HARS1","ortholog_one2one",100,100,1
"Med27","MED27","ortholog_one2one",100,95.7,1
"Atad2b","ATAD2B","ortholog_one2one",100,98.79,1
"Tfap2b","TFAP2B","ortholog_one2one",100,100,1
"Dhx40","DHX40","ortholog_one2one",100,100,1
"Prune1","PRUNE1","ortholog_one2one",100,97.54,1
"Zfp248","ZNF248","ortholog_one2one",25,100,1
"Fem1c","FEM1C","ortholog_one2one",100,100,1
"Atg9b","ATG9B","ortholog_one2one",100,100,1
"Vcl","VCL","ortholog_one2one",100,100,1
"Mindy1","MINDY1","ortholog_one2one",100,100,1
"Tmeff1","TMEFF1","ortholog_one2one",100,100,1
"Dgka","DGKA","ortholog_one2one",100,100,1
"Rhbdf1","RHBDF1","ortholog_one2one",25,100,1
"Anapc4","ANAPC4","ortholog_one2one",100,100,1
"Tmem8","PGAP6","ortholog_one2one",100,100,1
"Actn1","ACTN1","ortholog_one2one",100,100,1
"Sema3e","SEMA3E","ortholog_one2one",100,100,1
"Tnfrsf21","TNFRSF21","ortholog_one2one",100,100,1
"Nos3","NOS3","ortholog_one2one",50,100,1
"Dll1","DLL1","ortholog_one2one",100,100,1
"Ap3m1","AP3M1","ortholog_one2one",100,100,1
"Zfp202","ZNF202","ortholog_one2one",100,100,1
"Scn9a","SCN9A","ortholog_one2one",100,100,1
"Srpk2","SRPK2","ortholog_one2one",100,100,1
"Fam184a","FAM184A","ortholog_one2one",100,100,1
"Lrrc41","LRRC41","ortholog_one2one",100,100,1
"Ubash3a","UBASH3A","ortholog_one2one",100,98.19,1
"Pcsk2","PCSK2","ortholog_one2one",100,100,1
"Gxylt2","GXYLT2","ortholog_one2one",100,100,1
"Dus4l","DUS4L","ortholog_one2one",75,100,1
"Cldn11","CLDN11","ortholog_one2one",75,100,1
"Gbx1","GBX1","ortholog_one2one",100,100,1
"Ssbp1","SSBP1","ortholog_one2one",100,98.19,1
"Tmem263","TMEM263","ortholog_one2one",100,100,1
"Fam120b","FAM120B","ortholog_one2one",100,99.19,1
"Lrrc45","LRRC45","ortholog_one2one",100,100,1
"Gm11992","C7orf57","ortholog_one2one",100,99.61,1
"Crebbp","CREBBP","ortholog_one2one",100,100,1
"Ndufaf6","NDUFAF6","ortholog_one2one",100,100,1
"Mterf2","MTERF2","ortholog_one2one",100,100,1
"Cers2","CERS2","ortholog_one2one",100,100,1
"Sun3","SUN3","ortholog_one2one",100,100,1
"Chrm2","CHRM2","ortholog_one2one",100,100,1
"Wnt6","WNT6","ortholog_one2one",100,100,1
"Map10","MAP10","ortholog_one2one",100,92.44,0
"Olfr1111","OR5AS1","ortholog_one2one",75,100,1
"Dsc2","DSC2","ortholog_one2one",100,100,1
"Efemp1","EFEMP1","ortholog_one2one",100,100,1
"Lmnb2","LMNB2","ortholog_one2one",100,100,1
"Klhl33","KLHL33","ortholog_one2one",100,100,1
"Thoc1","THOC1","ortholog_one2one",75,100,1
"Insr","INSR","ortholog_one2one",50,100,1
"B3galnt1","B3GALNT1","ortholog_one2one",100,100,1
"Commd2","COMMD2","ortholog_one2one",100,100,1
"Aatk","AATK","ortholog_one2one",100,100,1
"Rictor","RICTOR","ortholog_one2one",100,100,1
"Kalrn","KALRN","ortholog_one2one",100,100,1
"Olfr640","OR51I1","ortholog_one2one",100,100,1
"Adgrf1","ADGRF1","ortholog_one2one",100,100,1
"Atpsckmt","ATPSCKMT","ortholog_one2one",100,100,1
"Strc","STRC","ortholog_one2one",100,99.33,1
"Olfr646","OR52D1","ortholog_one2one",100,100,1
"Zfp438","ZNF438","ortholog_one2one",50,100,1
"Slc16a10","SLC16A10","ortholog_one2one",100,100,1
"Deptor","DEPTOR","ortholog_one2one",100,100,1
"Eif2d","EIF2D","ortholog_one2one",100,100,1
"Nfx1","NFX1","ortholog_one2one",100,100,1
"Cldn6","CLDN6","ortholog_one2one",100,100,1
"Itgax","ITGAX","ortholog_one2one",100,99.71,1
"Olfr641","OR51I2","ortholog_one2one",100,100,1
"Pde1c","PDE1C","ortholog_one2one",100,100,1
"Mapre2","MAPRE2","ortholog_one2one",100,100,1
"Osbp2","OSBP2","ortholog_one2one",100,100,1
"Fbxo10","FBXO10","ortholog_one2one",100,100,1
"Cog5","COG5","ortholog_one2one",100,100,1
"Copz2","COPZ2","ortholog_one2one",100,100,1
"Pygb","PYGB","ortholog_one2one",100,100,1
"Psmg4","PSMG4","ortholog_one2one",100,100,1
"Pkd1l2","PKD1L2","ortholog_one2one",100,100,0
"Pbx4","PBX4","ortholog_one2one",100,100,1
"Setdb1","SETDB1","ortholog_one2one",100,99.45,1
"Tmed7","TMED7","ortholog_one2one",100,100,1
"Fbxo40","FBXO40","ortholog_one2one",100,100,1
"Eif4a2","EIF4A2","ortholog_one2one",75,100,1
"Eif4enif1","EIF4ENIF1","ortholog_one2one",100,100,1
"Gpr22","GPR22","ortholog_one2one",100,100,1
"Cavin4","CAVIN4","ortholog_one2one",100,100,1
"Fbxl5","FBXL5","ortholog_one2one",100,100,1
"Ube2j2","UBE2J2","ortholog_one2one",100,100,1
"Stx3","STX3","ortholog_one2one",100,100,1
"Hbp1","HBP1","ortholog_one2one",75,100,1
"Zfp518a","ZNF518A","ortholog_one2one",100,100,1
"Cldn9","CLDN9","ortholog_one2one",100,100,1
"Foxn1","FOXN1","ortholog_one2one",100,100,1
"Tas2r119","TAS2R1","ortholog_one2one",75,100,0
"Pou5f2","POU5F2","ortholog_one2one",100,100,1
"Fam172a","FAM172A","ortholog_one2one",100,100,1
"1520401A03Rik","LINC00514","ortholog_one2one",75,98.72,0
"Usp14","USP14","ortholog_one2one",50,100,1
"Chit1","CHIT1","ortholog_one2one",100,99.87,1
"Polr1e","POLR1E","ortholog_one2one",100,98.42,1
"Meiob","MEIOB","ortholog_one2one",75,100,1
"Cilp2","CILP2","ortholog_one2one",100,100,1
"Nbeal1","NBEAL1","ortholog_one2one",100,100,1
"Olfr222","OR2B11","ortholog_one2one",50,100,1
"Hebp2","HEBP2","ortholog_one2one",100,100,1
"Katnal2","KATNAL2","ortholog_one2one",100,100,1
"Tanc2","TANC2","ortholog_one2one",100,100,1
"Wif1","WIF1","ortholog_one2one",100,100,1
"1700001O22Rik","C9orf50","ortholog_one2one",100,100,0
"Styxl1","STYXL1","ortholog_one2one",100,93.97,1
"Mterf3","MTERF3","ortholog_one2one",50,100,1
"Ehbp1l1","EHBP1L1","ortholog_one2one",100,96.96,1
"Ndufa4","NDUFA4","ortholog_one2one",100,100,1
"Saxo2","SAXO2","ortholog_one2one",50,100,1
"Clcn6","CLCN6","ortholog_one2one",100,100,1
"Pqlc3","SLC66A3","ortholog_one2one",100,100,1
"Blmh","BLMH","ortholog_one2one",100,100,1
"Asb10","ASB10","ortholog_one2one",100,100,1
"Ntpcr","NTPCR","ortholog_one2one",100,89.51,1
"Trp53inp1","TP53INP1","ortholog_one2one",100,100,1
"Mrpl28","MRPL28","ortholog_one2one",100,100,1
"Best3","BEST3","ortholog_one2one",100,100,1
"Ptdss1","PTDSS1","ortholog_one2one",50,100,1
"Arrdc4","ARRDC4","ortholog_one2one",50,100,1
"Nacad","NACAD","ortholog_one2one",100,99.24,1
"Lhx6","LHX6","ortholog_one2one",100,100,1
"Wrap73","WRAP73","ortholog_one2one",100,100,1
"Tex26","TEX26","ortholog_one2one",100,100,1
"Slc25a40","SLC25A40","ortholog_one2one",100,100,1
"Cpne3","CPNE3","ortholog_one2one",100,100,1
"Tufm","TUFM","ortholog_one2one",100,100,1
"Naaladl1","NAALADL1","ortholog_one2one",100,100,1
"Mrpl4","MRPL4","ortholog_one2one",100,86.99,1
"Vps8","VPS8","ortholog_one2one",100,99.34,1
"Spry4","SPRY4","ortholog_one2one",100,100,1
"Uqcrb","UQCRB","ortholog_one2one",50,18.78,0
"Tprgl","TPRG1L","ortholog_one2one",100,100,1
"Ptpn13","PTPN13","ortholog_one2one",100,99.42,1
"Nipsnap1","NIPSNAP1","ortholog_one2one",100,100,1
"Csmd1","CSMD1","ortholog_one2one",100,99.99,1
"Sac3d1","SAC3D1","ortholog_one2one",100,100,1
"Prpsap1","PRPSAP1","ortholog_one2one",100,100,1
"Chil1","CHI3L1","ortholog_one2one",100,100,1
"Dennd3","DENND3","ortholog_one2one",100,100,1
"Iqca1l","IQCA1L","ortholog_one2one",100,100,1
"Uqcrc2","UQCRC2","ortholog_one2one",50,100,1
"Adora2a","ADORA2A","ortholog_one2one",25,100,1
"Itgad","ITGAD","ortholog_one2one",100,98.96,1
"Tssk6","TSSK6","ortholog_one2one",100,100,1
"Yjefn3","AC011448.1","ortholog_one2one",100,85.97,0
"Ndufa13","NDUFA13","ortholog_one2one",100,87.17,1
"Rad17","RAD17","ortholog_one2one",100,100,1
"Gabrb2","GABRB2","ortholog_one2one",100,100,1
"Gucd1","GUCD1","ortholog_one2one",100,100,1
"Stard3","STARD3","ortholog_one2one",100,100,1
"Lonrf2","LONRF2","ortholog_one2one",100,100,1
"Rbm11","RBM11","ortholog_one2one",50,95.95,1
"Dcaf5","DCAF5","ortholog_one2one",100,100,1
"Wnt2","WNT2","ortholog_one2one",75,100,1
"Zfp9","ZNF25","ortholog_one2one",0,100,1
"Kif5c","KIF5C","ortholog_one2one",100,100,1
"Msmb","MSMB","ortholog_one2one",50,76.01,0
"Osgepl1","OSGEPL1","ortholog_one2one",75,99.96,1
"Rassf5","RASSF5","ortholog_one2one",100,100,1
"Zfp819","ZNF510","ortholog_one2one",0,0,0
"Pigp","PIGP","ortholog_one2one",100,100,1
"Pdzd9","PDZD9","ortholog_one2one",50,100,1
"Plppr1","PLPPR1","ortholog_one2one",100,100,1
"Ptn","PTN","ortholog_one2one",100,100,1
"Ccdc93","CCDC93","ortholog_one2one",100,100,1
"Fbln7","FBLN7","ortholog_one2one",100,100,1
"AL607142.1","AC119676.1","ortholog_one2one",100,100,1
"Hivep3","HIVEP3","ortholog_one2one",100,100,1
"Ceacam18","CEACAM18","ortholog_one2one",25,100,1
"Gria3","GRIA3","ortholog_one2one",100,100,1
"Wwp1","WWP1","ortholog_one2one",100,100,1
"Lrrc10","LRRC10","ortholog_one2one",100,100,1
"Rfc4","RFC4","ortholog_one2one",50,100,1
"Sema4a","SEMA4A","ortholog_one2one",100,100,1
"Arhgap26","ARHGAP26","ortholog_one2one",100,100,1
"Fahd1","FAHD1","ortholog_one2one",100,93.45,1
"Nolc1","NOLC1","ortholog_one2one",100,99.72,1
"Zeb1","ZEB1","ortholog_one2one",50,100,1
"Hagh","HAGH","ortholog_one2one",100,100,1
"Zc3h8","ZC3H8","ortholog_one2one",100,99.82,1
"Casp3","CASP3","ortholog_one2one",100,100,1
"Dhx34","DHX34","ortholog_one2one",100,100,1
"Traf6","TRAF6","ortholog_one2one",100,100,1
"Rab30","RAB30","ortholog_one2one",100,100,1
"Fermt2","FERMT2","ortholog_one2one",100,100,1
"Cox6a2","COX6A2","ortholog_one2one",100,100,1
"Gm28778","ORMDL1","ortholog_one2one",100,81.53,1
"Upb1","UPB1","ortholog_one2one",100,100,1
"Nlrp6","NLRP6","ortholog_one2one",100,100,1
"Abcc1","ABCC1","ortholog_one2one",50,99.71,1
"Bst1","BST1","ortholog_one2one",100,98.38,1
"Tfpi2","TFPI2","ortholog_one2one",100,100,1
"Ankub1","ANKUB1","ortholog_one2one",100,100,0
"Pkmyt1","PKMYT1","ortholog_one2one",100,97.28,1
"Ypel2","YPEL2","ortholog_one2one",100,100,1
"4921536K21Rik","C5orf52","ortholog_one2one",0,95.74,0
"Gadd45b","GADD45B","ortholog_one2one",100,100,1
"Ccdc43","CCDC43","ortholog_one2one",100,100,1
"Wnt10a","WNT10A","ortholog_one2one",100,100,1
"Chchd7","CHCHD7","ortholog_one2one",100,100,1
"Blnk","BLNK","ortholog_one2one",100,100,1
"Wnt5a","WNT5A","ortholog_one2one",75,100,1
"Tnnt1","TNNT1","ortholog_one2one",100,100,1
"Slc13a2","SLC13A2","ortholog_one2one",100,100,1
"Myb","MYB","ortholog_one2one",100,100,1
"Paqr4","PAQR4","ortholog_one2one",100,100,1
"Upk1a","UPK1A","ortholog_one2one",100,95.02,1
"Mavs","MAVS","ortholog_one2one",100,100,0
"Cntnap2","CNTNAP2","ortholog_one2one",100,100,1
"Csrp2","CSRP2","ortholog_one2one",100,100,1
"Abcc8","ABCC8","ortholog_one2one",50,99.95,1
"Ttc3","TTC3","ortholog_one2one",100,100,1
"Rmdn1","RMDN1","ortholog_one2one",100,100,1
"Lmntd1","LMNTD1","ortholog_one2one",100,99.51,1
"Rab3b","RAB3B","ortholog_one2one",75,100,1
"Cox6b1","COX6B1","ortholog_one2one",100,100,1
"Axin1","AXIN1","ortholog_one2one",100,99.58,1
"Fgl1","FGL1","ortholog_one2one",100,100,1
"Rab44","RAB44","ortholog_one2one",100,99,0
"Bco1","BCO1","ortholog_one2one",100,96.89,1
"Zc3h6","ZC3H6","ortholog_one2one",100,100,1
"Zfp28","ZFP28","ortholog_one2one",50,100,1
"Lsm6","LSM6","ortholog_one2one",100,100,1
"Etv2","ETV2","ortholog_one2one",100,100,1
"Fgf1","FGF1","ortholog_one2one",100,100,1
"Mdh2","MDH2","ortholog_one2one",100,100,1
"Bace2","BACE2","ortholog_one2one",50,100,1
"Tcf23","TCF23","ortholog_one2one",100,100,1
"Kremen2","KREMEN2","ortholog_one2one",75,100,1
"Nhlrc3","NHLRC3","ortholog_one2one",100,100,1
"Fam91a1","FAM91A1","ortholog_one2one",100,100,1
"Supv3l1","SUPV3L1","ortholog_one2one",100,100,1
"Grsf1","GRSF1","ortholog_one2one",100,100,1
"Prox2","PROX2","ortholog_one2one",100,100,1
"Bfsp1","BFSP1","ortholog_one2one",100,100,1
"Flywch1","FLYWCH1","ortholog_one2one",75,95.97,1
"Zmat2","ZMAT2","ortholog_one2one",100,100,1
"Exd2","EXD2","ortholog_one2one",100,98.49,1
"Efl1","EFL1","ortholog_one2one",75,100,1
"Rac3","RAC3","ortholog_one2one",100,100,1
"Bok","BOK","ortholog_one2one",100,100,1
"Porcn","PORCN","ortholog_one2one",100,100,1
"Hnrnpul1","HNRNPUL1","ortholog_one2one",75,100,1
"Rbp7","RBP7","ortholog_one2one",100,100,1
"Rhov","RHOV","ortholog_one2one",100,100,1
"Tprn","TPRN","ortholog_one2one",100,100,1
"C5ar2","C5AR2","ortholog_one2one",100,98.99,1
"Fbln2","FBLN2","ortholog_one2one",100,100,1
"Sptan1","SPTAN1","ortholog_one2one",100,100,1
"Hspa1l","HSPA1L","ortholog_one2one",100,100,1
"Tas2r137","TAS2R3","ortholog_one2one",100,100,1
"Mosmo","MOSMO","ortholog_one2one",100,100,1
"Gan","GAN","ortholog_one2one",100,100,1
"Aqp3","AQP3","ortholog_one2one",75,100,1
"Klhl29","KLHL29","ortholog_one2one",100,100,1
"Tas2r108","TAS2R4","ortholog_one2one",75,100,1
"Mpp2","MPP2","ortholog_one2one",100,98.73,1
"Kdm1a","KDM1A","ortholog_one2one",100,100,1
"Cfap44","CFAP44","ortholog_one2one",100,100,1
"Prdm10","PRDM10","ortholog_one2one",100,99.67,1
"Galnt16","GALNT16","ortholog_one2one",100,100,1
"Ddias","DDIAS","ortholog_one2one",100,98.56,0
"Jup","JUP","ortholog_one2one",100,99.99,1
"Snx15","SNX15","ortholog_one2one",100,100,1
"Vamp4","VAMP4","ortholog_one2one",100,100,1
"Csn1s1","CSN1S1","ortholog_one2one",100,94.72,0
"Adgrf5","ADGRF5","ortholog_one2one",100,100,1
"Fxr1","FXR1","ortholog_one2one",100,100,1
"Hdac9","HDAC9","ortholog_one2one",100,100,1
"Baz2a","BAZ2A","ortholog_one2one",100,100,1
"Hk3","HK3","ortholog_one2one",100,100,1
"Fam135a","FAM135A","ortholog_one2one",100,100,1
"Slc10a6","SLC10A6","ortholog_one2one",100,100,1
"Tcap","TCAP","ortholog_one2one",100,100,1
"Cryba4","CRYBA4","ortholog_one2one",100,100,1
"Igfals","IGFALS","ortholog_one2one",75,100,1
"Angptl1","ANGPTL1","ortholog_one2one",100,100,1
"C5ar1","C5AR1","ortholog_one2one",100,100,1
"Cops7b","COPS7B","ortholog_one2one",100,100,1
"Abhd12","ABHD12","ortholog_one2one",100,98.24,1
"Ano2","ANO2","ortholog_one2one",100,100,1
"Pclo","PCLO","ortholog_one2one",100,99.76,1
"Hipk3","HIPK3","ortholog_one2one",100,100,1
"Gngt1","GNGT1","ortholog_one2one",100,100,1
"Upp1","UPP1","ortholog_one2one",100,100,1
"Ralgps2","RALGPS2","ortholog_one2one",100,100,1
"Dock1","DOCK1","ortholog_one2one",100,100,1
"Ankib1","ANKIB1","ortholog_one2one",100,100,1
"Pdia2","PDIA2","ortholog_one2one",100,100,1
"Haghl","HAGHL","ortholog_one2one",100,100,1
"Psmb1","PSMB1","ortholog_one2one",100,100,1
"Phc2","PHC2","ortholog_one2one",100,100,1
"Prima1","PRIMA1","ortholog_one2one",100,100,1
"Pcdhgb7","PCDHGB7","ortholog_one2one",100,100,1
"Gatad2a","GATAD2A","ortholog_one2one",100,100,1
"Pcdhgc3","PCDHGC3","ortholog_one2one",100,100,1
"Rgs11","RGS11","ortholog_one2one",100,100,1
"Slc7a14","SLC7A14","ortholog_one2one",50,100,1
"Olfr1420","OR10V1","ortholog_one2one",100,100,1
"Gng7","GNG7","ortholog_one2one",100,100,1
"Atp10b","ATP10B","ortholog_one2one",100,100,1
"AC160405.1","AP001054.1","ortholog_one2one",100,100,1
"Agpat3","AGPAT3","ortholog_one2one",100,100,1
"Dstn","DSTN","ortholog_one2one",100,100,1
"Asz1","ASZ1","ortholog_one2one",100,100,1
"Fam89b","FAM89B","ortholog_one2one",100,100,1
"Tent5c","TENT5C","ortholog_one2one",100,100,1
"Inafm1","INAFM1","ortholog_one2one",100,100,1
"Gng11","GNG11","ortholog_one2one",75,100,1
"Cdo1","CDO1","ortholog_one2one",100,100,1
"Cfap70","CFAP70","ortholog_one2one",100,99.24,1
"Dsc1","DSC1","ortholog_one2one",100,100,1
"Osgep","OSGEP","ortholog_one2one",100,100,1
"Chpf2","CHPF2","ortholog_one2one",100,100,1
"Arhgdig","ARHGDIG","ortholog_one2one",100,100,1
"Tnfsf12","TNFSF12","ortholog_one2one",75,100,1
"Patl1","PATL1","ortholog_one2one",100,100,1
"Smarcd3","SMARCD3","ortholog_one2one",100,100,1
"Pnmt","PNMT","ortholog_one2one",100,100,1
"Pcdhga5","PCDHGA5","ortholog_one2one",100,100,1
"Leng1","LENG1","ortholog_one2one",100,100,1
"Pcdha12","PCDHA13","ortholog_one2one",100,100,1
"Tmc4","TMC4","ortholog_one2one",100,99.67,1
"Pgghg","PGGHG","ortholog_one2one",75,100,1
"Dcxr","DCXR","ortholog_one2one",100,100,1
"Spag1","SPAG1","ortholog_one2one",100,100,1
"Dand5","DAND5","ortholog_one2one",75,100,1
"Ciao3","CIAO3","ortholog_one2one",100,100,1
"Lrtm1","LRTM1","ortholog_one2one",100,100,1
"Tnfsf13","TNFSF13","ortholog_one2one",100,100,1
"Pwwp3a","PWWP3A","ortholog_one2one",100,90.03,1
"Gadd45gip1","GADD45GIP1","ortholog_one2one",100,100,1
"Rsph1","RSPH1","ortholog_one2one",100,100,1
"Rad23a","RAD23A","ortholog_one2one",100,100,1
"Vipas39","VIPAS39","ortholog_one2one",100,100,1
"Aco1","ACO1","ortholog_one2one",100,100,1
"Luzp1","LUZP1","ortholog_one2one",100,100,1
"Cacna2d3","CACNA2D3","ortholog_one2one",100,100,1
"Pcdha1","PCDHA1","ortholog_one2one",100,100,1
"Dnajc19","DNAJC19","ortholog_one2one",100,81.12,1
"Ankrd66","ANKRD66","ortholog_one2one",100,92.15,1
"Tnfsfm13","TNFSF12-TNFSF13","ortholog_one2one",100,100,1
"Insyn2a","INSYN2A","ortholog_one2one",100,100,1
"Lrrn1","LRRN1","ortholog_one2one",100,100,1
"Pcdhga11","PCDHGA11","ortholog_one2one",100,100,1
"Arl2","ARL2","ortholog_one2one",100,100,1
"Scn3b","SCN3B","ortholog_one2one",100,100,1
"Cnot3","CNOT3","ortholog_one2one",100,100,1
"Vps18","VPS18","ortholog_one2one",100,100,1
"Mmp3","MMP3","ortholog_one2one",100,100,1
"Hepacam","HEPACAM","ortholog_one2one",100,100,1
"Cdk5r2","CDK5R2","ortholog_one2one",100,100,1
"Unc5a","UNC5A","ortholog_one2one",100,100,1
"Batf2","BATF2","ortholog_one2one",100,100,1
"Hps5","HPS5","ortholog_one2one",100,100,1
"Morn3","MORN3","ortholog_one2one",100,100,1
"Armc5","ARMC5","ortholog_one2one",100,100,1
"Prss37","PRSS37","ortholog_one2one",50,100,1
"Foxk1","FOXK1","ortholog_one2one",100,100,1
"Zfp397","ZNF397","ortholog_one2one",100,100,1
"Dusp18","DUSP18","ortholog_one2one",100,100,1
"Proser1","PROSER1","ortholog_one2one",100,100,1
"Ifitm5","IFITM5","ortholog_one2one",75,100,1
"Olfr461","OR9A1P","ortholog_one2one",0,100,1
"Haspin","HASPIN","ortholog_one2one",100,100,1
"Olfr460","OR9A4","ortholog_one2one",75,100,1
"Itgae","ITGAE","ortholog_one2one",100,100,1
"Pomc","POMC","ortholog_one2one",100,100,1
"Nmnat1","NMNAT1","ortholog_one2one",100,100,1
"Tspyl1","TSPYL1","ortholog_one2one",75,100,1
"Inpp5d","INPP5D","ortholog_one2one",100,100,1
"Pcdhb20","PCDHB14","ortholog_one2one",100,100,1
"Erfl","ERFL","ortholog_one2one",100,100,1
"Nmd3","NMD3","ortholog_one2one",100,98.21,1
"Thoc5","THOC5","ortholog_one2one",100,100,1
"Pcdhb3","PCDHB3","ortholog_one2one",100,100,1
"Slc22a23","SLC22A23","ortholog_one2one",100,100,1
"Relch","RELCH","ortholog_one2one",100,99.22,1
"Pcdhgc5","PCDHGC5","ortholog_one2one",100,100,1
"Cep131","CEP131","ortholog_one2one",100,100,1
"Irf4","IRF4","ortholog_one2one",75,100,1
"Stxbp2","STXBP2","ortholog_one2one",100,100,1
"4833420G17Rik","C5orf34","ortholog_one2one",100,100,1
"Sdr16c5","SDR16C5","ortholog_one2one",100,100,1
"Scarf2","SCARF2","ortholog_one2one",50,100,1
"Thap4","THAP4","ortholog_one2one",100,100,1
"Slc35e4","SLC35E4","ortholog_one2one",100,100,1
"Srrm3","SRRM3","ortholog_one2one",100,100,1
"Rundc3b","RUNDC3B","ortholog_one2one",100,98.53,1
"Yeats2","YEATS2","ortholog_one2one",100,100,1
"Sugct","SUGCT","ortholog_one2one",100,98.26,1
"Adam11","ADAM11","ortholog_one2one",100,100,1
"Mthfd1l","MTHFD1L","ortholog_one2one",100,100,1
"Ska1","SKA1","ortholog_one2one",100,100,1
"Atg4b","ATG4B","ortholog_one2one",100,100,1
"Kcnf1","KCNF1","ortholog_one2one",100,100,1
"Gramd1a","GRAMD1A","ortholog_one2one",100,100,1
"Baat","BAAT","ortholog_one2one",100,100,1
"Pde3a","PDE3A","ortholog_one2one",100,100,1
"Rars2","RARS2","ortholog_one2one",100,100,1
"Elovl3","ELOVL3","ortholog_one2one",100,100,1
"Atg12","ATG12","ortholog_one2one",100,100,1
"Pitx3","PITX3","ortholog_one2one",100,100,1
"Aopep","AOPEP","ortholog_one2one",100,100,1
"Osbp","OSBP","ortholog_one2one",100,100,1
"Alg6","ALG6","ortholog_one2one",100,100,1
"Catsper2","CATSPER2","ortholog_one2one",100,85.03,1
"Gins1","GINS1","ortholog_one2one",100,100,1
"Pcdhga6","PCDHGA6","ortholog_one2one",100,100,1
"Ahcyl2","AHCYL2","ortholog_one2one",100,100,1
"Pias2","PIAS2","ortholog_one2one",100,100,1
"Itih3","ITIH3","ortholog_one2one",100,100,1
"Ppp2r5c","PPP2R5C","ortholog_one2one",100,100,1
"Clec5a","CLEC5A","ortholog_one2one",50,100,1
"Gdpd1","GDPD1","ortholog_one2one",100,100,1
"Dhx29","DHX29","ortholog_one2one",100,100,1
"Pgap3","PGAP3","ortholog_one2one",100,100,1
"Mrpl50","MRPL50","ortholog_one2one",100,100,1
"Pla2g7","PLA2G7","ortholog_one2one",100,100,1
"Pcdhac2","PCDHAC2","ortholog_one2one",100,100,1
"Zfp189","ZNF189","ortholog_one2one",100,100,1
"Pdia3","PDIA3","ortholog_one2one",100,100,1
"Olfr1423","OR4D11","ortholog_one2one",100,100,1
"Ubqln3","UBQLN3","ortholog_one2one",100,100,1
"Stoml3","STOML3","ortholog_one2one",100,100,1
"Osbpl3","OSBPL3","ortholog_one2one",100,100,1
"Ubqlnl","UBQLNL","ortholog_one2one",100,100,0
"Sfxn3","SFXN3","ortholog_one2one",100,100,1
"Ap3s1","AP3S1","ortholog_one2one",100,100,1
"Pcdhb2","PCDHB2","ortholog_one2one",100,100,1
"Mybph","MYBPH","ortholog_one2one",100,100,1
"Atxn2l","ATXN2L","ortholog_one2one",75,100,1
"Bbox1","BBOX1","ortholog_one2one",100,100,1
"Fev","FEV","ortholog_one2one",100,100,1
"Slc7a13","SLC7A13","ortholog_one2one",75,100,1
"Tmem134","TMEM134","ortholog_one2one",100,100,1
"Stmn1","STMN1","ortholog_one2one",100,89.01,1
"Myoc","MYOC","ortholog_one2one",100,100,1
"Mtch2","MTCH2","ortholog_one2one",100,100,1
"Adora1","ADORA1","ortholog_one2one",100,100,1
"Pcdha2","PCDHA2","ortholog_one2one",100,100,1
"Atp6v0d2","ATP6V0D2","ortholog_one2one",50,100,1
"P3h4","P3H4","ortholog_one2one",100,100,1
"Dll4","DLL4","ortholog_one2one",100,100,1
"Stard3nl","STARD3NL","ortholog_one2one",100,97.26,1
"Arfgef3","ARFGEF3","ortholog_one2one",100,100,1
"Pxdc1","PXDC1","ortholog_one2one",100,100,1
"Rabac1","RABAC1","ortholog_one2one",100,100,1
"Stk26","STK26","ortholog_one2one",100,99.45,1
"Chst10","CHST10","ortholog_one2one",100,100,1
"Brsk2","BRSK2","ortholog_one2one",100,99.58,1
"Fibin","FIBIN","ortholog_one2one",100,99.72,1
"Rrbp1","RRBP1","ortholog_one2one",100,99.78,1
"Slc25a2","SLC25A2","ortholog_one2one",100,100,1
"Pcdha9","PCDHA10","ortholog_one2one",50,100,1
"Prps1l1","PRPS1L1","ortholog_one2one",100,100,1
"Frem2","FREM2","ortholog_one2one",100,100,1
"Tas2r138","TAS2R38","ortholog_one2one",100,100,1
"Hspa13","HSPA13","ortholog_one2one",100,100,1
"Pfkfb3","PFKFB3","ortholog_one2one",100,95.61,1
"Ppm1g","PPM1G","ortholog_one2one",100,100,1
"Aldob","ALDOB","ortholog_one2one",100,100,1
"Frmd7","FRMD7","ortholog_one2one",100,100,1
"Cxxc1","CXXC1","ortholog_one2one",100,100,1
"Pcdhgb4","PCDHGB4","ortholog_one2one",100,100,1
"Fhdc1","FHDC1","ortholog_one2one",100,100,1
"Nppc","NPPC","ortholog_one2one",75,100,1
"Nol6","NOL6","ortholog_one2one",50,100,1
"Edn2","EDN2","ortholog_one2one",75,100,1
"Axl","AXL","ortholog_one2one",100,100,1
"Angpt2","ANGPT2","ortholog_one2one",100,100,1
"Tspan18","TSPAN18","ortholog_one2one",100,99.92,1
"Lrrc51","LRTOMT","ortholog_one2one",100,100,1
"Klhl3","KLHL3","ortholog_one2one",75,100,1
"Lzic","LZIC","ortholog_one2one",100,100,1
"Fam181a","FAM181A","ortholog_one2one",100,97.2,1
"Pcdhb16","PCDHB13","ortholog_one2one",50,85.54,1
"Foxo6","FOXO6","ortholog_one2one",100,99.12,1
"Pcdhb22","PCDHB15","ortholog_one2one",75,100,1
"Tmem267","TMEM267","ortholog_one2one",100,51.98,1
"Ogdh","OGDH","ortholog_one2one",100,100,1
"Mcph1","MCPH1","ortholog_one2one",100,99.23,1
"Pcdhga12","PCDHGA12","ortholog_one2one",100,100,1
"Hes2","HES2","ortholog_one2one",100,100,1
"Tdrd6","TDRD6","ortholog_one2one",100,100,1
"C1qtnf12","C1QTNF12","ortholog_one2one",100,100,1
"Psd3","PSD3","ortholog_one2one",50,100,1
"Rassf8","RASSF8","ortholog_one2one",100,100,1
"Cct2","CCT2","ortholog_one2one",100,100,1
"Fkbp10","FKBP10","ortholog_one2one",100,100,1
"Bach1","BACH1","ortholog_one2one",100,100,1
"B3galt6","B3GALT6","ortholog_one2one",100,100,1
"Cryba2","CRYBA2","ortholog_one2one",100,100,1
"Man1a2","MAN1A2","ortholog_one2one",100,100,1
"Ap5z1","AP5Z1","ortholog_one2one",100,100,1
"Nr2f2","NR2F2","ortholog_one2one",75,100,1
"Cacna1a","CACNA1A","ortholog_one2one",100,99.69,1
"Cpne5","CPNE5","ortholog_one2one",100,100,1
"Smg8","SMG8","ortholog_one2one",100,100,1
"1700012P22Rik","C1orf158","ortholog_one2one",25,100,1
"Nanp","NANP","ortholog_one2one",50,100,1
"Pcdhb15","PCDHB7","ortholog_one2one",100,100,1
"Lrrc9","LRRC9","ortholog_one2one",100,100,1
"Nt5c3b","NT5C3B","ortholog_one2one",100,100,1
"Pcdhgb6","PCDHGB6","ortholog_one2one",100,100,1
"Ninl","NINL","ortholog_one2one",75,100,1
"Chtop","CHTOP","ortholog_one2one",100,100,1
"Smg1","SMG1","ortholog_one2one",50,100,1
"Lamtor1","LAMTOR1","ortholog_one2one",100,100,1
"Nr2f1","NR2F1","ortholog_one2one",75,100,1
"Tnni3","TNNI3","ortholog_one2one",100,100,1
"Ccl28","CCL28","ortholog_one2one",100,100,1
"St8sia5","ST8SIA5","ortholog_one2one",100,100,1
"Pip4p1","PIP4P1","ortholog_one2one",100,100,1
"Lvrn","LVRN","ortholog_one2one",100,100,1
"Nubp2","NUBP2","ortholog_one2one",100,100,1
"Pik3c3","PIK3C3","ortholog_one2one",100,99.83,1
"Bhlhe41","BHLHE41","ortholog_one2one",100,100,1
"Fancc","FANCC","ortholog_one2one",100,100,1
"Pcdhga3","PCDHGA3","ortholog_one2one",100,100,1
"Crybb1","CRYBB1","ortholog_one2one",100,100,1
"Olfr648","OR52H1","ortholog_one2one",100,100,1
"Rap2c","RAP2C","ortholog_one2one",100,100,1
"Slc25a27","SLC25A27","ortholog_one2one",100,100,1
"Azin1","AZIN1","ortholog_one2one",100,100,1
"Snx6","SNX6","ortholog_one2one",100,100,1
"Ctu1","CTU1","ortholog_one2one",75,95.87,1
"Mmp8","MMP8","ortholog_one2one",100,100,1
"Nms","NMS","ortholog_one2one",100,100,1
"Mex3b","MEX3B","ortholog_one2one",100,100,1
"Apex1","APEX1","ortholog_one2one",100,100,1
"Pcdhga7","PCDHGA7","ortholog_one2one",100,100,1
"Ddx18","DDX18","ortholog_one2one",100,99.97,1
"Plppr2","PLPPR2","ortholog_one2one",100,100,1
"Taf7","TAF7","ortholog_one2one",100,100,1
"Ola1","OLA1","ortholog_one2one",100,100,1
"Olfr650-ps1","OR52B6","ortholog_one2one",100,100,1
"Prr11","PRR11","ortholog_one2one",100,100,1
"Pcdhga4","PCDHGA4","ortholog_one2one",100,100,1
"Lrig2","LRIG2","ortholog_one2one",100,100,1
"Pcdhb1","PCDHB1","ortholog_one2one",100,100,1
"Pdcl3","PDCL3","ortholog_one2one",100,100,1
"Lepr","LEPR","ortholog_one2one",100,100,1
"Hes6","HES6","ortholog_one2one",100,100,1
"Pcdhga9","PCDHGA9","ortholog_one2one",100,100,1
"Cpa3","CPA3","ortholog_one2one",100,100,1
"Fer1l6","FER1L6","ortholog_one2one",100,100,1
"Ppp6r3","PPP6R3","ortholog_one2one",100,100,1
"Chac1","CHAC1","ortholog_one2one",100,100,1
"Vtcn1","VTCN1","ortholog_one2one",100,98.9,1
"Asb2","ASB2","ortholog_one2one",100,100,1
"C1qtnf4","C1QTNF4","ortholog_one2one",100,100,1
"Ccne2","CCNE2","ortholog_one2one",75,100,1
"Nps","NPS","ortholog_one2one",100,100,1
"Dntt","DNTT","ortholog_one2one",100,99.08,1
"Plk4","PLK4","ortholog_one2one",100,100,1
"Igsf21","IGSF21","ortholog_one2one",100,100,1
"Pyy","PYY","ortholog_one2one",100,100,1
"Myrf","MYRF","ortholog_one2one",100,100,1
"Cfap65","CFAP65","ortholog_one2one",100,99.26,1
"Cd74","CD74","ortholog_one2one",100,100,1
"Thoc2","THOC2","ortholog_one2one",100,100,1
"Tmem246","PGAP4","ortholog_one2one",100,100,1
"Gm45261","CCDC195","ortholog_one2one",100,100,1
"Gatb","GATB","ortholog_one2one",100,100,1
"Aadacl3","AADACL3","ortholog_one2one",50,100,1
"Olfr1428","OR4D6","ortholog_one2one",75,100,1
"Pcdha3","PCDHA3","ortholog_one2one",100,100,1
"Arl14epl","ARL14EPL","ortholog_one2one",100,100,1
"Rnf13","RNF13","ortholog_one2one",100,100,1
"Ddhd1","DDHD1","ortholog_one2one",100,100,1
"Acot7","ACOT7","ortholog_one2one",100,100,1
"Castor2","CASTOR2","ortholog_one2one",50,100,1
"Fam50b","FAM50B","ortholog_one2one",100,100,1
"Slc46a1","SLC46A1","ortholog_one2one",100,100,1
"Foxi2","FOXI2","ortholog_one2one",100,100,1
"Pcdhga1","PCDHGA1","ortholog_one2one",75,100,1
"Arfgap2","ARFGAP2","ortholog_one2one",100,100,1
"Olfr76","OR5A1","ortholog_one2one",50,100,1
"Otol1","OTOL1","ortholog_one2one",100,100,1
"Scn7a","SCN7A","ortholog_one2one",100,100,1
"Pcdhga8","PCDHGA8","ortholog_one2one",100,100,1
"Cul1","CUL1","ortholog_one2one",100,100,1
"Kazald1","KAZALD1","ortholog_one2one",100,100,1
"Clrn3","CLRN3","ortholog_one2one",100,100,1
"Cyp20a1","CYP20A1","ortholog_one2one",100,100,1
"Cyp39a1","CYP39A1","ortholog_one2one",100,100,1
"Samsn1","SAMSN1","ortholog_one2one",100,99.24,0
"Tmem120b","TMEM120B","ortholog_one2one",100,100,1
"Pdcd2","PDCD2","ortholog_one2one",50,100,1
"Ccdc9","CCDC9","ortholog_one2one",100,100,1
"Adgrg1","ADGRG1","ortholog_one2one",100,100,1
"Fbxw7","FBXW7","ortholog_one2one",100,100,1
"Cry1","CRY1","ortholog_one2one",100,99.04,1
"Apbb2","APBB2","ortholog_one2one",100,100,1
"Cmip","CMIP","ortholog_one2one",100,97.93,1
"Tbp","TBP","ortholog_one2one",75,98.36,1
"Pcdhb13","PCDHB6","ortholog_one2one",100,100,1
"Ints8","INTS8","ortholog_one2one",100,100,1
"Nags","NAGS","ortholog_one2one",100,100,1
"Cfl2","CFL2","ortholog_one2one",100,100,1
"Vps29","VPS29","ortholog_one2one",100,95.45,1
"Opalin","OPALIN","ortholog_one2one",100,100,1
"Mbnl3","MBNL3","ortholog_one2one",100,100,1
"Rpf2","RPF2","ortholog_one2one",100,100,1
"Pcdhga10","PCDHGA10","ortholog_one2one",100,100,1
"Stkld1","STKLD1","ortholog_one2one",100,99.15,1
"Lrrtm4","LRRTM4","ortholog_one2one",50,100,1
"Banf2","BANF2","ortholog_one2one",100,98.13,1
"Bbx","BBX","ortholog_one2one",100,100,1
"Sdf4","SDF4","ortholog_one2one",100,100,1
"Majin","MAJIN","ortholog_one2one",100,100,1
"Zfp24","ZNF24","ortholog_one2one",100,100,1
"Pcdhgb1","PCDHGB1","ortholog_one2one",100,100,1
"Tepsin","TEPSIN","ortholog_one2one",100,100,1
"Pcdhga2","PCDHGA2","ortholog_one2one",100,100,1
"Mpg","MPG","ortholog_one2one",100,100,1
"Pcdhac1","PCDHAC1","ortholog_one2one",100,100,1
"Irf2","IRF2","ortholog_one2one",100,100,1
"1110051M20Rik","C11orf49","ortholog_one2one",100,100,1
"Ing3","ING3","ortholog_one2one",100,100,1
"Gpn3","GPN3","ortholog_one2one",100,100,1
"Rhof","RHOF","ortholog_one2one",100,100,1
"4921507P07Rik","C7orf31","ortholog_one2one",100,100,1
"Hspb1","HSPB1","ortholog_one2one",100,99.8,1
"Nprl3","NPRL3","ortholog_one2one",100,100,1
"Rfng","RFNG","ortholog_one2one",100,98.91,1
"Mrrf","MRRF","ortholog_one2one",100,100,1
"Ube2r2","UBE2R2","ortholog_one2one",50,100,1
"Map7","MAP7","ortholog_one2one",100,100,1
"Pcdhgb5","PCDHGB5","ortholog_one2one",100,100,1
"Ctnnbip1","CTNNBIP1","ortholog_one2one",100,100,1
"Pcdhb17","PCDHB16","ortholog_one2one",100,100,1
"Retn","RETN","ortholog_one2one",100,100,1
"Pcdhgb2","PCDHGB2","ortholog_one2one",100,100,1
"Rbm18","RBM18","ortholog_one2one",100,100,1
"Sspn","SSPN","ortholog_one2one",100,96.86,1
"Letm2","LETM2","ortholog_one2one",100,100,1
"Tmem154","TMEM154","ortholog_one2one",100,100,1
"Pcdhgc4","PCDHGC4","ortholog_one2one",100,100,1
"Boc","BOC","ortholog_one2one",100,100,1
"Ppp2r5b","PPP2R5B","ortholog_one2one",100,100,1
"Slc16a1","SLC16A1","ortholog_one2one",100,100,1
"Dis3l2","DIS3L2","ortholog_one2one",75,99.54,1
"Slc6a4","SLC6A4","ortholog_one2one",100,100,1
"Fam160a1","FAM160A1","ortholog_one2one",75,99.44,1
"Trim6","TRIM6","ortholog_one2one",100,100,1
"Rcan2","RCAN2","ortholog_one2one",100,100,1
"Fam216a","FAM216A","ortholog_one2one",100,100,1
"Def6","DEF6","ortholog_one2one",100,100,1
"Wnt7a","WNT7A","ortholog_one2one",100,100,1
"Gns","GNS","ortholog_one2one",100,98.3,1
"Cpb1","CPB1","ortholog_one2one",75,100,1
"Tigd4","TIGD4","ortholog_one2one",100,100,1
"Hmox2","HMOX2","ortholog_one2one",100,96.09,1
"Hmgcs1","HMGCS1","ortholog_one2one",100,100,1
"Zfp827","ZNF827","ortholog_one2one",100,100,1
"Atg5","ATG5","ortholog_one2one",100,100,1
"Aatf","AATF","ortholog_one2one",75,94.95,1
"Gpha2","GPHA2","ortholog_one2one",100,100,1
"Pcnx4","PCNX4","ortholog_one2one",100,100,1
"Cdk7","CDK7","ortholog_one2one",100,100,1
"Mgat4b","MGAT4B","ortholog_one2one",100,100,1
"Tulp4","TULP4","ortholog_one2one",100,100,1
"Tll2","TLL2","ortholog_one2one",100,100,1
"Smurf1","SMURF1","ortholog_one2one",100,100,1
"Wdr74","WDR74","ortholog_one2one",100,100,1
"Fam129a","NIBAN1","ortholog_one2one",100,100,1
"Penk","PENK","ortholog_one2one",100,100,1
"Mcemp1","MCEMP1","ortholog_one2one",100,100,0
"Oxr1","OXR1","ortholog_one2one",100,100,1
"Abcb8","ABCB8","ortholog_one2one",100,99.31,1
"Hspa14","HSPA14","ortholog_one2one",100,100,1
"Epdr1","EPDR1","ortholog_one2one",0,100,1
"Ywhag","YWHAG","ortholog_one2one",100,100,1
"Ihh","IHH","ortholog_one2one",100,100,1
"A3galt2","A3GALT2","ortholog_one2one",100,100,1
"Nrbp1","NRBP1","ortholog_one2one",100,100,1
"Ska2","SKA2","ortholog_one2one",100,100,1
"Abca13","ABCA13","ortholog_one2one",100,100,1
"Tpst2","TPST2","ortholog_one2one",100,100,1
"Tmem101","TMEM101","ortholog_one2one",100,100,1
"1700011L22Rik","C4orf51","ortholog_one2one",100,100,1
"Cdip1","CDIP1","ortholog_one2one",100,100,1
"Adarb2","ADARB2","ortholog_one2one",100,100,1
"Rexo4","REXO4","ortholog_one2one",100,100,1
"Pnpt1","PNPT1","ortholog_one2one",100,100,1
"Tns1","TNS1","ortholog_one2one",75,100,1
"Pdzrn3","PDZRN3","ortholog_one2one",75,100,1
"Fam117a","FAM117A","ortholog_one2one",100,100,1
"Kbtbd4","KBTBD4","ortholog_one2one",75,100,1
"Ccdc125","CCDC125","ortholog_one2one",100,100,1
"Mmaa","MMAA","ortholog_one2one",100,100,1
"Itih1","ITIH1","ortholog_one2one",100,99.96,1
"Per2","PER2","ortholog_one2one",100,99.95,1
"Gm45902","AC069544.2","ortholog_one2one",100,100,1
"Ptpmt1","PTPMT1","ortholog_one2one",75,100,1
"Ino80c","INO80C","ortholog_one2one",100,93.33,1
"Impad1","BPNT2","ortholog_one2one",100,100,1
"Vps26a","VPS26A","ortholog_one2one",100,100,1
"Slc6a16","SLC6A16","ortholog_one2one",100,100,0
"Baz1a","BAZ1A","ortholog_one2one",100,100,1
"Supt16","SUPT16H","ortholog_one2one",100,100,1
"S100a1","S100A1","ortholog_one2one",100,100,1
"Efr3b","EFR3B","ortholog_one2one",100,100,1
"Cyp4b1","CYP4B1","ortholog_one2one",100,100,1
"Rcc1l","RCC1L","ortholog_one2one",25,100,1
"Ndufs3","NDUFS3","ortholog_one2one",0,100,1
"Dlst","DLST","ortholog_one2one",100,99.97,1
"Mob1b","MOB1B","ortholog_one2one",100,100,1
"Swsap1","SWSAP1","ortholog_one2one",100,100,1
"Npas4","NPAS4","ortholog_one2one",100,100,1
"Ttl","TTL","ortholog_one2one",100,100,1
"Pdia6","PDIA6","ortholog_one2one",100,97.14,1
"Pde1a","PDE1A","ortholog_one2one",100,100,1
"Scmh1","SCMH1","ortholog_one2one",100,97.72,1
"Rnf19a","RNF19A","ortholog_one2one",100,100,1
"Tmx2","TMX2","ortholog_one2one",100,100,1
"Atp6v0a2","ATP6V0A2","ortholog_one2one",100,100,1
"Nhej1","NHEJ1","ortholog_one2one",100,90.19,0
"Ube2h","UBE2H","ortholog_one2one",100,100,1
"Arsg","ARSG","ortholog_one2one",100,100,1
"Sirt1","SIRT1","ortholog_one2one",75,100,1
"Npvf","NPVF","ortholog_one2one",100,100,1
"Adck1","ADCK1","ortholog_one2one",50,100,1
"Fbh1","FBH1","ortholog_one2one",75,100,1
"Elavl2","ELAVL2","ortholog_one2one",100,100,1
"Ino80","INO80","ortholog_one2one",100,100,1
"Rpgrip1","RPGRIP1","ortholog_one2one",100,97.53,1
"Plekhg2","PLEKHG2","ortholog_one2one",100,99.32,1
"Atp6v1c2","ATP6V1C2","ortholog_one2one",100,100,1
"Slc23a3","SLC23A3","ortholog_one2one",100,100,1
"Syt17","SYT17","ortholog_one2one",50,100,1
"Amz2","AMZ2","ortholog_one2one",25,100,1
"Agpat5","AGPAT5","ortholog_one2one",75,100,1
"1700092M07Rik","TEX54","ortholog_one2one",100,100,0
"Pkhd1","PKHD1","ortholog_one2one",100,100,1
"Syt5","SYT5","ortholog_one2one",100,100,1
"Zdhhc5","ZDHHC5","ortholog_one2one",100,100,1
"Ssna1","SSNA1","ortholog_one2one",100,100,1
"Trappc5","TRAPPC5","ortholog_one2one",100,100,1
"Nim1k","NIM1K","ortholog_one2one",75,100,1
"Alkbh5","ALKBH5","ortholog_one2one",100,100,1
"Ptgs1","PTGS1","ortholog_one2one",100,100,1
"Hbs1l","HBS1L","ortholog_one2one",100,100,1
"B4galnt4","B4GALNT4","ortholog_one2one",75,100,1
"Slc16a6","SLC16A6","ortholog_one2one",100,100,1
"Frmpd1","FRMPD1","ortholog_one2one",100,100,1
"S100a13","S100A13","ortholog_one2one",100,100,1
"Rspo3","RSPO3","ortholog_one2one",100,100,1
"Itpripl2","ITPRIPL2","ortholog_one2one",75,100,1
"Zfp131","ZNF131","ortholog_one2one",50,100,1
"Phf14","PHF14","ortholog_one2one",100,100,1
"S100a14","S100A14","ortholog_one2one",100,100,1
"Rhpn2","RHPN2","ortholog_one2one",100,100,1
"Zmat3","ZMAT3","ortholog_one2one",50,87.74,1
"Sumf1","SUMF1","ortholog_one2one",100,100,1
"Aff1","AFF1","ortholog_one2one",100,100,1
"Ppp4r3b","PPP4R3B","ortholog_one2one",100,100,1
"Epor","EPOR","ortholog_one2one",100,100,1
"Coq7","COQ7","ortholog_one2one",75,82.38,1
"Tctn2","TCTN2","ortholog_one2one",100,99.85,1
"Tssk1","TSSK1B","ortholog_one2one",0,100,1
"Mmp27","MMP27","ortholog_one2one",100,100,1
"Lcn12","LCN12","ortholog_one2one",100,100,1
"Rasal3","RASAL3","ortholog_one2one",100,99.32,1
"Dus2","DUS2","ortholog_one2one",100,100,1
"Slc45a4","SLC45A4","ortholog_one2one",100,100,1
"Faap24","FAAP24","ortholog_one2one",100,100,1
"Dck","DCK","ortholog_one2one",100,95.99,1
"Mrps34","MRPS34","ortholog_one2one",75,100,1
"Ncln","NCLN","ortholog_one2one",100,99.97,1
"Gjc1","GJC1","ortholog_one2one",100,100,1
"Hba-x","HBZ","ortholog_one2one",75,100,1
"Lsm12","LSM12","ortholog_one2one",100,90.38,1
"Hnrnpa0","HNRNPA0","ortholog_one2one",50,100,1
"Chrm3","CHRM3","ortholog_one2one",50,100,1
"Nme3","NME3","ortholog_one2one",75,100,1
"Fam71d","FAM71D","ortholog_one2one",100,96.69,1
"Ahsa1","AHSA1","ortholog_one2one",100,100,1
"Calr","CALR","ortholog_one2one",100,100,1
"Klhl5","KLHL5","ortholog_one2one",100,100,1
"Trim45","TRIM45","ortholog_one2one",100,99.31,1
"Tnfrsf4","TNFRSF4","ortholog_one2one",100,100,1
"Nadk2","NADK2","ortholog_one2one",100,100,1
"Clcn4","CLCN4","ortholog_one2one",0,99.55,1
"Ccno","CCNO","ortholog_one2one",100,100,1
"Dagla","DAGLA","ortholog_one2one",100,100,1
"Mapk8ip3","MAPK8IP3","ortholog_one2one",0,100,1
"Dpep3","DPEP3","ortholog_one2one",100,100,1
"Lrrd1","LRRD1","ortholog_one2one",50,100,1
"Ufm1","UFM1","ortholog_one2one",100,100,1
"Ism2","ISM2","ortholog_one2one",100,94.29,1
"Paqr7","PAQR7","ortholog_one2one",100,100,1
"Ppil1","PPIL1","ortholog_one2one",100,100,1
"Osbpl9","OSBPL9","ortholog_one2one",100,100,1
"Il17a","IL17A","ortholog_one2one",100,100,1
"Papolb","PAPOLB","ortholog_one2one",100,100,1
"Cdnf","CDNF","ortholog_one2one",100,100,1
"Lypd6b","LYPD6B","ortholog_one2one",100,99.73,1
"Radil","RADIL","ortholog_one2one",100,99.74,1
"Akap12","AKAP12","ortholog_one2one",100,99.41,1
"Ntmt1","NTMT1","ortholog_one2one",100,100,1
"Pgm1","PGM1","ortholog_one2one",100,98.54,1
"Cenpw","CENPW","ortholog_one2one",100,95.14,1
"Lhx1","LHX1","ortholog_one2one",100,100,1
"Slc5a12","SLC5A12","ortholog_one2one",75,98.38,1
"Ddx28","DDX28","ortholog_one2one",100,100,1
"Ikbke","IKBKE","ortholog_one2one",100,100,1
"Anapc2","ANAPC2","ortholog_one2one",100,100,1
"Orc4","ORC4","ortholog_one2one",100,100,1
"Polr1b","POLR1B","ortholog_one2one",100,99.83,1
"Sh3pxd2b","SH3PXD2B","ortholog_one2one",50,100,1
"Lypd6","LYPD6","ortholog_one2one",100,100,1
"Stambp","STAMBP","ortholog_one2one",50,100,1
"Mcidas","MCIDAS","ortholog_one2one",75,100,1
"Uty","UTY","ortholog_one2one",0,3.15,0
"Itgb3bp","ITGB3BP","ortholog_one2one",100,93.76,1
"Tmem132e","TMEM132E","ortholog_one2one",100,100,1
"Xirp2","XIRP2","ortholog_one2one",100,99.81,1
"Pcnx2","PCNX2","ortholog_one2one",100,100,1
"Ncf1","NCF1","ortholog_one2one",75,100,1
"Gpaa1","GPAA1","ortholog_one2one",100,100,1
"Col9a1","COL9A1","ortholog_one2one",100,100,1
"Trim66","TRIM66","ortholog_one2one",100,100,1
"S100a16","S100A16","ortholog_one2one",100,100,1
"Zfp362","ZNF362","ortholog_one2one",100,100,1
"Pglyrp2","PGLYRP2","ortholog_one2one",100,98.79,1
"Efcab7","EFCAB7","ortholog_one2one",100,94.65,1
"Rit2","RIT2","ortholog_one2one",75,100,1
"Etv6","ETV6","ortholog_one2one",75,100,1
"Klk10","KLK10","ortholog_one2one",100,99.97,1
"Tlx1","TLX1","ortholog_one2one",100,100,1
"Hmcn2","HMCN2","ortholog_one2one",100,100,1
"Mrs2","MRS2","ortholog_one2one",100,95.26,1
"Cabp4","CABP4","ortholog_one2one",100,100,1
"Syt4","SYT4","ortholog_one2one",50,100,1
"Tspyl4","TSPYL4","ortholog_one2one",75,100,1
"Gpr152","GPR152","ortholog_one2one",75,100,1
"Stx11","STX11","ortholog_one2one",100,100,1
"Chchd5","CHCHD5","ortholog_one2one",100,100,1
"Uck1","UCK1","ortholog_one2one",50,99.62,1
"Gpld1","GPLD1","ortholog_one2one",100,100,1
"Snx5","SNX5","ortholog_one2one",75,100,1
"Nt5dc1","NT5DC1","ortholog_one2one",50,100,1
"Tmc3","TMC3","ortholog_one2one",100,99.45,1
"Cnksr3","CNKSR3","ortholog_one2one",50,100,1
"Sae1","SAE1","ortholog_one2one",100,100,1
"Klk8","KLK8","ortholog_one2one",100,100,1
"Mmp20","MMP20","ortholog_one2one",100,100,1
"Fam3b","FAM3B","ortholog_one2one",25,94.36,1
"Sf3b5","SF3B5","ortholog_one2one",100,100,1
"Tm9sf3","TM9SF3","ortholog_one2one",100,100,1
"Klk14","KLK14","ortholog_one2one",100,100,1
"Mmp7","MMP7","ortholog_one2one",100,100,1
"Tent5b","TENT5B","ortholog_one2one",100,100,1
"Klk11","KLK11","ortholog_one2one",100,100,1
"Pomt1","POMT1","ortholog_one2one",75,100,1
"Rhbdd3","RHBDD3","ortholog_one2one",100,100,1
"Tafa3","TAFA3","ortholog_one2one",100,100,0
"Slco1c1","SLCO1C1","ortholog_one2one",100,100,1
"Capn1","CAPN1","ortholog_one2one",75,100,1
"Rbms2","RBMS2","ortholog_one2one",100,100,1
"Gpr153","GPR153","ortholog_one2one",100,100,1
"Rph3a","RPH3A","ortholog_one2one",100,100,1
"Aadat","AADAT","ortholog_one2one",100,100,1
"S100a2","S100A2","ortholog_one2one",100,99.67,0
"Zfp281","ZNF281","ortholog_one2one",100,100,1
"Ppm1j","PPM1J","ortholog_one2one",100,100,1
"Ptprh","PTPRH","ortholog_one2one",100,91.65,0
"Tnfrsf18","TNFRSF18","ortholog_one2one",100,100,0
"Diras1","DIRAS1","ortholog_one2one",100,100,1
"Srgn","SRGN","ortholog_one2one",100,100,0
"S100a4","S100A4","ortholog_one2one",100,100,1
"Prdm1","PRDM1","ortholog_one2one",100,100,1
"Ntf3","NTF3","ortholog_one2one",100,100,1
"Chpt1","CHPT1","ortholog_one2one",100,100,1
"Slc25a46","SLC25A46","ortholog_one2one",0,100,1
"Metrn","METRN","ortholog_one2one",100,100,1
"Tfip11","TFIP11","ortholog_one2one",100,100,1
"Icam1","ICAM1","ortholog_one2one",100,100,1
"Edem3","EDEM3","ortholog_one2one",100,100,1
"Mgme1","MGME1","ortholog_one2one",100,100,1
"Dhrs3","DHRS3","ortholog_one2one",75,100,1
"Npas2","NPAS2","ortholog_one2one",100,100,1
"Prcp","PRCP","ortholog_one2one",100,68.65,1
"Hs6st2","HS6ST2","ortholog_one2one",100,100,1
"Enpp6","ENPP6","ortholog_one2one",100,100,1
"Klk13","KLK13","ortholog_one2one",100,100,1
"Nub1","NUB1","ortholog_one2one",100,100,1
"Klk12","KLK12","ortholog_one2one",100,100,1
"Ccdc78","CCDC78","ortholog_one2one",100,99.49,1
"Hps1","HPS1","ortholog_one2one",100,100,1
"Tcn2","TCN2","ortholog_one2one",100,100,1
"G6pc3","G6PC3","ortholog_one2one",100,100,1
"Enpp5","ENPP5","ortholog_one2one",100,100,1
"Ltc4s","LTC4S","ortholog_one2one",100,100,1
"Tbrg4","TBRG4","ortholog_one2one",100,100,1
"Mbd5","MBD5","ortholog_one2one",100,100,1
"Snai2","SNAI2","ortholog_one2one",50,100,1
"Loxhd1","LOXHD1","ortholog_one2one",100,100,1
"Aunip","AUNIP","ortholog_one2one",100,97.06,1
"Emc6","EMC6","ortholog_one2one",100,100,1
"Srrd","SRRD","ortholog_one2one",100,100,0
"Robo4","ROBO4","ortholog_one2one",100,100,1
"Icam4","ICAM4","ortholog_one2one",100,98.26,0
"Dgki","DGKI","ortholog_one2one",100,100,1
"Gpx8","GPX8","ortholog_one2one",100,100,1
"Efcab1","EFCAB1","ortholog_one2one",75,100,1
"1700017N19Rik","C12orf50","ortholog_one2one",100,100,1
"Maml1","MAML1","ortholog_one2one",100,100,1
"Nrip1","NRIP1","ortholog_one2one",100,100,1
"Pgm2l1","PGM2L1","ortholog_one2one",100,100,1
"Pik3ap1","PIK3AP1","ortholog_one2one",100,100,1
"Cdc20b","CDC20B","ortholog_one2one",100,100,1
"Icam5","ICAM5","ortholog_one2one",100,100,1
"Perp","PERP","ortholog_one2one",100,100,1
"Vwc2","VWC2","ortholog_one2one",100,100,1
"Hes3","HES3","ortholog_one2one",100,100,1
"Ubtd2","UBTD2","ortholog_one2one",75,100,1
"Sarm1","SARM1","ortholog_one2one",100,100,1
"Efcab9","EFCAB9","ortholog_one2one",100,100,1
"Enpp4","ENPP4","ortholog_one2one",100,100,1
"Dsg4","DSG4","ortholog_one2one",100,100,1
"Dtymk","DTYMK","ortholog_one2one",100,100,1
"Zbtb2","ZBTB2","ortholog_one2one",100,100,1
"Klf9","KLF9","ortholog_one2one",100,100,1
"Higd1b","HIGD1B","ortholog_one2one",100,100,1
"Cir1","CIR1","ortholog_one2one",100,100,1
"Ewsr1","EWSR1","ortholog_one2one",75,100,1
"Ubap2","UBAP2","ortholog_one2one",50,100,1
"Mgam","MGAM","ortholog_one2one",50,93.9,1
"Sis","SI","ortholog_one2one",100,100,1
"Mfsd10","MFSD10","ortholog_one2one",100,100,1
"Fam110b","FAM110B","ortholog_one2one",100,100,1
"Lbx1","LBX1","ortholog_one2one",100,100,1
"Gzma","GZMA","ortholog_one2one",75,100,1
"Fbn1","FBN1","ortholog_one2one",100,100,1
"Dlg1","DLG1","ortholog_one2one",75,100,1
"Cdk5rap3","CDK5RAP3","ortholog_one2one",100,100,1
"Trnp1","TRNP1","ortholog_one2one",100,100,1
"Farsa","FARSA","ortholog_one2one",100,100,1
"Otub2","OTUB2","ortholog_one2one",100,93.68,1
"Tmem65","TMEM65","ortholog_one2one",100,100,1
"Tnpo3","TNPO3","ortholog_one2one",75,100,1
"Slmap","SLMAP","ortholog_one2one",50,100,1
"Gpc4","GPC4","ortholog_one2one",100,100,1
"Mbd1","MBD1","ortholog_one2one",100,99.39,1
"Ftsj1","FTSJ1","ortholog_one2one",100,100,1
"Bcl2l14","BCL2L14","ortholog_one2one",100,96.05,1
"Izumo3","IZUMO3","ortholog_one2one",100,100,1
"Map3k21","MAP3K21","ortholog_one2one",100,100,1
"Pkp3","PKP3","ortholog_one2one",50,100,1
"Dusp27","STYXL2","ortholog_one2one",100,100,1
"Mrm1","MRM1","ortholog_one2one",100,100,1
"Fam107b","FAM107B","ortholog_one2one",100,100,0
"Scrn3","SCRN3","ortholog_one2one",100,100,1
"Asb6","ASB6","ortholog_one2one",75,100,1
"Kcna1","KCNA1","ortholog_one2one",100,100,1
"Acvr2a","ACVR2A","ortholog_one2one",100,100,1
"Clic5","CLIC5","ortholog_one2one",100,100,1
"Ghr","GHR","ortholog_one2one",100,100,1
"Kcna5","KCNA5","ortholog_one2one",100,100,1
"Sfrp4","SFRP4","ortholog_one2one",75,100,1
"Gcn1","GCN1","ortholog_one2one",100,100,1
"Asgr1","ASGR1","ortholog_one2one",100,100,1
"Exd1","EXD1","ortholog_one2one",100,100,1
"Slfnl1","SLFNL1","ortholog_one2one",100,99.31,1
"Mau2","MAU2","ortholog_one2one",100,100,1
"Lrp5","LRP5","ortholog_one2one",100,100,1
"C8g","C8G","ortholog_one2one",100,100,1
"Ctns","CTNS","ortholog_one2one",100,100,1
"Adcy9","ADCY9","ortholog_one2one",100,100,1
"Sp9","SP9","ortholog_one2one",100,100,1
"Zpbp","ZPBP","ortholog_one2one",100,100,1
"Mtfr1l","MTFR1L","ortholog_one2one",100,100,1
"Nsrp1","NSRP1","ortholog_one2one",100,100,1
"Ppm1a","PPM1A","ortholog_one2one",100,100,1
"Gpr20","GPR20","ortholog_one2one",100,100,1
"Trim37","TRIM37","ortholog_one2one",100,100,1
"Ppard","PPARD","ortholog_one2one",100,100,1
"Gpa33","GPA33","ortholog_one2one",100,100,1
"Ier2","IER2","ortholog_one2one",100,100,1
"Tmem210","TMEM210","ortholog_one2one",100,100,1
"Anxa7","ANXA7","ortholog_one2one",100,100,1
"Il17f","IL17F","ortholog_one2one",100,100,1
"Slc20a1","SLC20A1","ortholog_one2one",100,100,1
"Irf5","IRF5","ortholog_one2one",75,100,1
"Arhgap21","ARHGAP21","ortholog_one2one",100,100,1
"Cfap36","CFAP36","ortholog_one2one",100,99.29,1
"Xiap","XIAP","ortholog_one2one",100,100,1
"Gcfc2","GCFC2","ortholog_one2one",75,100,1
"Fbxw5","FBXW5","ortholog_one2one",100,100,1
"Aldh8a1","ALDH8A1","ortholog_one2one",100,100,1
"Csn2","CSN2","ortholog_one2one",100,100,0
"Gpc3","GPC3","ortholog_one2one",100,99.24,1
"Prr15l","PRR15L","ortholog_one2one",100,100,1
"Tmem86b","TMEM86B","ortholog_one2one",100,100,1
"Mtx1","MTX1","ortholog_one2one",100,100,1
"Kcnk1","KCNK1","ortholog_one2one",100,100,1
"Kpna7","KPNA7","ortholog_one2one",100,97.48,1
"Sp2","SP2","ortholog_one2one",100,100,1
"Idnk","IDNK","ortholog_one2one",50,98.91,1
"Zc3h4","ZC3H4","ortholog_one2one",100,100,1
"Clec4f","CLEC4F","ortholog_one2one",50,100,0
"Asb13","ASB13","ortholog_one2one",100,100,1
"Trim62","TRIM62","ortholog_one2one",100,100,1
"Dnajc27","DNAJC27","ortholog_one2one",100,100,1
"Slc25a19","SLC25A19","ortholog_one2one",100,100,1
"Cnppd1","CNPPD1","ortholog_one2one",100,100,1
"Tax1bp3","TAX1BP3","ortholog_one2one",100,100,1
"Mrpl19","MRPL19","ortholog_one2one",100,99.9,1
"Ccs","CCS","ortholog_one2one",100,100,1
"Btbd11","BTBD11","ortholog_one2one",100,100,1
"Mfap3l","MFAP3L","ortholog_one2one",100,100,1
"Nrd1","NRDC","ortholog_one2one",100,100,1
"Gps1","GPS1","ortholog_one2one",100,99.99,1
"Ndufs7","NDUFS7","ortholog_one2one",100,93.28,1
"Adamts13","ADAMTS13","ortholog_one2one",100,97.98,1
"Slc35a1","SLC35A1","ortholog_one2one",100,100,1
"Dpp10","DPP10","ortholog_one2one",100,100,1
"Abcb4","ABCB4","ortholog_one2one",100,100,1
"Mboat7","MBOAT7","ortholog_one2one",100,100,1
"Wdr86","WDR86","ortholog_one2one",100,93.58,1
"Sh2d4a","SH2D4A","ortholog_one2one",100,100,1
"Ddx24","DDX24","ortholog_one2one",100,100,1
"Gtf2h1","GTF2H1","ortholog_one2one",100,99.93,1
"Xkr5","XKR5","ortholog_one2one",50,100,1
"Pnpo","PNPO","ortholog_one2one",100,100,1
"Grin1","GRIN1","ortholog_one2one",50,100,1
"Arpc1a","AC004922.1","ortholog_one2one",100,76.17,0
"Dnajc12","DNAJC12","ortholog_one2one",75,94.06,1
"Slc39a3","SLC39A3","ortholog_one2one",100,98.58,1
"Sap130","SAP130","ortholog_one2one",50,100,1
"Efcab5","EFCAB5","ortholog_one2one",100,96.34,1
"Polq","POLQ","ortholog_one2one",100,98.76,1
"Tusc1","TUSC1","ortholog_one2one",100,100,1
"Prr16","PRR16","ortholog_one2one",100,100,1
"Epn2","EPN2","ortholog_one2one",100,100,1
"Prpf4b","PRPF4B","ortholog_one2one",100,100,1
"Rgl3","RGL3","ortholog_one2one",100,100,1
"Dsg3","DSG3","ortholog_one2one",100,99.51,1
"Plcg2","PLCG2","ortholog_one2one",100,100,1
"Cd207","CD207","ortholog_one2one",50,100,1
"Prrx2","PRRX2","ortholog_one2one",100,100,1
"Stk10","STK10","ortholog_one2one",100,100,1
"Thbs3","THBS3","ortholog_one2one",100,100,1
"Tsen34","TSEN34","ortholog_one2one",100,100,1
"Ecpas","ECPAS","ortholog_one2one",100,100,1
"Pes1","PES1","ortholog_one2one",100,100,1
"Mctp2","MCTP2","ortholog_one2one",100,100,1
"Vax2","VAX2","ortholog_one2one",100,100,1
"Ttf2","TTF2","ortholog_one2one",100,100,1
"Mmadhc","MMADHC","ortholog_one2one",100,97.24,1
"Trmt12","TRMT12","ortholog_one2one",100,100,1
"Nefh","NEFH","ortholog_one2one",100,100,1
"Rnf139","RNF139","ortholog_one2one",100,100,1
"Kcna6","KCNA6","ortholog_one2one",100,100,1
"Tatdn1","TATDN1","ortholog_one2one",100,99.84,1
"Fam181b","FAM181B","ortholog_one2one",100,100,1
"S1pr4","S1PR4","ortholog_one2one",100,100,1
"Stox2","STOX2","ortholog_one2one",100,100,1
"Dync1h1","DYNC1H1","ortholog_one2one",100,100,1
"Sdr42e1","SDR42E1","ortholog_one2one",100,100,1
"Klhl8","KLHL8","ortholog_one2one",100,100,1
"Crygn","CRYGN","ortholog_one2one",100,80.11,0
"Dbn1","DBN1","ortholog_one2one",100,100,1
"Cct6b","CCT6B","ortholog_one2one",100,100,1
"Slc29a2","SLC29A2","ortholog_one2one",100,100,1
"Ulbp1","ULBP3","ortholog_one2one",0,0,0
"Adipoq","ADIPOQ","ortholog_one2one",100,100,1
"Cftr","CFTR","ortholog_one2one",100,100,1
"Ftmt","FTMT","ortholog_one2one",100,100,1
"Dcaf12","DCAF12","ortholog_one2one",100,100,1
"Map6d1","MAP6D1","ortholog_one2one",100,100,1
"Pip4k2a","PIP4K2A","ortholog_one2one",100,100,1
"Tmc7","TMC7","ortholog_one2one",50,95.07,1
"Gcdh","GCDH","ortholog_one2one",100,100,1
"Srfbp1","SRFBP1","ortholog_one2one",100,100,1
"Calml3","CALML3","ortholog_one2one",100,100,1
"Wipi1","WIPI1","ortholog_one2one",75,100,1
"Abi2","ABI2","ortholog_one2one",100,100,1
"H2-Oa","HLA-DOA","ortholog_one2one",100,100,1
"Rnf207","RNF207","ortholog_one2one",100,98.67,1
"Ubxn2b","UBXN2B","ortholog_one2one",100,100,1
"Tmem160","TMEM160","ortholog_one2one",100,100,1
"Slc39a9","SLC39A9","ortholog_one2one",100,100,1
"Stag2","STAG2","ortholog_one2one",75,100,1
"Nsfl1c","NSFL1C","ortholog_one2one",50,100,1
"Ndufb9","NDUFB9","ortholog_one2one",100,100,1
"Zbtb24","ZBTB24","ortholog_one2one",100,100,1
"Zfp277","ZNF277","ortholog_one2one",100,94.51,1
"Ppp6r1","PPP6R1","ortholog_one2one",100,100,1
"S100a5","S100A5","ortholog_one2one",100,100,1
"Tmem123","TMEM123","ortholog_one2one",100,100,1
"Adgrg3","ADGRG3","ortholog_one2one",100,100,1
"Ptpre","PTPRE","ortholog_one2one",100,100,1
"S100a6","S100A6","ortholog_one2one",100,100,1
"Rheb","RHEB","ortholog_one2one",100,100,1
"Ddx3y","DDX3Y","ortholog_one2one",50,71.89,0
"Syce2","SYCE2","ortholog_one2one",100,96.47,1
"St6gal1","ST6GAL1","ortholog_one2one",100,100,1
"Gamt","GAMT","ortholog_one2one",100,90.94,1
"Zfp467","ZNF467","ortholog_one2one",100,100,1
"Pus7","PUS7","ortholog_one2one",75,100,1
"Dusp11","DUSP11","ortholog_one2one",25,71.5,0
"Prdm9","PRDM7","ortholog_one2one",0,86.89,0
"Sigirr","SIGIRR","ortholog_one2one",100,100,1
"P4ha3","P4HA3","ortholog_one2one",100,100,1
"Npas1","NPAS1","ortholog_one2one",100,100,1
"Eva1a","EVA1A","ortholog_one2one",100,100,1
"Dhrs11","DHRS11","ortholog_one2one",100,100,1
"4930562C15Rik","C16orf96","ortholog_one2one",100,100,0
"1810055G02Rik","C11orf24","ortholog_one2one",100,96.14,0
"Ptges","PTGES","ortholog_one2one",100,100,1
"Cttn","CTTN","ortholog_one2one",100,100,1
"Esm1","ESM1","ortholog_one2one",100,100,1
"Ikzf1","IKZF1","ortholog_one2one",100,100,1
"Rps6kb2","RPS6KB2","ortholog_one2one",75,100,1
"Gzmk","GZMK","ortholog_one2one",100,100,1
"Slc35b1","SLC35B1","ortholog_one2one",100,100,1
"S100a8","S100A8","ortholog_one2one",75,100,1
"Ddx58","DDX58","ortholog_one2one",100,100,1
"Ccdc160","CCDC160","ortholog_one2one",100,100,1
"Sugp1","SUGP1","ortholog_one2one",100,100,1
"Icmt","ICMT","ortholog_one2one",100,100,1
"Mael","MAEL","ortholog_one2one",100,100,1
"1700025G04Rik","C1orf21","ortholog_one2one",100,100,1
"Cyp7a1","CYP7A1","ortholog_one2one",100,100,1
"Unc80","UNC80","ortholog_one2one",100,100,1
"Setd1b","SETD1B","ortholog_one2one",75,100,1
"Smad1","SMAD1","ortholog_one2one",100,100,1
"Ccdc87","CCDC87","ortholog_one2one",100,100,1
"Caap1","CAAP1","ortholog_one2one",100,100,1
"Cyb561","CYB561","ortholog_one2one",100,100,1
"Nr3c1","NR3C1","ortholog_one2one",100,99.51,1
"Tex30","TEX30","ortholog_one2one",100,100,1
"Stard5","STARD5","ortholog_one2one",100,100,1
"Vwa3a","VWA3A","ortholog_one2one",100,99.11,1
"Klhl10","KLHL10","ortholog_one2one",100,100,1
"Usp9y","USP9Y","ortholog_one2one",25,53.39,0
"Birc2","BIRC2","ortholog_one2one",100,99.98,1
"Ankrd16","ANKRD16","ortholog_one2one",50,100,1
"Camsap1","CAMSAP1","ortholog_one2one",100,100,1
"Tacr1","TACR1","ortholog_one2one",100,100,1
"2510009E07Rik","C3orf70","ortholog_one2one",100,100,1
"Trmt1","TRMT1","ortholog_one2one",75,100,1
"Nrxn3","NRXN3","ortholog_one2one",50,100,1
"Gbf1","GBF1","ortholog_one2one",100,100,1
"Slc35f3","SLC35F3","ortholog_one2one",100,100,1
"Trpc4","TRPC4","ortholog_one2one",100,100,1
"Ttpa","TTPA","ortholog_one2one",50,100,1
"Grb2","GRB2","ortholog_one2one",100,100,1
"Grik1","GRIK1","ortholog_one2one",100,100,1
"Mpp5","MPP5","ortholog_one2one",100,100,1
"Slc34a2","SLC34A2","ortholog_one2one",100,100,1
"Il16","IL16","ortholog_one2one",100,100,1
"Rps6kl1","RPS6KL1","ortholog_one2one",100,100,1
"Trmt10b","TRMT10B","ortholog_one2one",100,100,1
"Tbc1d8","TBC1D8","ortholog_one2one",100,100,1
"Gramd1b","GRAMD1B","ortholog_one2one",100,100,1
"Coa6","COA6","ortholog_one2one",100,77.29,0
"Tarbp1","TARBP1","ortholog_one2one",100,99.17,1
"Ggh","GGH","ortholog_one2one",25,100,1
"Col1a2","COL1A2","ortholog_one2one",100,100,1
"Zc3hc1","ZC3HC1","ortholog_one2one",100,100,1
"Pym1","PYM1","ortholog_one2one",100,100,1
"Ppm1e","PPM1E","ortholog_one2one",100,100,1
"Uchl1","UCHL1","ortholog_one2one",100,100,1
"Rbbp8","RBBP8","ortholog_one2one",100,100,1
"Polr2a","POLR2A","ortholog_one2one",100,100,1
"Ehhadh","EHHADH","ortholog_one2one",100,100,1
"Pik3ca","PIK3CA","ortholog_one2one",100,100,1
"Lpin1","LPIN1","ortholog_one2one",100,100,1
"Ubald1","UBALD1","ortholog_one2one",100,100,1
"Mprip","MPRIP","ortholog_one2one",50,100,0
"Rock1","ROCK1","ortholog_one2one",50,100,1
"Ror1","ROR1","ortholog_one2one",100,100,1
"Ggt5","GGT5","ortholog_one2one",50,100,1
"Ptp4a3","PTP4A3","ortholog_one2one",100,100,1
"Ormdl2","ORMDL2","ortholog_one2one",75,100,1
"Hsd17b2","HSD17B2","ortholog_one2one",100,100,1
"Numbl","NUMBL","ortholog_one2one",100,100,1
"Asic3","ASIC3","ortholog_one2one",100,100,1
"Snx13","SNX13","ortholog_one2one",100,100,1
"Prr5l","PRR5L","ortholog_one2one",100,100,1
"Sebox","SEBOX","ortholog_one2one",100,100,1
"Ptprcap","PTPRCAP","ortholog_one2one",100,100,1
"Rrp1","RRP1","ortholog_one2one",75,92.57,1
"Coro1b","CORO1B","ortholog_one2one",100,100,1
"Rab35","RAB35","ortholog_one2one",100,100,1
"Coq8b","COQ8B","ortholog_one2one",100,100,1
"Retreg2","RETREG2","ortholog_one2one",100,100,1
"Klhl11","KLHL11","ortholog_one2one",100,100,1
"Poglut2","POGLUT2","ortholog_one2one",75,100,1
"Tyk2","TYK2","ortholog_one2one",100,99.72,1
"Ano3","ANO3","ortholog_one2one",75,97.16,1
"Atp6v1d","ATP6V1D","ortholog_one2one",100,100,1
"Galnt1","GALNT1","ortholog_one2one",100,100,1
"Ndufa9","NDUFA9","ortholog_one2one",100,100,1
"Cyp2s1","CYP2S1","ortholog_one2one",75,100,1
"Azin2","AZIN2","ortholog_one2one",100,100,1
"Mss51","MSS51","ortholog_one2one",100,100,1
"Ano9","ANO9","ortholog_one2one",100,100,1
"Klf1","KLF1","ortholog_one2one",100,100,1
"Ckap2l","CKAP2L","ortholog_one2one",100,100,1
"Sarnp","SARNP","ortholog_one2one",75,98.67,1
"Btrc","BTRC","ortholog_one2one",75,100,1
"Asgr2","ASGR2","ortholog_one2one",100,100,1
"Psat1","PSAT1","ortholog_one2one",75,100,1
"Xpc","XPC","ortholog_one2one",100,100,1
"Kdf1","KDF1","ortholog_one2one",75,100,1
"Rnase10","RNASE10","ortholog_one2one",100,89.57,1
"Nme8","NME8","ortholog_one2one",75,100,1
"Tnks2","TNKS2","ortholog_one2one",100,100,1
"Pglyrp4","PGLYRP4","ortholog_one2one",100,100,1
"Map3k13","MAP3K13","ortholog_one2one",100,100,1
"Tmc5","TMC5","ortholog_one2one",50,99.26,1
"Mrps36","MRPS36","ortholog_one2one",100,100,1
"Rnase9","RNASE9","ortholog_one2one",100,100,0
"Flywch2","FLYWCH2","ortholog_one2one",50,91.29,1
"Figla","FIGLA","ortholog_one2one",50,96.65,1
"Mmp19","MMP19","ortholog_one2one",100,99.18,1
"Muc15","MUC15","ortholog_one2one",75,99.63,1
"Slu7","SLU7","ortholog_one2one",100,100,1
"Arrdc3","ARRDC3","ortholog_one2one",100,100,1
"Birc3","BIRC3","ortholog_one2one",100,97.51,1
"Tm6sf2","TM6SF2","ortholog_one2one",100,100,1
"Cep89","CEP89","ortholog_one2one",100,96.01,1
"Crot","CROT","ortholog_one2one",100,98.33,1
"Adk","ADK","ortholog_one2one",100,100,1
"Ubr3","UBR3","ortholog_one2one",100,100,1
"Ccdc151","CCDC151","ortholog_one2one",100,100,1
"Rufy4","RUFY4","ortholog_one2one",75,100,1
"Myog","MYOG","ortholog_one2one",100,100,1
"Gna15","GNA15","ortholog_one2one",100,100,1
"Zglp1","ZGLP1","ortholog_one2one",100,97.11,1
"Rnd3","RND3","ortholog_one2one",100,100,1
"Rnase12","RNASE12","ortholog_one2one",100,100,1
"Mphosph6","MPHOSPH6","ortholog_one2one",100,100,1
"Ctsf","CTSF","ortholog_one2one",100,100,1
"Olfr750","OR6S1","ortholog_one2one",75,100,1
"Ace","ACE","ortholog_one2one",100,100,1
"Arpc1b","ARPC1B","ortholog_one2one",100,100,1
"Ovol2","OVOL2","ortholog_one2one",100,100,1
"Ing5","ING5","ortholog_one2one",100,81.43,1
"Crip2","CRIP2","ortholog_one2one",100,93.86,1
"Hapln4","HAPLN4","ortholog_one2one",100,100,1
"Ssh2","SSH2","ortholog_one2one",100,100,1
"Nipal4","NIPAL4","ortholog_one2one",50,100,1
"Mov10","MOV10","ortholog_one2one",100,100,1
"Klk7","KLK7","ortholog_one2one",100,100,1
"Nr5a2","NR5A2","ortholog_one2one",100,100,1
"Lrp6","LRP6","ortholog_one2one",100,100,1
"Ube2v2","UBE2V2","ortholog_one2one",100,100,1
"Thsd7a","THSD7A","ortholog_one2one",75,100,1
"Fbxw11","FBXW11","ortholog_one2one",100,100,1
"Lox","LOX","ortholog_one2one",100,100,1
"Pex11g","PEX11G","ortholog_one2one",100,100,1
"Brms1","BRMS1","ortholog_one2one",100,100,1
"Itpr1","ITPR1","ortholog_one2one",75,100,1
"Tmem199","TMEM199","ortholog_one2one",100,100,1
"Ncan","NCAN","ortholog_one2one",75,100,1
"Mthfr","MTHFR","ortholog_one2one",100,100,1
"Fam160b1","FAM160B1","ortholog_one2one",100,100,1
"Shprh","SHPRH","ortholog_one2one",100,100,1
"Shc3","SHC3","ortholog_one2one",100,100,1
"Cdk5","CDK5","ortholog_one2one",100,100,1
"Fbxl16","FBXL16","ortholog_one2one",100,100,1
"Gm5849","S100A9","ortholog_one2one",100,30.87,0
"Plekhd1","PLEKHD1","ortholog_one2one",100,100,1
"Megf6","MEGF6","ortholog_one2one",100,99.69,1
"Ctps","CTPS1","ortholog_one2one",100,100,1
"Slc38a10","SLC38A10","ortholog_one2one",100,100,1
"Il1a","IL1A","ortholog_one2one",75,100,1
"Akap3","AKAP3","ortholog_one2one",100,100,1
"Ptpn11","PTPN11","ortholog_one2one",100,100,1
"Med29","MED29","ortholog_one2one",100,100,1
"Ccdc54","CCDC54","ortholog_one2one",100,100,1
"Pabpc2","PABPC3","ortholog_one2one",0,3.05,0
"Cxcr2","CXCR1","ortholog_one2one",0,0,0
"Commd10","COMMD10","ortholog_one2one",100,100,1
"Cped1","CPED1","ortholog_one2one",100,100,1
"Zfp36","ZFP36","ortholog_one2one",100,100,1
"D2hgdh","D2HGDH","ortholog_one2one",100,92.03,1
"Hps4","HPS4","ortholog_one2one",100,100,1
"Syne2","SYNE2","ortholog_one2one",100,100,1
"Mgam2-ps","MGAM2","ortholog_one2one",100,98.19,1
"Hspbp1","HSPBP1","ortholog_one2one",100,100,1
"Osmr","OSMR","ortholog_one2one",100,100,1
"Ndufb6","NDUFB6","ortholog_one2one",100,100,1
"Pdap1","PDAP1","ortholog_one2one",100,100,1
"Arhgap35","ARHGAP35","ortholog_one2one",100,100,1
"Slc38a5","SLC38A5","ortholog_one2one",75,100,1
"Rfxank","RFXANK","ortholog_one2one",100,100,1
"Nfe2l3","NFE2L3","ortholog_one2one",100,100,1
"Zfp474","ZNF474","ortholog_one2one",100,100,1
"Yipf5","YIPF5","ortholog_one2one",100,100,1
"Haus5","HAUS5","ortholog_one2one",100,100,1
"Cenph","CENPH","ortholog_one2one",100,93.27,1
"Pgf","PGF","ortholog_one2one",100,100,0
"Cep78","CEP78","ortholog_one2one",100,99.65,1
"Prkar1a","PRKAR1A","ortholog_one2one",100,100,1
"Hpd","HPD","ortholog_one2one",100,100,1
"Topors","TOPORS","ortholog_one2one",100,100,1
"Hus1b","HUS1B","ortholog_one2one",100,100,1
"Ammecr1l","AMMECR1L","ortholog_one2one",75,100,1
"Exoc2","EXOC2","ortholog_one2one",100,100,1
"Spryd4","SPRYD4","ortholog_one2one",100,100,1
"Elob","ELOB","ortholog_one2one",50,89.67,1
"Raph1","RAPH1","ortholog_one2one",100,100,1
"Gls2","GLS2","ortholog_one2one",100,100,1
"Ramp3","RAMP3","ortholog_one2one",100,100,1
"Hsd17b13","HSD17B13","ortholog_one2one",100,96.26,1
"Otud4","OTUD4","ortholog_one2one",100,100,1
"Serf2","SERF2","ortholog_one2one",100,100,1
"Mmab","MMAB","ortholog_one2one",100,100,1
"1700034E13Rik","AC010255.2","ortholog_one2one",100,100,1
"Paf1","PAF1","ortholog_one2one",100,100,1
"Wdr24","WDR24","ortholog_one2one",100,100,1
"Srrm2","SRRM2","ortholog_one2one",50,99.8,1
"Cdk13","CDK13","ortholog_one2one",100,100,1
"Kcnmb3","KCNMB3","ortholog_one2one",100,98.21,1
"Ldb3","LDB3","ortholog_one2one",100,100,1
"Ubap1","UBAP1","ortholog_one2one",100,100,1
"Nr2c2ap","NR2C2AP","ortholog_one2one",100,96.7,1
"Tmem243","TMEM243","ortholog_one2one",100,99.93,1
"Klrg1","KLRG1","ortholog_one2one",75,97.74,1
"Olfr1438-ps1","OR5A2","ortholog_one2one",0,100,1
"C1qtnf2","C1QTNF2","ortholog_one2one",100,100,1
"Hypk","HYPK","ortholog_one2one",75,100,1
"Klk6","KLK6","ortholog_one2one",100,100,1
"Atp6v1c1","ATP6V1C1","ortholog_one2one",100,100,1
"Rtp1","RTP1","ortholog_one2one",100,100,1
"Cables1","CABLES1","ortholog_one2one",100,100,1
"Rmnd1","RMND1","ortholog_one2one",100,100,1
"Runx2","RUNX2","ortholog_one2one",100,100,1
"Cd82","CD82","ortholog_one2one",100,100,1
"Irf2bp2","IRF2BP2","ortholog_one2one",100,100,1
"Esrp2","ESRP2","ortholog_one2one",100,100,1
"Csgalnact1","CSGALNACT1","ortholog_one2one",100,100,1
"Canx","CANX","ortholog_one2one",100,100,1
"Slc44a1","SLC44A1","ortholog_one2one",100,100,1
"Rbm42","RBM42","ortholog_one2one",100,100,1
"Snx18","SNX18","ortholog_one2one",100,100,1
"Serinc4","SERINC4","ortholog_one2one",100,100,1
"Itpr2","ITPR2","ortholog_one2one",100,100,1
"Rassf3","RASSF3","ortholog_one2one",100,85.72,1
"Drc7","DRC7","ortholog_one2one",100,100,1
"Commd9","COMMD9","ortholog_one2one",100,100,1
"Pfn2","PFN2","ortholog_one2one",100,100,1
"Ccdc177","CCDC177","ortholog_one2one",100,100,1
"Atg2a","ATG2A","ortholog_one2one",100,99.97,1
"Hydin","HYDIN","ortholog_one2one",100,99.79,1
"Sgta","SGTA","ortholog_one2one",75,97.82,1
"Rpa1","RPA1","ortholog_one2one",100,100,1
"Olfr3","OR1J1","ortholog_one2one",100,96.32,1
"Actl6b","ACTL6B","ortholog_one2one",100,100,1
"Tsen15","TSEN15","ortholog_one2one",100,81.73,1
"Zdhhc17","ZDHHC17","ortholog_one2one",100,100,1
"Ccdc69","CCDC69","ortholog_one2one",100,91.6,0
"Selenok","SELENOK","ortholog_one2one",75,100,1
"Trpm4","TRPM4","ortholog_one2one",100,100,1
"Ell3","ELL3","ortholog_one2one",75,100,1
"Ywhah","YWHAH","ortholog_one2one",75,100,1
"2700062C07Rik","C18orf21","ortholog_one2one",100,100,1
"Rgma","RGMA","ortholog_one2one",100,100,1
"Psd","PSD","ortholog_one2one",100,100,1
"Nfatc3","NFATC3","ortholog_one2one",100,100,1
"Srgap2","SRGAP2","ortholog_one2one",100,100,1
"Pnisr","PNISR","ortholog_one2one",100,100,1
"Ccnjl","CCNJL","ortholog_one2one",100,100,1
"Tmprss2","TMPRSS2","ortholog_one2one",50,97.76,1
"Akap9","AKAP9","ortholog_one2one",25,100,1
"Nacc1","NACC1","ortholog_one2one",100,99.98,1
"Tcof1","TCOF1","ortholog_one2one",100,100,1
"Smco4","SMCO4","ortholog_one2one",100,100,1
"Zfp830","ZNF830","ortholog_one2one",100,100,1
"Cks2","CKS2","ortholog_one2one",100,100,1
"Rnf20","RNF20","ortholog_one2one",100,100,1
"Tex45","TEX45","ortholog_one2one",100,100,1
"Tnfrsf11a","TNFRSF11A","ortholog_one2one",100,97.36,1
"Gm2a","GM2A","ortholog_one2one",100,100,1
"Hspb3","HSPB3","ortholog_one2one",100,100,1
"Rprd1a","RPRD1A","ortholog_one2one",100,100,1
"Srl","SRL","ortholog_one2one",100,99.33,0
"C2cd3","C2CD3","ortholog_one2one",100,100,1
"Fgfbp3","FGFBP3","ortholog_one2one",100,100,1
"Lmna","LMNA","ortholog_one2one",100,100,1
"Fam234a","FAM234A","ortholog_one2one",75,100,1
"Dnase2a","DNASE2","ortholog_one2one",100,99.49,1
"Tob1","TOB1","ortholog_one2one",100,100,1
"Pglyrp3","PGLYRP3","ortholog_one2one",75,100,1
"Zfp358","ZNF358","ortholog_one2one",100,100,1
"Tomm20","TOMM20","ortholog_one2one",75,100,1
"Acly","ACLY","ortholog_one2one",100,100,1
"Btaf1","BTAF1","ortholog_one2one",100,100,1
"Nedd1","NEDD1","ortholog_one2one",100,100,1
"Adgrv1","ADGRV1","ortholog_one2one",100,99.92,1
"M6pr","M6PR","ortholog_one2one",100,100,1
"Nkain3","NKAIN3","ortholog_one2one",50,93.95,1
"Man1c1","MAN1C1","ortholog_one2one",100,100,1
"Mcm3","MCM3","ortholog_one2one",100,100,1
"Crx","CRX","ortholog_one2one",100,98.35,1
"Supt3","SUPT3H","ortholog_one2one",100,95.9,1
"Mast1","MAST1","ortholog_one2one",100,100,1
"Brd2","BRD2","ortholog_one2one",100,99.3,1
"Smim23","SMIM23","ortholog_one2one",100,100,0
"Ccdc81","CCDC81","ortholog_one2one",100,100,1
"Cdh13","CDH13","ortholog_one2one",100,98.78,1
"Lrrc26","LRRC26","ortholog_one2one",75,100,1
"Nfkb2","NFKB2","ortholog_one2one",100,100,1
"Mmd2","MMD2","ortholog_one2one",100,99.62,1
"Ak2","AK2","ortholog_one2one",100,100,1
"Slitrk3","SLITRK3","ortholog_one2one",100,100,1
"Slc36a3","SLC36A3","ortholog_one2one",100,96.92,1
"Enkur","ENKUR","ortholog_one2one",100,100,1
"Cyp51","CYP51A1","ortholog_one2one",50,100,1
"Polr2d","POLR2D","ortholog_one2one",75,100,1
"Cttnbp2","CTTNBP2","ortholog_one2one",75,100,1
"Gfi1","GFI1","ortholog_one2one",100,100,1
"Atraid","ATRAID","ortholog_one2one",100,100,1
"Bche","BCHE","ortholog_one2one",100,100,1
"Bicdl1","BICDL1","ortholog_one2one",100,100,1
"Kctd16","KCTD16","ortholog_one2one",100,100,1
"Arpc3","ARPC3","ortholog_one2one",100,100,1
"Fcer2a","FCER2","ortholog_one2one",100,98.1,1
"Wfikkn2","WFIKKN2","ortholog_one2one",100,100,1
"Tmem215","TMEM215","ortholog_one2one",100,100,1
"Ube2u","UBE2U","ortholog_one2one",100,98.22,0
"Nfe2l2","NFE2L2","ortholog_one2one",100,100,1
"Phf6","PHF6","ortholog_one2one",100,100,1
"Chp1","CHP1","ortholog_one2one",100,100,1
"Scyl1","SCYL1","ortholog_one2one",100,100,1
"Rpl27a","RPL27A","ortholog_one2one",100,100,1
"Agtrap","AGTRAP","ortholog_one2one",100,100,1
"Cdh11","CDH11","ortholog_one2one",100,100,1
"Pcm1","PCM1","ortholog_one2one",75,100,1
"Olfr350","OR1J4","ortholog_one2one",100,100,1
"Cntn3","CNTN3","ortholog_one2one",50,100,1
"Elp2","ELP2","ortholog_one2one",100,98.95,1
"Exosc3","EXOSC3","ortholog_one2one",100,100,1
"Net1","NET1","ortholog_one2one",100,100,1
"Gm21885","ANKRD40CL","ortholog_one2one",100,100,1
"Gm5737","SDR42E2","ortholog_one2one",100,100,1
"Col19a1","COL19A1","ortholog_one2one",100,100,1
"Eif2b2","EIF2B2","ortholog_one2one",100,100,1
"Slc5a10","SLC5A10","ortholog_one2one",100,99.97,1
"Tmem181a","TMEM181","ortholog_one2one",100,100,1
"Cldn17","CLDN17","ortholog_one2one",100,100,1
"Ccdc189","CCDC189","ortholog_one2one",100,100,1
"Cldn8","CLDN8","ortholog_one2one",100,100,1
"Wnt16","WNT16","ortholog_one2one",100,100,1
"Krtap24-1","KRTAP24-1","ortholog_one2one",100,100,1
"Eef2k","EEF2K","ortholog_one2one",100,100,1
"Myo3b","MYO3B","ortholog_one2one",100,98.94,1
"Dcaf10","DCAF10","ortholog_one2one",100,100,1
"Grcc10","C12orf57","ortholog_one2one",100,100,1
"Krtap26-1","KRTAP26-1","ortholog_one2one",75,100,1
"Gna14","GNA14","ortholog_one2one",100,100,1
"Krtap27-1","KRTAP27-1","ortholog_one2one",75,100,1
"Wipi2","WIPI2","ortholog_one2one",100,100,1
"Phkg2","PHKG2","ortholog_one2one",100,100,1
"Peg3","PEG3","ortholog_one2one",100,98.92,1
"Hpf1","HPF1","ortholog_one2one",100,100,1
"Zbtb4","ZBTB4","ortholog_one2one",100,99.37,1
"Coro6","CORO6","ortholog_one2one",100,100,1
"Efcab14","EFCAB14","ortholog_one2one",100,100,1
"Ptdss2","PTDSS2","ortholog_one2one",100,100,1
"Rin1","RIN1","ortholog_one2one",100,100,1
"Hikeshi","HIKESHI","ortholog_one2one",100,100,1
"Ucp3","UCP3","ortholog_one2one",100,100,1
"Dtx4","DTX4","ortholog_one2one",50,100,1
"Slc5a6","SLC5A6","ortholog_one2one",100,99.88,1
"Grap","GRAP","ortholog_one2one",75,100,1
"Cd101","CD101","ortholog_one2one",100,100,1
"Ppme1","PPME1","ortholog_one2one",100,100,1
"Fam83g","FAM83G","ortholog_one2one",100,100,1
"Atp6v1b1","ATP6V1B1","ortholog_one2one",100,100,1
"Fgfr3","FGFR3","ortholog_one2one",75,99.96,1
"Lsm3","LSM3","ortholog_one2one",100,100,1
"Ckb","CKB","ortholog_one2one",100,100,1
"Fam111a","FAM111A","ortholog_one2one",0,4.13,0
"Mki67","MKI67","ortholog_one2one",100,98.54,0
"Prss58","PRSS58","ortholog_one2one",100,100,1
"Lix1","LIX1","ortholog_one2one",75,100,1
"Cdh5","CDH5","ortholog_one2one",100,100,1
"Chd8","CHD8","ortholog_one2one",100,100,1
"Zfr","ZFR","ortholog_one2one",100,100,1
"Rbm34","RBM34","ortholog_one2one",50,100,1
"Fabp6","FABP6","ortholog_one2one",100,97.78,1
"Rnase4","RNASE4","ortholog_one2one",100,100,1
"Slc39a6","SLC39A6","ortholog_one2one",100,100,1
"Klk5","KLK5","ortholog_one2one",100,100,1
"Ubqln1","UBQLN1","ortholog_one2one",50,100,1
"Gtf3c6","GTF3C6","ortholog_one2one",100,100,1
"Bzw1","BZW1","ortholog_one2one",100,100,1
"Chd1","CHD1","ortholog_one2one",50,100,1
"Susd6","SUSD6","ortholog_one2one",100,100,1
"Dnajc10","DNAJC10","ortholog_one2one",100,100,1
"Hgf","HGF","ortholog_one2one",100,100,1
"Abi3bp","ABI3BP","ortholog_one2one",100,100,1
"Trub1","TRUB1","ortholog_one2one",100,100,1
"Nek4","NEK4","ortholog_one2one",100,97.65,1
"H2-DMa","HLA-DMA","ortholog_one2one",100,100,1
"Ltbp3","LTBP3","ortholog_one2one",100,100,1
"Smyd4","SMYD4","ortholog_one2one",100,100,1
"Gna11","GNA11","ortholog_one2one",100,100,1
"Prrc2c","PRRC2C","ortholog_one2one",100,99.78,1
"Kifbp","KIFBP","ortholog_one2one",100,98.25,1
"Actn3","ACTN3","ortholog_one2one",100,100,1
"Tubal3","TUBAL3","ortholog_one2one",100,100,1
"Slc4a4","SLC4A4","ortholog_one2one",100,100,1
"Llgl1","LLGL1","ortholog_one2one",100,100,1
"Rala","RALA","ortholog_one2one",100,100,1
"Grik5","GRIK5","ortholog_one2one",100,95.05,1
"Prep","PREP","ortholog_one2one",100,100,1
"Il1b","IL1B","ortholog_one2one",50,100,1
"Rnf165","RNF165","ortholog_one2one",100,100,1
"Zswim6","ZSWIM6","ortholog_one2one",100,100,1
"Rps9","RPS9","ortholog_one2one",100,100,1
"Arl15","ARL15","ortholog_one2one",100,100,1
"Cd38","CD38","ortholog_one2one",100,100,1
"Sp5","SP5","ortholog_one2one",100,100,1
"Pwwp2a","PWWP2A","ortholog_one2one",100,100,1
"Stub1","STUB1","ortholog_one2one",100,100,1
"Sphk1","SPHK1","ortholog_one2one",100,99.7,1
"Colgalt2","COLGALT2","ortholog_one2one",75,100,1
"Gad1","GAD1","ortholog_one2one",100,100,1
"Nudc","NUDC","ortholog_one2one",100,100,1
"Prdm13","PRDM13","ortholog_one2one",50,100,1
"Syvn1","SYVN1","ortholog_one2one",100,100,1
"Hsd17b11","HSD17B11","ortholog_one2one",100,100,1
"Ldlrap1","LDLRAP1","ortholog_one2one",100,100,1
"Fbxo30","FBXO30","ortholog_one2one",100,100,1
"Ubac1","UBAC1","ortholog_one2one",100,100,1
"Denn2b","DENND2B","ortholog_one2one",100,100,1
"Eftud2","EFTUD2","ortholog_one2one",100,100,1
"Trmt61a","TRMT61A","ortholog_one2one",100,100,1
"Jmjd8","JMJD8","ortholog_one2one",100,100,1
"Abce1","ABCE1","ortholog_one2one",100,100,1
"Ucn3","UCN3","ortholog_one2one",100,100,1
"Slc35b3","SLC35B3","ortholog_one2one",100,99.95,1
"Armt1","ARMT1","ortholog_one2one",100,100,1
"Cyc1","CYC1","ortholog_one2one",100,100,1
"Rbm17","RBM17","ortholog_one2one",100,100,1
"Tor1b","TOR1B","ortholog_one2one",100,25.16,1
"Fgf18","FGF18","ortholog_one2one",100,100,1
"Cited4","CITED4","ortholog_one2one",100,100,1
"Bag5","BAG5","ortholog_one2one",100,100,1
"Mcm4","MCM4","ortholog_one2one",100,98.33,1
"Arpc2","ARPC2","ortholog_one2one",75,100,1
"Sptlc2","SPTLC2","ortholog_one2one",100,100,1
"Mvk","MVK","ortholog_one2one",100,100,1
"Stk17b","STK17B","ortholog_one2one",50,100,1
"Igkc","IGKC","ortholog_one2one",75,100,1
"1110008P14Rik","C9orf16","ortholog_one2one",100,100,1
"Gm7879","PPIH","ortholog_one2one",0,0,0
"Smim15","SMIM15","ortholog_one2one",100,100,1
"Riok2","RIOK2","ortholog_one2one",100,100,1
"Ttr","TTR","ortholog_one2one",100,100,1
"Secisbp2","SECISBP2","ortholog_one2one",100,100,1
"Sry","SRY","ortholog_one2one",0,38.6,0
"Fkbp1a","FKBP1C","ortholog_one2one",0,0,0
"Ap1b1","AP1B1","ortholog_one2one",75,100,1
"Olfr354","OR1N2","ortholog_one2one",100,100,1
"Dsg2","DSG2","ortholog_one2one",100,100,1
"Ciz1","CIZ1","ortholog_one2one",100,96.93,1
"Poldip2","POLDIP2","ortholog_one2one",100,100,1
"Prr9","PRR9","ortholog_one2one",100,100,1
"Trappc11","TRAPPC11","ortholog_one2one",100,100,1
"Casd1","CASD1","ortholog_one2one",100,100,1
"Mansc1","MANSC1","ortholog_one2one",100,100,1
"Ldlrad3","LDLRAD3","ortholog_one2one",100,100,1
"Slc5a1","SLC5A1","ortholog_one2one",50,100,1
"Lelp1","LELP1","ortholog_one2one",100,100,0
"Olfr357","OR1Q1","ortholog_one2one",100,100,1
"Eif2s1","EIF2S1","ortholog_one2one",100,100,1
"Rgmb","RGMB","ortholog_one2one",75,99.97,1
"Anapc10","ANAPC10","ortholog_one2one",100,100,1
"Rpl22","RPL22","ortholog_one2one",100,100,1
"Paqr8","PAQR8","ortholog_one2one",100,100,1
"Kansl1l","KANSL1L","ortholog_one2one",100,100,1
"Creb3l2","CREB3L2","ortholog_one2one",100,100,1
"Ripk4","RIPK4","ortholog_one2one",100,99.85,1
"Asphd2","ASPHD2","ortholog_one2one",100,100,1
"Nudt9","NUDT9","ortholog_one2one",100,100,1
"Erich2","ERICH2","ortholog_one2one",100,70.11,0
"Tfap4","TFAP4","ortholog_one2one",100,100,1
"Cfap161","CFAP161","ortholog_one2one",100,99.9,1
"Pmis2","PMIS2","ortholog_one2one",100,91.83,0
"Flii","FLII","ortholog_one2one",100,100,1
"Fgfbp1","FGFBP1","ortholog_one2one",100,100,1
"Mad2l2","MAD2L2","ortholog_one2one",100,100,1
"Ttc1","TTC1","ortholog_one2one",100,100,1
"Akr1d1","AKR1D1","ortholog_one2one",100,100,1
"Hprt","HPRT1","ortholog_one2one",100,100,1
"Tnfaip3","TNFAIP3","ortholog_one2one",100,100,1
"Cd248","CD248","ortholog_one2one",100,100,1
"Fbxw4","FBXW4","ortholog_one2one",75,100,1
"Hrc","HRC","ortholog_one2one",100,98.99,0
"Ggnbp2","GGNBP2","ortholog_one2one",100,100,1
"Rpia","RPIA","ortholog_one2one",100,100,1
"Baalc","BAALC","ortholog_one2one",100,78.52,0
"Bean1","BEAN1","ortholog_one2one",100,97.19,1
"Zbed3","ZBED3","ortholog_one2one",100,100,0
"Tmem151a","TMEM151A","ortholog_one2one",100,100,1
"Tedc1","TEDC1","ortholog_one2one",100,100,1
"Ppfia4","PPFIA4","ortholog_one2one",100,100,1
"Npr2","NPR2","ortholog_one2one",100,100,1
"Ildr2","ILDR2","ortholog_one2one",100,100,1
"Cstb","CSTB","ortholog_one2one",75,100,1
"Coq3","COQ3","ortholog_one2one",100,100,1
"Tssk2","TSSK2","ortholog_one2one",100,100,1
"Ppp3r2","PPP3R2","ortholog_one2one",100,100,1
"Zfp574","ZNF574","ortholog_one2one",100,100,1
"Slc29a4","SLC29A4","ortholog_one2one",100,100,1
"Pole4","POLE4","ortholog_one2one",100,100,1
"Chrnb1","CHRNB1","ortholog_one2one",100,100,1
"Tlnrd1","TLNRD1","ortholog_one2one",100,100,1
"Grin3a","GRIN3A","ortholog_one2one",100,100,1
"Neu4","NEU4","ortholog_one2one",75,99.25,1
"Slc36a2","SLC36A2","ortholog_one2one",100,100,1
"Prelid2","PRELID2","ortholog_one2one",100,100,1
"Rnf19b","RNF19B","ortholog_one2one",100,100,1
"B3galt1","B3GALT1","ortholog_one2one",100,100,1
"Cby3","CBY3","ortholog_one2one",100,98.97,1
"Rad51c","RAD51C","ortholog_one2one",100,100,1
"Cacfd1","CACFD1","ortholog_one2one",100,100,1
"Mrpl49","MRPL49","ortholog_one2one",100,100,1
"Pdcd1","PDCD1","ortholog_one2one",50,98.55,1
"Fzd1","FZD1","ortholog_one2one",50,100,1
"Gm17018","DPCD","ortholog_one2one",100,100,1
"Pdxk","PDXK","ortholog_one2one",50,100,1
"Akip1","AKIP1","ortholog_one2one",100,100,1
"Zdhhc24","ZDHHC24","ortholog_one2one",100,100,1
"Ttll10","TTLL10","ortholog_one2one",100,100,1
"Gm6569","AC138647.1","ortholog_one2one",100,100,1
"4930447C04Rik","C14orf39","ortholog_one2one",100,100,1
"Frk","FRK","ortholog_one2one",75,100,1
"Lsm2","LSM2","ortholog_one2one",100,100,1
"Cd28","CD28","ortholog_one2one",100,100,1
"Mroh5","MROH5","ortholog_one2one",100,97.23,0
"Ccdc170","CCDC170","ortholog_one2one",100,99.24,1
"Tmem241","TMEM241","ortholog_one2one",100,100,1
"Eed","EED","ortholog_one2one",100,100,1
"Mcoln1","MCOLN1","ortholog_one2one",100,100,1
"BC051019","C11orf16","ortholog_one2one",100,98.1,1
"Fgf22","FGF22","ortholog_one2one",100,100,1
"Mlh3","MLH3","ortholog_one2one",100,100,1
"Postn","POSTN","ortholog_one2one",100,100,1
"Plek2","PLEK2","ortholog_one2one",100,100,1
"Tle5","TLE5","ortholog_one2one",100,89.63,1
"Draxin","DRAXIN","ortholog_one2one",100,100,1
"Rnf126","RNF126","ortholog_one2one",100,100,1
"Spsb3","SPSB3","ortholog_one2one",100,100,1
"Ctnna3","CTNNA3","ortholog_one2one",100,100,1
"Mgat4c","MGAT4C","ortholog_one2one",100,100,1
"Rad51ap1","RAD51AP1","ortholog_one2one",100,100,1
"Eif2ak3","EIF2AK3","ortholog_one2one",100,100,1
"Meltf","MELTF","ortholog_one2one",100,100,1
"Gkap1","GKAP1","ortholog_one2one",100,100,1
"Usp29","USP29","ortholog_one2one",75,0,0
"Hecw2","HECW2","ortholog_one2one",100,100,1
"Prss33","PRSS33","ortholog_one2one",75,100,1
"Efhc1","EFHC1","ortholog_one2one",100,98.2,1
"Lrrtm3","LRRTM3","ortholog_one2one",75,100,1
"Adra1b","ADRA1B","ortholog_one2one",100,100,1
"Tex46","TEX46","ortholog_one2one",100,100,0
"Lrp4","LRP4","ortholog_one2one",100,100,1
"Ankrd53","ANKRD53","ortholog_one2one",100,92.31,0
"Lrp11","LRP11","ortholog_one2one",50,100,1
"Epm2a","EPM2A","ortholog_one2one",100,100,1
"Evi5","EVI5","ortholog_one2one",100,100,1
"Fbxo4","FBXO4","ortholog_one2one",100,100,1
"Thop1","THOP1","ortholog_one2one",50,100,1
"Ush1c","USH1C","ortholog_one2one",100,100,1
"Mex3a","MEX3A","ortholog_one2one",100,100,1
"Grxcr2","GRXCR2","ortholog_one2one",100,100,1
"Lsm8","LSM8","ortholog_one2one",100,100,1
"Armc3","ARMC3","ortholog_one2one",100,100,1
"Asah1","ASAH1","ortholog_one2one",50,97.77,1
"Six6","SIX6","ortholog_one2one",100,100,1
"Tm2d1","TM2D1","ortholog_one2one",100,100,1
"Deup1","DEUP1","ortholog_one2one",100,100,1
"Nr0b2","NR0B2","ortholog_one2one",100,100,1
"Nop14","NOP14","ortholog_one2one",100,100,1
"Tmem229b","TMEM229B","ortholog_one2one",100,100,1
"Gpr141","GPR141","ortholog_one2one",100,100,1
"Greb1l","GREB1L","ortholog_one2one",50,100,1
"Borcs5","BORCS5","ortholog_one2one",100,96.9,1
"Plaa","PLAA","ortholog_one2one",100,100,1
"Hhip","HHIP","ortholog_one2one",100,100,1
"Dus1l","DUS1L","ortholog_one2one",100,100,1
"Frzb","FRZB","ortholog_one2one",100,100,1
"Fam217a","FAM217A","ortholog_one2one",100,100,0
"Usp25","USP25","ortholog_one2one",100,100,1
"Sema5a","SEMA5A","ortholog_one2one",50,100,1
"Gal3st1","GAL3ST1","ortholog_one2one",100,100,1
"Celf1","CELF1","ortholog_one2one",100,100,1
"Dnm1","DNM1","ortholog_one2one",75,100,1
"Eme2","EME2","ortholog_one2one",100,100,1
"Olfr152","OR5I1","ortholog_one2one",100,100,1
"Kif24","KIF24","ortholog_one2one",100,100,1
"Glyat","GLYAT","ortholog_one2one",75,100,1
"Rpl6","RPL6","ortholog_one2one",100,100,1
"Bmp4","BMP4","ortholog_one2one",100,100,1
"Gde1","GDE1","ortholog_one2one",50,100,1
"Yae1d1","YAE1","ortholog_one2one",100,100,1
"Kcnh6","KCNH6","ortholog_one2one",100,100,1
"Olfr362","OR1B1","ortholog_one2one",100,100,1
"Entr1","ENTR1","ortholog_one2one",100,100,1
"Mlycd","MLYCD","ortholog_one2one",100,100,1
"Numa1","NUMA1","ortholog_one2one",100,100,1
"Syt7","SYT7","ortholog_one2one",100,100,1
"Dazap1","DAZAP1","ortholog_one2one",100,100,1
"Smc5","SMC5","ortholog_one2one",100,100,1
"Fgf11","FGF11","ortholog_one2one",100,100,1
"Thnsl1","THNSL1","ortholog_one2one",100,100,1
"Apopt1","COA8","ortholog_one2one",100,91.58,1
"Tex37","TEX37","ortholog_one2one",100,100,1
"Cdk16","CDK16","ortholog_one2one",100,100,1
"Frs2","FRS2","ortholog_one2one",100,100,1
"Ccnb1","CCNB1","ortholog_one2one",100,100,1
"Spon2","SPON2","ortholog_one2one",50,100,1
"Ass1","ASS1","ortholog_one2one",100,100,1
"Trmt11","TRMT11","ortholog_one2one",100,100,1
"Swi5","SWI5","ortholog_one2one",50,100,0
"Foxi3","FOXI3","ortholog_one2one",100,100,1
"Ecel1","ECEL1","ortholog_one2one",75,100,1
"Sel1l3","SEL1L3","ortholog_one2one",100,100,1
"Celf2","CELF2","ortholog_one2one",100,100,1
"Rnase6","RNASE6","ortholog_one2one",100,100,1
"Slc36a1","SLC36A1","ortholog_one2one",100,100,1
"Prkcsh","PRKCSH","ortholog_one2one",100,100,1
"Slc6a6","SLC6A6","ortholog_one2one",100,100,1
"Ptgfrn","PTGFRN","ortholog_one2one",100,100,1
"Il2ra","IL2RA","ortholog_one2one",100,100,1
"Tle2","TLE2","ortholog_one2one",100,99.25,1
"Pla2g4c","PLA2G4C","ortholog_one2one",100,87.49,1
"Itga8","ITGA8","ortholog_one2one",50,100,1
"Cylc2","CYLC2","ortholog_one2one",100,82.51,0
"Wdr33","WDR33","ortholog_one2one",100,100,1
"Ascl3","ASCL3","ortholog_one2one",100,100,1
"Ssc4d","SSC4D","ortholog_one2one",100,100,1
"Dcaf7","DCAF7","ortholog_one2one",100,100,1
"Eno2","ENO2","ortholog_one2one",100,100,1
"Bclaf1","BCLAF1","ortholog_one2one",100,100,1
"Rnase1","RNASE1","ortholog_one2one",75,100,1
"Rab25","RAB25","ortholog_one2one",100,100,1
"Kat14","KAT14","ortholog_one2one",75,100,1
"Il12b","IL12B","ortholog_one2one",100,100,1
"Tmem9b","TMEM9B","ortholog_one2one",100,100,1
"Dcdc2a","DCDC2","ortholog_one2one",100,100,1
"Hpse2","HPSE2","ortholog_one2one",100,100,1
"Tmem183a","TMEM183A","ortholog_one2one",100,100,1
"Tex261","TEX261","ortholog_one2one",75,100,1
"Apob","APOB","ortholog_one2one",100,99.86,1
"Atrnl1","ATRNL1","ortholog_one2one",100,100,1
"Dock10","DOCK10","ortholog_one2one",100,100,1
"Zfp639","ZNF639","ortholog_one2one",100,100,1
"St7l","ST7L","ortholog_one2one",100,97.88,1
"Tmem121","TMEM121","ortholog_one2one",100,100,1
"Mpdz","MPDZ","ortholog_one2one",100,100,1
"Rwdd4a","RWDD4","ortholog_one2one",100,100,1
"Oip5","OIP5","ortholog_one2one",100,97.24,1
"4933417A18Rik","C6orf201","ortholog_one2one",100,67.16,0
"Wdr19","WDR19","ortholog_one2one",100,100,1
"Il18bp","IL18BP","ortholog_one2one",100,100,1
"Clstn1","CLSTN1","ortholog_one2one",100,100,1
"Pet117","PET117","ortholog_one2one",100,100,1
"Macf1","MACF1","ortholog_one2one",100,100,1
"Trim44","TRIM44","ortholog_one2one",100,100,1
"Slc37a1","SLC37A1","ortholog_one2one",100,100,1
"Zbbx","ZBBX","ortholog_one2one",100,99.97,0
"Nrsn1","NRSN1","ortholog_one2one",100,100,1
"Faxc","FAXC","ortholog_one2one",100,100,1
"Rnf24","RNF24","ortholog_one2one",100,95.66,1
"Krtap15","KRTAP15-1","ortholog_one2one",75,100,0
"Ccdc14","CCDC14","ortholog_one2one",100,100,1
"Sox2","SOX2","ortholog_one2one",100,100,1
"Ccdc88a","CCDC88A","ortholog_one2one",100,100,1
"Tor1a","TOR1A","ortholog_one2one",100,21.82,1
"Agps","AGPS","ortholog_one2one",100,100,1
"Ezh2","EZH2","ortholog_one2one",100,100,1
"Tenm4","TENM4","ortholog_one2one",100,100,1
"Patz1","PATZ1","ortholog_one2one",75,100,1
"Ccp110","CCP110","ortholog_one2one",100,100,1
"B4galt6","B4GALT6","ortholog_one2one",100,100,1
"Gpatch3","GPATCH3","ortholog_one2one",75,100,1
"Ryr2","RYR2","ortholog_one2one",75,99.72,1
"Bud31","BUD31","ortholog_one2one",100,100,1
"Pwp1","PWP1","ortholog_one2one",100,100,1
"Ehd1","EHD1","ortholog_one2one",100,100,1
"Prss21","PRSS21","ortholog_one2one",75,30.9,1
"Acyp1","ACYP1","ortholog_one2one",100,100,1
"Nccrp1","NCCRP1","ortholog_one2one",75,100,1
"Hk2","HK2","ortholog_one2one",100,100,1
"Dusp16","DUSP16","ortholog_one2one",100,100,1
"Zc2hc1c","ZC2HC1C","ortholog_one2one",100,100,1
"Mical1","MICAL1","ortholog_one2one",100,99.87,1
"Kat6b","KAT6B","ortholog_one2one",100,100,1
"Gm136","C6orf163","ortholog_one2one",100,100,1
"Tmem102","TMEM102","ortholog_one2one",100,100,1
"Sft2d3","SFT2D3","ortholog_one2one",100,100,1
"Samd4b","SAMD4B","ortholog_one2one",100,100,1
"Pank2","PANK2","ortholog_one2one",100,100,1
"Nudt2","NUDT2","ortholog_one2one",100,100,1
"Fance","FANCE","ortholog_one2one",100,99.95,1
"Cd2","CD2","ortholog_one2one",100,100,1
"Nts","NTS","ortholog_one2one",100,100,1
"Gfra1","GFRA1","ortholog_one2one",100,100,1
"Msrb2","MSRB2","ortholog_one2one",100,100,1
"Clec4g","CLEC4G","ortholog_one2one",100,100,1
"Abhd18","ABHD18","ortholog_one2one",100,100,1
"Maco1","MACO1","ortholog_one2one",100,100,1
"Gmfg","GMFG","ortholog_one2one",75,100,1
"Prss56","PRSS56","ortholog_one2one",50,100,1
"AW549877","C5orf51","ortholog_one2one",100,100,1
"Ntsr2","NTSR2","ortholog_one2one",100,100,1
"Pik3ip1","PIK3IP1","ortholog_one2one",100,100,1
"Sdcbp2","SDCBP2","ortholog_one2one",75,100,1
"Caskin2","CASKIN2","ortholog_one2one",100,100,1
"Crebl2","CREBL2","ortholog_one2one",100,98.69,1
"Ddx21","DDX21","ortholog_one2one",100,96.74,1
"Alx4","ALX4","ortholog_one2one",100,100,1
"Elmo1","ELMO1","ortholog_one2one",75,100,1
"Ptf1a","PTF1A","ortholog_one2one",100,100,1
"Ext2","EXT2","ortholog_one2one",100,99.22,1
"Gpn2","GPN2","ortholog_one2one",100,100,1
"Gpbar1","GPBAR1","ortholog_one2one",50,100,1
"Plac1","PLAC1","ortholog_one2one",100,100,0
"Avpr1b","AVPR1B","ortholog_one2one",100,100,1
"Olig3","OLIG3","ortholog_one2one",100,100,1
"Mip","MIP","ortholog_one2one",100,100,1
"Tspan33","TSPAN33","ortholog_one2one",100,100,1
"Pak4","PAK4","ortholog_one2one",100,100,1
"Pogk","POGK","ortholog_one2one",100,100,1
"Anapc7","ANAPC7","ortholog_one2one",100,100,1
"Spem2","SPEM2","ortholog_one2one",100,100,1
"Pum2","PUM2","ortholog_one2one",100,100,1
"Adcy1","ADCY1","ortholog_one2one",100,100,1
"Vars","VARS1","ortholog_one2one",100,100,1
"Smim20","SMIM20","ortholog_one2one",100,100,0
"Frem3","FREM3","ortholog_one2one",100,100,1
"Oxct1","OXCT1","ortholog_one2one",100,100,1
"Olfr368","OR5C1","ortholog_one2one",100,100,1
"Taco1","TACO1","ortholog_one2one",100,100,1
"Sycn","SYCN","ortholog_one2one",75,100,1
"Vac14","VAC14","ortholog_one2one",100,100,1
"Spem1","SPEM1","ortholog_one2one",100,100,1
"Stx5a","STX5","ortholog_one2one",100,100,1
"Ing2","ING2","ortholog_one2one",100,100,1
"Lrfn1","LRFN1","ortholog_one2one",75,100,1
"Ctse","CTSE","ortholog_one2one",100,100,1
"Pdcl","PDCL","ortholog_one2one",100,100,1
"Fzd6","FZD6","ortholog_one2one",100,100,1
"Hsph1","HSPH1","ortholog_one2one",100,100,1
"Slit1","SLIT1","ortholog_one2one",100,100,1
"Tmem94","TMEM94","ortholog_one2one",100,100,1
"Sdcbp","SDCBP","ortholog_one2one",100,98.35,1
"Gpr158","GPR158","ortholog_one2one",100,100,1
"Mesd","MESD","ortholog_one2one",100,100,1
"Tada1","TADA1","ortholog_one2one",100,100,1
"Hnrnpa2b1","HNRNPA2B1","ortholog_one2one",100,100,1
"Dzank1","DZANK1","ortholog_one2one",100,100,1
"Atp2a2","ATP2A2","ortholog_one2one",75,100,1
"Nek9","NEK9","ortholog_one2one",100,100,1
"Cnnm1","CNNM1","ortholog_one2one",100,100,1
"Fjx1","FJX1","ortholog_one2one",100,100,1
"Trappc8","TRAPPC8","ortholog_one2one",100,100,1
"Rassf9","RASSF9","ortholog_one2one",100,100,1
"Mfsd8","MFSD8","ortholog_one2one",100,96.62,1
"Ttc25","TTC25","ortholog_one2one",100,100,1
"Fam122b","FAM122B","ortholog_one2one",100,100,1
"Osbpl8","OSBPL8","ortholog_one2one",100,100,1
"Sfn","SFN","ortholog_one2one",100,100,1
"Myorg","MYORG","ortholog_one2one",100,100,1
"Rnh1","RNH1","ortholog_one2one",100,100,1
"Strip2","STRIP2","ortholog_one2one",100,100,1
"Ap2s1","AP2S1","ortholog_one2one",100,100,1
"Dnah5","DNAH5","ortholog_one2one",100,100,1
"Kcnq4","KCNQ4","ortholog_one2one",100,100,1
"Gpr19","GPR19","ortholog_one2one",100,100,1
"Tnrc18","TNRC18","ortholog_one2one",100,100,0
"Nars2","NARS2","ortholog_one2one",100,100,1
"Nlgn2","NLGN2","ortholog_one2one",100,100,1
"Clk1","CLK1","ortholog_one2one",100,97.03,1
"Slc7a9","SLC7A9","ortholog_one2one",100,100,1
"Lactbl1","LACTBL1","ortholog_one2one",100,99.71,1
"Fignl1","FIGNL1","ortholog_one2one",100,100,1
"Ankrd13b","ANKRD13B","ortholog_one2one",100,100,1
"Gtpbp8","GTPBP8","ortholog_one2one",100,97.13,1
"Chd5","CHD5","ortholog_one2one",100,100,1
"Gpr17","GPR17","ortholog_one2one",100,100,1
"Katnb1","KATNB1","ortholog_one2one",100,100,1
"Lims2","LIMS2","ortholog_one2one",100,100,1
"Osgin1","OSGIN1","ortholog_one2one",100,100,1
"Cnih2","CNIH2","ortholog_one2one",100,100,1
"Mgmt","MGMT","ortholog_one2one",100,100,1
"Acadl","ACADL","ortholog_one2one",100,100,1
"Igsf3","IGSF3","ortholog_one2one",100,100,1
"Tmed10","TMED10","ortholog_one2one",100,100,1
"Krtap8-1","KRTAP8-1","ortholog_one2one",50,100,1
"Krtap7-1","KRTAP7-1","ortholog_one2one",100,100,1
"Serpini2","SERPINI2","ortholog_one2one",100,100,1
"Yif1a","YIF1A","ortholog_one2one",100,100,1
"Krtap11-1","KRTAP11-1","ortholog_one2one",100,97.03,1
"Smarca5","SMARCA5","ortholog_one2one",100,100,1
"Zdhhc18","ZDHHC18","ortholog_one2one",100,100,1
"Yap1","YAP1","ortholog_one2one",100,100,1
"Tex14","TEX14","ortholog_one2one",100,99.68,1
"Nepro","NEPRO","ortholog_one2one",100,100,1
"Ighe","IGHE","ortholog_one2one",75,99.19,0
"Actr3","ACTR3","ortholog_one2one",75,100,1
"D6Wsu163e","C12orf4","ortholog_one2one",100,100,1
"Smpd2","SMPD2","ortholog_one2one",100,100,1
"Robo3","ROBO3","ortholog_one2one",100,99.99,1
"Cabp5","CABP5","ortholog_one2one",100,100,1
"Usp11","USP11","ortholog_one2one",100,100,1
"Cep152","CEP152","ortholog_one2one",100,100,1
"Ess2","ESS2","ortholog_one2one",75,100,1
"Kifc3","KIFC3","ortholog_one2one",100,100,1
"Fam222a","FAM222A","ortholog_one2one",100,100,1
"Tfr2","TFR2","ortholog_one2one",100,100,1
"Mien1","MIEN1","ortholog_one2one",100,100,1
"Lrrc23","LRRC23","ortholog_one2one",100,100,1
"Hectd4","HECTD4","ortholog_one2one",100,100,1
"4921504E06Rik","C10orf67","ortholog_one2one",100,89.11,0
"Erbb2","ERBB2","ortholog_one2one",100,100,1
"Chrnd","CHRND","ortholog_one2one",100,100,1
"Spats1","SPATS1","ortholog_one2one",100,100,1
"Fam20a","FAM20A","ortholog_one2one",100,100,1
"Cdc42bpg","CDC42BPG","ortholog_one2one",100,100,1
"Fam3c","FAM3C","ortholog_one2one",100,100,1
"Ldha","LDHA","ortholog_one2one",100,100,1
"Ltbp4","LTBP4","ortholog_one2one",100,99.29,1
"0610012G03Rik","NCBP2AS2","ortholog_one2one",100,100,1
"Pla2g15","PLA2G15","ortholog_one2one",100,100,1
"Creb3l3","CREB3L3","ortholog_one2one",50,100,1
"Tpi1","TPI1","ortholog_one2one",100,100,1
"Ints10","INTS10","ortholog_one2one",100,100,1
"BC005624","C9orf78","ortholog_one2one",100,100,1
"Dnah10","DNAH10","ortholog_one2one",100,99.42,1
"Fam122c","FAM122C","ortholog_one2one",100,89.01,0
"Trbv3","TRBV2","ortholog_one2one",100,100,1
"Masp1","MASP1","ortholog_one2one",100,100,1
"Zmiz2","ZMIZ2","ortholog_one2one",100,100,1
"Arfgef1","ARFGEF1","ortholog_one2one",100,100,1
"Cyp4f39","CYP4F22","ortholog_one2one",75,100,1
"Nagk","NAGK","ortholog_one2one",50,100,1
"Six1","SIX1","ortholog_one2one",100,100,1
"Hacd2","HACD2","ortholog_one2one",100,100,1
"Nsmaf","NSMAF","ortholog_one2one",100,98.32,1
"Trbv4","TRBV3-1","ortholog_one2one",100,100,1
"Fgf6","FGF6","ortholog_one2one",100,100,1
"Nfrkb","NFRKB","ortholog_one2one",100,100,1
"Cdkn2aip","CDKN2AIP","ortholog_one2one",100,100,1
"Syp","SYP","ortholog_one2one",100,100,1
"Snph","SNPH","ortholog_one2one",100,100,1
"Mylk","MYLK","ortholog_one2one",100,99.96,1
"Krtcap3","KRTCAP3","ortholog_one2one",100,100,1
"Tnfaip1","TNFAIP1","ortholog_one2one",100,100,1
"Ncoa4","NCOA4","ortholog_one2one",25,98.97,1
"Spsb2","SPSB2","ortholog_one2one",100,97.43,1
"Hint3","HINT3","ortholog_one2one",100,100,1
"Selenow","SELENOW","ortholog_one2one",100,98.48,1
"Mtss2","MTSS2","ortholog_one2one",100,100,1
"Ndufs4","NDUFS4","ortholog_one2one",100,100,1
"Bahcc1","BAHCC1","ortholog_one2one",100,99.51,1
"Col14a1","COL14A1","ortholog_one2one",100,100,1
"Rgl1","RGL1","ortholog_one2one",100,100,1
"Rtp4","RTP4","ortholog_one2one",100,100,0
"Asap2","ASAP2","ortholog_one2one",50,97.35,1
"Gtf2ird1","GTF2IRD1","ortholog_one2one",100,93.89,1
"Ccdc201","CCDC201","ortholog_one2one",100,100,0
"Ncoa7","NCOA7","ortholog_one2one",100,100,1
"Ift74","IFT74","ortholog_one2one",100,100,1
"Popdc3","POPDC3","ortholog_one2one",100,100,1
"Aptx","APTX","ortholog_one2one",100,99.97,1
"Got1","GOT1","ortholog_one2one",100,100,1
"Cdkn1b","CDKN1B","ortholog_one2one",100,100,1
"Aamp","AAMP","ortholog_one2one",100,100,1
"Traf3ip1","TRAF3IP1","ortholog_one2one",100,100,1
"Ncbp2","NCBP2","ortholog_one2one",100,100,1
"Flnb","FLNB","ortholog_one2one",50,99.65,1
"Nsd3","NSD3","ortholog_one2one",100,100,1
"Ccdc103","CCDC103","ortholog_one2one",100,100,1
"Senp5","SENP5","ortholog_one2one",100,100,1
"Necab2","NECAB2","ortholog_one2one",100,100,1
"Fbxl4","FBXL4","ortholog_one2one",100,100,1
"Gpr155","GPR155","ortholog_one2one",100,100,1
"Paip2b","PAIP2B","ortholog_one2one",50,100,1
"Foxq1","FOXQ1","ortholog_one2one",100,100,1
"Ppfia1","PPFIA1","ortholog_one2one",100,100,1
"Sh3rf2","SH3RF2","ortholog_one2one",100,100,1
"Fam187a","FAM187A","ortholog_one2one",100,100,1
"Rhbdl1","RHBDL1","ortholog_one2one",100,100,1
"Yeats4","YEATS4","ortholog_one2one",100,100,1
"Tmem45b","TMEM45B","ortholog_one2one",100,100,1
"Ccdc172","CCDC172","ortholog_one2one",100,95.67,1
"Arhgef28","ARHGEF28","ortholog_one2one",100,100,1
"Atp1a1","ATP1A1","ortholog_one2one",100,100,1
"Nkx2-3","NKX2-3","ortholog_one2one",100,100,1
"Lig3","LIG3","ortholog_one2one",100,100,1
"Slc25a28","SLC25A28","ortholog_one2one",75,100,1
"Stab1","STAB1","ortholog_one2one",100,100,1
"Nacc2","NACC2","ortholog_one2one",100,100,1
"Fgf23","FGF23","ortholog_one2one",100,100,1
"Ube2o","UBE2O","ortholog_one2one",100,100,1
"Wdr66","CFAP251","ortholog_one2one",75,84.22,1
"Tcp11l1","TCP11L1","ortholog_one2one",100,100,1
"Sharpin","SHARPIN","ortholog_one2one",100,100,1
"Abcc5","ABCC5","ortholog_one2one",100,100,1
"Igfbp1","IGFBP1","ortholog_one2one",100,100,1
"Lrrc19","LRRC19","ortholog_one2one",100,100,1
"Luc7l3","LUC7L3","ortholog_one2one",100,100,1
"Clcn3","CLCN3","ortholog_one2one",100,100,1
"Liph","LIPH","ortholog_one2one",100,100,1
"Alx1","ALX1","ortholog_one2one",100,100,1
"Rc3h2","RC3H2","ortholog_one2one",100,100,1
"Rab1b","RAB1B","ortholog_one2one",100,100,1
"Cyp26b1","CYP26B1","ortholog_one2one",75,100,1
"Nop53","NOP53","ortholog_one2one",100,100,1
"Rpp21","RPP21","ortholog_one2one",100,100,1
"Klk4","KLK4","ortholog_one2one",100,100,1
"Cdk14","CDK14","ortholog_one2one",100,100,1
"Zfand2b","ZFAND2B","ortholog_one2one",100,100,1
"Cstf3","CSTF3","ortholog_one2one",100,99.01,1
"Ddx50","DDX50","ortholog_one2one",100,100,1
"Fmo4","FMO4","ortholog_one2one",100,99.08,1
"Grxcr1","GRXCR1","ortholog_one2one",100,100,1
"Nxph3","NXPH3","ortholog_one2one",100,100,1
"Ublcp1","UBLCP1","ortholog_one2one",100,100,1
"4930558C23Rik","CTXND2","ortholog_one2one",100,100,1
"Agr3","AGR3","ortholog_one2one",100,100,1
"8030462N17Rik","C18orf25","ortholog_one2one",100,100,1
"Mtfr2","MTFR2","ortholog_one2one",100,98.66,1
"Apobec4","APOBEC4","ortholog_one2one",100,100,1
"Lnpep","LNPEP","ortholog_one2one",50,100,1
"Vwa7","VWA7","ortholog_one2one",100,100,1
"Six4","SIX4","ortholog_one2one",100,100,1
"Riok3","RIOK3","ortholog_one2one",100,100,1
"Aars2","AARS2","ortholog_one2one",100,100,1
"Plac8l1","PLAC8L1","ortholog_one2one",100,100,1
"Trim39","TRIM39","ortholog_one2one",100,100,1
"Mocos","MOCOS","ortholog_one2one",100,100,1
"Klk15","KLK15","ortholog_one2one",100,100,1
"Prpsap2","PRPSAP2","ortholog_one2one",25,100,1
"Npm1","NPM1","ortholog_one2one",100,91.77,1
"Pld6","PLD6","ortholog_one2one",50,92.55,1
"Eid1","EID1","ortholog_one2one",100,100,1
"Shc4","SHC4","ortholog_one2one",100,100,1
"Cnot11","CNOT11","ortholog_one2one",100,100,1
"Sapcd1","SAPCD1","ortholog_one2one",100,100,1
"Fau","FAU","ortholog_one2one",75,100,1
"Asb1","ASB1","ortholog_one2one",100,100,1
"Mospd1","MOSPD1","ortholog_one2one",75,100,1
"Wwc2","WWC2","ortholog_one2one",100,100,1
"Lin7b","LIN7B","ortholog_one2one",100,100,1
"Slc36a4","SLC36A4","ortholog_one2one",100,100,1
"Ngfr","NGFR","ortholog_one2one",100,100,1
"Ctla4","CTLA4","ortholog_one2one",100,100,1
"Cpsf3","CPSF3","ortholog_one2one",100,100,1
"Tmem250-ps","TMEM250","ortholog_one2one",100,100,1
"Wdr90","WDR90","ortholog_one2one",100,100,1
"Ppfia3","PPFIA3","ortholog_one2one",100,100,1
"Tmem106b","TMEM106B","ortholog_one2one",50,100,1
"Barx2","BARX2","ortholog_one2one",100,100,1
"Rnf149","RNF149","ortholog_one2one",100,100,1
"Tcte1","TCTE1","ortholog_one2one",100,100,1
"Map3k3","MAP3K3","ortholog_one2one",75,100,1
"Polr3f","POLR3F","ortholog_one2one",100,100,1
"Pomgnt1","POMGNT1","ortholog_one2one",100,100,1
"Prickle3","PRICKLE3","ortholog_one2one",100,100,1
"Lmbrd2","LMBRD2","ortholog_one2one",100,100,1
"9530003J23Rik","LYZ","ortholog_one2one",100,100,1
"Syn1","SYN1","ortholog_one2one",100,100,1
"Slc30a5","SLC30A5","ortholog_one2one",100,100,1
"Dock4","DOCK4","ortholog_one2one",75,99.61,1
"Kif27","KIF27","ortholog_one2one",100,100,1
"Stox1","STOX1","ortholog_one2one",100,97.08,1
"Igfbp3","IGFBP3","ortholog_one2one",100,100,1
"Ppp3cb","PPP3CB","ortholog_one2one",100,100,1
"Sema3c","SEMA3C","ortholog_one2one",75,100,1
"Znhit3","ZNHIT3","ortholog_one2one",50,100,1
"Nt5dc2","NT5DC2","ortholog_one2one",100,100,1
"Nlrp5","NLRP5","ortholog_one2one",0,84.86,0
"Lamtor2","LAMTOR2","ortholog_one2one",100,100,1
"Tmem150b","TMEM150B","ortholog_one2one",100,100,1
"Bves","BVES","ortholog_one2one",100,100,1
"Mnat1","MNAT1","ortholog_one2one",100,100,1
"Itgb1bp1","ITGB1BP1","ortholog_one2one",50,100,1
"Mettl3","METTL3","ortholog_one2one",100,100,1
"Fadd","FADD","ortholog_one2one",100,100,1
"Stk39","STK39","ortholog_one2one",100,100,1
"Zkscan16","ZNF483","ortholog_one2one",100,100,1
"Ubqln4","UBQLN4","ortholog_one2one",100,100,1
"Ankrd46","ANKRD46","ortholog_one2one",100,96.47,1
"Araf","ARAF","ortholog_one2one",100,100,1
"Muc1","MUC1","ortholog_one2one",100,90.68,0
"Tex38","TEX38","ortholog_one2one",100,100,1
"Myo19","MYO19","ortholog_one2one",75,100,1
"Brsk1","BRSK1","ortholog_one2one",100,99.85,1
"Mab21l3","MAB21L3","ortholog_one2one",100,100,1
"Nrip3","NRIP3","ortholog_one2one",100,100,1
"Kmt5b","KMT5B","ortholog_one2one",100,100,1
"Arsi","ARSI","ortholog_one2one",100,100,1
"Ehd2","EHD2","ortholog_one2one",100,100,1
"Cachd1","CACHD1","ortholog_one2one",100,100,1
"Tram2","TRAM2","ortholog_one2one",75,100,1
"Slc2a6","SLC2A6","ortholog_one2one",100,100,1
"Skp2","SKP2","ortholog_one2one",100,100,1
"Tigar","TIGAR","ortholog_one2one",100,100,1
"Sema4f","SEMA4F","ortholog_one2one",100,100,1
"Secisbp2l","SECISBP2L","ortholog_one2one",100,100,1
"Traf2","TRAF2","ortholog_one2one",100,100,1
"Smim8","SMIM8","ortholog_one2one",100,100,1
"Crhbp","CRHBP","ortholog_one2one",100,100,1
"Pou3f2","POU3F2","ortholog_one2one",100,100,1
"Dtx2","DTX2","ortholog_one2one",75,100,1
"Borcs8","BORCS8","ortholog_one2one",75,90.98,1
"Msantd2","MSANTD2","ortholog_one2one",100,100,1
"Il34","IL34","ortholog_one2one",100,100,1
"Slc38a8","SLC38A8","ortholog_one2one",100,100,1
"Cfap54","CFAP54","ortholog_one2one",100,100,1
"Mtnr1b","MTNR1B","ortholog_one2one",100,100,1
"Emid1","EMID1","ortholog_one2one",100,100,1
"Nrf1","NRF1","ortholog_one2one",100,95.1,1
"Vldlr","VLDLR","ortholog_one2one",100,100,1
"Tmem54","TMEM54","ortholog_one2one",100,100,1
"Gdf11","GDF11","ortholog_one2one",100,100,1
"Kctd8","KCTD8","ortholog_one2one",100,100,1
"Slc1a5","SLC1A5","ortholog_one2one",100,97.67,1
"Actg1","ACTG1","ortholog_one2one",100,100,1
"Limd2","LIMD2","ortholog_one2one",100,100,1
"Sparcl1","SPARCL1","ortholog_one2one",100,100,1
"Sh3d19","SH3D19","ortholog_one2one",100,100,1
"Pde4b","PDE4B","ortholog_one2one",100,100,1
"Bsph1","BSPH1","ortholog_one2one",100,77.63,0
"Pigw","PIGW","ortholog_one2one",100,100,1
"Rab2b","RAB2B","ortholog_one2one",100,100,1
"Cyb5r1","CYB5R1","ortholog_one2one",100,100,1
"Tg","TG","ortholog_one2one",100,100,1
"Otud1","OTUD1","ortholog_one2one",100,98.78,1
"Olfr1358","OR10R2","ortholog_one2one",0,0,0
"Lin28b","LIN28B","ortholog_one2one",100,100,1
"Sec14l4","SEC14L4","ortholog_one2one",100,100,1
"Rnf125","RNF125","ortholog_one2one",100,100,1
"Fbxl18","FBXL18","ortholog_one2one",100,100,1
"Trpv1","TRPV1","ortholog_one2one",100,99.55,1
"Fos","FOS","ortholog_one2one",100,100,1
"Slc22a15","SLC22A15","ortholog_one2one",100,100,1
"Glis2","GLIS2","ortholog_one2one",100,100,1
"Grk4","GRK4","ortholog_one2one",100,100,1
"Hpca","HPCA","ortholog_one2one",100,100,1
"Wdr49","WDR49","ortholog_one2one",100,100,1
"Ephb2","EPHB2","ortholog_one2one",100,100,1
"Epb41","EPB41","ortholog_one2one",100,100,1
"1110017D15Rik","C9orf24","ortholog_one2one",100,100,1
"Tmem14a","TMEM14A","ortholog_one2one",50,82.31,1
"Grip2","GRIP2","ortholog_one2one",100,100,1
"Rint1","RINT1","ortholog_one2one",50,100,1
"Tmem50a","TMEM50A","ortholog_one2one",100,100,1
"Orc2","ORC2","ortholog_one2one",100,100,1
"Atpaf1","ATPAF1","ortholog_one2one",100,100,1
"Hs3st5","HS3ST5","ortholog_one2one",75,100,1
"Prss48","PRSS48","ortholog_one2one",100,96.56,1
"Usp54","USP54","ortholog_one2one",100,98.99,1
"Fsd1l","FSD1L","ortholog_one2one",100,100,1
"Timp1","TIMP1","ortholog_one2one",100,100,1
"Fam174a","FAM174A","ortholog_one2one",50,100,1
"Gsc2","GSC2","ortholog_one2one",50,100,1
"Arhgef10l","ARHGEF10L","ortholog_one2one",100,100,1
"Rab7b","RAB7B","ortholog_one2one",100,100,1
"Olfr1155","OR5D16","ortholog_one2one",100,100,1
"Twist2","TWIST2","ortholog_one2one",100,100,1
"S100z","S100Z","ortholog_one2one",100,100,1
"Rnf40","RNF40","ortholog_one2one",100,100,1
"Cenpo","CENPO","ortholog_one2one",100,100,1
"Fmo1","FMO1","ortholog_one2one",100,100,1
"Crtc1","CRTC1","ortholog_one2one",100,100,1
"Pigh","PIGH","ortholog_one2one",100,100,1
"Mob2","MOB2","ortholog_one2one",75,98.96,1
"Fst","FST","ortholog_one2one",100,100,1
"Mamdc2","MAMDC2","ortholog_one2one",100,100,1
"Aanat","AANAT","ortholog_one2one",100,100,1
"Sez6l","SEZ6L","ortholog_one2one",100,100,1
"Plekhh1","PLEKHH1","ortholog_one2one",100,100,1
"Tox4","TOX4","ortholog_one2one",100,100,1
"Sprr3","SPRR3","ortholog_one2one",100,91.92,0
"Fkrp","FKRP","ortholog_one2one",100,100,1
"Rhbdf2","RHBDF2","ortholog_one2one",100,99.92,1
"Prdm15","PRDM15","ortholog_one2one",100,100,1
"As3mt","AS3MT","ortholog_one2one",100,100,1
"Rffl","RFFL","ortholog_one2one",100,100,1
"Cntf","CNTF","ortholog_one2one",75,100,1
"Strn4","STRN4","ortholog_one2one",100,100,1
"Adcy3","ADCY3","ortholog_one2one",100,100,1
"Hras","HRAS","ortholog_one2one",100,100,1
"Rsrp1","RSRP1","ortholog_one2one",100,100,1
"Ptprz1","PTPRZ1","ortholog_one2one",100,99.67,1
"Smim4","SMIM4","ortholog_one2one",100,100,0
"Lrriq1","LRRIQ1","ortholog_one2one",100,99.95,1
"Ptgr1","PTGR1","ortholog_one2one",100,100,1
"Alkbh1","ALKBH1","ortholog_one2one",100,100,1
"Sema6a","SEMA6A","ortholog_one2one",100,100,1
"Nfkbie","NFKBIE","ortholog_one2one",100,100,1
"Ifngr1","IFNGR1","ortholog_one2one",100,95.45,0
"Pbrm1","PBRM1","ortholog_one2one",100,100,1
"Dspp","DSPP","ortholog_one2one",100,93.79,0
"Gab1","GAB1","ortholog_one2one",100,100,1
"Ppil3","PPIL3","ortholog_one2one",100,100,1
"Corin","CORIN","ortholog_one2one",75,100,1
"Trbv17","TRBV15","ortholog_one2one",100,100,1
"Ssr2","SSR2","ortholog_one2one",100,100,1
"Fgf8","FGF8","ortholog_one2one",100,100,1
"Fscn2","FSCN2","ortholog_one2one",100,100,1
"Trbv19","TRBV19","ortholog_one2one",100,100,1
"Clmp","CLMP","ortholog_one2one",100,100,1
"St8sia4","ST8SIA4","ortholog_one2one",50,100,1
"Il27","IL27","ortholog_one2one",100,100,1
"Iapp","IAPP","ortholog_one2one",100,100,1
"Foxf2","FOXF2","ortholog_one2one",100,100,1
"1700028P14Rik","C9orf135","ortholog_one2one",100,100,1
"Slirp","SLIRP","ortholog_one2one",75,86.17,1
"Lrrc10b","LRRC10B","ortholog_one2one",100,100,1
"Rbbp9","RBBP9","ortholog_one2one",100,100,1
"Cln3","CLN3","ortholog_one2one",50,100,1
"Agr2","AGR2","ortholog_one2one",100,100,1
"Jdp2","JDP2","ortholog_one2one",100,100,1
"Rad21l","RAD21L1","ortholog_one2one",100,100,1
"Strada","STRADA","ortholog_one2one",100,100,1
"Snw1","SNW1","ortholog_one2one",50,100,1
"Sla","SLA","ortholog_one2one",100,100,1
"Atp5a1","ATP5F1A","ortholog_one2one",100,100,1
"Rapsn","RAPSN","ortholog_one2one",100,100,1
"BC004004","C6orf89","ortholog_one2one",100,100,1
"Pnlip","PNLIP","ortholog_one2one",100,100,1
"Tap1","TAP1","ortholog_one2one",100,100,1
"Rnf121","RNF121","ortholog_one2one",75,100,1
"Tlx3","TLX3","ortholog_one2one",100,100,1
"Adcy5","ADCY5","ortholog_one2one",100,100,1
"Chka","CHKA","ortholog_one2one",100,100,1
"Foxc1","FOXC1","ortholog_one2one",100,100,1
"Lrrc75b","LRRC75B","ortholog_one2one",75,100,1
"Rnf138","RNF138","ortholog_one2one",75,100,1
"Nhlh2","NHLH2","ortholog_one2one",100,100,1
"Dnajc7","DNAJC7","ortholog_one2one",100,100,1
"Mob3c","MOB3C","ortholog_one2one",100,100,1
"Kremen1","KREMEN1","ortholog_one2one",100,98.45,1
"Faap100","FAAP100","ortholog_one2one",100,100,1
"Olfr664","OR52N1","ortholog_one2one",50,100,1
"Ccdc47","CCDC47","ortholog_one2one",75,100,1
"Ranbp17","RANBP17","ortholog_one2one",100,100,1
"Tnk1","TNK1","ortholog_one2one",100,100,1
"Arnt","ARNT","ortholog_one2one",100,100,1
"Gsta3","GSTA5","ortholog_one2one",0,0,0
"Myl1","MYL1","ortholog_one2one",100,100,1
"Bcl7a","BCL7A","ortholog_one2one",100,100,1
"Nif3l1","NIF3L1","ortholog_one2one",100,100,1
"Slc35b2","SLC35B2","ortholog_one2one",100,100,1
"Spaca6","SPACA6","ortholog_one2one",50,100,1
"Mtr","MTR","ortholog_one2one",100,100,1
"Ppp2r3c","PPP2R3C","ortholog_one2one",100,100,1
"Slc29a3","SLC29A3","ortholog_one2one",100,99.95,1
"Hdgfl1","HDGFL1","ortholog_one2one",100,100,0
"Tenm1","TENM1","ortholog_one2one",75,100,1
"Wnt2b","WNT2B","ortholog_one2one",100,100,1
"Mymk","MYMK","ortholog_one2one",100,100,1
"Opn4","OPN4","ortholog_one2one",100,100,1
"Zfp292","ZNF292","ortholog_one2one",75,100,1
"Trim24","TRIM24","ortholog_one2one",100,100,1
"Prdm4","PRDM4","ortholog_one2one",75,100,1
"Chl1","CHL1","ortholog_one2one",50,100,1
"Dusp8","DUSP8","ortholog_one2one",50,99.65,1
"C8b","C8B","ortholog_one2one",100,100,1
"Mybpc1","MYBPC1","ortholog_one2one",75,100,1
"Trpv4","TRPV4","ortholog_one2one",100,100,1
"Vps13d","VPS13D","ortholog_one2one",75,100,1
"Ptrhd1","PTRHD1","ortholog_one2one",100,100,1
"Cpeb3","CPEB3","ortholog_one2one",100,100,1
"Gm20503","DNAJC25-GNG10","ortholog_one2one",100,100,1
"Dnajc25","DNAJC25","ortholog_one2one",100,100,1
"Creg2","CREG2","ortholog_one2one",100,100,1
"Pigv","PIGV","ortholog_one2one",100,100,1
"Dmp1","DMP1","ortholog_one2one",100,100,1
"B3glct","B3GLCT","ortholog_one2one",100,100,1
"Plscr3","PLSCR3","ortholog_one2one",100,100,1
"Acaa2","ACAA2","ortholog_one2one",100,100,1
"Klhdc10","KLHDC10","ortholog_one2one",100,100,1
"Tmem74bos","C20orf202","ortholog_one2one",100,100,1
"Klc2","KLC2","ortholog_one2one",100,100,1
"Trbv29","TRBV28","ortholog_one2one",100,100,1
"Gng10","GNG10","ortholog_one2one",100,100,1
"Abca8b","ABCA8","ortholog_one2one",100,100,1
"Piezo2","PIEZO2","ortholog_one2one",50,100,1
"Nfyc","NFYC","ortholog_one2one",100,100,1
"Trbv30","TRBV29-1","ortholog_one2one",100,100,1
"Cttnbp2nl","CTTNBP2NL","ortholog_one2one",100,100,1
"Frmd4a","FRMD4A","ortholog_one2one",100,100,1
"Haus1","HAUS1","ortholog_one2one",100,100,1
"Sh2d1a","SH2D1A","ortholog_one2one",100,100,1
"Psmb9","PSMB9","ortholog_one2one",100,100,1
"Klhl26","KLHL26","ortholog_one2one",100,100,1
"Hnrnph1","HNRNPH1","ortholog_one2one",100,100,1
"Aldh1b1","ALDH1B1","ortholog_one2one",75,100,1
"Wdr76","WDR76","ortholog_one2one",100,100,1
"Syf2","SYF2","ortholog_one2one",100,100,1
"Arhgap12","ARHGAP12","ortholog_one2one",100,100,1
"Tspan13","TSPAN13","ortholog_one2one",100,100,1
"Adam21","ADAM21","ortholog_one2one",0,100,1
"Zbtb6","ZBTB6","ortholog_one2one",100,100,1
"Yipf7","YIPF7","ortholog_one2one",100,100,1
"Apold1","APOLD1","ortholog_one2one",100,94.54,1
"Exoc6b","EXOC6B","ortholog_one2one",75,100,1
"Pou6f2","POU6F2","ortholog_one2one",100,95.84,1
"Zbtb26","ZBTB26","ortholog_one2one",100,100,1
"Tmem74b","TMEM74B","ortholog_one2one",100,100,1
"Cnnm2","CNNM2","ortholog_one2one",100,100,1
"Ercc8","ERCC8","ortholog_one2one",100,98.29,1
"Ppp1r32","PPP1R32","ortholog_one2one",100,100,1
"Sprr4","SPRR4","ortholog_one2one",100,100,1
"Esam","ESAM","ortholog_one2one",100,100,1
"Usp38","USP38","ortholog_one2one",100,100,1
"Dnase1l3","DNASE1L3","ortholog_one2one",75,100,1
"Cenpv","CENPV","ortholog_one2one",100,100,1
"Recql","RECQL","ortholog_one2one",100,100,1
"Hsp90ab1","HSP90AB1","ortholog_one2one",100,100,1
"Apobr","APOBR","ortholog_one2one",100,96.75,0
"Rnf145","RNF145","ortholog_one2one",100,100,1
"2210017I01Rik","AL162596.1","ortholog_one2one",100,100,1
"Batf","BATF","ortholog_one2one",100,100,1
"Marchf5","MARCHF5","ortholog_one2one",100,100,1
"Aass","AASS","ortholog_one2one",100,100,1
"Ibsp","IBSP","ortholog_one2one",100,100,1
"Sst","SST","ortholog_one2one",100,100,1
"Nploc4","NPLOC4","ortholog_one2one",100,96.46,1
"Rtp2","RTP2","ortholog_one2one",100,100,1
"Cpa6","CPA6","ortholog_one2one",100,100,1
"Grb7","GRB7","ortholog_one2one",100,100,1
"Cog4","COG4","ortholog_one2one",100,100,1
"Ubb","UBB","ortholog_one2one",100,94.08,1
"Cyfip2","CYFIP2","ortholog_one2one",50,100,1
"Rfx8","RFX8","ortholog_one2one",100,100,1
"Lurap1","LURAP1","ortholog_one2one",100,100,1
"Lpl","LPL","ortholog_one2one",100,100,1
"Gm49318","AC008481.3","ortholog_one2one",100,100,1
"Ptar1","PTAR1","ortholog_one2one",100,100,1
"Ints13","INTS13","ortholog_one2one",100,100,1
"Elavl3","ELAVL3","ortholog_one2one",100,100,1
"Mepe","MEPE","ortholog_one2one",100,100,0
"Stx7","STX7","ortholog_one2one",75,100,1
"F7","F7","ortholog_one2one",100,95.37,1
"Hdac2","HDAC2","ortholog_one2one",100,100,1
"Shank1","SHANK1","ortholog_one2one",100,100,1
"Rbm43","RBM43","ortholog_one2one",100,100,1
"Fat3","FAT3","ortholog_one2one",100,100,1
"Atp4a","ATP4A","ortholog_one2one",100,100,1
"Fstl3","FSTL3","ortholog_one2one",100,100,1
"Add2","ADD2","ortholog_one2one",75,100,1
"Zfp385c","ZNF385C","ortholog_one2one",100,100,1
"Tmem213","TMEM213","ortholog_one2one",100,100,1
"Cdk19","CDK19","ortholog_one2one",100,100,1
"Cbx3","CBX3","ortholog_one2one",100,100,1
"Ecsit","ECSIT","ortholog_one2one",100,100,1
"Atp6v0a4","ATP6V0A4","ortholog_one2one",100,100,1
"Prss57","PRSS57","ortholog_one2one",100,90.13,1
"Pnliprp1","PNLIPRP1","ortholog_one2one",100,100,1
"Hdac4","HDAC4","ortholog_one2one",100,100,1
"Cd36","CD36","ortholog_one2one",100,100,1
"Dhx58","DHX58","ortholog_one2one",100,100,1
"Fam78b","FAM78B","ortholog_one2one",100,100,1
"Rhcg","RHCG","ortholog_one2one",100,100,1
"Trpv3","TRPV3","ortholog_one2one",100,100,1
"Prkag2","PRKAG2","ortholog_one2one",100,100,1
"Paxip1","PAXIP1","ortholog_one2one",100,100,1
"Cd63","CD63","ortholog_one2one",100,100,1
"Flvcr2","FLVCR2","ortholog_one2one",100,98.58,1
"Edf1","EDF1","ortholog_one2one",100,100,1
"Susd2","SUSD2","ortholog_one2one",25,100,1
"Fgfr1op2","FGFR1OP2","ortholog_one2one",100,100,1
"Dnajb13","DNAJB13","ortholog_one2one",100,100,1
"Mtif2","MTIF2","ortholog_one2one",100,100,1
"Zfp653","ZNF653","ortholog_one2one",100,100,1
"Pyroxd1","PYROXD1","ortholog_one2one",100,100,1
"Kcnd3","KCND3","ortholog_one2one",100,100,1
"Nkiras2","NKIRAS2","ortholog_one2one",100,95.13,1
"Serpinf1","SERPINF1","ortholog_one2one",100,100,1
"D630045J12Rik","KIAA1549","ortholog_one2one",100,100,1
"Slc6a15","SLC6A15","ortholog_one2one",100,100,1
"Pnliprp2","PNLIPRP2","ortholog_one2one",100,100,1
"Slc7a6","SLC7A6","ortholog_one2one",100,100,1
"Ucp2","UCP2","ortholog_one2one",100,100,1
"Pglyrp1","PGLYRP1","ortholog_one2one",75,100,1
"Igfbpl1","IGFBPL1","ortholog_one2one",50,100,1
"Upk3b","UPK3B","ortholog_one2one",50,100,0
"Casq2","CASQ2","ortholog_one2one",100,100,1
"Erg28","ERG28","ortholog_one2one",75,100,1
"Runx3","RUNX3","ortholog_one2one",100,100,1
"Prkdc","PRKDC","ortholog_one2one",100,100,1
"Cnp","CNP","ortholog_one2one",100,100,1
"Pdyn","PDYN","ortholog_one2one",50,100,1
"Oga","OGA","ortholog_one2one",100,100,1
"Klf11","KLF11","ortholog_one2one",100,100,1
"Proz","PROZ","ortholog_one2one",100,97.97,1
"Ccdc174","CCDC174","ortholog_one2one",100,100,1
"Syt3","SYT3","ortholog_one2one",100,100,1
"Lancl3","LANCL3","ortholog_one2one",25,100,1
"Ift172","IFT172","ortholog_one2one",100,100,1
"Ctbp1","CTBP1","ortholog_one2one",50,100,1
"Psmf1","PSMF1","ortholog_one2one",100,100,1
"Chrng","CHRNG","ortholog_one2one",100,100,1
"Svopl","SVOPL","ortholog_one2one",100,100,1
"Htr5a","HTR5A","ortholog_one2one",100,100,1
"Mospd3","MOSPD3","ortholog_one2one",100,100,1
"Sf3b3","SF3B3","ortholog_one2one",100,100,1
"Prcd","PRCD","ortholog_one2one",75,100,1
"Lancl1","LANCL1","ortholog_one2one",100,100,1
"Adamtsl2","ADAMTSL2","ortholog_one2one",100,100,1
"Cers4","CERS4","ortholog_one2one",50,100,1
"Magix","MAGIX","ortholog_one2one",100,100,1
"Ikzf3","IKZF3","ortholog_one2one",100,100,1
"Ccdc150","CCDC150","ortholog_one2one",100,100,1
"Mlxip","MLXIP","ortholog_one2one",75,100,1
"Fmo2","FMO2","ortholog_one2one",100,100,1
"Pcid2","PCID2","ortholog_one2one",100,100,1
"Cygb","CYGB","ortholog_one2one",100,100,1
"Cdyl","CDYL","ortholog_one2one",100,98.4,1
"Stk35","STK35","ortholog_one2one",50,100,1
"Npm3","NPM3","ortholog_one2one",100,100,1
"F10","F10","ortholog_one2one",100,100,1
"Krtcap2","KRTCAP2","ortholog_one2one",100,100,1
"1700019N19Rik","C10orf82","ortholog_one2one",100,100,1
"Has1","HAS1","ortholog_one2one",50,100,1
"1700008O03Rik","C19orf81","ortholog_one2one",100,99.92,1
"Thnsl2","THNSL2","ortholog_one2one",100,100,1
"Adipor1","ADIPOR1","ortholog_one2one",100,100,1
"Lipg","LIPG","ortholog_one2one",100,100,1
"Hspa8","HSPA8","ortholog_one2one",100,100,1
"Zfp629","ZNF629","ortholog_one2one",100,100,1
"Otog","OTOG","ortholog_one2one",100,100,1
"Fubp3","FUBP3","ortholog_one2one",100,100,1
"Arpc5","ARPC5","ortholog_one2one",75,100,1
"Tmem95","TMEM95","ortholog_one2one",100,100,0
"Trim46","TRIM46","ortholog_one2one",100,100,1
"Kctd11","KCTD11","ortholog_one2one",100,100,1
"Ina","INA","ortholog_one2one",100,100,1
"Sec23b","SEC23B","ortholog_one2one",100,100,1
"Tk2","TK2","ortholog_one2one",75,100,1
"Nkx6-3","NKX6-3","ortholog_one2one",100,100,1
"Ulk2","ULK2","ortholog_one2one",50,100,1
"Zpbp2","ZPBP2","ortholog_one2one",100,100,1
"4930590J08Rik","C3orf20","ortholog_one2one",100,100,1
"F2rl1","F2RL1","ortholog_one2one",100,100,1
"Nt5c2","NT5C2","ortholog_one2one",100,99.44,1
"Fktn","FKTN","ortholog_one2one",100,100,1
"Xk","XK","ortholog_one2one",0,100,1
"Vps35l","VPS35L","ortholog_one2one",100,99.62,1
"Spag8","SPAG8","ortholog_one2one",100,97.13,0
"Fam163b","FAM163B","ortholog_one2one",100,100,1
"Fabp1","FABP1","ortholog_one2one",100,100,1
"Dio2","DIO2","ortholog_one2one",100,100,1
"Mtss1","MTSS1","ortholog_one2one",100,100,1
"Eno4","ENO4","ortholog_one2one",100,99.88,1
"Phc1","PHC1","ortholog_one2one",100,100,1
"Abhd6","ABHD6","ortholog_one2one",100,100,1
"Cblb","CBLB","ortholog_one2one",100,100,1
"Fat2","FAT2","ortholog_one2one",100,100,1
"Xndc1","AP002495.1","ortholog_one2one",50,75.59,0
"Apba1","APBA1","ortholog_one2one",100,100,1
"Ddx42","DDX42","ortholog_one2one",100,100,1
"Ccnd2","CCND2","ortholog_one2one",100,99.4,1
"Moxd1","MOXD1","ortholog_one2one",100,100,1
"Tal2","TAL2","ortholog_one2one",100,100,1
"Zbtb21","ZBTB21","ortholog_one2one",50,100,1
"Clhc1","CLHC1","ortholog_one2one",100,100,1
"Gpat4","GPAT4","ortholog_one2one",100,100,1
"Onecut3","ONECUT3","ortholog_one2one",100,100,1
"Ddx47","DDX47","ortholog_one2one",100,100,1
"Nudt16l1","NUDT16L1","ortholog_one2one",100,100,1
"Gmds","GMDS","ortholog_one2one",100,100,1
"Triml1","TRIML1","ortholog_one2one",75,100,1
"Hspa12a","HSPA12A","ortholog_one2one",100,100,1
"Fasn","FASN","ortholog_one2one",100,100,1
"Mgrn1","MGRN1","ortholog_one2one",100,97.45,1
"Prr27","PRR27","ortholog_one2one",100,89.7,0
"C2cd2","C2CD2","ortholog_one2one",75,100,1
"Rims3","RIMS3","ortholog_one2one",100,100,1
"Rtcb","RTCB","ortholog_one2one",50,100,1
"Rpl17","RPL17","ortholog_one2one",100,100,1
"Tmem38b","TMEM38B","ortholog_one2one",100,100,1
"Hnf4g","HNF4G","ortholog_one2one",50,100,1
"Sema4d","SEMA4D","ortholog_one2one",100,100,1
"Evx1","EVX1","ortholog_one2one",100,100,1
"Rps27a","RPS27A","ortholog_one2one",100,100,1
"Shoc1","SHOC1","ortholog_one2one",100,100,1
"Ighm","IGHM","ortholog_one2one",50,100,1
"Ifitm10","IFITM10","ortholog_one2one",75,100,1
"2210016F16Rik","C9orf64","ortholog_one2one",100,100,1
"Insig1","INSIG1","ortholog_one2one",100,100,1
"Ptprc","PTPRC","ortholog_one2one",100,100,1
"Esr1","ESR1","ortholog_one2one",100,100,1
"Ift20","IFT20","ortholog_one2one",100,100,1
"Marcks","MARCKS","ortholog_one2one",100,100,1
"Gfap","GFAP","ortholog_one2one",100,96.32,1
"Ascl4","ASCL4","ortholog_one2one",50,100,1
"Plpp5","PLPP5","ortholog_one2one",100,100,1
"Ptbp3","PTBP3","ortholog_one2one",100,100,1
"Pstpip2","PSTPIP2","ortholog_one2one",100,100,1
"Sncaip","SNCAIP","ortholog_one2one",100,100,1
"Qsox2","QSOX2","ortholog_one2one",100,100,1
"BC031181","C18orf32","ortholog_one2one",100,100,1
"Rpl5","RPL5","ortholog_one2one",100,100,1
"Ccdc61","CCDC61","ortholog_one2one",75,100,1
"Prex2","PREX2","ortholog_one2one",100,100,1
"Clic4","CLIC4","ortholog_one2one",100,100,1
"Myod1","MYOD1","ortholog_one2one",100,100,1
"Tmem216","TMEM216","ortholog_one2one",100,100,1
"Reep3","REEP3","ortholog_one2one",75,100,1
"Olfr669","OR52N5","ortholog_one2one",25,100,1
"Cdkn3","CDKN3","ortholog_one2one",100,100,1
"Jak1","JAK1","ortholog_one2one",100,100,1
"C1qb","C1QB","ortholog_one2one",100,100,1
"Kcnc1","KCNC1","ortholog_one2one",100,96.73,1
"Senp2","SENP2","ortholog_one2one",100,100,1
"Dipk1a","DIPK1A","ortholog_one2one",100,100,1
"Jmjd1c","JMJD1C","ortholog_one2one",100,100,1
"Ccdc92","CCDC92","ortholog_one2one",100,98.85,1
"Hint2","HINT2","ortholog_one2one",75,100,1
"Vangl1","VANGL1","ortholog_one2one",100,100,1
"Sdhaf2","SDHAF2","ortholog_one2one",100,100,1
"Spp1","SPP1","ortholog_one2one",100,100,1
"Arid1a","ARID1A","ortholog_one2one",100,100,1
"Depdc7","DEPDC7","ortholog_one2one",100,100,1
"Kif18b","KIF18B","ortholog_one2one",100,100,1
"Lhx3","LHX3","ortholog_one2one",100,100,1
"Tmem59l","TMEM59L","ortholog_one2one",75,100,1
"Odam","ODAM","ortholog_one2one",100,100,1
"Cys1","CYS1","ortholog_one2one",75,100,1
"Ablim2","ABLIM2","ortholog_one2one",100,100,1
"Cpsf7","CPSF7","ortholog_one2one",100,100,1
"Tbl1xr1","TBL1XR1","ortholog_one2one",50,100,1
"Tmem147","TMEM147","ortholog_one2one",100,100,1
"Gjd3","GJD3","ortholog_one2one",100,100,1
"Srsf5","SRSF5","ortholog_one2one",100,100,1
"Taok2","TAOK2","ortholog_one2one",100,100,1
"Snx31","SNX31","ortholog_one2one",100,100,1
"Tmem168","TMEM168","ortholog_one2one",50,100,1
"Zfp180","ZNF180","ortholog_one2one",25,99.2,1
"Slc26a9","SLC26A9","ortholog_one2one",100,100,1
"Smox","SMOX","ortholog_one2one",100,100,1
"En2","EN2","ortholog_one2one",100,100,1
"Elac2","ELAC2","ortholog_one2one",100,100,1
"1700015F17Rik","AC002456.2","ortholog_one2one",100,99.29,0
"Sec14l3","SEC14L3","ortholog_one2one",100,100,1
"Mknk1","MKNK1","ortholog_one2one",100,97.98,1
"Tsga13","TSGA13","ortholog_one2one",100,100,1
"Rufy1","RUFY1","ortholog_one2one",100,100,1
"Vsig2","VSIG2","ortholog_one2one",100,100,1
"Sgce","SGCE","ortholog_one2one",100,100,1
"Raver2","RAVER2","ortholog_one2one",100,100,1
"Rdh5","RDH5","ortholog_one2one",100,100,1
"Strbp","STRBP","ortholog_one2one",100,100,1
"Ccn2","CCN2","ortholog_one2one",75,100,1
"Psmb8","PSMB8","ortholog_one2one",75,100,1
"Tmem8b","TMEM8B","ortholog_one2one",100,100,0
"Lars","LARS1","ortholog_one2one",100,100,1
"Trafd1","TRAFD1","ortholog_one2one",100,100,1
"Kif7","KIF7","ortholog_one2one",100,100,1
"Aspa","ASPA","ortholog_one2one",100,100,1
"Ormdl3","ORMDL3","ortholog_one2one",100,100,1
"Klhl12","KLHL12","ortholog_one2one",100,100,1
"Tmbim1","TMBIM1","ortholog_one2one",100,100,1
"Hace1","HACE1","ortholog_one2one",100,100,1
"Unc5b","UNC5B","ortholog_one2one",100,100,1
"Wdr37","WDR37","ortholog_one2one",75,97.61,1
"Lmntd2","LMNTD2","ortholog_one2one",100,100,0
"Tbk1","TBK1","ortholog_one2one",100,100,1
"Cpsf6","CPSF6","ortholog_one2one",100,100,1
"Fam219a","FAM219A","ortholog_one2one",100,100,1
"Xrcc3","XRCC3","ortholog_one2one",100,100,1
"Kprp","KPRP","ortholog_one2one",75,97.81,1
"Bhlhe40","BHLHE40","ortholog_one2one",100,100,1
"Agxt","AGXT","ortholog_one2one",50,100,1
"Sf3b2","SF3B2","ortholog_one2one",100,100,1
"Vti1b","VTI1B","ortholog_one2one",100,100,1
"Mroh9","MROH9","ortholog_one2one",100,99.29,1
"Cthrc1","CTHRC1","ortholog_one2one",100,100,1
"Exo5","EXO5","ortholog_one2one",100,100,1
"F2r","F2R","ortholog_one2one",75,100,1
"Icos","ICOS","ortholog_one2one",100,100,1
"Gc","GC","ortholog_one2one",100,99.56,1
"Slc7a6os","SLC7A6OS","ortholog_one2one",100,100,1
"Rbm45","RBM45","ortholog_one2one",100,100,1
"Rasgrp2","RASGRP2","ortholog_one2one",100,100,1
"Entpd7","ENTPD7","ortholog_one2one",100,100,1
"Bsx","BSX","ortholog_one2one",100,100,1
"Lrrc56","LRRC56","ortholog_one2one",100,100,1
"2310050C09Rik","C1orf68","ortholog_one2one",75,100,1
"Ppp4r4","PPP4R4","ortholog_one2one",100,100,1
"Arg2","ARG2","ortholog_one2one",100,100,1
"Myl10","MYL10","ortholog_one2one",100,90.78,1
"Fmo3","FMO3","ortholog_one2one",100,100,1
"Ddx20","DDX20","ortholog_one2one",100,100,1
"Fam221b","FAM221B","ortholog_one2one",100,100,0
"Cemip","CEMIP","ortholog_one2one",100,100,1
"Ticrr","TICRR","ortholog_one2one",100,99.96,1
"Ncf2","NCF2","ortholog_one2one",100,100,1
"Ldhc","LDHC","ortholog_one2one",100,100,1
"Aoah","AOAH","ortholog_one2one",50,100,1
"Usp5","USP5","ortholog_one2one",100,100,1
"Gprc5b","GPRC5B","ortholog_one2one",100,100,1
"Tgfb1i1","TGFB1I1","ortholog_one2one",100,100,1
"Slc18a1","SLC18A1","ortholog_one2one",100,100,1
"Slco4c1","SLCO4C1","ortholog_one2one",75,100,1
"Cutc","CUTC","ortholog_one2one",75,100,1
"Nxf1","NXF1","ortholog_one2one",75,100,1
"Mbtps1","MBTPS1","ortholog_one2one",100,100,1
"Gpr21","GPR21","ortholog_one2one",100,100,1
"Nrgn","NRGN","ortholog_one2one",75,100,1
"Gins4","GINS4","ortholog_one2one",100,100,1
"Coa4","COA4","ortholog_one2one",100,100,1
"Pnkd","PNKD","ortholog_one2one",100,100,1
"Rabgap1","RABGAP1","ortholog_one2one",75,100,1
"Iqck","IQCK","ortholog_one2one",100,100,1
"Uck2","UCK2","ortholog_one2one",100,100,1
"Plcxd3","PLCXD3","ortholog_one2one",100,100,1
"Arhgap44","ARHGAP44","ortholog_one2one",100,99.92,1
"Sbsn","SBSN","ortholog_one2one",100,96.99,0
"Lrrc3c","LRRC3C","ortholog_one2one",100,99.36,1
"Ftsj3","FTSJ3","ortholog_one2one",100,100,1
"Tspan10","TSPAN10","ortholog_one2one",100,96.32,1
"Ndufaf4","NDUFAF4","ortholog_one2one",100,100,1
"Mab21l4","MAB21L4","ortholog_one2one",100,100,1
"Gprc5a","GPRC5A","ortholog_one2one",100,100,1
"Csn3","CSN3","ortholog_one2one",100,98.47,0
"Ndufa10","NDUFA10","ortholog_one2one",100,96.54,1
"Atp6v1b2","ATP6V1B2","ortholog_one2one",75,100,1
"Smim26","SMIM26","ortholog_one2one",100,100,0
"Knop1","KNOP1","ortholog_one2one",100,100,1
"Elovl7","ELOVL7","ortholog_one2one",100,100,1
"Dbh","DBH","ortholog_one2one",100,100,1
"Golga7","GOLGA7","ortholog_one2one",100,100,1
"Rmc1","RMC1","ortholog_one2one",100,100,1
"Cox15","AL133353.2","ortholog_one2one",100,100,0
"Bcl7c","BCL7C","ortholog_one2one",100,100,1
"Myo7b","MYO7B","ortholog_one2one",75,100,1
"Pde6g","PDE6G","ortholog_one2one",100,100,1
"Cybb","CYBB","ortholog_one2one",0,100,1
"Gltp","GLTP","ortholog_one2one",100,100,1
"Pter","PTER","ortholog_one2one",100,100,1
"Rabif","RABIF","ortholog_one2one",100,100,1
"Gapdhs","GAPDHS","ortholog_one2one",100,100,1
"Ncald","NCALD","ortholog_one2one",100,100,1
"Ngf","NGF","ortholog_one2one",100,100,1
"Jhy","JHY","ortholog_one2one",100,100,1
"Prdm12","PRDM12","ortholog_one2one",100,100,1
"Guf1","GUF1","ortholog_one2one",100,100,1
"C1ql1","C1QL1","ortholog_one2one",75,100,1
"Fam189a2","FAM189A2","ortholog_one2one",100,100,1
"Cabs1","CABS1","ortholog_one2one",100,100,1
"Utp15","UTP15","ortholog_one2one",100,100,1
"Larp1b","LARP1B","ortholog_one2one",100,100,0
"Eif4g1","EIF4G1","ortholog_one2one",100,100,1
"Mief2","MIEF2","ortholog_one2one",100,100,1
"Scube2","SCUBE2","ortholog_one2one",100,100,1
"Rps3a1","RPS3A","ortholog_one2one",50,100,1
"Rxfp2","RXFP2","ortholog_one2one",100,100,1
"Gtf3c3","GTF3C3","ortholog_one2one",100,100,1
"Triml2","TRIML2","ortholog_one2one",100,100,1
"Inka2","INKA2","ortholog_one2one",100,100,1
"C1ql3","C1QL3","ortholog_one2one",100,100,1
"Sergef","SERGEF","ortholog_one2one",100,100,1
"Pde12","PDE12","ortholog_one2one",100,100,1
"Palm","PALM","ortholog_one2one",100,100,1
"Acp7","ACP7","ortholog_one2one",100,100,1
"Rspo4","RSPO4","ortholog_one2one",100,100,1
"Parp11","PARP11","ortholog_one2one",100,100,1
"Spr","SPR","ortholog_one2one",0,100,1
"Pdlim7","PDLIM7","ortholog_one2one",100,100,1
"Arf4","ARF4","ortholog_one2one",100,100,1
"Cpsf4","CPSF4","ortholog_one2one",100,100,1
"Mfn1","MFN1","ortholog_one2one",100,100,1
"Cnpy1","CNPY1","ortholog_one2one",100,100,0
"Bmt2","BMT2","ortholog_one2one",50,100,1
"Fhl5","FHL5","ortholog_one2one",100,100,1
"Git1","GIT1","ortholog_one2one",100,100,1
"Angpt4","ANGPT4","ortholog_one2one",100,100,1
"Cdca3","CDCA3","ortholog_one2one",100,100,1
"Sptbn4","SPTBN4","ortholog_one2one",100,100,1
"Dym","DYM","ortholog_one2one",100,100,1
"Ddc","DDC","ortholog_one2one",100,100,1
"Zfp69","ZFP69","ortholog_one2one",100,92.91,1
"C1d","C1D","ortholog_one2one",100,91.06,1
"Cnih1","CNIH1","ortholog_one2one",100,100,1
"Zfp42","ZFP42","ortholog_one2one",100,100,1
"Crlf1","CRLF1","ortholog_one2one",100,100,1
"Carns1","CARNS1","ortholog_one2one",100,100,1
"Cntn6","CNTN6","ortholog_one2one",75,100,1
"Fam174b","FAM174B","ortholog_one2one",100,100,1
"Crtam","CRTAM","ortholog_one2one",100,100,1
"Gadd45g","GADD45G","ortholog_one2one",100,100,1
"Gpr63","GPR63","ortholog_one2one",100,100,1
"Oxld1","OXLD1","ortholog_one2one",100,100,0
"Npc1","NPC1","ortholog_one2one",100,100,1
"Qser1","QSER1","ortholog_one2one",100,99.97,1
"Dennd6a","DENND6A","ortholog_one2one",75,100,1
"Nova2","NOVA2","ortholog_one2one",100,100,1
"Ufl1","UFL1","ortholog_one2one",100,100,1
"Cers6","CERS6","ortholog_one2one",100,100,1
"Snx10","SNX10","ortholog_one2one",100,100,1
"Med6","MED6","ortholog_one2one",50,100,1
"Tmem97","TMEM97","ortholog_one2one",100,100,1
"Pcbd1","PCBD1","ortholog_one2one",100,99.51,1
"Tbc1d10c","TBC1D10C","ortholog_one2one",100,100,1
"Klf14","KLF14","ortholog_one2one",100,100,1
"Tgm6","TGM6","ortholog_one2one",100,100,1
"Rap1a","RAP1A","ortholog_one2one",100,100,1
"Dusp4","DUSP4","ortholog_one2one",50,100,1
"Sparc","SPARC","ortholog_one2one",100,100,1
"Nanos2","NANOS2","ortholog_one2one",100,100,1
"Tspan2","TSPAN2","ortholog_one2one",100,100,1
"Rasef","RASEF","ortholog_one2one",25,97.37,1
"Nupr1","NUPR1","ortholog_one2one",75,100,1
"Zfp664","ZNF664","ortholog_one2one",100,100,1
"Crocc2","CROCC2","ortholog_one2one",100,99.71,1
"Eif2b5","EIF2B5","ortholog_one2one",100,100,1
"Zc3hav1l","ZC3HAV1L","ortholog_one2one",100,100,1
"C8a","C8A","ortholog_one2one",100,100,1
"Sec22a","SEC22A","ortholog_one2one",100,100,1
"Itga7","ITGA7","ortholog_one2one",100,100,1
"Car4","CA4","ortholog_one2one",50,100,1
"Top2a","TOP2A","ortholog_one2one",100,100,1
"Kank1","KANK1","ortholog_one2one",100,100,1
"Rps15","RPS15","ortholog_one2one",100,100,1
"Znrf3","ZNRF3","ortholog_one2one",100,100,1
"Cul4a","CUL4A","ortholog_one2one",100,100,1
"Fpr1","FPR1","ortholog_one2one",100,100,1
"Atp8b3","ATP8B3","ortholog_one2one",100,99.56,1
"Smap2","SMAP2","ortholog_one2one",100,100,1
"Tshb","TSHB","ortholog_one2one",100,100,1
"Rtbdn","RTBDN","ortholog_one2one",100,99.46,0
"Slc25a1","SLC25A1","ortholog_one2one",50,100,1
"Zfp354a","ZNF354A","ortholog_one2one",100,94.5,1
"Dynlt3","DYNLT3","ortholog_one2one",50,92.69,1
"Emx1","EMX1","ortholog_one2one",75,83.42,1
"Ezr","EZR","ortholog_one2one",100,100,1
"Gnpda2","GNPDA2","ortholog_one2one",100,100,1
"Cklf","CKLF","ortholog_one2one",50,100,1
"Mrps24","MRPS24","ortholog_one2one",50,100,1
"Sgf29","SGF29","ortholog_one2one",50,100,1
"Akap10","AKAP10","ortholog_one2one",25,100,1
"Phb","PHB","ortholog_one2one",100,100,1
"Hsdl1","HSDL1","ortholog_one2one",100,100,1
"Ascc3","ASCC3","ortholog_one2one",75,100,1
"Spcs1","SPCS1","ortholog_one2one",100,100,1
"Lifr","LIFR","ortholog_one2one",100,100,1
"H2ap","H2AP","ortholog_one2one",50,100,0
"Adamts2","ADAMTS2","ortholog_one2one",100,100,1
"Scp2d1","SCP2D1","ortholog_one2one",100,100,1
"Tsc22d2","TSC22D2","ortholog_one2one",100,100,1
"Mettl7b","METTL7B","ortholog_one2one",75,100,1
"Gpr85","GPR85","ortholog_one2one",100,100,1
"Prr32","PRR32","ortholog_one2one",75,100,1
"Cfap300","CFAP300","ortholog_one2one",100,100,1
"Atp9b","ATP9B","ortholog_one2one",100,100,1
"Gm34066","C2orf66","ortholog_one2one",100,100,1
"Ano1","ANO1","ortholog_one2one",100,98.31,1
"Chordc1","CHORDC1","ortholog_one2one",75,100,1
"Prrx1","PRRX1","ortholog_one2one",100,100,1
"Lpxn","LPXN","ortholog_one2one",100,100,1
"Sytl3","SYTL3","ortholog_one2one",100,100,1
"Smg7","SMG7","ortholog_one2one",100,100,1
"Prmt7","PRMT7","ortholog_one2one",100,100,1
"Fezf1","FEZF1","ortholog_one2one",100,100,1
"Ccdc154","CCDC154","ortholog_one2one",100,100,1
"Gnl3","GNL3","ortholog_one2one",100,100,1
"Nlk","NLK","ortholog_one2one",100,100,1
"Papss2","PAPSS2","ortholog_one2one",50,99.81,1
"Arhgef16","ARHGEF16","ortholog_one2one",100,100,1
"Tmem223","TMEM223","ortholog_one2one",100,100,1
"Urgcp","URGCP","ortholog_one2one",50,100,1
"Npffr2","NPFFR2","ortholog_one2one",100,100,1
"Nmt1","NMT1","ortholog_one2one",75,100,1
"Fam110a","FAM110A","ortholog_one2one",100,100,1
"Pkd2","PKD2","ortholog_one2one",75,100,1
"Mtfp1","MTFP1","ortholog_one2one",100,100,1
"Pdia4","PDIA4","ortholog_one2one",100,100,1
"Pdia5","PDIA5","ortholog_one2one",100,100,1
"Arl8b","ARL8B","ortholog_one2one",100,100,1
"Hibadh","HIBADH","ortholog_one2one",100,100,1
"Ide","IDE","ortholog_one2one",100,98.79,1
"Acap1","ACAP1","ortholog_one2one",100,99.83,1
"Gnat3","GNAT3","ortholog_one2one",100,100,1
"Tmem179b","TMEM179B","ortholog_one2one",100,100,1
"2610001J05Rik","SMIM30","ortholog_one2one",100,100,1
"Gnb3","GNB3","ortholog_one2one",100,100,1
"Shkbp1","SHKBP1","ortholog_one2one",100,100,1
"Gm5244","RPLP1","ortholog_one2one",0,0,0
"Papola","PAPOLA","ortholog_one2one",100,100,1
"Olfr1444","OR5B21","ortholog_one2one",50,100,1
"Tmco1","TMCO1","ortholog_one2one",100,100,1
"Dcakd","DCAKD","ortholog_one2one",75,100,1
"Ctf1","CTF1","ortholog_one2one",100,100,1
"Zfp786","ZNF786","ortholog_one2one",100,100,1
"Tmem219","TMEM219","ortholog_one2one",100,100,1
"Prmt8","PRMT8","ortholog_one2one",100,100,1
"Camk2a","CAMK2A","ortholog_one2one",100,100,1
"Smpd3","SMPD3","ortholog_one2one",100,100,1
"Psmc5","PSMC5","ortholog_one2one",100,99.92,1
"Tax1bp1","TAX1BP1","ortholog_one2one",100,100,1
"Lamp1","LAMP1","ortholog_one2one",100,100,1
"Dpy19l4","DPY19L4","ortholog_one2one",100,100,1
"Osbpl6","OSBPL6","ortholog_one2one",100,100,1
"Il17rb","IL17RB","ortholog_one2one",100,100,1
"Cracr2a","CRACR2A","ortholog_one2one",100,100,0
"Cldn12","CLDN12","ortholog_one2one",75,100,1
"Smad7","SMAD7","ortholog_one2one",100,100,1
"Cep126","CEP126","ortholog_one2one",100,98.83,1
"Mms22l","MMS22L","ortholog_one2one",100,100,1
"Pgap1","PGAP1","ortholog_one2one",100,100,1
"Ccdc137","CCDC137","ortholog_one2one",100,100,1
"Grtp1","GRTP1","ortholog_one2one",100,95.04,1
"Epg5","EPG5","ortholog_one2one",100,100,1
"Fbxo24","FBXO24","ortholog_one2one",100,100,1
"Gal3st3","GAL3ST3","ortholog_one2one",100,100,1
"Lmbrd1","LMBRD1","ortholog_one2one",100,100,1
"Tnks","TNKS","ortholog_one2one",50,100,1
"Pik3cd","PIK3CD","ortholog_one2one",100,99.92,1
"Fgd5","FGD5","ortholog_one2one",100,99.49,1
"Glt8d1","GLT8D1","ortholog_one2one",100,100,1
"Dvl3","DVL3","ortholog_one2one",100,100,1
"St8sia2","ST8SIA2","ortholog_one2one",100,100,1
"Pm20d1","PM20D1","ortholog_one2one",100,100,1
"Trmt5","TRMT5","ortholog_one2one",100,100,1
"Rinl","RINL","ortholog_one2one",100,100,1
"Syt8","SYT8","ortholog_one2one",100,100,1
"Maf1","MAF1","ortholog_one2one",100,100,1
"Arl16","ARL16","ortholog_one2one",100,100,1
"Pcolce","PCOLCE","ortholog_one2one",100,100,1
"Limch1","LIMCH1","ortholog_one2one",100,99.99,1
"Actr8","ACTR8","ortholog_one2one",100,100,1
"M1ap","M1AP","ortholog_one2one",100,100,1
"Ankrd40","ANKRD40","ortholog_one2one",100,100,1
"Spidr","SPIDR","ortholog_one2one",50,98.01,1
"Heatr1","HEATR1","ortholog_one2one",100,100,1
"Sema5b","SEMA5B","ortholog_one2one",100,100,1
"Dmrt1","DMRT1","ortholog_one2one",100,100,1
"Ppil6","PPIL6","ortholog_one2one",100,96.84,1
"Flcn","AC055811.2","ortholog_one2one",100,100,0
"Nphs1","NPHS1","ortholog_one2one",100,100,1
"Smyd1","SMYD1","ortholog_one2one",100,100,1
"Prkra","PRKRA","ortholog_one2one",100,100,1
"Peg10","PEG10","ortholog_one2one",100,100,0
"Zfp106","ZNF106","ortholog_one2one",100,100,1
"Mypop","MYPOP","ortholog_one2one",100,100,1
"Sfrp1","SFRP1","ortholog_one2one",100,100,1
"Inpp4b","INPP4B","ortholog_one2one",100,100,1
"Cnpy4","CNPY4","ortholog_one2one",100,100,1
"Brd3","BRD3","ortholog_one2one",100,100,1
"Zc3hav1","ZC3HAV1","ortholog_one2one",100,99.38,1
"Atp6v0e2","ATP6V0E2","ortholog_one2one",100,100,0
"Abhd15","ABHD15","ortholog_one2one",100,100,1
"Rflna","RFLNA","ortholog_one2one",100,94.38,1
"Adgrb2","ADGRB2","ortholog_one2one",100,100,1
"Kmt5c","KMT5C","ortholog_one2one",100,100,1
"Trpv2","TRPV2","ortholog_one2one",100,100,1
"Trp53i13","TP53I13","ortholog_one2one",100,100,1
"Mblac1","MBLAC1","ortholog_one2one",100,100,1
"Kctd21","KCTD21","ortholog_one2one",100,100,1
"Gm38655","PERCC1","ortholog_one2one",100,100,1
"Mtmr12","MTMR12","ortholog_one2one",100,100,1
"Ifng","IFNG","ortholog_one2one",50,100,0
"9430015G10Rik","C1orf159","ortholog_one2one",100,95.74,0
"Zcchc2","ZCCHC2","ortholog_one2one",100,100,1
"Rrm2","RRM2","ortholog_one2one",50,98.04,1
"Cebpd","CEBPD","ortholog_one2one",50,100,1
"Tspan11","TSPAN11","ortholog_one2one",0,100,1
"Vps13a","VPS13A","ortholog_one2one",100,100,1
"BC003965","C16orf91","ortholog_one2one",100,100,1
"Taok1","TAOK1","ortholog_one2one",100,100,1
"Lgals8","LGALS8","ortholog_one2one",100,100,1
"Serpina10","SERPINA10","ortholog_one2one",100,100,1
"Frmd5","FRMD5","ortholog_one2one",100,100,1
"Nmi","NMI","ortholog_one2one",100,100,1
"Dctd","DCTD","ortholog_one2one",100,100,1
"Slc52a3","SLC52A3","ortholog_one2one",100,100,1
"Supt20","SUPT20H","ortholog_one2one",100,100,1
"Crem","CREM","ortholog_one2one",25,98.67,1
"Shcbp1","SHCBP1","ortholog_one2one",0,100,1
"Pard3b","PARD3B","ortholog_one2one",100,100,1
"Ttc9","TTC9","ortholog_one2one",50,100,1
"Sqle","SQLE","ortholog_one2one",100,100,1
"Vamp3","VAMP3","ortholog_one2one",100,100,1
"Map3k9","MAP3K9","ortholog_one2one",100,100,1
"Ndufaf1","NDUFAF1","ortholog_one2one",100,90.63,1
"Sgip1","SGIP1","ortholog_one2one",100,99.43,1
"Tnfrsf9","TNFRSF9","ortholog_one2one",100,100,1
"Gngt2","GNGT2","ortholog_one2one",100,91.71,1
"Fndc5","FNDC5","ortholog_one2one",100,100,1
"Olfr71","OR13J1","ortholog_one2one",75,100,1
"Ntn4","NTN4","ortholog_one2one",100,100,1
"Irf2bp1","IRF2BP1","ortholog_one2one",100,100,1
"Hrct1","HRCT1","ortholog_one2one",100,100,1
"Dnaaf1","DNAAF1","ortholog_one2one",100,90.78,1
"Etaa1","ETAA1","ortholog_one2one",100,98.83,1
"Rnf223","RNF223","ortholog_one2one",100,100,1
"Abhd17c","ABHD17C","ortholog_one2one",100,100,1
"Prkar2b","PRKAR2B","ortholog_one2one",100,100,1
"Fyb2","FYB2","ortholog_one2one",100,100,1
"Ugcg","UGCG","ortholog_one2one",100,100,1
"Atp5j2","ATP5MF","ortholog_one2one",100,100,1
"Dennd5a","DENND5A","ortholog_one2one",100,100,1
"I830077J02Rik","C1orf162","ortholog_one2one",100,100,0
"Gnai1","GNAI1","ortholog_one2one",75,100,1
"Drosha","DROSHA","ortholog_one2one",100,100,1
"Taf1c","TAF1C","ortholog_one2one",100,100,1
"Ebf3","EBF3","ortholog_one2one",100,100,1
"Foxa3","FOXA3","ortholog_one2one",100,100,1
"Ythdf2","YTHDF2","ortholog_one2one",100,100,1
"Rimklb","RIMKLB","ortholog_one2one",100,100,1
"Dok1","DOK1","ortholog_one2one",100,100,1
"Ccdc57","CCDC57","ortholog_one2one",100,99.19,1
"Nfxl1","NFXL1","ortholog_one2one",50,100,1
"Rassf7","RASSF7","ortholog_one2one",100,100,1
"Nt5m","NT5M","ortholog_one2one",100,100,1
"Trim27","TRIM27","ortholog_one2one",50,100,1
"Bpifc","BPIFC","ortholog_one2one",50,100,1
"Catsper1","CATSPER1","ortholog_one2one",100,99.08,0
"Fbxo27","FBXO27","ortholog_one2one",100,100,1
"Abi3","ABI3","ortholog_one2one",100,100,1
"Xbp1","XBP1","ortholog_one2one",75,100,0
"Krcc1","KRCC1","ortholog_one2one",100,100,1
"Zfp90","ZFP90","ortholog_one2one",100,100,1
"Pcmt1","PCMT1","ortholog_one2one",75,100,1
"Adad2","ADAD2","ortholog_one2one",100,100,1
"Serp1","SERP1","ortholog_one2one",100,100,1
"Gadd45a","GADD45A","ortholog_one2one",75,100,1
"Mboat2","MBOAT2","ortholog_one2one",50,100,1
"Adamts3","ADAMTS3","ortholog_one2one",100,100,1
"Esr2","ESR2","ortholog_one2one",100,100,1
"Eif2a","EIF2A","ortholog_one2one",100,100,1
"Slc41a1","SLC41A1","ortholog_one2one",100,100,1
"Diras2","DIRAS2","ortholog_one2one",100,100,1
"Gpkow","GPKOW","ortholog_one2one",100,100,1
"Pik3r1","PIK3R1","ortholog_one2one",100,100,1
"Golt1b","GOLT1B","ortholog_one2one",100,100,1
"Zfp61","ZNF226","ortholog_one2one",50,78.95,0
"Alg8","ALG8","ortholog_one2one",100,100,1
"Cst6","CST6","ortholog_one2one",100,100,1
"Meikin","MEIKIN","ortholog_one2one",100,99.67,1
"Mok","MOK","ortholog_one2one",100,100,1
"Atox1","ATOX1","ortholog_one2one",100,100,1
"Cops3","COPS3","ortholog_one2one",100,100,1
"Trpc6","TRPC6","ortholog_one2one",100,100,1
"Nyap2","NYAP2","ortholog_one2one",100,100,1
"Zfp652","ZNF652","ortholog_one2one",100,100,1
"Exosc8","EXOSC8","ortholog_one2one",100,100,1
"Sgk1","SGK1","ortholog_one2one",100,100,1
"Kif11","KIF11","ortholog_one2one",100,100,1
"Fbxo7","FBXO7","ortholog_one2one",100,100,1
"Pacs1","PACS1","ortholog_one2one",100,100,1
"Plec","PLEC","ortholog_one2one",100,100,1
"Spaar","SPAAR","ortholog_one2one",100,100,1
"Usp44","USP44","ortholog_one2one",100,100,1
"Rex1bd","REX1BD","ortholog_one2one",100,100,1
"H2-Ob","HLA-DOB","ortholog_one2one",100,100,1
"Snrnp70","SNRNP70","ortholog_one2one",100,100,1
"Skap2","SKAP2","ortholog_one2one",100,100,1
"Fgfr1op","CEP43","ortholog_one2one",25,100,1
"Ppp1r3b","PPP1R3B","ortholog_one2one",75,100,1
"Phospho1","PHOSPHO1","ortholog_one2one",100,100,1
"F2rl2","F2RL2","ortholog_one2one",100,100,1
"Scrt2","SCRT2","ortholog_one2one",100,100,1
"Tiam1","TIAM1","ortholog_one2one",100,100,1
"Dmrt3","DMRT3","ortholog_one2one",100,100,1
"Ninj1","NINJ1","ortholog_one2one",100,100,1
"Wdr34","DYNC2I2","ortholog_one2one",100,100,1
"Iqgap2","IQGAP2","ortholog_one2one",100,100,1
"Ubash3b","UBASH3B","ortholog_one2one",100,100,1
"Fam227b","FAM227B","ortholog_one2one",100,100,1
"Eif1ad","EIF1AD","ortholog_one2one",100,100,1
"Elk3","ELK3","ortholog_one2one",100,100,1
"Camta1","CAMTA1","ortholog_one2one",0,100,1
"Clk4","CLK4","ortholog_one2one",100,100,1
"Cd180","CD180","ortholog_one2one",100,100,1
"Exosc2","EXOSC2","ortholog_one2one",100,100,1
"Luc7l","LUC7L","ortholog_one2one",50,100,1
"Taf6l","TAF6L","ortholog_one2one",75,99.86,1
"Cdk17","CDK17","ortholog_one2one",100,100,1
"Gab2","GAB2","ortholog_one2one",100,100,1
"Slc25a25","SLC25A25","ortholog_one2one",100,100,1
"Crnn","CRNN","ortholog_one2one",75,99.17,1
"Tctex1d1","TCTEX1D1","ortholog_one2one",100,95.43,1
"Tmem161b","TMEM161B","ortholog_one2one",100,95.88,1
"Mdga2","MDGA2","ortholog_one2one",75,100,1
"Fgf7","FGF7","ortholog_one2one",100,100,1
"Rsu1","RSU1","ortholog_one2one",100,100,1
"Uimc1","UIMC1","ortholog_one2one",100,100,1
"Tmem235","TMEM235","ortholog_one2one",100,100,1
"Nup43","NUP43","ortholog_one2one",100,100,1
"Slc10a2","SLC10A2","ortholog_one2one",50,100,1
"Mast4","MAST4","ortholog_one2one",100,99.99,1
"Sytl5","SYTL5","ortholog_one2one",100,100,1
"Rpp40","RPP40","ortholog_one2one",100,100,1
"Fbxo17","FBXO17","ortholog_one2one",100,100,1
"Cops2","COPS2","ortholog_one2one",100,100,1
"Rnf6","RNF6","ortholog_one2one",50,100,1
"Susd1","SUSD1","ortholog_one2one",100,100,1
"Kdm5b","KDM5B","ortholog_one2one",100,99.17,1
"Tmem161a","TMEM161A","ortholog_one2one",100,99.83,1
"Edem1","EDEM1","ortholog_one2one",100,100,1
"Sec14l2","SEC14L2","ortholog_one2one",100,100,1
"Actn2","ACTN2","ortholog_one2one",100,100,1
"Lrrc61","LRRC61","ortholog_one2one",100,100,1
"Abl1","ABL1","ortholog_one2one",100,100,1
"Pak2","PAK2","ortholog_one2one",75,100,1
"Srxn1","SRXN1","ortholog_one2one",100,100,1
"Nckap1","NCKAP1","ortholog_one2one",100,100,1
"Atad1","ATAD1","ortholog_one2one",100,100,1
"Rarres2","RARRES2","ortholog_one2one",100,100,1
"Slc6a7","SLC6A7","ortholog_one2one",100,97.79,1
"Zfp94","ZNF45","ortholog_one2one",25,89.45,1
"Serpinf2","SERPINF2","ortholog_one2one",100,100,1
"Sv2a","SV2A","ortholog_one2one",100,100,1
"Lama3","LAMA3","ortholog_one2one",100,100,1
"Idi1","IDI1","ortholog_one2one",75,95.34,1
"Ash2l","ASH2L","ortholog_one2one",50,100,1
"Olfr1309","OR4F15","ortholog_one2one",50,100,1
"Tfrc","TFRC","ortholog_one2one",100,100,1
"Mgst3","MGST3","ortholog_one2one",100,100,1
"Flg2","FLG2","ortholog_one2one",75,82.97,0
"Psma6","PSMA6","ortholog_one2one",100,100,1
"Uts2","UTS2","ortholog_one2one",100,92.36,0
"Nfib","NFIB","ortholog_one2one",100,100,1
"Cnn1","CNN1","ortholog_one2one",100,100,1
"Myo18b","MYO18B","ortholog_one2one",100,100,1
"Cep128","CEP128","ortholog_one2one",100,100,1
"Tnn","TNN","ortholog_one2one",100,96.03,1
"Per3","PER3","ortholog_one2one",50,100,1
"Tcf15","TCF15","ortholog_one2one",100,100,1
"Abcc3","ABCC3","ortholog_one2one",100,100,1
"Rbm33","RBM33","ortholog_one2one",100,100,1
"Ppp1r3a","PPP1R3A","ortholog_one2one",100,100,1
"Ttc26","TTC26","ortholog_one2one",100,100,1
"Mindy3","MINDY3","ortholog_one2one",50,100,1
"Wdr77","WDR77","ortholog_one2one",100,100,1
"Nrcam","NRCAM","ortholog_one2one",50,100,1
"Ddhd2","DDHD2","ortholog_one2one",100,100,1
"Ncoa1","NCOA1","ortholog_one2one",100,100,1
"Fbxl19","FBXL19","ortholog_one2one",100,100,1
"Scpep1","SCPEP1","ortholog_one2one",100,100,1
"Nceh1","NCEH1","ortholog_one2one",100,100,1
"Il23a","IL23A","ortholog_one2one",100,100,1
"Mrps25","MRPS25","ortholog_one2one",75,100,1
"Snrpb","SNRPB","ortholog_one2one",100,100,1
"Tlk1","TLK1","ortholog_one2one",100,98.95,1
"Ctif","CTIF","ortholog_one2one",100,100,1
"Nr2c2","NR2C2","ortholog_one2one",100,100,1
"2310011J03Rik","C19orf25","ortholog_one2one",100,100,0
"Cavin1","CAVIN1","ortholog_one2one",100,100,1
"Lratd2","LRATD2","ortholog_one2one",75,100,1
"Nudt19","NUDT19","ortholog_one2one",100,100,1
"Apc2","APC2","ortholog_one2one",100,100,1
"Ccdc82","CCDC82","ortholog_one2one",100,100,1
"Atp13a2","ATP13A2","ortholog_one2one",100,100,1
"Xpot","XPOT","ortholog_one2one",100,100,1
"Naif1","NAIF1","ortholog_one2one",100,100,1
"Socs3","SOCS3","ortholog_one2one",100,100,1
"Dok3","DOK3","ortholog_one2one",100,100,1
"Pdcd10","PDCD10","ortholog_one2one",100,100,1
"Sfxn5","SFXN5","ortholog_one2one",50,100,1
"Prkaa2","PRKAA2","ortholog_one2one",100,100,1
"Asphd1","ASPHD1","ortholog_one2one",100,100,1
"Ovgp1","OVGP1","ortholog_one2one",100,95.97,1
"Arl6ip4","ARL6IP4","ortholog_one2one",100,100,0
"Tsen54","TSEN54","ortholog_one2one",100,100,1
"Cdk18","CDK18","ortholog_one2one",100,100,1
"Galk2","GALK2","ortholog_one2one",100,100,1
"Lrrc4b","LRRC4B","ortholog_one2one",100,100,1
"H2ac21","H2AC21","ortholog_one2one",50,100,1
"Kctd13","KCTD13","ortholog_one2one",100,100,1
"Siglec15","SIGLEC15","ortholog_one2one",100,100,1
"Bag4","BAG4","ortholog_one2one",100,100,1
"Bola1","BOLA1","ortholog_one2one",75,100,1
"Cad","CAD","ortholog_one2one",100,100,1
"Asap1","ASAP1","ortholog_one2one",100,100,1
"Zar1","ZAR1","ortholog_one2one",25,5.9,0
"Actb","ACTB","ortholog_one2one",100,100,1
"Sez6l2","SEZ6L2","ortholog_one2one",100,100,1
"Shtn1","SHTN1","ortholog_one2one",100,100,1
"Lamtor4","LAMTOR4","ortholog_one2one",100,100,1
"Slc16a11","SLC16A11","ortholog_one2one",100,100,1
"Kif20a","KIF20A","ortholog_one2one",100,100,1
"Olfr1310","OR4F6","ortholog_one2one",50,100,1
"Rgs9bp","RGS9BP","ortholog_one2one",100,100,1
"Atp5pb","ATP5PB","ortholog_one2one",100,100,1
"Pink1","PINK1","ortholog_one2one",100,100,1
"Zbtb7c","ZBTB7C","ortholog_one2one",100,100,1
"Tfap2a","TFAP2A","ortholog_one2one",100,100,1
"Zkscan14","ZNF394","ortholog_one2one",100,98.8,1
"Wipf1","WIPF1","ortholog_one2one",100,100,1
"Phlpp1","PHLPP1","ortholog_one2one",100,99.68,1
"Lyar","LYAR","ortholog_one2one",100,100,1
"Dcaf13","DCAF13","ortholog_one2one",100,100,1
"Mthfd1","MTHFD1","ortholog_one2one",75,100,1
"Rab29","RAB29","ortholog_one2one",100,100,1
"Pgs1","PGS1","ortholog_one2one",100,100,1
"Rab11fip5","RAB11FIP5","ortholog_one2one",100,99.69,1
"Fmnl1","FMNL1","ortholog_one2one",100,100,1
"Tsg101","TSG101","ortholog_one2one",100,100,1
"Lrrc75a","LRRC75A","ortholog_one2one",75,100,1
"Orai3","ORAI3","ortholog_one2one",100,100,1
"Fkbp8","FKBP8","ortholog_one2one",100,100,1
"Bicd1","BICD1","ortholog_one2one",50,100,1
"Zkscan5","ZKSCAN5","ortholog_one2one",100,100,1
"Lzts1","LZTS1","ortholog_one2one",50,100,1
"Gorasp2","GORASP2","ortholog_one2one",100,100,1
"Slc14a1","SLC14A1","ortholog_one2one",100,100,1
"Cubn","CUBN","ortholog_one2one",100,100,1
"Slc35f5","SLC35F5","ortholog_one2one",50,100,1
"BC017158","RUSF1","ortholog_one2one",50,100,1
"Prom1","PROM1","ortholog_one2one",100,100,1
"Alcam","ALCAM","ortholog_one2one",100,100,1
"Flg","FLG","ortholog_one2one",100,95.76,0
"Lrrc52","LRRC52","ortholog_one2one",100,100,1
"Gata3","GATA3","ortholog_one2one",100,100,1
"Tmem41b","TMEM41B","ortholog_one2one",100,100,1
"Loxl3","LOXL3","ortholog_one2one",100,100,1
"Adgrb1","ADGRB1","ortholog_one2one",100,99.98,1
"Slc16a3","SLC16A3","ortholog_one2one",100,100,1
"Dnah17","DNAH17","ortholog_one2one",100,99.95,1
"Kcng4","KCNG4","ortholog_one2one",100,100,1
"Cdx1","CDX1","ortholog_one2one",100,100,1
"Plcd3","PLCD3","ortholog_one2one",100,100,1
"Kcna7","KCNA7","ortholog_one2one",100,100,1
"Top3a","TOP3A","ortholog_one2one",100,100,1
"Mrps12","MRPS12","ortholog_one2one",100,100,1
"Cdc23","CDC23","ortholog_one2one",100,100,1
"Tnfaip6","TNFAIP6","ortholog_one2one",100,100,1
"Zbtb7a","ZBTB7A","ortholog_one2one",100,100,1
"Ccnq","CCNQ","ortholog_one2one",0,30.61,0
"Fscn1","FSCN1","ortholog_one2one",75,100,1
"Aup1","AUP1","ortholog_one2one",100,100,1
"Ccdc157","CCDC157","ortholog_one2one",100,100,1
"A830018L16Rik","C8orf34","ortholog_one2one",100,100,1
"Igfbp4","IGFBP4","ortholog_one2one",100,100,1
"Csnk1d","CSNK1D","ortholog_one2one",100,100,1
"Noto","NOTO","ortholog_one2one",100,100,1
"Tspan1","TSPAN1","ortholog_one2one",100,100,1
"Dpm3","DPM3","ortholog_one2one",100,94.23,1
"Mak","MAK","ortholog_one2one",100,100,1
"Slc5a2","SLC5A2","ortholog_one2one",75,100,1
"Oprd1","OPRD1","ortholog_one2one",100,100,1
"Kcnip2","KCNIP2","ortholog_one2one",100,100,1
"Cdh3","CDH3","ortholog_one2one",100,99.79,1
"Sdc1","SDC1","ortholog_one2one",100,100,1
"Msantd1","MSANTD1","ortholog_one2one",100,100,1
"Wapl","WAPL","ortholog_one2one",100,100,1
"Kxd1","KXD1","ortholog_one2one",100,96.11,1
"Usp35","USP35","ortholog_one2one",100,100,1
"Col26a1","COL26A1","ortholog_one2one",100,100,1
"Pgr","PGR","ortholog_one2one",100,100,1
"Htt","HTT","ortholog_one2one",100,100,1
"Serpini1","SERPINI1","ortholog_one2one",75,100,1
"Cit","CIT","ortholog_one2one",100,100,1
"Gm49661","THSD8","ortholog_one2one",100,100,1
"Junb","JUNB","ortholog_one2one",100,100,1
"Il12rb2","IL12RB2","ortholog_one2one",75,100,1
"Rnf215","RNF215","ortholog_one2one",100,100,1
"Rnaseh2a","RNASEH2A","ortholog_one2one",100,100,1
"Htra2","HTRA2","ortholog_one2one",100,100,1
"Brd8","BRD8","ortholog_one2one",100,88.68,1
"D1Ertd622e","MACIR","ortholog_one2one",50,100,1
"Lypd1","LYPD1","ortholog_one2one",50,100,1
"H2bc21","H2BC11","ortholog_one2one",0,0,0
"Ccdc117","CCDC117","ortholog_one2one",50,100,1
"Plagl1","PLAGL1","ortholog_one2one",100,100,0
"Serbp1","SERBP1","ortholog_one2one",100,100,1
"P3h3","P3H3","ortholog_one2one",100,100,1
"Gpr39","GPR39","ortholog_one2one",50,100,1
"Neurl1b","NEURL1B","ortholog_one2one",50,100,1
"Irs1","IRS1","ortholog_one2one",100,100,1
"Esrp1","ESRP1","ortholog_one2one",100,100,1
"Timeless","TIMELESS","ortholog_one2one",100,100,1
"Mrps14","MRPS14","ortholog_one2one",100,100,1
"Opa1","OPA1","ortholog_one2one",100,100,1
"Tbc1d23","TBC1D23","ortholog_one2one",75,100,1
"Hdac5","HDAC5","ortholog_one2one",100,100,1
"Hsd3b7","HSD3B7","ortholog_one2one",100,100,1
"Zfp449","ZNF449","ortholog_one2one",75,100,1
"Scarb1","SCARB1","ortholog_one2one",100,100,1
"Ckap5","CKAP5","ortholog_one2one",100,100,1
"Klhl32","KLHL32","ortholog_one2one",100,100,1
"Cuedc2","CUEDC2","ortholog_one2one",75,100,1
"Map11","MAP11","ortholog_one2one",100,100,1
"Frat2","FRAT2","ortholog_one2one",100,100,1
"Fgf3","FGF3","ortholog_one2one",100,100,1
"Ankra2","ANKRA2","ortholog_one2one",100,100,1
"Rxrg","RXRG","ortholog_one2one",100,100,1
"Fgf4","FGF4","ortholog_one2one",100,100,1
"Rrp12","RRP12","ortholog_one2one",100,100,1
"Taf3","TAF3","ortholog_one2one",100,100,1
"Prdx2","PRDX2","ortholog_one2one",100,100,1
"Cdc37","CDC37","ortholog_one2one",100,100,1
"Patj","PATJ","ortholog_one2one",100,99.95,1
"Slc26a2","SLC26A2","ortholog_one2one",100,100,1
"Sall3","SALL3","ortholog_one2one",100,100,1
"Misp","MISP","ortholog_one2one",100,98.28,1
"Eri1","ERI1","ortholog_one2one",100,100,1
"Dmrt2","DMRT2","ortholog_one2one",100,100,1
"Scg5","SCG5","ortholog_one2one",75,100,1
"Lrrn4","LRRN4","ortholog_one2one",100,99.58,1
"Fgf15","FGF19","ortholog_one2one",100,100,0
"Tigd5","TIGD5","ortholog_one2one",100,100,1
"Sned1","SNED1","ortholog_one2one",100,100,1
"Hsdl2","HSDL2","ortholog_one2one",100,94.67,1
"Ctsk","CTSK","ortholog_one2one",100,100,1
"Ankrd29","ANKRD29","ortholog_one2one",100,100,1
"Ccar1","CCAR1","ortholog_one2one",100,100,1
"Aspdh","ASPDH","ortholog_one2one",100,100,1
"Cox6b2","COX6B2","ortholog_one2one",100,100,1
"Slc50a1","SLC50A1","ortholog_one2one",100,100,1
"Frmd3","FRMD3","ortholog_one2one",0,100,1
"Kirrel","KIRREL1","ortholog_one2one",25,100,1
"Ctss","CTSS","ortholog_one2one",100,100,1
"Serpinb11","SERPINB11","ortholog_one2one",100,100,1
"Lypd5","LYPD5","ortholog_one2one",50,100,1
"Tgfa","TGFA","ortholog_one2one",100,100,1
"Tnfsf10","TNFSF10","ortholog_one2one",100,100,1
"Sim1","SIM1","ortholog_one2one",50,100,1
"Pjvk","PJVK","ortholog_one2one",100,100,1
"Polr2g","POLR2G","ortholog_one2one",100,100,1
"Pycrl","PYCR3","ortholog_one2one",100,100,1
"Cnga1","CNGA1","ortholog_one2one",100,100,1
"Gal3st4","GAL3ST4","ortholog_one2one",100,100,1
"Cabin1","CABIN1","ortholog_one2one",75,100,1
"Zfp839","ZNF839","ortholog_one2one",100,100,0
"Tex35","TEX35","ortholog_one2one",75,93.49,0
"Tchh","TCHH","ortholog_one2one",100,97.9,0
"Mcmbp","MCMBP","ortholog_one2one",100,100,1
"Zbtb3","ZBTB3","ortholog_one2one",100,100,1
"Rptn","RPTN","ortholog_one2one",100,93.13,0
"Jazf1","JAZF1","ortholog_one2one",100,100,1
"Ptbp1","PTBP1","ortholog_one2one",100,99.99,1
"Hrnr","HRNR","ortholog_one2one",100,97.88,0
"Adprhl1","ADPRHL1","ortholog_one2one",100,90.29,0
"Fam126b","FAM126B","ortholog_one2one",100,100,1
"Ghsr","GHSR","ortholog_one2one",100,100,1
"Atp6v1g3","ATP6V1G3","ortholog_one2one",100,100,1
"H4c14","H4C15","ortholog_one2one",0,0,0
"Zfp462","ZNF462","ortholog_one2one",100,100,1
"Bcl2","BCL2","ortholog_one2one",100,100,1
"Fam102a","FAM102A","ortholog_one2one",100,100,1
"Ccr6","CCR6","ortholog_one2one",50,100,1
"Fgd2","FGD2","ortholog_one2one",100,100,1
"Cryba1","CRYBA1","ortholog_one2one",100,100,1
"Galnt11","GALNT11","ortholog_one2one",100,100,1
"E130308A19Rik","KIAA1958","ortholog_one2one",100,100,1
"LTO1","LTO1","ortholog_one2one",100,91.38,0
"Selenot","SELENOT","ortholog_one2one",100,99.44,1
"Kcnab2","KCNAB2","ortholog_one2one",100,100,1
"H2bc18","H2BC18","ortholog_one2one",25,96.56,1
"Sardh","SARDH","ortholog_one2one",100,100,1
"Slc10a1","SLC10A1","ortholog_one2one",100,100,1
"Cacybp","CACYBP","ortholog_one2one",75,100,1
"Nufip2","NUFIP2","ortholog_one2one",100,100,1
"Mterf4","MTERF4","ortholog_one2one",100,97.15,1
"Nudcd1","NUDCD1","ortholog_one2one",100,100,1
"D930020B18Rik","C12orf56","ortholog_one2one",100,100,1
"Enho","ENHO","ortholog_one2one",100,100,1
"Slc25a42","SLC25A42","ortholog_one2one",100,100,1
"Pcbp1","PCBP1","ortholog_one2one",100,100,1
"Dnaic1","DNAI1","ortholog_one2one",100,100,1
"Gcm2","GCM2","ortholog_one2one",100,100,1
"Ccnd1","CCND1","ortholog_one2one",75,100,1
"Ppp1r3g","PPP1R3G","ortholog_one2one",100,100,1
"Slc16a13","SLC16A13","ortholog_one2one",100,100,1
"Cdh1","CDH1","ortholog_one2one",100,100,1
"Inip","INIP","ortholog_one2one",100,100,1
"Rtn4","RTN4","ortholog_one2one",100,100,1
"Zmat4","ZMAT4","ortholog_one2one",100,100,1
"Atg13","ATG13","ortholog_one2one",100,100,1
"Lats1","LATS1","ortholog_one2one",100,100,1
"Unkl","UNKL","ortholog_one2one",100,97.62,1
"Puf60","PUF60","ortholog_one2one",100,100,1
"Gmfb","GMFB","ortholog_one2one",100,100,1
"Abra","ABRA","ortholog_one2one",100,100,1
"Eny2","ENY2","ortholog_one2one",100,100,1
"Prodh2","PRODH2","ortholog_one2one",100,96.51,1
"Zfp287","ZNF287","ortholog_one2one",50,100,1
"Zfp322a","ZNF322","ortholog_one2one",0,100,1
"Grm7","GRM7","ortholog_one2one",100,100,1
"Pgam1","PGAM1","ortholog_one2one",100,100,1
"Pde6a","PDE6A","ortholog_one2one",100,100,1
"Hgh1","HGH1","ortholog_one2one",100,100,1
"Nek7","NEK7","ortholog_one2one",100,100,1
"Iws1","IWS1","ortholog_one2one",100,98.67,1
"Ergic1","ERGIC1","ortholog_one2one",100,100,1
"Fam136a","FAM136A","ortholog_one2one",100,97.79,1
"Gpr162","GPR162","ortholog_one2one",100,100,1
"Tmem80","TMEM80","ortholog_one2one",100,100,0
"Insl5","INSL5","ortholog_one2one",100,100,1
"Tenm3","TENM3","ortholog_one2one",100,100,1
"S100pbp","S100PBP","ortholog_one2one",100,100,1
"Fkbp7","FKBP7","ortholog_one2one",100,100,1
"Serpinb7","SERPINB7","ortholog_one2one",100,100,1
"Foxp2","FOXP2","ortholog_one2one",100,100,1
"Pcgf6","PCGF6","ortholog_one2one",100,100,1
"Wdr5","WDR5","ortholog_one2one",100,100,1
"1700042G07Rik","P3R3URF","ortholog_one2one",100,100,1
"Lmx1a","LMX1A","ortholog_one2one",100,100,1
"Pcdh18","PCDH18","ortholog_one2one",100,100,1
"Urb1","URB1","ortholog_one2one",100,100,1
"Pipox","PIPOX","ortholog_one2one",100,100,1
"Elof1","ELOF1","ortholog_one2one",75,80.34,1
"Gtpbp10","GTPBP10","ortholog_one2one",100,100,1
"Mfhas1","MFHAS1","ortholog_one2one",100,100,1
"Itk","ITK","ortholog_one2one",100,100,1
"Pten","PTEN","ortholog_one2one",100,100,1
"Atp5md","ATP5MD","ortholog_one2one",100,100,1
"Efna1","EFNA1","ortholog_one2one",100,100,1
"Card19","CARD19","ortholog_one2one",100,100,1
"Kidins220","KIDINS220","ortholog_one2one",75,100,1
"Taf5","TAF5","ortholog_one2one",100,100,1
"Cd4","CD4","ortholog_one2one",100,100,1
"Galntl5","GALNTL5","ortholog_one2one",100,100,1
"Tns4","TNS4","ortholog_one2one",100,100,1
"Sec23ip","SEC23IP","ortholog_one2one",100,100,1
"Sugp2","SUGP2","ortholog_one2one",100,100,1
"Pgrmc2","PGRMC2","ortholog_one2one",100,100,1
"Snx30","SNX30","ortholog_one2one",100,100,1
"Nipal1","NIPAL1","ortholog_one2one",75,100,1
"Bcl6b","BCL6B","ortholog_one2one",100,100,1
"Abca9","ABCA9","ortholog_one2one",100,100,1
"Srpx","SRPX","ortholog_one2one",100,100,1
"Grb10","GRB10","ortholog_one2one",100,97.06,1
"Exosc1","EXOSC1","ortholog_one2one",100,100,1
"Pbx1","PBX1","ortholog_one2one",100,100,1
"Dyrk2","DYRK2","ortholog_one2one",75,100,1
"Ipo7","IPO7","ortholog_one2one",100,100,1
"Pip5kl1","PIP5KL1","ortholog_one2one",100,100,1
"Nfkbia","NFKBIA","ortholog_one2one",100,100,1
"Uevld","UEVLD","ortholog_one2one",100,100,1
"Micu1","MICU1","ortholog_one2one",100,100,1
"Prrg4","PRRG4","ortholog_one2one",100,100,1
"Ppp1r13b","PPP1R13B","ortholog_one2one",100,100,1
"Kcnu1","KCNU1","ortholog_one2one",0,69.98,0
"Cadps2","CADPS2","ortholog_one2one",100,100,1
"Dusp1","DUSP1","ortholog_one2one",50,100,1
"Gm8773","FAM237B","ortholog_one2one",100,100,1
"Zmiz1","ZMIZ1","ortholog_one2one",100,100,1
"Ttbk2","TTBK2","ortholog_one2one",100,88.29,1
"Tnfrsf14","TNFRSF14","ortholog_one2one",100,100,0
"Hoxa1","HOXA1","ortholog_one2one",100,100,1
"Armc6","ARMC6","ortholog_one2one",100,98.94,1
"Tnni2","TNNI2","ortholog_one2one",100,100,1
"Gsdma","GSDMA","ortholog_one2one",100,89.27,1
"Kdsr","KDSR","ortholog_one2one",100,100,1
"Ubc","UBC","ortholog_one2one",100,100,1
"Tek","TEK","ortholog_one2one",75,100,1
"Cda","CDA","ortholog_one2one",100,100,1
"Ntf5","NTF4","ortholog_one2one",100,100,1
"Dpm2","DPM2","ortholog_one2one",100,100,0
"Arhgap32","ARHGAP32","ortholog_one2one",100,100,1
"Lyve1","LYVE1","ortholog_one2one",100,100,1
"Zfyve21","ZFYVE21","ortholog_one2one",100,100,1
"Gprc5d","GPRC5D","ortholog_one2one",100,100,1
"Zfp143","ZNF143","ortholog_one2one",100,100,1
"Vax1","VAX1","ortholog_one2one",100,100,1
"Rpgr","RPGR","ortholog_one2one",100,100,0
"Mfap5","MFAP5","ortholog_one2one",75,100,1
"Ints6l","INTS6L","ortholog_one2one",75,100,1
"Galr1","GALR1","ortholog_one2one",100,100,1
"Mfap2","MFAP2","ortholog_one2one",100,100,1
"Insm2","INSM2","ortholog_one2one",100,98.91,1
"Slc46a2","SLC46A2","ortholog_one2one",100,100,1
"Tshr","TSHR","ortholog_one2one",100,100,1
"Prdm16","PRDM16","ortholog_one2one",100,100,1
"Cops9","COPS9","ortholog_one2one",100,85.01,0
"Gm6133","RPL17-C18orf32","ortholog_one2one",0,0,0
"Wfdc1","WFDC1","ortholog_one2one",100,100,1
"Slc14a2","SLC14A2","ortholog_one2one",75,100,1
"Slc28a3","SLC28A3","ortholog_one2one",100,100,1
"Ppargc1b","PPARGC1B","ortholog_one2one",100,100,1
"Fam234b","FAM234B","ortholog_one2one",100,100,1
"Fam43b","FAM43B","ortholog_one2one",100,100,1
"Smarcd2","SMARCD2","ortholog_one2one",100,100,1
"Men1","MEN1","ortholog_one2one",100,100,1
"Inha","INHA","ortholog_one2one",75,100,1
"Serpinb2","SERPINB2","ortholog_one2one",100,100,1
"Grid1","GRID1","ortholog_one2one",100,100,1
"Sirt2","SIRT2","ortholog_one2one",100,100,1
"Psmd3","PSMD3","ortholog_one2one",100,100,1
"Coil","COIL","ortholog_one2one",100,100,1
"Shh","SHH","ortholog_one2one",100,100,1
"Cd96","CD96","ortholog_one2one",100,98.38,1
"Rtf1","RTF1","ortholog_one2one",100,95.88,1
"Cdh6","CDH6","ortholog_one2one",100,100,1
"Serpinb10","SERPINB10","ortholog_one2one",100,100,1
"Brix1","BRIX1","ortholog_one2one",100,100,1
"Fam205c","FAM205C","ortholog_one2one",100,100,0
"Gmeb1","GMEB1","ortholog_one2one",75,100,1
"Adam15","ADAM15","ortholog_one2one",100,100,1
"Usp24","USP24","ortholog_one2one",100,100,1
"Arhgap11a","ARHGAP11A","ortholog_one2one",50,100,1
"Mpc1","MPC1","ortholog_one2one",50,99.52,1
"Hebp1","HEBP1","ortholog_one2one",100,100,1
"Cox18","COX18","ortholog_one2one",100,100,1
"Lair1","LAIR1","ortholog_one2one",100,62.93,0
"Rdh12","RDH12","ortholog_one2one",100,100,1
"Fermt1","FERMT1","ortholog_one2one",100,100,1
"Gsg1","GSG1","ortholog_one2one",100,100,1
"Mfsd13a","MFSD13A","ortholog_one2one",100,100,1
"Ccr7","CCR7","ortholog_one2one",100,100,1
"Plekha3","PLEKHA3","ortholog_one2one",100,99.95,1
"Sympk","SYMPK","ortholog_one2one",100,100,1
"Grk3","GRK3","ortholog_one2one",100,100,1
"Ift22","IFT22","ortholog_one2one",100,100,1
"Mul1","MUL1","ortholog_one2one",100,100,1
"Il11","IL11","ortholog_one2one",100,100,1
"Cd164","CD164","ortholog_one2one",100,100,1
"Lag3","LAG3","ortholog_one2one",100,100,1
"2310034G01Rik","C10orf95","ortholog_one2one",100,99.07,1
"AC151602.1","AC008687.4","ortholog_one2one",100,100,1
"Snrpg","SNRPG","ortholog_one2one",100,84.14,1
"Cd8a","CD8A","ortholog_one2one",100,100,0
"Cfp","CFP","ortholog_one2one",100,100,1
"Fndc3b","FNDC3B","ortholog_one2one",100,100,1
"Nup35","NUP35","ortholog_one2one",100,100,1
"Slc38a6","SLC38A6","ortholog_one2one",100,94.21,1
"Tmem190","TMEM190","ortholog_one2one",100,100,1
"Ruvbl2","RUVBL2","ortholog_one2one",100,100,1
"Fcsk","FCSK","ortholog_one2one",100,99.17,1
"Tpp1","TPP1","ortholog_one2one",100,100,1
"Snx2","SNX2","ortholog_one2one",100,100,1
"Tbc1d20","TBC1D20","ortholog_one2one",100,100,1
"Ppp1ca","PPP1CA","ortholog_one2one",100,100,1
"Clic1","CLIC1","ortholog_one2one",100,100,1
"Eml6","EML6","ortholog_one2one",100,100,1
"Cyth1","CYTH1","ortholog_one2one",100,100,1
"Calhm2","CALHM2","ortholog_one2one",100,100,1
"Hes5","HES5","ortholog_one2one",100,100,1
"Nphp4","NPHP4","ortholog_one2one",100,100,1
"Cps1","CPS1","ortholog_one2one",100,99.98,1
"Cdan1","CDAN1","ortholog_one2one",100,100,1
"Pdcd11","PDCD11","ortholog_one2one",100,100,1
"Exoc6","EXOC6","ortholog_one2one",100,100,1
"Wee1","WEE1","ortholog_one2one",100,100,1
"Mier1","MIER1","ortholog_one2one",100,100,1
"Aadacl2","AADACL2","ortholog_one2one",100,100,1
"Dusp19","DUSP19","ortholog_one2one",100,100,1
"Prtn3","PRTN3","ortholog_one2one",100,100,1
"Letm1","LETM1","ortholog_one2one",100,100,1
"Rhbdd1","RHBDD1","ortholog_one2one",100,100,1
"Ankrd44","ANKRD44","ortholog_one2one",100,100,1
"Elk1","ELK1","ortholog_one2one",100,100,1
"Parg","PARG","ortholog_one2one",75,100,1
"Rnls","RNLS","ortholog_one2one",100,100,0
"Plppr3","PLPPR3","ortholog_one2one",100,100,1
"Rad9a","RAD9A","ortholog_one2one",0,100,1
"Cd7","CD7","ortholog_one2one",75,100,0
"Wtip","WTIP","ortholog_one2one",100,100,1
"Meis1","MEIS1","ortholog_one2one",100,100,1
"Uxt","UXT","ortholog_one2one",100,100,1
"Dhx37","DHX37","ortholog_one2one",100,100,1
"Pask","PASK","ortholog_one2one",100,98.38,1
"Sall2","SALL2","ortholog_one2one",100,100,1
"Fnip1","FNIP1","ortholog_one2one",100,100,1
"Thrsp","THRSP","ortholog_one2one",100,100,1
"Ttc9c","TTC9C","ortholog_one2one",100,100,1
"Zscan12","ZSCAN12","ortholog_one2one",75,95.47,1
"Rcc2","RCC2","ortholog_one2one",100,99.72,1
"Gys1","GYS1","ortholog_one2one",100,100,1
"Glrx3","GLRX3","ortholog_one2one",100,96.66,1
"Rab6a","RAB6A","ortholog_one2one",100,100,1
"Kcnn4","KCNN4","ortholog_one2one",75,100,1
"Tfpi","TFPI","ortholog_one2one",50,89.76,1
"Lpcat4","LPCAT4","ortholog_one2one",50,100,1
"Rbpj","RBPJ","ortholog_one2one",100,100,1
"Tspan9","TSPAN9","ortholog_one2one",100,100,1
"Map3k2","MAP3K2","ortholog_one2one",100,100,1
"Gjd2","GJD2","ortholog_one2one",50,100,1
"Fars2","FARS2","ortholog_one2one",100,100,1
"Kif5b","KIF5B","ortholog_one2one",75,100,1
"Trim25","TRIM25","ortholog_one2one",100,100,1
"Rexo1","REXO1","ortholog_one2one",100,99.97,1
"Pcsk9","PCSK9","ortholog_one2one",100,100,1
"Sycp2l","SYCP2L","ortholog_one2one",100,93.77,1
"Actc1","ACTC1","ortholog_one2one",50,100,1
"Hormad1","HORMAD1","ortholog_one2one",100,100,1
"Kcnk18","KCNK18","ortholog_one2one",100,100,1
"Smarce1","SMARCE1","ortholog_one2one",100,100,1
"Fat1","FAT1","ortholog_one2one",100,100,1
"Golph3","GOLPH3","ortholog_one2one",100,100,1
"Nutm1","NUTM1","ortholog_one2one",75,99.95,1
"Reck","RECK","ortholog_one2one",100,100,1
"Slc18a2","SLC18A2","ortholog_one2one",100,100,1
"Wdr81","WDR81","ortholog_one2one",100,100,1
"Mrvi1","IRAG1","ortholog_one2one",100,100,1
"Nfkbib","NFKBIB","ortholog_one2one",100,100,1
"Itpka","ITPKA","ortholog_one2one",100,100,1
"Mastl","MASTL","ortholog_one2one",25,100,1
"Tmem128","TMEM128","ortholog_one2one",75,100,1
"Alg5","ALG5","ortholog_one2one",100,100,1
"Efnb2","EFNB2","ortholog_one2one",50,100,1
"St6galnac4","ST6GALNAC4","ortholog_one2one",100,100,1
"Col23a1","COL23A1","ortholog_one2one",100,100,1
"Chrna1","CHRNA1","ortholog_one2one",100,98.01,1
"Camk2n1","CAMK2N1","ortholog_one2one",100,100,1
"Nrn1","NRN1","ortholog_one2one",100,100,1
"Il15","IL15","ortholog_one2one",100,100,1
"Slc7a11","SLC7A11","ortholog_one2one",100,100,1
"Nckap5","NCKAP5","ortholog_one2one",100,99.27,1
"Mrpl48","MRPL48","ortholog_one2one",100,100,1
"Nop10","NOP10","ortholog_one2one",100,100,1
"Maml2","MAML2","ortholog_one2one",100,100,0
"Ccer2","CCER2","ortholog_one2one",100,100,1
"Ercc3","ERCC3","ortholog_one2one",100,100,1
"Susd3","SUSD3","ortholog_one2one",100,100,1
"Gulp1","GULP1","ortholog_one2one",50,100,1
"Creb5","CREB5","ortholog_one2one",100,100,1
"Arglu1","ARGLU1","ortholog_one2one",100,100,1
"Myocd","MYOCD","ortholog_one2one",100,100,1
"Wdr78","DNAI4","ortholog_one2one",100,100,1
"Pifo","PIFO","ortholog_one2one",100,91.18,0
"Cinp","CINP","ortholog_one2one",100,100,1
"Tcim","TCIM","ortholog_one2one",100,100,1
"Hoxa4","HOXA4","ortholog_one2one",100,100,1
"A1bg","A1BG","ortholog_one2one",0,0,0
"Fam71b","FAM71B","ortholog_one2one",100,97.99,1
"Hoxa5","HOXA5","ortholog_one2one",100,100,1
"Enpp1","ENPP1","ortholog_one2one",50,100,1
"Snx24","SNX24","ortholog_one2one",100,94.92,1
"Hoxa2","HOXA2","ortholog_one2one",100,100,1
"Sap25","SAP25","ortholog_one2one",100,100,0
"Tmem238","TMEM238","ortholog_one2one",100,100,1
"Adra1d","ADRA1D","ortholog_one2one",100,100,1
"Fcrls","FCRL4","ortholog_one2one",0,39.79,0
"Hoxa6","HOXA6","ortholog_one2one",100,100,1
"Naaladl2","NAALADL2","ortholog_one2one",75,100,1
"Sec11c","SEC11C","ortholog_one2one",100,100,1
"Kdm4c","KDM4C","ortholog_one2one",50,100,1
"Ddah2","DDAH2","ortholog_one2one",75,100,1
"Sf3a1","SF3A1","ortholog_one2one",100,100,1
"Rad23b","RAD23B","ortholog_one2one",100,100,1
"Rbsn","RBSN","ortholog_one2one",50,100,1
"Hoxa3","HOXA3","ortholog_one2one",100,100,1
"Tle6","TLE6","ortholog_one2one",75,83.62,0
"Ksr2","KSR2","ortholog_one2one",100,100,1
"Pigx","PIGX","ortholog_one2one",100,96.87,1
"Nos2","NOS2","ortholog_one2one",100,100,1
"Nrbp2","NRBP2","ortholog_one2one",100,100,0
"Rif1","RIF1","ortholog_one2one",100,100,1
"Mlx","MLX","ortholog_one2one",100,100,1
"Lemd1","LEMD1","ortholog_one2one",100,100,1
"Iah1","IAH1","ortholog_one2one",100,100,1
"Dgke","DGKE","ortholog_one2one",100,99.51,1
"Hoxa7","HOXA7","ortholog_one2one",100,100,1
"Ppp1r9a","PPP1R9A","ortholog_one2one",100,100,1
"Efna4","EFNA4","ortholog_one2one",100,100,1
"Foxb2","FOXB2","ortholog_one2one",100,100,1
"Adam17","ADAM17","ortholog_one2one",100,100,1
"Ndufb3","NDUFB3","ortholog_one2one",100,100,1
"Zfp354c","ZNF354C","ortholog_one2one",100,98.63,1
"Tsta3","GFUS","ortholog_one2one",100,100,1
"Ppic","PPIC","ortholog_one2one",100,100,1
"Lhx9","LHX9","ortholog_one2one",100,100,1
"Cmtm3","CMTM3","ortholog_one2one",50,100,1
"Acbd5","ACBD5","ortholog_one2one",50,98.92,1
"Mlf2","MLF2","ortholog_one2one",100,100,1
"Zfp879","ZNF879","ortholog_one2one",100,100,1
"Tjp3","TJP3","ortholog_one2one",100,99.79,1
"Sv2c","SV2C","ortholog_one2one",75,100,1
"Agfg1","AGFG1","ortholog_one2one",100,100,1
"Pim1","PIM1","ortholog_one2one",75,100,1
"Bscl2","BSCL2","ortholog_one2one",100,100,1
"Cldn23","CLDN23","ortholog_one2one",75,100,1
"Lsm1","LSM1","ortholog_one2one",100,100,1
"Mrpl17","MRPL17","ortholog_one2one",50,100,1
"Pcnx","PCNX1","ortholog_one2one",100,100,1
"Ppp1r12b","PPP1R12B","ortholog_one2one",100,100,1
"Smoc1","SMOC1","ortholog_one2one",100,100,1
"Virma","VIRMA","ortholog_one2one",75,99.02,1
"Repin1","REPIN1","ortholog_one2one",100,100,1
"Arhgef37","ARHGEF37","ortholog_one2one",100,100,1
"Hjv","HJV","ortholog_one2one",50,100,1
"Fxn","FXN","ortholog_one2one",75,78.77,1
"Pdzd2","PDZD2","ortholog_one2one",100,100,1
"Olfr1509","OR4E2","ortholog_one2one",100,100,1
"Erich6","ERICH6","ortholog_one2one",100,94.17,1
"Tcerg1l","TCERG1L","ortholog_one2one",100,100,1
"Dchs1","DCHS1","ortholog_one2one",75,100,1
"Tlcd2","TLCD2","ortholog_one2one",100,100,1
"Txnip","TXNIP","ortholog_one2one",75,100,1
"Adgrl3","ADGRL3","ortholog_one2one",100,100,1
"Rbck1","RBCK1","ortholog_one2one",100,100,1
"Rad51d","RAD51D","ortholog_one2one",100,93.37,1
"Med7","MED7","ortholog_one2one",75,100,1
"Cyp26c1","CYP26C1","ortholog_one2one",100,100,1
"Grm6","GRM6","ortholog_one2one",100,100,1
"Rgs10","RGS10","ortholog_one2one",50,100,1
"Cdipt","CDIPT","ortholog_one2one",100,100,1
"Mpig6b","MPIG6B","ortholog_one2one",100,100,1
"Syk","SYK","ortholog_one2one",100,100,1
"Cdk8","CDK8","ortholog_one2one",50,100,1
"Abca6","ABCA6","ortholog_one2one",100,100,1
"Ly6g6c","LY6G6C","ortholog_one2one",100,100,1
"Vwa5b1","VWA5B1","ortholog_one2one",100,100,1
"Kctd14","KCTD14","ortholog_one2one",100,83.49,0
"Chn1","CHN1","ortholog_one2one",100,100,1
"Otop1","OTOP1","ortholog_one2one",50,100,1
"Rnf216","RNF216","ortholog_one2one",50,100,1
"Flacc1","FLACC1","ortholog_one2one",75,18.95,1
"Apba3","APBA3","ortholog_one2one",100,100,1
"Nlgn1","NLGN1","ortholog_one2one",100,100,1
"Tmc2","TMC2","ortholog_one2one",100,100,1
"Gcnt2","GCNT2","ortholog_one2one",100,100,1
"Syt2","SYT2","ortholog_one2one",100,100,1
"Baiap3","BAIAP3","ortholog_one2one",100,99.38,1
"Taf12","TAF12","ortholog_one2one",100,100,1
"Padi6","PADI6","ortholog_one2one",100,95.49,1
"Acp5","ACP5","ortholog_one2one",50,100,1
"Katna1","KATNA1","ortholog_one2one",100,100,1
"Asprv1","ASPRV1","ortholog_one2one",100,100,1
"Arhgap33","ARHGAP33","ortholog_one2one",100,100,1
"Bsnd","BSND","ortholog_one2one",100,100,1
"Rab42","RAB42","ortholog_one2one",100,100,1
"Rsph6a","RSPH6A","ortholog_one2one",100,100,1
"Plin1","PLIN1","ortholog_one2one",100,100,1
"Ly6g6d","LY6G6D","ortholog_one2one",75,100,0
"Tmem61","TMEM61","ortholog_one2one",100,91.46,0
"Mtrr","MTRR","ortholog_one2one",75,99.03,1
"Atp2c2","ATP2C2","ortholog_one2one",100,100,1
"Ppip5k2","PPIP5K2","ortholog_one2one",75,98.79,1
"Psmc3ip","PSMC3IP","ortholog_one2one",100,100,1
"Stk11ip","STK11IP","ortholog_one2one",100,100,1
"Dnajc8","DNAJC8","ortholog_one2one",100,100,1
"Naalad2","NAALAD2","ortholog_one2one",50,100,1
"Cep19","CEP19","ortholog_one2one",100,100,1
"Pak1ip1","PAK1IP1","ortholog_one2one",100,100,1
"St3gal2","ST3GAL2","ortholog_one2one",100,100,1
"Gng3","GNG3","ortholog_one2one",100,100,1
"Josd2","JOSD2","ortholog_one2one",100,100,1
"Klf4","KLF4","ortholog_one2one",100,100,1
"Prnp","PRNP","ortholog_one2one",100,100,1
"Rpl28","RPL28","ortholog_one2one",100,82.76,1
"Setbp1","SETBP1","ortholog_one2one",50,100,1
"Lta4h","LTA4H","ortholog_one2one",100,100,1
"Glra1","GLRA1","ortholog_one2one",100,100,1
"Dcun1d2","DCUN1D2","ortholog_one2one",100,99.72,1
"Ido2","IDO2","ortholog_one2one",100,98.27,1
"Tcf19","TCF19","ortholog_one2one",100,96.03,1
"Abt1","ABT1","ortholog_one2one",25,100,1
"Gabrg1","GABRG1","ortholog_one2one",100,100,1
"Chdh","CHDH","ortholog_one2one",100,100,1
"Ttyh1","TTYH1","ortholog_one2one",100,100,1
"Eps8l2","EPS8L2","ortholog_one2one",100,100,1
"Klf16","KLF16","ortholog_one2one",100,100,1
"Aadac","AADAC","ortholog_one2one",100,100,1
"Zfp623","ZNF623","ortholog_one2one",100,100,1
"Otos","OTOS","ortholog_one2one",100,100,1
"Rnf32","RNF32","ortholog_one2one",100,100,1
"Star","STAR","ortholog_one2one",75,100,1
"Sez6","SEZ6","ortholog_one2one",100,100,1
"St6galnac1","ST6GALNAC1","ortholog_one2one",75,0,1
"Erp29","ERP29","ortholog_one2one",100,100,1
"Ints4","INTS4","ortholog_one2one",100,97.77,1
"Serpinb8","SERPINB8","ortholog_one2one",100,100,1
"Rps6ka2","RPS6KA2","ortholog_one2one",25,96.62,1
"Drd5","DRD5","ortholog_one2one",75,100,1
"Mmgt1","MMGT1","ortholog_one2one",75,100,1
"Bmp2","BMP2","ortholog_one2one",100,100,1
"Prkd2","PRKD2","ortholog_one2one",100,100,1
"Dcp1a","DCP1A","ortholog_one2one",100,100,1
"Prag1","PRAG1","ortholog_one2one",50,100,1
"Pmpca","PMPCA","ortholog_one2one",100,100,1
"Lmcd1","LMCD1","ortholog_one2one",100,100,1
"Cmtm4","CMTM4","ortholog_one2one",100,100,1
"Tmem116","TMEM116","ortholog_one2one",100,100,1
"Usp36","USP36","ortholog_one2one",100,100,1
"Sdf2l1","SDF2L1","ortholog_one2one",100,100,1
"Rasal2","RASAL2","ortholog_one2one",100,100,1
"Golim4","GOLIM4","ortholog_one2one",50,99.79,1
"Olfr780","OR6C68","ortholog_one2one",0,0,0
"Plpp4","PLPP4","ortholog_one2one",100,100,1
"Tchhl1","TCHHL1","ortholog_one2one",100,90.01,0
"Grik2","GRIK2","ortholog_one2one",100,100,1
"Rmnd5a","RMND5A","ortholog_one2one",100,100,1
"Actr1a","ACTR1A","ortholog_one2one",75,100,1
"Tril","TRIL","ortholog_one2one",100,100,1
"Dmac1","DMAC1","ortholog_one2one",50,100,1
"Cd5l","CD5L","ortholog_one2one",50,100,1
"Anks3","ANKS3","ortholog_one2one",100,100,1
"Ccdc116","CCDC116","ortholog_one2one",100,100,0
"Nmnat2","NMNAT2","ortholog_one2one",100,100,1
"Coro1a","CORO1A","ortholog_one2one",100,100,1
"Lrr1","LRR1","ortholog_one2one",75,100,1
"Rgs12","RGS12","ortholog_one2one",100,100,1
"Col4a4","COL4A4","ortholog_one2one",100,100,1
"Sucnr1","SUCNR1","ortholog_one2one",100,100,1
"Gin1","GIN1","ortholog_one2one",100,100,1
"Lonrf1","LONRF1","ortholog_one2one",50,100,1
"Meak7","MEAK7","ortholog_one2one",100,100,1
"Nisch","NISCH","ortholog_one2one",100,98.12,1
"Hao1","HAO1","ortholog_one2one",100,100,1
"Ydjc","YDJC","ortholog_one2one",75,100,1
"Dmwd","DMWD","ortholog_one2one",100,100,1
"Cyp26a1","CYP26A1","ortholog_one2one",100,100,1
"Pcyox1","PCYOX1","ortholog_one2one",100,100,1
"Pitpnm2","PITPNM2","ortholog_one2one",100,100,1
"Dupd1","DUSP29","ortholog_one2one",100,100,1
"Pias4","PIAS4","ortholog_one2one",100,100,1
"Trak1","TRAK1","ortholog_one2one",100,100,1
"Tmco3","TMCO3","ortholog_one2one",100,100,1
"Bbs10","BBS10","ortholog_one2one",100,100,1
"Pank4","PANK4","ortholog_one2one",100,100,1
"Cacna1d","CACNA1D","ortholog_one2one",100,100,1
"Phf24","PHF24","ortholog_one2one",100,100,1
"Cchcr1","CCHCR1","ortholog_one2one",100,100,1
"Sbpl","ZG16B","ortholog_one2one",0,0,0
"Inpp5e","INPP5E","ortholog_one2one",100,100,1
"Cldn15","CLDN15","ortholog_one2one",100,100,1
"Pde4a","PDE4A","ortholog_one2one",100,100,1
"Rfxap","RFXAP","ortholog_one2one",100,100,1
"Ppp2r2d","PPP2R2D","ortholog_one2one",100,100,1
"Pdgfrb","PDGFRB","ortholog_one2one",100,100,1
"Slc39a12","SLC39A12","ortholog_one2one",100,100,1
"Btf3","BTF3","ortholog_one2one",100,100,1
"S100a11","S100A11","ortholog_one2one",100,100,1
"Gabra2","GABRA2","ortholog_one2one",100,100,1
"Golph3l","GOLPH3L","ortholog_one2one",100,100,1
"Sertm1","SERTM1","ortholog_one2one",100,100,1
"Ube2l3","UBE2L5","ortholog_one2one",0,0,0
"Krt24","KRT24","ortholog_one2one",100,100,1
"Calhm1","CALHM1","ortholog_one2one",100,100,1
"Spty2d1","SPTY2D1","ortholog_one2one",100,100,1
"Zpld1","ZPLD1","ortholog_one2one",100,98.67,1
"Calhm3","CALHM3","ortholog_one2one",100,100,1
"Ddx41","DDX41","ortholog_one2one",100,100,1
"Txk","TXK","ortholog_one2one",75,100,1
"Glipr2","GLIPR2","ortholog_one2one",100,100,1
"Sp6","SP6","ortholog_one2one",100,100,1
"Gm49383","DNAAF2","ortholog_one2one",75,98.81,0
"Pex11a","PEX11A","ortholog_one2one",100,100,1
"Mgat2","MGAT2","ortholog_one2one",100,100,1
"Padi4","PADI4","ortholog_one2one",100,100,1
"Pamr1","PAMR1","ortholog_one2one",100,100,1
"Cand1","CAND1","ortholog_one2one",100,100,1
"Cotl1","COTL1","ortholog_one2one",100,100,1
"Stx1b","STX1B","ortholog_one2one",100,100,1
"Ccin","CCIN","ortholog_one2one",100,100,1
"Ltk","LTK","ortholog_one2one",100,100,1
"Bin1","BIN1","ortholog_one2one",100,100,1
"Smg9","SMG9","ortholog_one2one",100,100,1
"Lin37","LIN37","ortholog_one2one",100,100,1
"Stx4a","STX4","ortholog_one2one",100,100,1
"S100a10","S100A10","ortholog_one2one",100,100,1
"Csf3","CSF3","ortholog_one2one",100,100,1
"Abhd17a","ABHD17A","ortholog_one2one",100,97.24,1
"Adgrb3","ADGRB3","ortholog_one2one",100,99.81,1
"Nin","NIN","ortholog_one2one",75,100,1
"Shmt1","SHMT1","ortholog_one2one",50,100,1
"Nrros","NRROS","ortholog_one2one",75,98.88,1
"Prdm6","PRDM6","ortholog_one2one",100,100,1
"Mtf2","MTF2","ortholog_one2one",100,100,1
"Gcc1","GCC1","ortholog_one2one",100,100,1
"Kcnj5","KCNJ5","ortholog_one2one",100,100,1
"Ccdc73","CCDC73","ortholog_one2one",100,100,1
"Spred2","SPRED2","ortholog_one2one",100,98.56,1
"Arf5","ARF5","ortholog_one2one",100,100,1
"Cgrrf1","CGRRF1","ortholog_one2one",100,100,1
"Tmem212","TMEM212","ortholog_one2one",100,100,1
"Mms19","MMS19","ortholog_one2one",100,100,1
"Hspb6","HSPB6","ortholog_one2one",100,100,1
"Ddx19a","DDX19A","ortholog_one2one",100,100,1
"Nectin3","NECTIN3","ortholog_one2one",100,100,1
"Zfp182","ZNF182","ortholog_one2one",75,98.42,1
"Proser3","PROSER3","ortholog_one2one",100,100,0
"Harbi1","HARBI1","ortholog_one2one",100,100,1
"Fscn3","FSCN3","ortholog_one2one",100,100,1
"Lsp1","LSP1","ortholog_one2one",100,99.74,0
"Pip5k1b","PIP5K1B","ortholog_one2one",100,100,1
"Spata16","SPATA16","ortholog_one2one",100,100,1
"Mkln1","MKLN1","ortholog_one2one",100,100,1
"Gck","GCK","ortholog_one2one",100,100,1
"Mcrip2","MCRIP2","ortholog_one2one",100,100,1
"Cdh7","CDH7","ortholog_one2one",100,100,1
"Ubn2","UBN2","ortholog_one2one",100,100,1
"Havcr2","HAVCR2","ortholog_one2one",100,100,1
"Eef2","EEF2","ortholog_one2one",100,100,1
"Ptafr","PTAFR","ortholog_one2one",100,100,1
"Timp2","TIMP2","ortholog_one2one",100,100,1
"Pard6g","PARD6G","ortholog_one2one",50,99.95,1
"Llgl2","LLGL2","ortholog_one2one",100,100,1
"Stxbp5l","STXBP5L","ortholog_one2one",100,100,1
"Cox7b2","COX7B2","ortholog_one2one",100,100,1
"Eif3m","EIF3M","ortholog_one2one",100,100,1
"Prr18","PRR18","ortholog_one2one",100,100,1
"Ccna1","CCNA1","ortholog_one2one",100,100,1
"Psors1c2","PSORS1C2","ortholog_one2one",100,100,1
"AI854703","AC073111.3","ortholog_one2one",100,100,1
"Git2","GIT2","ortholog_one2one",75,100,1
"Kcnj1","KCNJ1","ortholog_one2one",100,100,1
"Tmx4","TMX4","ortholog_one2one",100,100,1
"Trmt9b","TRMT9B","ortholog_one2one",50,100,1
"Ubxn10","UBXN10","ortholog_one2one",100,100,1
"Myo7a","MYO7A","ortholog_one2one",75,100,1
"Cep120","CEP120","ortholog_one2one",100,100,1
"Fam20c","FAM20C","ortholog_one2one",50,100,1
"Pla2g2c","PLA2G2C","ortholog_one2one",100,100,1
"Ensa","ENSA","ortholog_one2one",100,86.71,1
"Smcr8","SMCR8","ortholog_one2one",75,100,1
"Klhl36","KLHL36","ortholog_one2one",100,100,1
"Arnt2","ARNT2","ortholog_one2one",100,100,1
"Cdsn","CDSN","ortholog_one2one",100,98.42,1
"Fbxo45","FBXO45","ortholog_one2one",75,100,1
"Tmem209","TMEM209","ortholog_one2one",100,100,1
"Fgd3","FGD3","ortholog_one2one",100,100,1
"Gm525","C17orf67","ortholog_one2one",100,100,1
"Rfc1","RFC1","ortholog_one2one",100,100,1
"Zfp454","ZNF454","ortholog_one2one",100,98.51,1
"Swap70","SWAP70","ortholog_one2one",100,100,1
"Peli2","PELI2","ortholog_one2one",100,100,1
"Rnf133","RNF133","ortholog_one2one",100,100,1
"Hnrnpk","HNRNPK","ortholog_one2one",100,100,1
"Rims2","RIMS2","ortholog_one2one",75,100,1
"Bri3bp","BRI3BP","ortholog_one2one",100,100,1
"Mcl1","MCL1","ortholog_one2one",100,100,1
"Rnf148","RNF148","ortholog_one2one",100,100,1
"Dapk3","DAPK3","ortholog_one2one",100,100,1
"Ythdf3","YTHDF3","ortholog_one2one",50,100,1
"Ssu2","SSUH2","ortholog_one2one",100,100,1
"Padi3","PADI3","ortholog_one2one",100,100,1
"Cpm","CPM","ortholog_one2one",100,100,1
"2310009B15Rik","C1orf53","ortholog_one2one",100,100,1
"Tmem252","TMEM252","ortholog_one2one",75,100,1
"Pgm5","PGM5","ortholog_one2one",100,100,1
"Ctr9","CTR9","ortholog_one2one",100,100,1
"Filip1l","FILIP1L","ortholog_one2one",100,99.83,1
"Cck","CCK","ortholog_one2one",100,100,1
"2300002M23Rik","C6orf15","ortholog_one2one",75,88.15,0
"Irgc1","IRGC","ortholog_one2one",100,100,1
"Actl7b","ACTL7B","ortholog_one2one",100,100,1
"Ankrd34a","ANKRD34A","ortholog_one2one",100,100,1
"Actl7a","ACTL7A","ortholog_one2one",100,100,1
"Fam155a","FAM155A","ortholog_one2one",100,100,1
"Hoxa9","HOXA9","ortholog_one2one",100,100,1
"Fmc1","FMC1","ortholog_one2one",100,100,1
"Rrm2b","RRM2B","ortholog_one2one",100,100,1
"Lix1l","LIX1L","ortholog_one2one",100,100,1
"Prune2","PRUNE2","ortholog_one2one",100,100,1
"Pik3cg","PIK3CG","ortholog_one2one",100,100,1
"Gtf2a1","GTF2A1","ortholog_one2one",100,100,1
"Cmss1","CMSS1","ortholog_one2one",100,100,1
"Magi2","MAGI2","ortholog_one2one",100,100,1
"Ankmy1","ANKMY1","ortholog_one2one",100,96.05,1
"Lyzl4","LYZL4","ortholog_one2one",100,100,1
"Mucl3","MUCL3","ortholog_one2one",100,77.26,0
"Lipf","LIPF","ortholog_one2one",100,99.7,1
"Btn1a1","BTN1A1","ortholog_one2one",50,100,1
"Pigyl","PIGY","ortholog_one2one",0,0,0
"Lsm5","LSM5","ortholog_one2one",100,100,1
"Tnnt3","TNNT3","ortholog_one2one",75,100,1
"Mfsd11","MFSD11","ortholog_one2one",100,100,1
"Vav2","VAV2","ortholog_one2one",100,100,1
"Wdr11","WDR11","ortholog_one2one",100,100,1
"Sfta2","SFTA2","ortholog_one2one",100,100,1
"Naa25","NAA25","ortholog_one2one",100,100,1
"Nog","NOG","ortholog_one2one",100,100,1
"Lamc2","LAMC2","ortholog_one2one",100,100,1
"Hes1","HES1","ortholog_one2one",100,100,1
"Mff","MFF","ortholog_one2one",100,100,1
"Avl9","AVL9","ortholog_one2one",100,100,1
"Krt25","KRT25","ortholog_one2one",100,100,1
"Lig4","LIG4","ortholog_one2one",100,100,1
"Il23r","IL23R","ortholog_one2one",50,99.1,1
"Mxd1","MXD1","ortholog_one2one",100,99.28,1
"Vipr1","VIPR1","ortholog_one2one",100,100,1
"Gpc1","GPC1","ortholog_one2one",100,100,1
"Gpr52","GPR52","ortholog_one2one",100,100,1
"Slc22a12","SLC22A12","ortholog_one2one",100,100,1
"Rabgap1l","RABGAP1L","ortholog_one2one",100,100,1
"Krt26","KRT26","ortholog_one2one",100,100,1
"Dnajb12","DNAJB12","ortholog_one2one",100,100,1
"Tmem86a","TMEM86A","ortholog_one2one",100,100,1
"Metap2","METAP2","ortholog_one2one",100,100,1
"Il4","IL4","ortholog_one2one",100,88.42,0
"Anks1b","ANKS1B","ortholog_one2one",100,99.44,0
"Tnnc1","TNNC1","ortholog_one2one",100,100,1
"Cav3","CAV3","ortholog_one2one",100,100,1
"Noct","NOCT","ortholog_one2one",100,100,1
"Sec22c","SEC22C","ortholog_one2one",100,100,1
"Pon1","PON1","ortholog_one2one",100,100,1
"Nrxn2","NRXN2","ortholog_one2one",100,100,1
"Oxtr","OXTR","ortholog_one2one",100,100,1
"Ido1","IDO1","ortholog_one2one",100,100,1
"Kif3a","KIF3A","ortholog_one2one",100,100,1
"Neurl1a","NEURL1","ortholog_one2one",100,100,1
"Klhdc8a","KLHDC8A","ortholog_one2one",100,100,1
"H2-Ea","HLA-DRA","ortholog_one2one",100,96.74,1
"Gm5294","FOXL3","ortholog_one2one",75,100,1
"Tmed5","TMED5","ortholog_one2one",100,100,1
"Cdh19","CDH19","ortholog_one2one",75,100,1
"Btnl2","BTNL2","ortholog_one2one",100,97.04,1
"Diaph1","DIAPH1","ortholog_one2one",100,100,1
"Aamdc","AAMDC","ortholog_one2one",100,80.85,1
"Jmjd6","JMJD6","ortholog_one2one",100,98.8,1
"Plod3","PLOD3","ortholog_one2one",100,100,1
"Tox","TOX","ortholog_one2one",100,100,1
"Gimap8","GIMAP8","ortholog_one2one",100,97.47,1
"Tango6","TANGO6","ortholog_one2one",100,100,1
"Tacstd2","TACSTD2","ortholog_one2one",0,100,1
"Ss18l2","SS18L2","ortholog_one2one",100,100,1
"Tead3","TEAD3","ortholog_one2one",100,100,1
"Lipk","LIPK","ortholog_one2one",100,100,1
"Zfp2","ZFP2","ortholog_one2one",100,100,1
"Hook2","HOOK2","ortholog_one2one",100,100,1
"Jade1","JADE1","ortholog_one2one",100,100,1
"Retreg3","RETREG3","ortholog_one2one",100,100,1
"Lamc1","LAMC1","ortholog_one2one",100,100,1
"Srsf2","SRSF2","ortholog_one2one",100,100,1
"Spata32","SPATA32","ortholog_one2one",100,100,0
"Emc10","EMC10","ortholog_one2one",100,100,1
"Rasa1","RASA1","ortholog_one2one",100,100,1
"Wasf3","WASF3","ortholog_one2one",100,100,1
"Col4a3","COL4A3","ortholog_one2one",100,100,1
"Adat2","ADAT2","ortholog_one2one",100,100,1
"Mettl23","METTL23","ortholog_one2one",100,100,1
"Zfp651","ZBTB47","ortholog_one2one",100,99.55,1
"Stxbp6","STXBP6","ortholog_one2one",50,100,1
"Ankrd13a","ANKRD13A","ortholog_one2one",50,100,1
"Znhit1","ZNHIT1","ortholog_one2one",100,97.61,1
"Ap2m1","AP2M1","ortholog_one2one",100,100,1
"Pex3","PEX3","ortholog_one2one",100,100,1
"Ddit4","DDIT4","ortholog_one2one",100,100,1
"Cfap69","CFAP69","ortholog_one2one",100,100,1
"Fcrl1","FCRL6","ortholog_one2one",0,0,0
"Hoxa10","HOXA10","ortholog_one2one",100,100,1
"Nktr","NKTR","ortholog_one2one",100,100,1
"Crybb2","CRYBB2","ortholog_one2one",100,100,1
"Map2k4","MAP2K4","ortholog_one2one",100,100,1
"Depdc1b","DEPDC1B","ortholog_one2one",100,100,1
"Rnf103","RNF103","ortholog_one2one",100,100,1
"Fli1","FLI1","ortholog_one2one",100,100,1
"Elovl2","ELOVL2","ortholog_one2one",100,100,1
"Pcsk4","PCSK4","ortholog_one2one",100,100,1
"Dsel","DSEL","ortholog_one2one",50,100,1
"Gcnt1","GCNT1","ortholog_one2one",100,100,1
"Nmur2","NMUR2","ortholog_one2one",100,100,1
"Hoxa11","HOXA11","ortholog_one2one",100,100,1
"Wdr53","WDR53","ortholog_one2one",100,100,1
"Zfp354b","ZNF354B","ortholog_one2one",100,100,1
"Idh3b","IDH3B","ortholog_one2one",100,100,1
"Mon2","MON2","ortholog_one2one",100,100,1
"Smim38","SMIM38","ortholog_one2one",100,100,1
"Rfk","RFK","ortholog_one2one",100,100,1
"Abhd16a","ABHD16A","ortholog_one2one",100,100,1
"Padi1","PADI1","ortholog_one2one",100,100,1
"Ccnh","CCNH","ortholog_one2one",100,100,1
"Man1a","MAN1A1","ortholog_one2one",75,100,1
"Cdh9","CDH9","ortholog_one2one",100,100,1
"Ppif","PPIF","ortholog_one2one",75,100,1
"C6","C6","ortholog_one2one",100,99.73,1
"Cops7a","COPS7A","ortholog_one2one",100,100,1
"Zdhhc21","ZDHHC21","ortholog_one2one",100,100,1
"Lgals3bp","LGALS3BP","ortholog_one2one",100,100,1
"Agrn","AGRN","ortholog_one2one",100,100,1
"Ralgapa1","RALGAPA1","ortholog_one2one",100,100,1
"F2","F2","ortholog_one2one",100,100,1
"Aacs","AACS","ortholog_one2one",100,100,1
"Dhcr24","DHCR24","ortholog_one2one",100,99.34,1
"Hey2","HEY2","ortholog_one2one",100,100,1
"Rpusd4","RPUSD4","ortholog_one2one",100,100,1
"Mvp","MVP","ortholog_one2one",100,100,1
"Dact3","DACT3","ortholog_one2one",100,100,1
"Prop1","PROP1","ortholog_one2one",0,100,1
"Aicda","AICDA","ortholog_one2one",50,100,1
"Csnk1g3","CSNK1G3","ortholog_one2one",100,100,1
"Nle1","NLE1","ortholog_one2one",100,100,1
"Plaur","PLAUR","ortholog_one2one",100,100,1
"Sart1","SART1","ortholog_one2one",100,100,1
"Adamtsl4","ADAMTSL4","ortholog_one2one",100,100,1
"Fam185a","FAM185A","ortholog_one2one",50,100,1
"Yme1l1","YME1L1","ortholog_one2one",50,97.36,1
"Nop56","NOP56","ortholog_one2one",100,100,1
"Dtnbp1","DTNBP1","ortholog_one2one",100,100,1
"Dtwd1","DTWD1","ortholog_one2one",100,100,1
"Has3","HAS3","ortholog_one2one",100,100,1
"Tead4","TEAD4","ortholog_one2one",100,100,1
"Csf1r","CSF1R","ortholog_one2one",100,100,1
"Klhl40","KLHL40","ortholog_one2one",100,100,1
"Smco1","SMCO1","ortholog_one2one",100,100,1
"Vars2","VARS2","ortholog_one2one",75,100,1
"Mettl26","METTL26","ortholog_one2one",100,100,1
"Mtnr1a","MTNR1A","ortholog_one2one",100,100,1
"Hal","HAL","ortholog_one2one",100,100,1
"Keap1","KEAP1","ortholog_one2one",100,100,1
"Zdhhc16","ZDHHC16","ortholog_one2one",100,100,1
"Wdr93","WDR93","ortholog_one2one",100,99.38,1
"Prrt2","PRRT2","ortholog_one2one",100,100,1
"Gm50241","DERPC","ortholog_one2one",100,100,1
"Adam18","ADAM18","ortholog_one2one",100,100,1
"Grp","GRP","ortholog_one2one",100,100,1
"Chtf8","CHTF8","ortholog_one2one",100,100,1
"Hhatl","HHATL","ortholog_one2one",100,100,1
"Rdh14","RDH14","ortholog_one2one",100,100,1
"Ly6g5c","LY6G5C","ortholog_one2one",100,79.88,0
"Abhd13","ABHD13","ortholog_one2one",100,100,1
"Cer1","CER1","ortholog_one2one",100,100,1
"Fndc8","FNDC8","ortholog_one2one",100,100,1
"Ccdc71l","CCDC71L","ortholog_one2one",100,100,0
"Mesp1","MESP1","ortholog_one2one",100,100,1
"Abcc2","ABCC2","ortholog_one2one",100,100,1
"Laptm4a","LAPTM4A","ortholog_one2one",100,100,1
"Actr2","ACTR2","ortholog_one2one",100,100,1
"T","TBXT","ortholog_one2one",100,100,1
"Sgpl1","SGPL1","ortholog_one2one",100,100,1
"Mesp2","MESP2","ortholog_one2one",100,96.62,1
"Agtr2","AGTR2","ortholog_one2one",50,100,1
"Krt27","KRT27","ortholog_one2one",100,100,1
"Dnajc5g","DNAJC5G","ortholog_one2one",100,100,1
"Pbp2","PEBP1","ortholog_one2one",0,5.36,0
"Ykt6","YKT6","ortholog_one2one",100,100,1
"Lrba","LRBA","ortholog_one2one",25,100,1
"BC025920","ZNF77","ortholog_one2one",50,0,0
"Hmgxb3","HMGXB3","ortholog_one2one",100,99.92,1
"Usp20","USP20","ortholog_one2one",100,100,1
"Dync1li2","DYNC1LI2","ortholog_one2one",100,100,1
"Foxd1","FOXD1","ortholog_one2one",100,100,1
"Mrgprf","MRGPRF","ortholog_one2one",50,100,1
"Rnf168","RNF168","ortholog_one2one",100,95.6,1
"Ddx19b","DDX19B","ortholog_one2one",100,100,1
"Slc30a3","SLC30A3","ortholog_one2one",100,100,1
"Mrgprd","MRGPRD","ortholog_one2one",50,100,1
"Tsga10ip","TSGA10IP","ortholog_one2one",100,100,1
"Rassf2","RASSF2","ortholog_one2one",100,100,1
"Zfp551","ZNF551","ortholog_one2one",0,99.51,1
"Erbb4","ERBB4","ortholog_one2one",100,100,1
"Tnfrsf1b","TNFRSF1B","ortholog_one2one",100,100,1
"Fut9","FUT9","ortholog_one2one",100,100,1
"Crocc","CROCC","ortholog_one2one",100,100,1
"She","SHE","ortholog_one2one",100,100,1
"Dnajb5","DNAJB5","ortholog_one2one",100,100,1
"Map3k7","MAP3K7","ortholog_one2one",100,100,1
"Tmem201","TMEM201","ortholog_one2one",100,100,1
"Gimap6","GIMAP6","ortholog_one2one",75,100,0
"Prkab1","PRKAB1","ortholog_one2one",100,100,1
"Gng8","GNG8","ortholog_one2one",100,100,1
"Dennd1b","DENND1B","ortholog_one2one",100,100,1
"Gimap4","GIMAP4","ortholog_one2one",75,100,1
"Slc49a4","SLC49A4","ortholog_one2one",100,100,1
"Drap1","DRAP1","ortholog_one2one",100,100,1
"Il6ra","IL6R","ortholog_one2one",100,96.57,1
"Sh3pxd2a","SH3PXD2A","ortholog_one2one",100,100,1
"Hoxa13","HOXA13","ortholog_one2one",100,100,1
"Pon3","PON3","ortholog_one2one",100,100,1
"Picalm","PICALM","ortholog_one2one",100,100,1
"Myoz1","MYOZ1","ortholog_one2one",100,100,1
"Angptl4","ANGPTL4","ortholog_one2one",100,100,1
"Nek1","NEK1","ortholog_one2one",100,100,1
"Gfra3","GFRA3","ortholog_one2one",100,100,1
"Cadm4","CADM4","ortholog_one2one",100,100,1
"Ptgir","PTGIR","ortholog_one2one",100,100,1
"Dock8","DOCK8","ortholog_one2one",75,100,1
"Higd1a","HIGD1A","ortholog_one2one",100,100,1
"Emp1","EMP1","ortholog_one2one",100,100,1
"Tnfsf13b","TNFSF13B","ortholog_one2one",100,96.77,1
"Slc2a12","SLC2A12","ortholog_one2one",100,100,1
"Ndufs5","NDUFS5","ortholog_one2one",100,100,1
"Car8","CA8","ortholog_one2one",100,100,1
"Gimap1","GIMAP1","ortholog_one2one",100,98.73,1
"Tfdp1","TFDP1","ortholog_one2one",100,99.42,1
"Tmtc2","TMTC2","ortholog_one2one",100,100,1
"Zfp804a","ZNF804A","ortholog_one2one",100,100,1
"Tbpl1","TBPL1","ortholog_one2one",100,100,1
"Grip1","GRIP1","ortholog_one2one",100,100,1
"Gimap7","GIMAP7","ortholog_one2one",75,0,1
"Sephs1","SEPHS1","ortholog_one2one",100,100,1
"Col3a1","COL3A1","ortholog_one2one",50,100,1
"Fam71e1","FAM71E1","ortholog_one2one",100,100,0
"Vcp","VCP","ortholog_one2one",100,100,1
"Sirt6","SIRT6","ortholog_one2one",25,100,1
"Uchl5","UCHL5","ortholog_one2one",100,97.53,1
"Pla2g2f","PLA2G2F","ortholog_one2one",100,100,1
"BC051142","TSBP1","ortholog_one2one",100,79.6,0
"Dmkn","DMKN","ortholog_one2one",100,99.24,0
"Matn3","MATN3","ortholog_one2one",100,100,1
"Cpn2","CPN2","ortholog_one2one",100,100,1
"Tulp3","TULP3","ortholog_one2one",100,94.03,1
"Polr2j","AC105052.3","ortholog_one2one",50,90.67,1
"Ackr2","ACKR2","ortholog_one2one",100,100,1
"Eva1c","EVA1C","ortholog_one2one",100,100,1
"Pgbd1","PGBD1","ortholog_one2one",100,94.59,0
"Hspbap1","HSPBAP1","ortholog_one2one",100,100,1
"Ubxn7","UBXN7","ortholog_one2one",100,100,1
"Zkscan6","ZNF18","ortholog_one2one",100,100,1
"Ttc39c","TTC39C","ortholog_one2one",100,100,1
"Cyp8b1","CYP8B1","ortholog_one2one",100,100,1
"Lrwd1","LRWD1","ortholog_one2one",100,100,1
"Tmem14c","TMEM14C","ortholog_one2one",100,100,1
"Lrrc15","LRRC15","ortholog_one2one",100,100,1
"Gask1a","GASK1A","ortholog_one2one",100,100,1
"Zscan26","ZSCAN26","ortholog_one2one",100,97.03,1
"Dock11","DOCK11","ortholog_one2one",50,100,1
"1700022I11Rik","C9orf131","ortholog_one2one",100,95.17,0
"Rad1","RAD1","ortholog_one2one",100,100,1
"Nxph2","NXPH2","ortholog_one2one",50,100,1
"Zfp408","ZNF408","ortholog_one2one",100,100,1
"Eif4e2","EIF4E2","ortholog_one2one",100,100,1
"Rhno1","RHNO1","ortholog_one2one",100,100,1
"Ikzf2","IKZF2","ortholog_one2one",100,100,1
"Tcirg1","TCIRG1","ortholog_one2one",100,100,1
"Hddc2","HDDC2","ortholog_one2one",100,100,1
"Mybpc2","MYBPC2","ortholog_one2one",100,100,1
"Calm3","CALM3","ortholog_one2one",100,100,1
"Mapk15","MAPK15","ortholog_one2one",100,100,1
"Oca2","OCA2","ortholog_one2one",75,100,1
"Abca5","ABCA5","ortholog_one2one",100,100,1
"Tmem163","TMEM163","ortholog_one2one",100,100,1
"Kcnv2","KCNV2","ortholog_one2one",100,100,1
"Pnmal2","PNMA8B","ortholog_one2one",100,99.19,1
"Cacna1b","CACNA1B","ortholog_one2one",50,100,1
"Zfp428","ZNF428","ortholog_one2one",100,94.86,1
"Kbtbd2","KBTBD2","ortholog_one2one",100,100,1
"Padi2","PADI2","ortholog_one2one",100,100,1
"Emc4","EMC4","ortholog_one2one",100,100,1
"Prr36","PRR36","ortholog_one2one",100,98.95,0
"Gm50092","SRRM5","ortholog_one2one",100,95.12,0
"Pomgnt2","POMGNT2","ortholog_one2one",100,100,1
"Lrrn4cl","LRRN4CL","ortholog_one2one",100,100,1
"Nostrin","NOSTRIN","ortholog_one2one",100,100,1
"Kmt2c","KMT2C","ortholog_one2one",100,100,1
"Fkbp9","FKBP9","ortholog_one2one",75,100,1
"Tet1","TET1","ortholog_one2one",100,97.67,1
"Clta","CLTA","ortholog_one2one",100,100,1
"Katnbl1","KATNBL1","ortholog_one2one",100,100,1
"Taldo1","TALDO1","ortholog_one2one",75,100,1
"Evi5l","EVI5L","ortholog_one2one",100,100,0
"Gp5","GP5","ortholog_one2one",100,100,1
"Manea","MANEA","ortholog_one2one",100,100,1
"Mgat5","MGAT5","ortholog_one2one",100,100,1
"Clp1","CLP1","ortholog_one2one",100,99.65,1
"Ccdc80","CCDC80","ortholog_one2one",100,100,1
"Pla2g2d","PLA2G2D","ortholog_one2one",100,100,1
"Sec16b","SEC16B","ortholog_one2one",100,100,1
"Snrk","SNRK","ortholog_one2one",100,100,1
"Ell","ELL","ortholog_one2one",100,100,1
"Kcnk6","KCNK6","ortholog_one2one",100,100,1
"Tas2r118","TAS2R16","ortholog_one2one",100,100,1
"Trip13","TRIP13","ortholog_one2one",100,100,1
"Dnah12","DNAH12","ortholog_one2one",100,100,1
"Slc25a33","SLC25A33","ortholog_one2one",100,100,1
"Lexm","LEXM","ortholog_one2one",100,100,1
"Nuak2","NUAK2","ortholog_one2one",100,100,1
"Unc45b","UNC45B","ortholog_one2one",75,100,1
"Zik1","ZIK1","ortholog_one2one",0,100,1
"Col9a2","COL9A2","ortholog_one2one",100,100,1
"Ttll2","TTLL2","ortholog_one2one",25,94.35,1
"Col27a1","COL27A1","ortholog_one2one",100,100,1
"BC048403","C12orf66","ortholog_one2one",100,100,1
"Med9","MED9","ortholog_one2one",100,100,1
"Bnip3","BNIP3","ortholog_one2one",100,87.85,1
"Slc13a1","SLC13A1","ortholog_one2one",100,100,1
"Rasd1","RASD1","ortholog_one2one",100,100,1
"Dusp28","DUSP28","ortholog_one2one",100,98.55,1
"Siah2","SIAH2","ortholog_one2one",100,100,1
"Ncor2","NCOR2","ortholog_one2one",100,99.54,1
"Sdk2","SDK2","ortholog_one2one",100,100,1
"Stn1","STN1","ortholog_one2one",100,100,1
"Nfkbiz","NFKBIZ","ortholog_one2one",100,100,1
"Tmem132b","TMEM132B","ortholog_one2one",100,99.89,1
"Mindy4b-ps","MINDY4B","ortholog_one2one",100,100,1
"Med24","MED24","ortholog_one2one",100,100,1
"Tmem30b","TMEM30B","ortholog_one2one",100,100,1
"Scaf8","SCAF8","ortholog_one2one",50,100,1
"Akirin1","AKIRIN1","ortholog_one2one",100,100,1
"Eqtn","EQTN","ortholog_one2one",50,100,0
"Fam193b","FAM193B","ortholog_one2one",100,100,1
"Angpt1","ANGPT1","ortholog_one2one",100,100,1
"Serpina6","SERPINA6","ortholog_one2one",100,100,1
"Cxadr","CXADR","ortholog_one2one",100,100,1
"Anpep","ANPEP","ortholog_one2one",100,100,1
"Cxcl13","CXCL13","ortholog_one2one",100,100,0
"Eif4g2","EIF4G2","ortholog_one2one",100,100,1
"Ccn4","CCN4","ortholog_one2one",100,100,1
"Mdfic","MDFIC","ortholog_one2one",100,100,1
"Map3k14","MAP3K14","ortholog_one2one",100,100,1
"Slc6a1","SLC6A1","ortholog_one2one",100,100,1
"Gpr137b","GPR137B","ortholog_one2one",100,83.6,1
"Atp6v0a1","ATP6V0A1","ortholog_one2one",100,100,1
"Ano10","ANO10","ortholog_one2one",100,100,1
"Trdmt1","TRDMT1","ortholog_one2one",100,100,1
"S1pr5","S1PR5","ortholog_one2one",100,100,1
"Slfn5","SLFN5","ortholog_one2one",75,100,1
"Qrfp","QRFP","ortholog_one2one",100,100,1
"Zfp346","ZNF346","ortholog_one2one",100,100,1
"Cant1","CANT1","ortholog_one2one",100,100,1
"Rad54b","RAD54B","ortholog_one2one",100,100,1
"Slco3a1","SLCO3A1","ortholog_one2one",75,100,1
"Psmd6","PSMD6","ortholog_one2one",50,100,1
"Rhbdl2","RHBDL2","ortholog_one2one",100,100,1
"Atp4b","ATP4B","ortholog_one2one",100,100,1
"Ypel4","YPEL4","ortholog_one2one",100,100,1
"Ccser2","CCSER2","ortholog_one2one",75,100,1
"Cfl1","CFL1","ortholog_one2one",75,91.49,1
"Zfp638","ZNF638","ortholog_one2one",50,100,1
"Ttc22","TTC22","ortholog_one2one",100,100,1
"Btg3","BTG3","ortholog_one2one",100,100,1
"Iqub","IQUB","ortholog_one2one",100,100,1
"Tdp1","TDP1","ortholog_one2one",100,100,1
"Snx32","SNX32","ortholog_one2one",100,100,1
"Tbc1d22b","TBC1D22B","ortholog_one2one",75,100,1
"Irgq","IRGQ","ortholog_one2one",100,98.53,1
"Pla2g5","PLA2G5","ortholog_one2one",100,100,0
"Prpf8","PRPF8","ortholog_one2one",100,100,1
"Pinlyp","PINLYP","ortholog_one2one",100,100,1
"Rps28","RPS28","ortholog_one2one",100,100,1
"Fstl5","FSTL5","ortholog_one2one",50,100,1
"Fsbp","FSBP","ortholog_one2one",100,100,1
"Grin2b","GRIN2B","ortholog_one2one",100,100,1
"C1qtnf1","C1QTNF1","ortholog_one2one",100,100,1
"Igflr1","IGFLR1","ortholog_one2one",100,100,1
"Anxa4","ANXA4","ortholog_one2one",100,100,1
"Fam83h","FAM83H","ortholog_one2one",100,100,1
"Tbc1d10a","TBC1D10A","ortholog_one2one",100,100,1
"Mab21l2","MAB21L2","ortholog_one2one",75,100,1
"Psenen","PSENEN","ortholog_one2one",100,100,1
"Nucks1","NUCKS1","ortholog_one2one",100,100,1
"1700020D05Rik","NSMCE3","ortholog_one2one",0,0,0
"Cmtr1","CMTR1","ortholog_one2one",100,100,1
"Uggt1","UGGT1","ortholog_one2one",25,100,1
"Iqank1","IQANK1","ortholog_one2one",100,100,1
"Kcns3","KCNS3","ortholog_one2one",100,100,1
"Ndufa5","NDUFA5","ortholog_one2one",100,92.39,1
"Cntfr","CNTFR","ortholog_one2one",100,100,1
"Pla2g2a","PLA2G2A","ortholog_one2one",100,100,1
"Kank3","KANK3","ortholog_one2one",100,96.95,1
"Pex11b","PEX11B","ortholog_one2one",100,100,1
"Mylip","MYLIP","ortholog_one2one",100,100,1
"Lipn","LIPN","ortholog_one2one",100,100,1
"Zfp655","ZNF655","ortholog_one2one",75,100,1
"Pemt","PEMT","ortholog_one2one",100,100,1
"Ecm1","ECM1","ortholog_one2one",100,100,1
"Fbxl13","FBXL13","ortholog_one2one",50,100,1
"Zmpste24","ZMPSTE24","ortholog_one2one",100,100,1
"Dbnl","DBNL","ortholog_one2one",100,100,1
"Pon2","PON2","ortholog_one2one",100,100,1
"Pnmal1","PNMA8A","ortholog_one2one",100,100,1
"Shisa7","SHISA7","ortholog_one2one",100,100,1
"Pctp","PCTP","ortholog_one2one",100,94.89,1
"Plekhb1","PLEKHB1","ortholog_one2one",100,100,1
"Nkapl","NKAPL","ortholog_one2one",75,100,1
"Slc2a9","SLC2A9","ortholog_one2one",75,100,1
"Ssmem1","SSMEM1","ortholog_one2one",100,100,1
"Phyh","PHYH","ortholog_one2one",100,100,1
"Il13","IL13","ortholog_one2one",100,100,1
"Atp13a3","ATP13A3","ortholog_one2one",100,100,1
"Phrf1","PHRF1","ortholog_one2one",100,100,1
"Serpina1f","SERPINA2","ortholog_one2one",100,90.02,0
"Pum3","PUM3","ortholog_one2one",100,100,1
"Gm42372","PNMA8C","ortholog_one2one",100,100,1
"Rab2a","RAB2A","ortholog_one2one",100,100,1
"Gem","GEM","ortholog_one2one",75,100,1
"Trh","TRH","ortholog_one2one",0,98.72,1
"Slc35a5","SLC35A5","ortholog_one2one",100,100,1
"Dqx1","DQX1","ortholog_one2one",100,100,1
"Ap4e1","AP4E1","ortholog_one2one",50,100,1
"Pdzd8","PDZD8","ortholog_one2one",100,100,1
"Hgsnat","HGSNAT","ortholog_one2one",50,94.01,1
"Synpo2l","SYNPO2L","ortholog_one2one",100,100,1
"Abhd5","ABHD5","ortholog_one2one",100,100,1
"Limk2","LIMK2","ortholog_one2one",100,95.76,1
"Uba2","UBA2","ortholog_one2one",100,100,1
"Zfp330","ZNF330","ortholog_one2one",100,100,1
"Engase","ENGASE","ortholog_one2one",100,100,1
"Spsb1","SPSB1","ortholog_one2one",100,100,1
"Tmco2","TMCO2","ortholog_one2one",100,100,1
"Gpr139","GPR139","ortholog_one2one",100,100,1
"Tfec","TFEC","ortholog_one2one",100,100,1
"Sigmar1","SIGMAR1","ortholog_one2one",100,100,1
"Pkp2","PKP2","ortholog_one2one",50,98.05,1
"Zic1","ZIC1","ortholog_one2one",50,100,1
"Gpx6","GPX6","ortholog_one2one",75,100,1
"Lrrc17","LRRC17","ortholog_one2one",100,100,1
"Parp14","PARP14","ortholog_one2one",100,100,1
"Ambra1","AMBRA1","ortholog_one2one",100,100,1
"Clcf1","CLCF1","ortholog_one2one",75,100,1
"Zic4","ZIC4","ortholog_one2one",75,100,1
"Col8a1","COL8A1","ortholog_one2one",75,100,1
"Aig1","AIG1","ortholog_one2one",100,98.6,1
"Ubxn1","UBXN1","ortholog_one2one",100,100,1
"Mdm2","MDM2","ortholog_one2one",100,97.45,1
"Kif1c","KIF1C","ortholog_one2one",75,100,1
"Irf7","IRF7","ortholog_one2one",100,100,1
"Emx2","EMX2","ortholog_one2one",100,100,1
"Ilvbl","ILVBL","ortholog_one2one",50,100,1
"Tmem100","TMEM100","ortholog_one2one",100,100,1
"Castor1","CASTOR1","ortholog_one2one",100,100,1
"Pkhd1l1","PKHD1L1","ortholog_one2one",100,100,1
"Topaz1","TOPAZ1","ortholog_one2one",100,100,1
"Olfr720","OR2T6","ortholog_one2one",0,100,1
"Grk1","GRK1","ortholog_one2one",100,100,1
"Ptch1","PTCH1","ortholog_one2one",100,100,1
"Gm17657","AL353579.1","ortholog_one2one",100,100,0
"Rxra","RXRA","ortholog_one2one",100,100,1
"Isyna1","ISYNA1","ortholog_one2one",100,100,1
"Nt5c3","NT5C3A","ortholog_one2one",50,100,1
"Lmbr1l","LMBR1L","ortholog_one2one",100,100,1
"Dcst2","DCST2","ortholog_one2one",100,100,1
"Zfp668","ZNF668","ortholog_one2one",100,100,1
"Gm7271","EXOC1L","ortholog_one2one",100,100,1
"Rmi1","RMI1","ortholog_one2one",100,100,1
"Dcst1","DCST1","ortholog_one2one",100,100,1
"Tmem217","TMEM217","ortholog_one2one",100,95.2,0
"Tmem107","TMEM107","ortholog_one2one",100,100,1
"Gnb4","GNB4","ortholog_one2one",100,100,1
"Ginm1","GINM1","ortholog_one2one",100,100,1
"Nampt","NAMPT","ortholog_one2one",100,100,1
"Msgn1","MSGN1","ortholog_one2one",100,100,1
"Slc23a2","SLC23A2","ortholog_one2one",100,100,1
"Tlx2","TLX2","ortholog_one2one",100,100,1
"Gm45716","SMIM36","ortholog_one2one",100,100,1
"Tcaim","TCAIM","ortholog_one2one",100,100,1
"Mmd","MMD","ortholog_one2one",100,100,1
"Ccdc167","CCDC167","ortholog_one2one",100,97.11,1
"Zfp606","ZNF606","ortholog_one2one",0,100,1
"Adnp2","ADNP2","ortholog_one2one",75,99.11,1
"Slc25a16","SLC25A16","ortholog_one2one",100,100,1
"Cdon","CDON","ortholog_one2one",100,100,1
"Ak1","AK1","ortholog_one2one",100,100,1
"Zfp646","ZNF646","ortholog_one2one",100,100,1
"Prss53","PRSS53","ortholog_one2one",100,100,1
"Rbfa","RBFA","ortholog_one2one",100,100,1
"Khdrbs3","KHDRBS3","ortholog_one2one",100,100,1
"Rragc","RRAGC","ortholog_one2one",100,100,1
"Bhlhe22","BHLHE22","ortholog_one2one",50,100,1
"Uqcc3","UQCC3","ortholog_one2one",100,100,1
"Atg4d","ATG4D","ortholog_one2one",100,100,1
"Zfp445","ZNF445","ortholog_one2one",100,99.01,1
"Ddx49","DDX49","ortholog_one2one",100,100,1
"Slc4a3","SLC4A3","ortholog_one2one",100,100,1
"Gm36210","C19orf85","ortholog_one2one",100,100,1
"Mfsd4a","MFSD4A","ortholog_one2one",100,98.81,1
"Kri1","KRI1","ortholog_one2one",100,100,1
"Cpt1c","CPT1C","ortholog_one2one",100,100,1
"Spg20","SPART","ortholog_one2one",100,100,1
"Osbpl1a","OSBPL1A","ortholog_one2one",100,100,1
"Zkscan7","ZKSCAN7","ortholog_one2one",100,100,1
"Eppk1","EPPK1","ortholog_one2one",100,99.87,1
"Rapgef1","RAPGEF1","ortholog_one2one",75,100,1
"Ints5","INTS5","ortholog_one2one",100,100,1
"Pan2","PAN2","ortholog_one2one",100,100,1
"Tuba1a","TUBA1A","ortholog_one2one",75,100,1
"Zfp105","ZNF35","ortholog_one2one",100,100,1
"Gpank1","GPANK1","ortholog_one2one",100,100,1
"Pars2","PARS2","ortholog_one2one",100,100,1
"Smim13","SMIM13","ortholog_one2one",100,100,1
"Rnpepl1","RNPEPL1","ortholog_one2one",100,100,1
"Gripap1","GRIPAP1","ortholog_one2one",100,100,1
"Gm49450","TUBA1C","ortholog_one2one",0,1.68,0
"Tuba1b","TUBA1B","ortholog_one2one",75,100,1
"1110059G10Rik","KIAA1143","ortholog_one2one",100,100,1
"D17H6S53E","C6orf47","ortholog_one2one",100,100,1
"Tnfrsf8","TNFRSF8","ortholog_one2one",100,98.06,0
"Cckar","CCKAR","ortholog_one2one",100,100,1
"Amdhd1","AMDHD1","ortholog_one2one",100,100,1
"Tec","TEC","ortholog_one2one",100,100,1
"Csnk2b","CSNK2B","ortholog_one2one",100,100,1
"Il13ra1","IL13RA1","ortholog_one2one",50,100,1
"Kif15","KIF15","ortholog_one2one",100,100,1
"Rax","RAX","ortholog_one2one",100,100,1
"6030458C11Rik","C5orf22","ortholog_one2one",100,100,1
"Atp5c1","ATP5F1C","ortholog_one2one",100,100,1
"Crb1","CRB1","ortholog_one2one",100,100,1
"Hnrnpab","HNRNPAB","ortholog_one2one",100,100,1
"Tmem255b","TMEM255B","ortholog_one2one",100,100,1
"Plscr5","PLSCR5","ortholog_one2one",100,100,1
"Atg3","ATG3","ortholog_one2one",100,100,1
"Eps15","EPS15","ortholog_one2one",100,100,1
"F11","F11","ortholog_one2one",100,100,1
"Rai1","RAI1","ortholog_one2one",100,100,1
"Gabrb1","GABRB1","ortholog_one2one",100,100,1
"Mbnl1","MBNL1","ortholog_one2one",100,100,1
"Gp2","GP2","ortholog_one2one",100,100,1
"Alkbh4","ALKBH4","ortholog_one2one",100,100,1
"Btn2a2","BTN2A2","ortholog_one2one",25,100,1
"Gm1113","VSIG10L2","ortholog_one2one",100,100,1
"Olfr31","OR2T1","ortholog_one2one",25,100,1
"Nos1","NOS1","ortholog_one2one",100,100,1
"Phykpl","PHYKPL","ortholog_one2one",100,100,1
"Cplx4","CPLX4","ortholog_one2one",100,100,1
"Gas6","GAS6","ortholog_one2one",100,100,1
"Srebf1","SREBF1","ortholog_one2one",100,100,1
"Atp8b4","ATP8B4","ortholog_one2one",100,100,1
"H6pd","H6PD","ortholog_one2one",100,100,1
"Plcb1","PLCB1","ortholog_one2one",100,100,1
"Gabra4","GABRA4","ortholog_one2one",100,100,1
"Trim54","TRIM54","ortholog_one2one",100,96.12,1
"Frem1","FREM1","ortholog_one2one",100,100,1
"Elk4","ELK4","ortholog_one2one",100,100,1
"Sdhb","SDHB","ortholog_one2one",100,100,1
"Vps4b","VPS4B","ortholog_one2one",100,100,1
"Dlc1","DLC1","ortholog_one2one",100,99.75,1
"Pi4ka","PI4KA","ortholog_one2one",50,100,1
"Elmsan1","MIDEAS","ortholog_one2one",100,100,1
"Cdc25c","CDC25C","ortholog_one2one",100,92.49,1
"Orai2","ORAI2","ortholog_one2one",100,100,1
"Slc45a3","SLC45A3","ortholog_one2one",100,100,1
"Agfg2","AGFG2","ortholog_one2one",100,100,1
"Fndc1","FNDC1","ortholog_one2one",50,100,1
"Kpna1","KPNA1","ortholog_one2one",100,100,1
"Mapk3","MAPK3","ortholog_one2one",100,100,1
"Slc8a3","SLC8A3","ortholog_one2one",75,100,1
"Cpvl","CPVL","ortholog_one2one",100,100,1
"Abcg3","ABCG2","ortholog_one2one",50,4.11,0
"Hdac3","HDAC3","ortholog_one2one",100,100,1
"Pi16","PI16","ortholog_one2one",100,97.85,1
"Prph","PRPH","ortholog_one2one",75,100,1
"Cyp7b1","CYP7B1","ortholog_one2one",100,100,1
"Prr33","PRR33","ortholog_one2one",75,99.13,1
"Rab1a","RAB1A","ortholog_one2one",100,100,1
"Srgap1","SRGAP1","ortholog_one2one",100,100,1
"2810006K23Rik","C12orf65","ortholog_one2one",100,100,1
"Fibcd1","FIBCD1","ortholog_one2one",100,100,1
"Sbf2","SBF2","ortholog_one2one",100,100,1
"Rlf","RLF","ortholog_one2one",100,100,1
"Zdhhc3","ZDHHC3","ortholog_one2one",100,100,1
"Phf19","PHF19","ortholog_one2one",100,99.28,1
"Fry","FRY","ortholog_one2one",100,99.99,1
"Mphosph9","MPHOSPH9","ortholog_one2one",100,100,1
"Tmed9","TMED9","ortholog_one2one",75,100,1
"Capn10","CAPN10","ortholog_one2one",75,100,1
"Fam53c","FAM53C","ortholog_one2one",100,100,1
"Wfikkn1","WFIKKN1","ortholog_one2one",100,100,1
"Dtx3l","DTX3L","ortholog_one2one",100,100,1
"Rab11fip4","RAB11FIP4","ortholog_one2one",100,100,1
"Col5a1","COL5A1","ortholog_one2one",100,100,1
"Dctn3","DCTN3","ortholog_one2one",100,100,1
"Spc25","SPC25","ortholog_one2one",100,100,1
"Gabrg3","GABRG3","ortholog_one2one",100,100,1
"Podxl2","PODXL2","ortholog_one2one",100,100,1
"Zscan25","ZSCAN25","ortholog_one2one",50,100,1
"Lamc3","LAMC3","ortholog_one2one",100,100,1
"Nxpe3","NXPE3","ortholog_one2one",100,100,1
"Lmbr1","LMBR1","ortholog_one2one",100,96.97,1
"Epc1","EPC1","ortholog_one2one",50,100,1
"Hrh1","HRH1","ortholog_one2one",100,100,1
"Troap","TROAP","ortholog_one2one",100,97.22,0
"Arid3c","ARID3C","ortholog_one2one",100,100,1
"Parp9","PARP9","ortholog_one2one",100,100,1
"Sod1","SOD1","ortholog_one2one",100,100,1
"Aga","AGA","ortholog_one2one",100,100,1
"Txnl4a","TXNL4A","ortholog_one2one",100,100,1
"Zbtb41","ZBTB41","ortholog_one2one",100,100,1
"Clrn1","CLRN1","ortholog_one2one",100,100,1
"Slc19a3","SLC19A3","ortholog_one2one",100,100,1
"Scaf4","SCAF4","ortholog_one2one",100,98.29,1
"Tmem42","TMEM42","ortholog_one2one",100,100,1
"Rpp25l","RPP25L","ortholog_one2one",100,100,1
"Snap29","SNAP29","ortholog_one2one",100,100,1
"Galt","GALT","ortholog_one2one",75,100,1
"Tapt1","TAPT1","ortholog_one2one",100,100,1
"Fcrl5","FCRL5","ortholog_one2one",75,87.56,0
"Sufu","SUFU","ortholog_one2one",100,100,1
"Rab40c","RAB40C","ortholog_one2one",75,100,1
"Ktn1","KTN1","ortholog_one2one",100,100,1
"Bicd2","BICD2","ortholog_one2one",75,100,1
"Serpind1","SERPIND1","ortholog_one2one",50,100,1
"Tgm4","TGM4","ortholog_one2one",100,100,1
"Klrg2","KLRG2","ortholog_one2one",100,100,1
"Gpr157","GPR157","ortholog_one2one",100,100,1
"Rbl2","RBL2","ortholog_one2one",100,100,1
"Tfg","TFG","ortholog_one2one",100,100,1
"Hic2","HIC2","ortholog_one2one",25,100,1
"Pcgf1","PCGF1","ortholog_one2one",100,100,1
"Btla","BTLA","ortholog_one2one",100,99.31,1
"Plscr4","PLSCR4","ortholog_one2one",100,100,1
"Rgr","RGR","ortholog_one2one",100,100,1
"Cflar","CFLAR","ortholog_one2one",75,100,1
"Cfap298","CFAP298","ortholog_one2one",100,100,1
"Cyp4f18","CYP4F3","ortholog_one2one",0,0.62,0
"Terb1","TERB1","ortholog_one2one",100,98.47,1
"Cabyr","CABYR","ortholog_one2one",100,98.12,1
"Adam23","ADAM23","ortholog_one2one",100,100,1
"Xrcc1","XRCC1","ortholog_one2one",100,100,1
"Ankrd35","ANKRD35","ortholog_one2one",100,100,1
"Rgs2","RGS2","ortholog_one2one",100,100,1
"Ccdc59","CCDC59","ortholog_one2one",100,100,1
"Ankrd27","ANKRD27","ortholog_one2one",100,100,1
"Rspo2","RSPO2","ortholog_one2one",100,100,1
"Exosc7","EXOSC7","ortholog_one2one",100,100,1
"Zfp961","ZNF101","ortholog_one2one",0,0,0
"Aqr","AQR","ortholog_one2one",100,100,1
"Cngb1","CNGB1","ortholog_one2one",100,97.25,1
"Pkn3","PKN3","ortholog_one2one",100,100,1
"Asb4","ASB4","ortholog_one2one",100,100,1
"Nhlrc4","NHLRC4","ortholog_one2one",100,100,1
"Mettl25","METTL25","ortholog_one2one",100,100,1
"Plod2","PLOD2","ortholog_one2one",100,100,1
"Pigq","PIGQ","ortholog_one2one",100,92.96,1
"Prkrip1","PRKRIP1","ortholog_one2one",100,100,1
"Actl9","ACTL9","ortholog_one2one",50,100,1
"Tmcc2","TMCC2","ortholog_one2one",100,100,1
"Gm4125","NFILZ","ortholog_one2one",75,100,1
"Lrit1","LRIT1","ortholog_one2one",100,100,1
"Atp8b2","ATP8B2","ortholog_one2one",100,100,1
"Pomk","POMK","ortholog_one2one",75,100,1
"Pdk4","PDK4","ortholog_one2one",100,100,1
"Slc27a2","SLC27A2","ortholog_one2one",100,100,1
"Pld1","PLD1","ortholog_one2one",100,100,1
"Mroh2b","MROH2B","ortholog_one2one",100,100,1
"Tiam2","TIAM2","ortholog_one2one",75,99.35,1
"Traf1","TRAF1","ortholog_one2one",100,100,1
"Arhgap42","ARHGAP42","ortholog_one2one",100,100,1
"Hif1a","HIF1A","ortholog_one2one",100,100,1
"Clec2l","CLEC2L","ortholog_one2one",100,100,1
"Ech1","ECH1","ortholog_one2one",100,100,1
"Slc35e3","SLC35E3","ortholog_one2one",100,100,1
"Ccdc8","CCDC8","ortholog_one2one",100,91.83,1
"Gatd1","GATD1","ortholog_one2one",100,100,1
"P2ry14","P2RY14","ortholog_one2one",100,100,1
"Clec3b","CLEC3B","ortholog_one2one",100,100,1
"Osm","OSM","ortholog_one2one",100,98.69,0
"Ucma","UCMA","ortholog_one2one",100,100,1
"Atp5mpl","ATP5MPL","ortholog_one2one",100,78.95,0
"Ucn","UCN","ortholog_one2one",100,100,1
"Id2","ID2","ortholog_one2one",100,100,1
"Tmem260","TMEM260","ortholog_one2one",100,100,1
"Ap3s2","AP3S2","ortholog_one2one",100,97.95,1
"Gdpd3","GDPD3","ortholog_one2one",100,100,1
"Cdcp1","CDCP1","ortholog_one2one",100,100,1
"Zfp628","ZNF628","ortholog_one2one",100,99.88,1
"Aktip","AKTIP","ortholog_one2one",100,100,1
"Zfp575","ZNF575","ortholog_one2one",100,91.65,1
"Cobl","COBL","ortholog_one2one",100,100,1
"Umod","UMOD","ortholog_one2one",100,100,1
"Aspm","ASPM","ortholog_one2one",100,97.41,1
"Ethe1","ETHE1","ortholog_one2one",100,96.13,1
"Tmem174","TMEM174","ortholog_one2one",100,100,1
"Prickle2","PRICKLE2","ortholog_one2one",50,100,1
"Gpr171","GPR171","ortholog_one2one",100,100,1
"Lipm","LIPM","ortholog_one2one",100,100,1
"Gpr12","GPR12","ortholog_one2one",100,100,1
"Cdh17","CDH17","ortholog_one2one",100,100,1
"Nedd9","NEDD9","ortholog_one2one",100,100,1
"Man1b1","MAN1B1","ortholog_one2one",25,100,1
"Slc2a5","SLC2A5","ortholog_one2one",100,100,1
"Med12l","MED12L","ortholog_one2one",100,100,1
"Zdhhc12","ZDHHC12","ortholog_one2one",100,100,1
"Tmem158","TMEM158","ortholog_one2one",100,100,1
"H1f3","H1-3","ortholog_one2one",0,100,1
"Ccdc38","CCDC38","ortholog_one2one",100,100,1
"Ccdc18","CCDC18","ortholog_one2one",75,100,1
"Dhrs13","DHRS13","ortholog_one2one",100,100,1
"Myc","MYC","ortholog_one2one",75,100,1
"Cd79b","CD79B","ortholog_one2one",100,100,1
"Ankrd22","ANKRD22","ortholog_one2one",100,100,1
"Serping1","SERPING1","ortholog_one2one",100,100,1
"Dmpk","AC011530.1","ortholog_one2one",100,56.96,0
"Lars2","LARS2","ortholog_one2one",100,100,1
"Helb","HELB","ortholog_one2one",100,99.4,1
"Snap23","SNAP23","ortholog_one2one",100,100,1
"Exoc1","EXOC1","ortholog_one2one",100,100,1
"Steap2","STEAP2","ortholog_one2one",100,100,1
"Phf12","PHF12","ortholog_one2one",75,100,1
"Ywhaz","YWHAZ","ortholog_one2one",100,100,1
"C1ql4","C1QL4","ortholog_one2one",100,100,1
"Ubtfl1","UBTFL1","ortholog_one2one",0,98.86,1
"Rnf166","RNF166","ortholog_one2one",100,100,1
"AI429214","C8orf48","ortholog_one2one",100,100,0
"Etv3","ETV3","ortholog_one2one",75,100,1
"Dnajc22","DNAJC22","ortholog_one2one",100,100,1
"Olfr788","OR6C3","ortholog_one2one",25,100,1
"Cyp4v3","CYP4V2","ortholog_one2one",100,100,1
"Nat14","NAT14","ortholog_one2one",100,100,1
"Spire2","SPIRE2","ortholog_one2one",100,100,1
"Pdgfa","PDGFA","ortholog_one2one",100,100,1
"ETV3L","ETV3L","ortholog_one2one",100,100,1
"Prss22","PRSS22","ortholog_one2one",25,100,1
"Krt28","KRT28","ortholog_one2one",100,100,1
"Parp10","PARP10","ortholog_one2one",100,100,1
"Cend1","CEND1","ortholog_one2one",100,100,1
"Vrk1","VRK1","ortholog_one2one",100,100,1
"Dipk2a","DIPK2A","ortholog_one2one",100,100,1
"Zcchc24","ZCCHC24","ortholog_one2one",50,100,1
"Slc51a","SLC51A","ortholog_one2one",100,100,1
"Scrn2","SCRN2","ortholog_one2one",100,100,1
"Pde9a","PDE9A","ortholog_one2one",100,100,1
"Klkb1","KLKB1","ortholog_one2one",100,96.37,1
"Tpd52l1","TPD52L1","ortholog_one2one",100,100,1
"Usp12","USP12","ortholog_one2one",100,100,1
"Cav2","CAV2","ortholog_one2one",100,100,1
"Rgs13","RGS13","ortholog_one2one",100,100,1
"Ankrd24","ANKRD24","ortholog_one2one",0,91.24,0
"Spats2","SPATS2","ortholog_one2one",100,100,1
"Tvp23b","TVP23B","ortholog_one2one",50,100,1
"Pcyt1a","PCYT1A","ortholog_one2one",100,97.95,1
"Nhp2","NHP2","ortholog_one2one",100,100,1
"Fgfr4","FGFR4","ortholog_one2one",100,100,1
"Rnf150","RNF150","ortholog_one2one",100,100,1
"Krt10","KRT10","ortholog_one2one",100,100,1
"Rmnd5b","RMND5B","ortholog_one2one",75,100,1
"Prss27","PRSS27","ortholog_one2one",50,98.32,1
"Zc3h18","ZC3H18","ortholog_one2one",100,92.88,1
"Cav1","CAV1","ortholog_one2one",100,100,1
"Zc2hc1b","ZC2HC1B","ortholog_one2one",100,100,1
"Pdilt","PDILT","ortholog_one2one",100,100,1
"Qtrt1","QTRT1","ortholog_one2one",100,100,1
"Abhd12b","ABHD12B","ortholog_one2one",100,100,1
"Pianp","PIANP","ortholog_one2one",100,100,1
"Dppa4","DPPA4","ortholog_one2one",100,95.75,0
"Tbc1d9","TBC1D9","ortholog_one2one",100,100,1
"Samd8","SAMD8","ortholog_one2one",100,100,1
"Dstyk","DSTYK","ortholog_one2one",100,100,1
"P2ry13","P2RY13","ortholog_one2one",100,100,1
"P2ry12","P2RY12","ortholog_one2one",100,100,1
"Acsm5","ACSM5","ortholog_one2one",75,100,1
"Gm45208","AC231657.3","ortholog_one2one",100,100,1
"Actrt1","ACTRT1","ortholog_one2one",0,100,1
"Fnta","FNTA","ortholog_one2one",100,100,1
"Lif","LIF","ortholog_one2one",100,100,1
"Sclt1","SCLT1","ortholog_one2one",100,100,1
"Cldn20","CLDN20","ortholog_one2one",100,100,1
"Mysm1","MYSM1","ortholog_one2one",50,100,1
"Wdr45","WDR45","ortholog_one2one",100,100,1
"Tfb1m","TFB1M","ortholog_one2one",100,100,1
"Ddx25","DDX25","ortholog_one2one",100,100,1
"Trim26","TRIM26","ortholog_one2one",100,99.66,1
"Gria1","GRIA1","ortholog_one2one",100,100,1
"Edaradd","EDARADD","ortholog_one2one",100,95.76,1
"Limd1","LIMD1","ortholog_one2one",100,100,1
"Gpr87","GPR87","ortholog_one2one",100,100,1
"Arhgap1","ARHGAP1","ortholog_one2one",100,100,1
"Ccdc169","CCDC169","ortholog_one2one",100,89.92,1
"Gabrb3","GABRB3","ortholog_one2one",100,100,1
"Igsf10","IGSF10","ortholog_one2one",100,100,1
"Elp4","ELP4","ortholog_one2one",100,94.4,1
"Pla2g2e","PLA2G2E","ortholog_one2one",100,100,1
"Dusp13","DUSP13","ortholog_one2one",100,100,1
"Asb15","ASB15","ortholog_one2one",100,100,1
"Sypl","SYPL1","ortholog_one2one",100,100,1
"Ssc5d","SSC5D","ortholog_one2one",100,98.33,1
"Blvra","BLVRA","ortholog_one2one",0,98.78,1
"Tubg1","TUBG1","ortholog_one2one",100,100,1
"Gas1","GAS1","ortholog_one2one",75,100,1
"Spag16","SPAG16","ortholog_one2one",100,100,1
"Tnik","TNIK","ortholog_one2one",100,100,1
"Actrt2","ACTRT2","ortholog_one2one",100,100,1
"Rc3h1","RC3H1","ortholog_one2one",75,100,1
"Phtf2","PHTF2","ortholog_one2one",100,99.76,1
"Mtmr2","MTMR2","ortholog_one2one",100,100,1
"Sbk2","SBK2","ortholog_one2one",100,100,1
"Sacm1l","SACM1L","ortholog_one2one",100,100,1
"Hlf","HLF","ortholog_one2one",100,100,1
"Slc9a9","SLC9A9","ortholog_one2one",100,100,1
"Tmem171","TMEM171","ortholog_one2one",100,100,1
"Rab11fip2","RAB11FIP2","ortholog_one2one",100,100,1
"Tmem170b","TMEM170B","ortholog_one2one",100,100,1
"Ube2i","UBE2I","ortholog_one2one",100,90.64,1
"Kin","KIN","ortholog_one2one",100,99.69,1
"1700029H14Rik","C13orf46","ortholog_one2one",100,100,0
"Mcm2","MCM2","ortholog_one2one",100,100,1
"Ttc23l","TTC23L","ortholog_one2one",100,98.15,1
"Exosc6","EXOSC6","ortholog_one2one",75,100,1
"Lgals4","LGALS4","ortholog_one2one",100,100,1
"Aars","AARS1","ortholog_one2one",100,100,1
"Mmel1","MMEL1","ortholog_one2one",100,100,1
"Lbx2","LBX2","ortholog_one2one",100,100,1
"Slc24a3","SLC24A3","ortholog_one2one",100,100,1
"Gtpbp4","GTPBP4","ortholog_one2one",75,100,1
"Kctd5","KCTD5","ortholog_one2one",75,100,1
"Tubg2","TUBG2","ortholog_one2one",100,100,1
"Gabra5","GABRA5","ortholog_one2one",100,100,1
"Nyap1","NYAP1","ortholog_one2one",100,100,1
"Dnmbp","DNMBP","ortholog_one2one",100,100,1
"AI837181","C11orf68","ortholog_one2one",100,100,1
"Chst2","CHST2","ortholog_one2one",100,100,1
"Mrpl53","MRPL53","ortholog_one2one",100,100,1
"Washc5","WASHC5","ortholog_one2one",100,100,1
"Armc1","ARMC1","ortholog_one2one",100,100,1
"Ccdc85b","CCDC85B","ortholog_one2one",100,100,1
"Sh2b2","SH2B2","ortholog_one2one",100,99.78,1
"Fosl1","FOSL1","ortholog_one2one",100,100,1
"Phldb3","PHLDB3","ortholog_one2one",100,100,1
"Yars2","YARS2","ortholog_one2one",75,100,1
"Kcnh3","KCNH3","ortholog_one2one",100,100,1
"Polr3e","POLR3E","ortholog_one2one",75,100,1
"Wfdc5","WFDC5","ortholog_one2one",75,100,0
"Otud3","OTUD3","ortholog_one2one",100,100,1
"Neil3","NEIL3","ortholog_one2one",100,100,1
"Kcnk13","KCNK13","ortholog_one2one",100,100,1
"Dennd1a","DENND1A","ortholog_one2one",100,100,1
"Gorab","GORAB","ortholog_one2one",100,100,1
"Spopl","SPOPL","ortholog_one2one",25,100,1
"Vim","VIM","ortholog_one2one",100,100,1
"Vps26c","VPS26C","ortholog_one2one",100,100,1
"Lonrf3","LONRF3","ortholog_one2one",100,100,1
"Dcbld2","DCBLD2","ortholog_one2one",100,99.77,1
"Wfdc12","WFDC12","ortholog_one2one",75,100,0
"Gne","GNE","ortholog_one2one",100,100,1
"Per1","PER1","ortholog_one2one",100,100,1
"Rnf186","RNF186","ortholog_one2one",100,100,1
"Akap5","AKAP5","ortholog_one2one",100,91.88,0
"Slc2a7","SLC2A7","ortholog_one2one",100,100,1
"Rpl21","RPL21","ortholog_one2one",100,100,1
"Wdr43","WDR43","ortholog_one2one",50,100,1
"Mcrs1","MCRS1","ortholog_one2one",75,100,1
"Lysmd3","LYSMD3","ortholog_one2one",100,100,1
"Jpt2","JPT2","ortholog_one2one",100,94.76,1
"B4galt7","B4GALT7","ortholog_one2one",50,100,1
"N4bp3","N4BP3","ortholog_one2one",50,100,1
"Trappc2l","TRAPPC2L","ortholog_one2one",100,100,1
"Tanc1","TANC1","ortholog_one2one",100,100,1
"Kat2a","KAT2A","ortholog_one2one",100,100,1
"H2bc8","H2BC8","ortholog_one2one",0,100,1
"Tbc1d19","TBC1D19","ortholog_one2one",100,100,1
"Shisa6","SHISA6","ortholog_one2one",100,100,1
"Hyls1","HYLS1","ortholog_one2one",100,100,1
"Stxbp4","STXBP4","ortholog_one2one",100,100,1
"Enpp3","ENPP3","ortholog_one2one",50,100,1
"Dnah9","DNAH9","ortholog_one2one",100,100,1
"St3gal6","ST3GAL6","ortholog_one2one",100,100,1
"Pate3","PATE3","ortholog_one2one",75,100,1
"Nr1d1","NR1D1","ortholog_one2one",100,100,1
"Pate2","PATE2","ortholog_one2one",0,100,1
"Scamp4","SCAMP4","ortholog_one2one",100,99.16,1
"Ect2","ECT2","ortholog_one2one",100,100,1
"Gm35060","TEX51","ortholog_one2one",75,100,0
"L1td1","L1TD1","ortholog_one2one",100,61.43,0
"Lrrc8e","LRRC8E","ortholog_one2one",100,100,1
"Crb2","CRB2","ortholog_one2one",75,100,1
"Map4k4","MAP4K4","ortholog_one2one",100,100,1
"Thra","THRA","ortholog_one2one",100,100,1
"Gypc","GYPC","ortholog_one2one",50,95.1,1
"Pate1","PATE1","ortholog_one2one",100,100,1
"Dbndd1","DBNDD1","ortholog_one2one",75,95.04,1
"Myof","MYOF","ortholog_one2one",100,100,1
"Rpl38","RPL38","ortholog_one2one",100,100,1
"Lmod2","LMOD2","ortholog_one2one",100,100,1
"Pate4","PATE4","ortholog_one2one",75,100,0
"Klb","KLB","ortholog_one2one",100,100,1
"Pdp1","PDP1","ortholog_one2one",100,100,1
"Tcf21","TCF21","ortholog_one2one",100,100,1
"Pus3","PUS3","ortholog_one2one",100,100,1
"Erbin","ERBIN","ortholog_one2one",100,100,1
"Dcdc2c","DCDC2C","ortholog_one2one",100,97.51,0
"Tslp","TSLP","ortholog_one2one",50,100,0
"Caml","CAMLG","ortholog_one2one",50,100,1
"Fyco1","FYCO1","ortholog_one2one",75,99.71,1
"Kcnk4","KCNK4","ortholog_one2one",100,100,1
"Rpl13","RPL13","ortholog_one2one",100,100,1
"Gtf2h4","GTF2H4","ortholog_one2one",100,100,1
"Lyplal1","LYPLAL1","ortholog_one2one",100,100,1
"Cpn1","CPN1","ortholog_one2one",100,100,1
"Cpa2","CPA2","ortholog_one2one",100,100,1
"Cnot6l","CNOT6L","ortholog_one2one",100,100,1
"Catsperz","CATSPERZ","ortholog_one2one",100,100,0
"Cd200","CD200","ortholog_one2one",100,100,1
"Actn4","ACTN4","ortholog_one2one",100,100,1
"Sipa1l1","SIPA1L1","ortholog_one2one",100,100,1
"Acbd4","ACBD4","ortholog_one2one",100,100,0
"Zbtb25","ZBTB25","ortholog_one2one",100,100,1
"Pabpn1l","PABPN1L","ortholog_one2one",100,100,1
"Lrrc71","LRRC71","ortholog_one2one",100,100,1
"Tbck","TBCK","ortholog_one2one",100,100,1
"Casp8","CASP8","ortholog_one2one",75,95.96,1
"Ascc1","ASCC1","ortholog_one2one",100,94.67,1
"U2surp","U2SURP","ortholog_one2one",100,100,1
"Adamts9","ADAMTS9","ortholog_one2one",50,100,1
"Podxl","PODXL","ortholog_one2one",100,98.2,0
"Tmco4","TMCO4","ortholog_one2one",100,100,1
"Itsn2","ITSN2","ortholog_one2one",100,99.81,1
"Zfp770","ZNF770","ortholog_one2one",100,100,1
"Ttc34","TTC34","ortholog_one2one",100,100,0
"Pgam2","PGAM2","ortholog_one2one",100,100,1
"Dhrs7b","DHRS7B","ortholog_one2one",50,100,1
"Krt12","KRT12","ortholog_one2one",100,100,1
"Cct8l1","CCT8L2","ortholog_one2one",0,100,1
"Lztfl1","LZTFL1","ortholog_one2one",100,100,1
"Eml2","EML2","ortholog_one2one",100,100,1
"Ebag9","EBAG9","ortholog_one2one",100,100,1
"Mc1r","MC1R","ortholog_one2one",100,97.85,1
"Fam135b","FAM135B","ortholog_one2one",100,100,1
"Tmem60","TMEM60","ortholog_one2one",100,100,1
"Anapc16","ANAPC16","ortholog_one2one",100,100,1
"Prxl2b","PRXL2B","ortholog_one2one",100,100,1
"Dppa2","DPPA2","ortholog_one2one",100,90.09,0
"Insrr","INSRR","ortholog_one2one",100,100,1
"Rps6ka4","RPS6KA4","ortholog_one2one",100,100,1
"Rsbn1l","RSBN1L","ortholog_one2one",100,100,1
"Wdr36","WDR36","ortholog_one2one",50,100,1
"Klhdc4","KLHDC4","ortholog_one2one",100,100,1
"Jun","JUN","ortholog_one2one",50,100,1
"Nrbf2","NRBF2","ortholog_one2one",100,100,1
"Fut11","FUT11","ortholog_one2one",100,100,1
"Car6","CA6","ortholog_one2one",100,95.33,0
"Ajap1","AJAP1","ortholog_one2one",100,100,1
"Adgrg7","ADGRG7","ortholog_one2one",100,100,1
"Vegfc","VEGFC","ortholog_one2one",100,100,1
"Chchd1","CHCHD1","ortholog_one2one",100,100,1
"Gm5485","C3orf85","ortholog_one2one",100,100,1
"Kank4","KANK4","ortholog_one2one",100,100,1
"Fam204a","FAM204A","ortholog_one2one",100,100,1
"Anxa11","ANXA11","ortholog_one2one",50,100,1
"Acp4","ACP4","ortholog_one2one",100,100,1
"Cep68","CEP68","ortholog_one2one",100,100,1
"Asb14","ASB14","ortholog_one2one",100,100,1
"Mogs","MOGS","ortholog_one2one",100,100,1
"St8sia6","ST8SIA6","ortholog_one2one",100,100,1
"Wdr1","WDR1","ortholog_one2one",75,100,1
"Lypd3","LYPD3","ortholog_one2one",100,100,1
"Rgs1","RGS1","ortholog_one2one",100,100,1
"Serpinb5","SERPINB5","ortholog_one2one",100,100,1
"Ypel3","YPEL3","ortholog_one2one",100,100,1
"Ntrk1","NTRK1","ortholog_one2one",100,100,1
"Sh3rf1","SH3RF1","ortholog_one2one",100,100,1
"Hsbp1l1","HSBP1L1","ortholog_one2one",100,100,1
"P2ry1","P2RY1","ortholog_one2one",100,100,1
"Aimp1","AIMP1","ortholog_one2one",100,100,1
"Zfp276","ZNF276","ortholog_one2one",100,100,1
"Asb5","ASB5","ortholog_one2one",100,100,1
"Ganab","GANAB","ortholog_one2one",100,100,1
"Fcho2","FCHO2","ortholog_one2one",100,100,1
"Krt20","KRT20","ortholog_one2one",100,100,1
"Gm14569","KIAA1210","ortholog_one2one",100,90.63,0
"Pear1","PEAR1","ortholog_one2one",75,100,1
"Wdr35","WDR35","ortholog_one2one",100,100,1
"Pgrmc1","PGRMC1","ortholog_one2one",100,100,1
"Syngap1","SYNGAP1","ortholog_one2one",100,100,1
"Nox3","NOX3","ortholog_one2one",100,100,1
"Pofut2","POFUT2","ortholog_one2one",100,100,1
"Eif3e","EIF3E","ortholog_one2one",100,93.18,1
"Nom1","NOM1","ortholog_one2one",100,100,1
"Ano7","ANO7","ortholog_one2one",100,100,1
"Cox16","COX16","ortholog_one2one",75,100,1
"Spata4","SPATA4","ortholog_one2one",100,100,1
"Cd320","CD320","ortholog_one2one",50,98.07,1
"Gpr35","GPR35","ortholog_one2one",75,100,1
"Pam","PAM","ortholog_one2one",75,100,1
"Rbfox3","RBFOX3","ortholog_one2one",100,100,1
"Klhdc1","KLHDC1","ortholog_one2one",100,100,1
"Cntn5","CNTN5","ortholog_one2one",100,100,1
"Mtfr1","MTFR1","ortholog_one2one",100,99.72,1
"Dna2","DNA2","ortholog_one2one",100,100,1
"Acss3","ACSS3","ortholog_one2one",100,100,1
"Myo16","MYO16","ortholog_one2one",100,99.29,1
"Tial1","TIAL1","ortholog_one2one",50,100,1
"Acsf3","ACSF3","ortholog_one2one",100,100,1
"Cramp1l","CRAMP1","ortholog_one2one",75,100,1
"Neurl3","NEURL3","ortholog_one2one",50,100,1
"Pax4","PAX4","ortholog_one2one",100,99.66,1
"Capn12","CAPN12","ortholog_one2one",100,100,1
"Tmem11","TMEM11","ortholog_one2one",50,100,1
"Ccr9","CCR9","ortholog_one2one",100,100,1
"Gse1","GSE1","ortholog_one2one",100,100,1
"Zkscan8","ZKSCAN8","ortholog_one2one",25,100,1
"Kcnd1","KCND1","ortholog_one2one",100,100,1
"Arid5a","ARID5A","ortholog_one2one",50,100,1
"Zbtb1","ZBTB1","ortholog_one2one",75,100,1
"Natd1","NATD1","ortholog_one2one",100,100,1
"Maz","MAZ","ortholog_one2one",100,100,1
"Cxcr6","CXCR6","ortholog_one2one",100,100,1
"Ogn","OGN","ortholog_one2one",100,100,1
"Brms1l","BRMS1L","ortholog_one2one",100,100,1
"Hexim1","HEXIM1","ortholog_one2one",100,100,1
"Cbr4","CBR4","ortholog_one2one",100,100,1
"Cpa4","CPA4","ortholog_one2one",100,100,1
"Ppfia2","PPFIA2","ortholog_one2one",100,100,1
"Ippk","IPPK","ortholog_one2one",50,100,1
"Nsmce2","NSMCE2","ortholog_one2one",100,100,1
"Zfp410","ZNF410","ortholog_one2one",100,100,1
"A430005L14Rik","C1orf174","ortholog_one2one",100,100,1
"Klhl15","KLHL15","ortholog_one2one",75,100,1
"Lrrc46","LRRC46","ortholog_one2one",100,100,1
"Wbp1","WBP1","ortholog_one2one",100,100,1
"Gm20498","SYNJ2BP-COX16","ortholog_one2one",75,100,1
"H1f4","H1-4","ortholog_one2one",25,100,1
"Mnx1","MNX1","ortholog_one2one",100,100,1
"Ppp5c","PPP5C","ortholog_one2one",75,100,1
"Krt23","KRT23","ortholog_one2one",100,100,1
"Hgfac","HGFAC","ortholog_one2one",100,99.84,1
"Dlg5","DLG5","ortholog_one2one",100,100,1
"Ecm2","ECM2","ortholog_one2one",50,100,1
"Osbpl7","OSBPL7","ortholog_one2one",100,100,1
"Kdm3b","KDM3B","ortholog_one2one",100,100,1
"Cdrt4","CDRT4","ortholog_one2one",100,100,0
"Chd7","CHD7","ortholog_one2one",100,100,1
"Fam228a","FAM228A","ortholog_one2one",100,99.86,0
"Xcr1","XCR1","ortholog_one2one",75,100,1
"Trim8","TRIM8","ortholog_one2one",100,100,1
"Slk","SLK","ortholog_one2one",100,100,1
"Immp1l","IMMP1L","ortholog_one2one",100,100,1
"Omd","OMD","ortholog_one2one",100,100,1
"Cdhr5","CDHR5","ortholog_one2one",100,100,1
"Dcstamp","DCSTAMP","ortholog_one2one",100,100,1
"Cenpp","CENPP","ortholog_one2one",0,100,1
"Tekt3","TEKT3","ortholog_one2one",100,100,1
"Ccr3","CCR3","ortholog_one2one",100,100,1
"Mrpl10","MRPL10","ortholog_one2one",100,96.86,1
"Gnb1l","GNB1L","ortholog_one2one",100,100,1
"Krtdap","KRTDAP","ortholog_one2one",100,100,1
"Ubap2l","UBAP2L","ortholog_one2one",100,100,1
"Ccr2","CCR2","ortholog_one2one",50,99.4,1
"Dr1","DR1","ortholog_one2one",50,100,1
"Prlhr","PRLHR","ortholog_one2one",100,100,1
"Commd8","COMMD8","ortholog_one2one",100,100,1
"Ucp1","UCP1","ortholog_one2one",100,100,1
"Cdr2","CDR2","ortholog_one2one",50,100,1
"Aspn","ASPN","ortholog_one2one",75,100,1
"Ccr5","CCR5","ortholog_one2one",50,100,1
"Morc1","MORC1","ortholog_one2one",100,100,1
"Pou3f1","POU3F1","ortholog_one2one",100,100,1
"Hormad2","HORMAD2","ortholog_one2one",100,100,1
"Ndufs8","NDUFS8","ortholog_one2one",100,100,1
"Xrcc2","XRCC2","ortholog_one2one",100,100,1
"Pigg","PIGG","ortholog_one2one",50,99.54,1
"Tgfb2","TGFB2","ortholog_one2one",100,100,1
"Cope","COPE","ortholog_one2one",100,96.86,1
"Bckdk","BCKDK","ortholog_one2one",100,100,1
"Olfr2","OR6A2","ortholog_one2one",75,100,1
"Hspa2","HSPA2","ortholog_one2one",100,100,1
"Rxylt1","RXYLT1","ortholog_one2one",100,100,1
"Stambpl1","STAMBPL1","ortholog_one2one",100,96.6,1
"Sptbn1","SPTBN1","ortholog_one2one",100,100,1
"Hook3","HOOK3","ortholog_one2one",100,100,1
"Camk4","CAMK4","ortholog_one2one",100,100,1
"Htr6","HTR6","ortholog_one2one",100,100,1
"Stim2","STIM2","ortholog_one2one",100,96.87,1
"Ddx46","DDX46","ortholog_one2one",50,100,1
"Ttc39a","TTC39A","ortholog_one2one",100,100,1
"Vps9d1","VPS9D1","ortholog_one2one",100,100,1
"Igsf6","IGSF6","ortholog_one2one",25,100,1
"Atp6v0e","ATP6V0E1","ortholog_one2one",100,100,1
"Krt39","KRT39","ortholog_one2one",100,100,1
"Epha4","EPHA4","ortholog_one2one",100,100,1
"Utp11","UTP11","ortholog_one2one",100,100,1
"Hnmt","HNMT","ortholog_one2one",50,100,1
"Kif22","KIF22","ortholog_one2one",100,100,1
"Mettl9","METTL9","ortholog_one2one",50,100,1
"Tmem67","TMEM67","ortholog_one2one",100,100,1
"Accs","ACCS","ortholog_one2one",100,100,1
"Wasl","WASL","ortholog_one2one",100,100,1
"Tnfrsf19","TNFRSF19","ortholog_one2one",100,100,1
"Arl3","ARL3","ortholog_one2one",100,100,1
"Kdm3a","KDM3A","ortholog_one2one",100,100,1
"Lnp1","LNP1","ortholog_one2one",100,74.54,1
"Dcaf17","DCAF17","ortholog_one2one",100,100,1
"Atp6v0b","ATP6V0B","ortholog_one2one",100,100,1
"Slc1a2","SLC1A2","ortholog_one2one",100,100,1
"H2bc4","H2BC10","ortholog_one2one",0,0,0
"Erlin1","ERLIN1","ortholog_one2one",100,100,1
"Vgf","VGF","ortholog_one2one",100,100,1
"Serpinb12","SERPINB12","ortholog_one2one",100,100,1
"Tbc1d32","TBC1D32","ortholog_one2one",75,100,1
"Hspb9","HSPB9","ortholog_one2one",100,100,0
"Six5","SIX5","ortholog_one2one",100,100,1
"Slc35d1","SLC35D1","ortholog_one2one",75,100,1
"Paqr9","PAQR9","ortholog_one2one",100,100,1
"Adtrp","ADTRP","ortholog_one2one",100,98.07,1
"H1f6","H1-6","ortholog_one2one",75,100,1
"Tsc22d4","TSC22D4","ortholog_one2one",100,99.61,1
"Fndc4","FNDC4","ortholog_one2one",100,100,1
"Dnajc11","DNAJC11","ortholog_one2one",100,95.28,1
"Pcolce2","PCOLCE2","ortholog_one2one",100,100,1
"Egr1","EGR1","ortholog_one2one",100,100,1
"Sgcz","SGCZ","ortholog_one2one",100,100,1
"Tbx6","TBX6","ortholog_one2one",100,100,1
"Dclk2","DCLK2","ortholog_one2one",25,100,1
"Hif3a","HIF3A","ortholog_one2one",75,100,1
"Nsd1","NSD1","ortholog_one2one",100,100,1
"Tom1l1","TOM1L1","ortholog_one2one",100,100,1
"Zfp518b","ZNF518B","ortholog_one2one",100,100,1
"Slc1a4","SLC1A4","ortholog_one2one",100,100,1
"Sbk3","SBK3","ortholog_one2one",100,100,1
"Tpm4","TPM4","ortholog_one2one",50,100,1
"Zfp3","ZFP3","ortholog_one2one",100,100,1
"Crebrf","CREBRF","ortholog_one2one",100,100,1
"Rab18","RAB18","ortholog_one2one",50,94.22,1
"Aif1l","AIF1L","ortholog_one2one",100,96.13,1
"Slc4a7","SLC4A7","ortholog_one2one",50,100,1
"Polm","POLM","ortholog_one2one",100,100,1
"Ppp4c","PPP4C","ortholog_one2one",100,100,1
"Prpf40b","PRPF40B","ortholog_one2one",100,100,1
"Yif1b","YIF1B","ortholog_one2one",75,100,1
"Gm4969","BHMG1","ortholog_one2one",100,97.74,0
"Brd9","BRD9","ortholog_one2one",100,100,1
"Clnk","CLNK","ortholog_one2one",100,99.26,1
"Etf1","ETF1","ortholog_one2one",100,100,1
"Emc8","EMC8","ortholog_one2one",100,100,1
"Dffb","DFFB","ortholog_one2one",100,100,1
"Ssbp4","SSBP4","ortholog_one2one",100,100,1
"Mamdc4","MAMDC4","ortholog_one2one",100,100,1
"Avpr1a","AVPR1A","ortholog_one2one",100,100,1
"AL646049.1","CXorf58","ortholog_one2one",75,100,0
"Egr2","EGR2","ortholog_one2one",100,100,1
"Olfr790","OR6C75","ortholog_one2one",50,39.99,0
"Auh","AUH","ortholog_one2one",100,100,1
"Fibp","FIBP","ortholog_one2one",100,100,1
"Ppil4","PPIL4","ortholog_one2one",100,100,1
"Ogdhl","OGDHL","ortholog_one2one",100,100,1
"Actr3b","ACTR3B","ortholog_one2one",100,100,1
"Wt1","WT1","ortholog_one2one",100,100,1
"Slc66a2","SLC66A2","ortholog_one2one",100,100,1
"Usp1","USP1","ortholog_one2one",100,100,1
"Abcb10","ABCB10","ortholog_one2one",100,100,1
"Fmn1","FMN1","ortholog_one2one",100,99.45,1
"Cep97","CEP97","ortholog_one2one",100,100,1
"Fbxo46","FBXO46","ortholog_one2one",100,100,1
"Pick1","PICK1","ortholog_one2one",100,100,1
"Gpi1","GPI","ortholog_one2one",100,100,1
"2900092C05Rik","C19orf18","ortholog_one2one",25,92.33,0
"Efhd1","EFHD1","ortholog_one2one",100,100,1
"Qpctl","QPCTL","ortholog_one2one",100,100,1
"Acta2","ACTA2","ortholog_one2one",100,100,1
"Arhgef11","ARHGEF11","ortholog_one2one",100,100,1
"Praf2","PRAF2","ortholog_one2one",100,100,1
"Gas8","GAS8","ortholog_one2one",50,99.83,1
"Casc4","GOLM2","ortholog_one2one",100,100,1
"Zfp579","ZNF579","ortholog_one2one",100,100,1
"Elf2","ELF2","ortholog_one2one",100,100,1
"Ctsw","CTSW","ortholog_one2one",100,100,1
"Tbpl2","TBPL2","ortholog_one2one",0,85.93,1
"Phpt1","PHPT1","ortholog_one2one",100,100,1
"Map2k6","MAP2K6","ortholog_one2one",100,100,1
"Cox11","COX11","ortholog_one2one",100,100,1
"Bach2","BACH2","ortholog_one2one",75,100,1
"Ube3c","UBE3C","ortholog_one2one",75,100,1
"Nbl1","NBL1","ortholog_one2one",100,94.38,1
"Olfr11","OR2B6","ortholog_one2one",25,100,1
"Mkx","MKX","ortholog_one2one",50,100,1
"Trak2","TRAK2","ortholog_one2one",100,100,1
"Il6","IL6","ortholog_one2one",0,100,0
"Rnf217","RNF217","ortholog_one2one",100,100,1
"Psmc1","PSMC1","ortholog_one2one",100,100,1
"Snai3","SNAI3","ortholog_one2one",100,100,1
"Tusc3","TUSC3","ortholog_one2one",100,97.01,1
"Il1f8","IL36B","ortholog_one2one",0,0,0
"Pdcd5","PDCD5","ortholog_one2one",100,100,1
"Tmem44","TMEM44","ortholog_one2one",100,98.42,1
"Mthfsd","MTHFSD","ortholog_one2one",100,98.74,1
"Mettl8","METTL8","ortholog_one2one",100,100,1
"Sv2b","SV2B","ortholog_one2one",50,100,1
"Rasa3","RASA3","ortholog_one2one",100,100,1
"Eng","ENG","ortholog_one2one",100,100,1
"Ovol1","OVOL1","ortholog_one2one",75,100,1
"Mylk4","MYLK4","ortholog_one2one",100,100,1
"Habp2","HABP2","ortholog_one2one",100,100,1
"Cacul1","CACUL1","ortholog_one2one",100,100,1
"Itih2","ITIH2","ortholog_one2one",100,100,1
"Vstm2a","VSTM2A","ortholog_one2one",100,100,1
"Peli1","PELI1","ortholog_one2one",100,100,1
"Spock2","SPOCK2","ortholog_one2one",100,100,1
"Scimp","SCIMP","ortholog_one2one",75,100,1
"Fancg","FANCG","ortholog_one2one",100,100,1
"Tbata","TBATA","ortholog_one2one",100,100,1
"Slc16a8","SLC16A8","ortholog_one2one",100,100,1
"Armc10","ARMC10","ortholog_one2one",100,100,1
"Gtf2i","GTF2I","ortholog_one2one",100,94.06,1
"Ero1lb","ERO1B","ortholog_one2one",100,100,1
"Ppp1r36","PPP1R36","ortholog_one2one",100,100,1
"Bzw2","BZW2","ortholog_one2one",100,100,1
"Mrpl1","MRPL1","ortholog_one2one",100,100,1
"Rrp15","RRP15","ortholog_one2one",100,99.15,1
"Cdhr3","CDHR3","ortholog_one2one",100,97.37,1
"Txnl1","TXNL1","ortholog_one2one",50,100,1
"Rd3l","RD3L","ortholog_one2one",100,100,1
"B230219D22Rik","C5orf24","ortholog_one2one",100,100,1
"Lrit2","LRIT2","ortholog_one2one",75,100,1
"Stard4","STARD4","ortholog_one2one",100,100,1
"Ado","ADO","ortholog_one2one",100,100,1
"Tmprss5","TMPRSS5","ortholog_one2one",100,100,1
"Zbtb7b","ZBTB7B","ortholog_one2one",100,100,1
"Klhdc2","KLHDC2","ortholog_one2one",100,100,1
"Tdrd9","TDRD9","ortholog_one2one",100,100,1
"Lias","LIAS","ortholog_one2one",100,100,1
"Galnt18","GALNT18","ortholog_one2one",100,100,1
"Nid1","NID1","ortholog_one2one",100,100,1
"Chchd3","CHCHD3","ortholog_one2one",100,100,1
"4921539E11Rik","C1orf141","ortholog_one2one",50,97.73,0
"Plekhm1","PLEKHM1","ortholog_one2one",50,100,1
"Rnf144a","RNF144A","ortholog_one2one",100,100,1
"Tbxas1","TBXAS1","ortholog_one2one",100,100,1
"Nemf","NEMF","ortholog_one2one",100,100,1
"Cpa5","CPA5","ortholog_one2one",100,100,1
"Nrap","NRAP","ortholog_one2one",100,100,1
"Pias3","PIAS3","ortholog_one2one",100,100,1
"Rilp","RILP","ortholog_one2one",100,100,1
"Dph2","DPH2","ortholog_one2one",100,100,1
"Zfp580","ZNF580","ortholog_one2one",75,100,1
"Hacd1","HACD1","ortholog_one2one",100,100,1
"Cdkn2d","CDKN2D","ortholog_one2one",100,100,1
"Ccl20","CCL20","ortholog_one2one",100,100,1
"Map2k3","MAP2K3","ortholog_one2one",75,100,1
"Olfr17","OR10A4","ortholog_one2one",100,100,1
"Ankmy2","ANKMY2","ortholog_one2one",100,100,1
"Wdr7","WDR7","ortholog_one2one",50,100,1
"Zfp784","ZNF784","ortholog_one2one",75,100,1
"Cdhr1","CDHR1","ortholog_one2one",100,100,1
"Arhgap27","ARHGAP27","ortholog_one2one",75,100,1
"Fiz1","FIZ1","ortholog_one2one",100,100,1
"Col5a2","COL5A2","ortholog_one2one",100,100,1
"G6pc2","G6PC2","ortholog_one2one",100,100,1
"Wdr54","WDR54","ortholog_one2one",100,100,1
"Prr15","PRR15","ortholog_one2one",100,100,1
"Clec16a","CLEC16A","ortholog_one2one",100,100,1
"2610528A11Rik","C10orf99","ortholog_one2one",100,100,1
"Wipf3","WIPF3","ortholog_one2one",100,100,1
"Hipk2","HIPK2","ortholog_one2one",100,100,1
"Fpgs","FPGS","ortholog_one2one",100,100,1
"F13b","F13B","ortholog_one2one",100,100,1
"Hfe","HFE","ortholog_one2one",75,100,1
"Stag3","STAG3","ortholog_one2one",75,100,1
"Olfr716","OR2D3","ortholog_one2one",100,100,1
"Olfr791","OR6C2","ortholog_one2one",0,53.9,0
"Sulf1","SULF1","ortholog_one2one",100,100,1
"Nup107","NUP107","ortholog_one2one",100,100,1
"Il1f9","IL36G","ortholog_one2one",50,100,0
"Hivep2","HIVEP2","ortholog_one2one",100,100,1
"Rtkn","RTKN","ortholog_one2one",100,100,1
"Nlrp14","NLRP14","ortholog_one2one",100,96.35,1
"Scn4a","SCN4A","ortholog_one2one",100,100,1
"Zfp865","ZNF865","ortholog_one2one",100,100,1
"Scrn1","SCRN1","ortholog_one2one",100,100,1
"Wrnip1","WRNIP1","ortholog_one2one",75,100,1
"Lenep","LENEP","ortholog_one2one",100,100,1
"Fam186b","FAM186B","ortholog_one2one",100,100,1
"Ccdc106","CCDC106","ortholog_one2one",75,100,1
"Flad1","FLAD1","ortholog_one2one",100,100,1
"Sertad2","SERTAD2","ortholog_one2one",100,100,1
"Csnk1g2","CSNK1G2","ortholog_one2one",100,100,1
"Aldh3b1","ALDH3B1","ortholog_one2one",100,100,1
"Il1f6","IL36A","ortholog_one2one",50,100,1
"Pax3","PAX3","ortholog_one2one",100,100,1
"Hax1","HAX1","ortholog_one2one",100,100,1
"Trpc1","TRPC1","ortholog_one2one",100,100,1
"Ttc32","TTC32","ortholog_one2one",100,100,1
"Gpr4","GPR4","ortholog_one2one",100,100,1
"Hmx2","HMX2","ortholog_one2one",100,100,1
"Mbd3l1","MBD3L1","ortholog_one2one",25,100,1
"Mbip","MBIP","ortholog_one2one",100,100,1
"Rab5c","RAB5C","ortholog_one2one",100,100,1
"Upf1","UPF1","ortholog_one2one",100,99.95,1
"Pstk","PSTK","ortholog_one2one",100,100,1
"Stoml2","STOML2","ortholog_one2one",100,100,1
"H2bc14","H2BC5","ortholog_one2one",0,0,0
"Gja10","GJA10","ortholog_one2one",75,100,1
"1700024G13Rik","C10orf53","ortholog_one2one",75,100,0
"Fanca","FANCA","ortholog_one2one",100,99.51,1
"Nrep","NREP","ortholog_one2one",100,81.68,0
"Napepld","NAPEPLD","ortholog_one2one",100,100,1
"Togaram2","TOGARAM2","ortholog_one2one",100,100,1
"Ptpn12","PTPN12","ortholog_one2one",100,100,1
"Ccdc180","CCDC180","ortholog_one2one",50,99.58,1
"Slain2","SLAIN2","ortholog_one2one",100,100,1
"Hexim2","HEXIM2","ortholog_one2one",100,100,1
"Ssh3","SSH3","ortholog_one2one",100,100,1
"Rasl11a","RASL11A","ortholog_one2one",100,100,1
"Dnajb6","DNAJB6","ortholog_one2one",50,95.93,1
"Olfr796","OR10P1","ortholog_one2one",0,100,1
"Chst3","CHST3","ortholog_one2one",100,100,1
"Krt40","KRT40","ortholog_one2one",100,100,1
"Ppt1","PPT1","ortholog_one2one",100,96.87,1
"Txndc15","TXNDC15","ortholog_one2one",100,100,1
"Ffar2","FFAR2","ortholog_one2one",100,100,1
"Fbxo6","FBXO6","ortholog_one2one",100,99,1
"Hdc","HDC","ortholog_one2one",100,100,1
"Ap5b1","AP5B1","ortholog_one2one",75,100,1
"Cpxm2","CPXM2","ortholog_one2one",100,100,1
"Fas","FAS","ortholog_one2one",100,100,0
"4933434E20Rik","C1orf43","ortholog_one2many",100,100,1
"Ctdspl2","CTDSPL2","ortholog_one2one",100,100,1
"1700094D03Rik","C1orf189","ortholog_one2one",100,100,1
"Chrm4","CHRM4","ortholog_one2one",100,100,1
"Trat1","TRAT1","ortholog_one2one",100,100,1
"Necap2","NECAP2","ortholog_one2one",100,100,1
"Pcbd2","PCBD2","ortholog_one2one",100,100,1
"Zscan18","ZSCAN18","ortholog_one2one",50,82.76,0
"Cul2","CUL2","ortholog_one2one",25,99.35,1
"Hyal4","HYAL4","ortholog_one2one",100,100,1
"Prss8","PRSS8","ortholog_one2one",100,100,1
"2310057M21Rik","C10orf88","ortholog_one2one",100,100,1
"Mxd3","MXD3","ortholog_one2one",100,100,0
"Arid1b","ARID1B","ortholog_one2one",100,100,1
"Ubr1","UBR1","ortholog_one2one",100,100,1
"Zg16","ZG16","ortholog_one2one",100,100,1
"Kat8","KAT8","ortholog_one2one",100,100,1
"Ldb2","LDB2","ortholog_one2one",100,100,1
"Lrrc25","LRRC25","ortholog_one2one",100,100,0
"Palld","PALLD","ortholog_one2one",100,100,1
"Kcnj16","KCNJ16","ortholog_one2one",100,100,1
"Trbv31","TRBV30","ortholog_one2one",100,100,1
"Rnaseh2c","RNASEH2C","ortholog_one2one",100,96.47,0
"Acrbp","ACRBP","ortholog_one2one",100,100,1
"Hunk","HUNK","ortholog_one2one",100,100,1
"Cdc42se2","CDC42SE2","ortholog_one2one",100,100,1
"Gckr","GCKR","ortholog_one2one",100,100,1
"Prelid1","PRELID1","ortholog_one2one",100,100,1
"Gdf15","GDF15","ortholog_one2one",100,100,1
"Serpinb13","SERPINB13","ortholog_one2one",100,100,1
"Pls1","PLS1","ortholog_one2one",100,100,1
"Sfxn2","SFXN2","ortholog_one2one",100,100,1
"Slpi","SLPI","ortholog_one2one",75,100,1
"Fam53b","FAM53B","ortholog_one2one",100,100,1
"Ap1s1","AP1S1","ortholog_one2one",100,100,1
"Pirt","PIRT","ortholog_one2one",100,100,1
"Opa3","OPA3","ortholog_one2one",100,100,1
"Rab24","RAB24","ortholog_one2one",75,100,1
"Osr1","OSR1","ortholog_one2one",100,100,1
"Tmem204","TMEM204","ortholog_one2one",100,100,1
"Kat5","KAT5","ortholog_one2one",100,100,1
"Ap1m2","AP1M2","ortholog_one2one",100,100,1
"Tmem238l","TMEM238L","ortholog_one2one",100,100,1
"Dok7","DOK7","ortholog_one2one",100,100,1
"Cap1","CAP1","ortholog_one2one",100,100,1
"Fchsd1","FCHSD1","ortholog_one2one",100,100,1
"Ift140","IFT140","ortholog_one2one",100,100,1
"Tyms","TYMS","ortholog_one2one",0,100,1
"Ppp1r35","PPP1R35","ortholog_one2one",100,100,1
"Gmpr","GMPR","ortholog_one2one",100,100,1
"Apoo","APOO","ortholog_one2one",50,99.4,1
"Klhl13","KLHL13","ortholog_one2one",25,100,1
"Ch25h","CH25H","ortholog_one2one",100,100,1
"Tnk2","TNK2","ortholog_one2one",100,100,1
"Map4k2","MAP4K2","ortholog_one2one",100,100,1
"Sct","SCT","ortholog_one2one",100,100,1
"Acta1","ACTA1","ortholog_one2one",100,100,1
"Hs3st1","HS3ST1","ortholog_one2one",100,100,1
"Epha7","EPHA7","ortholog_one2one",100,100,1
"Zfp384","ZNF384","ortholog_one2one",100,100,1
"Mbp","MBP","ortholog_one2one",100,100,1
"Mvd","MVD","ortholog_one2one",100,100,1
"Appl1","APPL1","ortholog_one2one",100,100,1
"Emc2","EMC2","ortholog_one2one",100,100,1
"Atp10d","ATP10D","ortholog_one2one",100,100,0
"Pde7a","PDE7A","ortholog_one2one",100,100,1
"Nkx2-1","NKX2-1","ortholog_one2one",100,100,1
"Atxn1","ATXN1","ortholog_one2one",100,99.26,1
"Lipa","LIPA","ortholog_one2one",100,100,1
"Pcdh7","PCDH7","ortholog_one2one",100,100,1
"Fhl3","FHL3","ortholog_one2one",100,100,1
"Mtch1","MTCH1","ortholog_one2one",100,97.44,1
"Xrn1","XRN1","ortholog_one2one",100,100,1
"Bag3","BAG3","ortholog_one2one",100,100,1
"Ttyh2","TTYH2","ortholog_one2one",100,100,1
"Nudt17","NUDT17","ortholog_one2one",100,98.69,1
"Nsmce4a","NSMCE4A","ortholog_one2one",100,100,1
"Dnajc24","DNAJC24","ortholog_one2one",100,100,1
"Foxc2","FOXC2","ortholog_one2one",100,100,1
"Car5a","CA5A","ortholog_one2one",100,100,1
"Hivep1","HIVEP1","ortholog_one2one",100,100,1
"Allc","ALLC","ortholog_one2one",100,100,1
"Ffar1","FFAR1","ortholog_one2one",100,100,1
"Ttc39b","TTC39B","ortholog_one2one",100,100,1
"Mtif3","MTIF3","ortholog_one2one",100,100,1
"4931406P16Rik","GARRE1","ortholog_one2one",100,100,1
"Tmem230","TMEM230","ortholog_one2one",100,91.23,1
"Oma1","OMA1","ortholog_one2one",50,100,1
"Bnip1","BNIP1","ortholog_one2one",75,100,1
"Zdhhc7","ZDHHC7","ortholog_one2one",100,95.63,1
"Nae1","NAE1","ortholog_one2one",100,100,1
"Msr1","MSR1","ortholog_one2one",100,98.33,1
"Fcnb","FCN1","ortholog_one2one",100,100,0
"Hspa9","HSPA9","ortholog_one2one",100,100,1
"Ncaph","NCAPH","ortholog_one2one",50,100,1
"Afap1","AFAP1","ortholog_one2one",75,100,1
"Rell2","RELL2","ortholog_one2one",100,100,1
"Cyba","CYBA","ortholog_one2one",100,84.98,1
"Gpr26","GPR26","ortholog_one2one",100,100,1
"Krtap3-1","KRTAP3-1","ortholog_one2one",75,100,1
"Kcng2","KCNG2","ortholog_one2one",100,98.31,1
"Naglu","NAGLU","ortholog_one2one",100,100,1
"AI467606","C16orf54","ortholog_one2one",100,100,1
"Ets1","ETS1","ortholog_one2one",100,100,1
"Pdpk1","PDPK1","ortholog_one2one",100,100,1
"Gtf3a","GTF3A","ortholog_one2one",100,100,1
"Hs3st3b1","HS3ST3B1","ortholog_one2one",100,100,1
"Ugdh","UGDH","ortholog_one2one",100,100,1
"Muc16","MUC16","ortholog_one2one",75,65.36,0
"Bad","BAD","ortholog_one2one",100,100,1
"Zc3h12d","ZC3H12D","ortholog_one2one",100,100,1
"Kcnj2","KCNJ2","ortholog_one2one",100,100,1
"Prr29","PRR29","ortholog_one2one",100,100,0
"Cdh15","CDH15","ortholog_one2one",100,100,1
"Serpinc1","SERPINC1","ortholog_one2one",100,100,1
"Edn1","EDN1","ortholog_one2one",100,100,1
"Ghitm","GHITM","ortholog_one2one",100,100,1
"Cox10","COX10","ortholog_one2one",100,100,1
"Snrpd2","SNRPD2","ortholog_one2one",100,100,1
"Met","MET","ortholog_one2one",100,100,1
"Vipr2","VIPR2","ortholog_one2one",50,100,1
"Irak3","IRAK3","ortholog_one2one",100,100,1
"Sec24a","SEC24A","ortholog_one2one",50,100,1
"Qprt","QPRT","ortholog_one2one",75,100,1
"Tomm70a","TOMM70","ortholog_one2one",100,100,1
"Ajm1","AJM1","ortholog_one2one",100,100,1
"Fggy","FGGY","ortholog_one2one",100,98.88,1
"Tcf25","TCF25","ortholog_one2one",100,100,1
"H1f2","H1-2","ortholog_one2one",75,100,1
"Ifit2","IFIT2","ortholog_one2one",75,100,1
"Thap3","THAP3","ortholog_one2one",100,96.15,1
"Sacs","SACS","ortholog_one2one",75,98.66,0
"Smim14","SMIM14","ortholog_one2one",100,100,1
"Ccdc88b","CCDC88B","ortholog_one2one",100,100,1
"Ikzf5","IKZF5","ortholog_one2one",100,100,1
"Mblac2","MBLAC2","ortholog_one2one",100,100,1
"Gpr137","GPR137","ortholog_one2one",100,100,1
"Rgs21","RGS21","ortholog_one2one",100,100,1
"Fgf20","FGF20","ortholog_one2one",100,100,1
"Rbbp5","RBBP5","ortholog_one2one",100,100,1
"Olfr24","OR1M1","ortholog_one2one",0,100,1
"Nit2","NIT2","ortholog_one2one",100,100,1
"Rgs18","RGS18","ortholog_one2one",100,100,1
"Micu3","MICU3","ortholog_one2one",100,100,1
"Casc3","CASC3","ortholog_one2one",100,100,1
"Ube2t","UBE2T","ortholog_one2one",100,100,1
"Cetn3","CETN3","ortholog_one2one",100,100,1
"Serpine1","SERPINE1","ortholog_one2one",100,100,1
"C87436","C2orf42","ortholog_one2one",100,100,1
"Ddb1","DDB1","ortholog_one2one",100,100,1
"Ing4","ING4","ortholog_one2one",100,100,1
"Gm42517","TMEM271","ortholog_one2one",50,100,1
"Itpripl1","ITPRIPL1","ortholog_one2one",75,100,1
"Gm13420","PRRT1B","ortholog_one2one",50,100,1
"Zfp365","ZNF365","ortholog_one2one",100,100,1
"Tex101","TEX101","ortholog_one2one",100,99.12,1
"Fbxo21","FBXO21","ortholog_one2one",100,100,1
"Nfil3","NFIL3","ortholog_one2one",100,100,1
"Tab2","TAB2","ortholog_one2one",100,100,1
"Msl1","MSL1","ortholog_one2one",100,100,1
"Cacnb2","CACNB2","ortholog_one2one",100,100,1
"Lman1","LMAN1","ortholog_one2one",100,100,1
"Scarf1","SCARF1","ortholog_one2one",100,100,1
"Rfx3","RFX3","ortholog_one2one",100,100,1
"Zar1l","ZAR1L","ortholog_one2one",100,100,1
"Sgcg","SGCG","ortholog_one2one",50,100,1
"Tmem74","TMEM74","ortholog_one2one",100,100,1
"St18","ST18","ortholog_one2one",100,100,1
"Dyrk1a","DYRK1A","ortholog_one2one",100,100,1
"Mepce","MEPCE","ortholog_one2one",75,100,1
"Syde1","SYDE1","ortholog_one2one",75,100,1
"Spn","SPN","ortholog_one2one",50,99.76,1
"Atr","ATR","ortholog_one2one",100,100,1
"Catsper3","CATSPER3","ortholog_one2one",100,100,1
"B3gat3","B3GAT3","ortholog_one2one",100,100,1
"Armc4","ARMC4","ortholog_one2one",100,100,1
"Clvs1","CLVS1","ortholog_one2one",75,100,1
"Trim56","TRIM56","ortholog_one2one",100,100,1
"Ppm1h","PPM1H","ortholog_one2one",100,100,1
"Tacc2","TACC2","ortholog_one2one",100,100,1
"Emc7","EMC7","ortholog_one2one",100,100,1
"Wdsub1","WDSUB1","ortholog_one2one",100,100,1
"Icam2","ICAM2","ortholog_one2one",100,100,1
"Pcare","PCARE","ortholog_one2one",100,100,1
"Olfr398","OR1R1P","ortholog_one2one",75,100,1
"Rom1","ROM1","ortholog_one2one",100,100,1
"Tpsg1","TPSG1","ortholog_one2one",100,100,1
"Spata17","SPATA17","ortholog_one2one",100,100,1
"Sf3a3","SF3A3","ortholog_one2one",100,100,1
"Syt9","SYT9","ortholog_one2one",100,100,1
"Tepp","TEPP","ortholog_one2one",100,98.67,1
"Scrib","SCRIB","ortholog_one2one",100,100,1
"Rps18-ps5","RPS18","ortholog_one2one",0,0,0
"Asph","ASPH","ortholog_one2one",50,99.04,1
"Chat","CHAT","ortholog_one2one",100,100,1
"Dpp7","DPP7","ortholog_one2one",0,99.51,1
"Flot2","FLOT2","ortholog_one2one",100,100,1
"Itih5","ITIH5","ortholog_one2one",100,100,1
"Slc9c1","SLC9C1","ortholog_one2one",100,99.05,1
"Irs2","IRS2","ortholog_one2one",100,100,1
"Cacna1h","CACNA1H","ortholog_one2one",100,99.89,1
"Cyb561a3","CYB561A3","ortholog_one2one",100,100,1
"H2bc3","H2BC3","ortholog_one2one",50,100,1
"Psap","PSAP","ortholog_one2one",100,100,1
"Rai14","RAI14","ortholog_one2one",100,100,1
"Garem2","GAREM2","ortholog_one2one",50,100,1
"H3c2","H3C13","ortholog_one2one",0,0,0
"Haus2","HAUS2","ortholog_one2one",100,100,1
"Dpy19l3","DPY19L3","ortholog_one2one",100,100,1
"Lrpap1","LRPAP1","ortholog_one2one",75,100,1
"Hadha","HADHA","ortholog_one2one",50,100,1
"Synj1","SYNJ1","ortholog_one2one",100,100,1
"Gipr","GIPR","ortholog_one2one",100,100,1
"Npnt","NPNT","ortholog_one2one",100,100,1
"Tia1","TIA1","ortholog_one2one",100,100,1
"Slc43a2","SLC43A2","ortholog_one2one",100,100,1
"Zfp319","ZNF319","ortholog_one2one",100,100,1
"Nrde2","NRDE2","ortholog_one2one",100,100,1
"Olfr1357","OR1I1","ortholog_one2one",100,100,1
"Prss36","PRSS36","ortholog_one2one",100,100,1
"H1f1","H1-1","ortholog_one2one",25,100,1
"Slc18a3","SLC18A3","ortholog_one2one",100,100,1
"Utp6","UTP6","ortholog_one2one",75,100,1
"Tom1l2","TOM1L2","ortholog_one2one",100,100,1
"Rsad2","RSAD2","ortholog_one2one",100,100,1
"Tmem138","TMEM138","ortholog_one2one",100,100,1
"Nkx2-5","NKX2-5","ortholog_one2one",50,100,1
"Nkain2","NKAIN2","ortholog_one2one",100,100,1
"Hsd17b1","HSD17B1","ortholog_one2one",100,93.54,1
"Rere","RERE","ortholog_one2one",100,100,1
"Vasp","VASP","ortholog_one2one",100,100,1
"Pygl","PYGL","ortholog_one2one",100,100,1
"Gk5","GK5","ortholog_one2one",100,100,1
"Lgr6","LGR6","ortholog_one2one",100,100,1
"Chuk","CHUK","ortholog_one2one",100,100,1
"Sgpp2","SGPP2","ortholog_one2one",100,100,1
"Tkfc","TKFC","ortholog_one2one",100,100,1
"Tmem229a","TMEM229A","ortholog_one2one",100,100,1
"Sfmbt2","SFMBT2","ortholog_one2one",100,96.92,1
"Chrm5","CHRM5","ortholog_one2one",100,100,1
"4930505A04Rik","C2orf73","ortholog_one2one",100,100,1
"Farsb","FARSB","ortholog_one2one",100,100,1
"Dpys","DPYS","ortholog_one2one",100,100,1
"Nkx2-9","NKX2-8","ortholog_one2one",100,100,1
"Fras1","FRAS1","ortholog_one2one",100,100,1
"Pold2","POLD2","ortholog_one2one",100,100,1
"Coq4","COQ4","ortholog_one2one",50,100,1
"Colec11","COLEC11","ortholog_one2one",100,99.29,1
"Cdc16","CDC16","ortholog_one2one",100,100,1
"Pax9","PAX9","ortholog_one2one",100,100,1
"Usb1","USB1","ortholog_one2one",100,100,1
"Slc25a21","SLC25A21","ortholog_one2one",100,98.06,1
"Phf13","PHF13","ortholog_one2one",100,100,1
"Paxbp1","PAXBP1","ortholog_one2one",100,100,1
"Snd1","SND1","ortholog_one2one",100,100,1
"Fam114a2","FAM114A2","ortholog_one2one",100,100,1
"Trib1","TRIB1","ortholog_one2one",75,100,1
"Phf1","PHF1","ortholog_one2one",50,100,1
"Slc17a3","SLC17A3","ortholog_one2one",75,100,1
"Muc3","MUC17","ortholog_one2one",100,72.61,0
"Dnaic2","DNAI2","ortholog_one2one",100,100,1
"Aebp1","AEBP1","ortholog_one2one",100,100,1
"Inpp5b","INPP5B","ortholog_one2one",100,100,1
"Abcb11","ABCB11","ortholog_one2one",100,100,1
"Gm39653","FAM237A","ortholog_one2one",100,100,1
"Adra2c","ADRA2C","ortholog_one2one",50,100,1
"Drd4","DRD4","ortholog_one2one",100,100,1
"Brca2","BRCA2","ortholog_one2one",100,100,1
"Jph3","JPH3","ortholog_one2one",100,100,1
"Fam57b","TLCD3B","ortholog_one2one",100,100,1
"Gtf2e1","GTF2E1","ortholog_one2one",100,100,1
"Kcnh4","KCNH4","ortholog_one2one",100,100,1
"Eya3","EYA3","ortholog_one2one",100,100,1
"Nrg3","NRG3","ortholog_one2one",100,100,1
"Klhl21","KLHL21","ortholog_one2one",100,100,1
"Sdc2","SDC2","ortholog_one2one",50,100,1
"Sf1","SF1","ortholog_one2one",100,99.74,1
"Pou4f3","POU4F3","ortholog_one2one",100,100,1
"Olfml1","OLFML1","ortholog_one2one",100,100,0
"Cd177","CD177","ortholog_one2one",75,79.72,0
"Apof","APOF","ortholog_one2one",100,100,1
"Sar1b","SAR1B","ortholog_one2one",75,100,1
"Trub2","TRUB2","ortholog_one2one",50,100,1
"Oat","OAT","ortholog_one2one",100,100,1
"Col4a1","COL4A1","ortholog_one2one",100,100,1
"Gabrp","GABRP","ortholog_one2one",75,100,1
"Tbx21","TBX21","ortholog_one2one",100,100,1
"Ccdc83","CCDC83","ortholog_one2one",100,97.55,1
"Cbfa2t3","CBFA2T3","ortholog_one2one",100,100,1
"Mtmr3","MTMR3","ortholog_one2one",100,100,1
"Tmem242","TMEM242","ortholog_one2one",100,100,1
"Tfdp2","TFDP2","ortholog_one2one",100,100,1
"Cd2bp2","CD2BP2","ortholog_one2one",50,100,1
"Fam162b","FAM162B","ortholog_one2one",50,100,1
"Ipo13","IPO13","ortholog_one2one",100,100,1
"Tbkbp1","TBKBP1","ortholog_one2one",100,100,1
"Ate1","ATE1","ortholog_one2one",100,100,1
"Adamts10","ADAMTS10","ortholog_one2one",100,100,1
"Ldhal6b","LDHAL6B","ortholog_one2one",0,100,1
"Mis18a","MIS18A","ortholog_one2one",100,100,1
"Lsg1","LSG1","ortholog_one2one",100,100,1
"Cep104","CEP104","ortholog_one2one",100,100,1
"Cuta","CUTA","ortholog_one2one",100,100,1
"Hmx1","HMX1","ortholog_one2one",50,100,1
"Ephb6","EPHB6","ortholog_one2one",100,100,1
"Brinp3","BRINP3","ortholog_one2one",100,100,1
"Sema3g","SEMA3G","ortholog_one2one",100,100,1
"Olfm1","OLFM1","ortholog_one2one",100,100,1
"Pde6b","PDE6B","ortholog_one2one",100,100,1
"Ppm1n","PPM1N","ortholog_one2one",100,97.08,1
"Lrrc4","LRRC4","ortholog_one2one",100,100,1
"Lrrc8b","LRRC8B","ortholog_one2one",50,100,1
"Rtn2","RTN2","ortholog_one2one",100,100,1
"Casp8ap2","CASP8AP2","ortholog_one2one",0,99.58,1
"Rabl3","RABL3","ortholog_one2one",100,100,1
"Ern1","ERN1","ortholog_one2one",100,100,1
"Atp10a","ATP10A","ortholog_one2one",100,100,1
"Ccsap","CCSAP","ortholog_one2one",100,100,1
"Pcna","PCNA","ortholog_one2one",100,100,1
"Mrap","MRAP","ortholog_one2one",100,100,0
"Pdpr","PDPR","ortholog_one2one",0,100,1
"Serpina9","SERPINA9","ortholog_one2one",100,100,1
"Muc3a","MUC3A","ortholog_one2one",100,58.8,0
"Otud5","OTUD5","ortholog_one2one",100,100,1
"Serpina11","SERPINA11","ortholog_one2one",100,100,1
"Ust","UST","ortholog_one2one",100,100,1
"Tmem132c","TMEM132C","ortholog_one2one",100,100,1
"Ache","ACHE","ortholog_one2one",100,100,1
"Gpr37","GPR37","ortholog_one2one",100,100,1
"Stat2","STAT2","ortholog_one2one",100,100,1
"Atp11b","ATP11B","ortholog_one2one",100,100,1
"Zfp329","ZNF329","ortholog_one2one",50,100,1
"Cep55","CEP55","ortholog_one2one",100,100,1
"Ankrd13d","ANKRD13D","ortholog_one2one",100,100,1
"Lama4","LAMA4","ortholog_one2one",100,100,1
"Apom","APOM","ortholog_one2one",100,100,1
"Dnajc5b","DNAJC5B","ortholog_one2one",100,100,1
"Gen1","GEN1","ortholog_one2one",100,100,1
"Elmod2","ELMOD2","ortholog_one2one",100,100,1
"Cdh10","CDH10","ortholog_one2one",75,100,1
"Zbtb48","ZBTB48","ortholog_one2one",100,100,1
"Spint2","SPINT2","ortholog_one2one",100,100,1
"Rps7","RPS7","ortholog_one2one",100,100,1
"Phactr2","PHACTR2","ortholog_one2one",100,100,1
"Idh2","IDH2","ortholog_one2one",100,100,1
"Artn","ARTN","ortholog_one2one",100,100,1
"Wdr44","WDR44","ortholog_one2one",50,100,1
"Dnm1l","DNM1L","ortholog_one2one",75,100,1
"Zdhhc14","ZDHHC14","ortholog_one2one",100,100,1
"Olfr808","OR6C65","ortholog_one2one",50,0,0
"Pvrig","PVRIG","ortholog_one2one",50,100,0
"Zfp706","ZNF706","ortholog_one2one",100,100,1
"Trhr","TRHR","ortholog_one2one",100,99.86,1
"Calm1","CALM1","ortholog_one2one",100,100,1
"Aven","AVEN","ortholog_one2one",100,100,1
"Kif2b","KIF2B","ortholog_one2one",100,100,1
"Tmem81","TMEM81","ortholog_one2one",100,100,1
"Ehmt1","EHMT1","ortholog_one2one",75,100,1
"Banp","BANP","ortholog_one2one",100,95.06,1
"Nanos1","NANOS1","ortholog_one2one",100,100,1
"Capzb","CAPZB","ortholog_one2one",100,100,1
"Col4a2","COL4A2","ortholog_one2one",100,100,1
"Mgat4d","MGAT4D","ortholog_one2one",100,100,1
"Coq10a","COQ10A","ortholog_one2one",100,100,1
"Inpp5f","INPP5F","ortholog_one2one",100,100,1
"Tnfrsf13b","TNFRSF13B","ortholog_one2one",0,100,0
"Fkbp14","FKBP14","ortholog_one2one",100,100,1
"Larp4b","LARP4B","ortholog_one2one",75,100,1
"D3Ertd751e","C4orf33","ortholog_one2one",100,100,1
"Zbtb37","ZBTB37","ortholog_one2one",100,100,1
"Tnpo1","TNPO1","ortholog_one2one",100,100,1
"Atp5k","ATP5ME","ortholog_one2one",100,100,1
"Drd2","DRD2","ortholog_one2one",100,100,1
"Spata21","SPATA21","ortholog_one2one",100,99.42,0
"Ryr3","RYR3","ortholog_one2one",100,100,1
"Fam149a","FAM149A","ortholog_one2one",100,100,1
"Dytn","DYTN","ortholog_one2one",100,100,1
"Plekha8","PLEKHA8","ortholog_one2one",100,100,1
"Ankk1","ANKK1","ortholog_one2one",100,100,1
"Cox7c","COX7C","ortholog_one2one",100,100,1
"Tdrd7","TDRD7","ortholog_one2one",50,99.88,1
"Tas1r1","TAS1R1","ortholog_one2one",100,100,1
"H1f5","H1-5","ortholog_one2one",25,100,1
"Lnx2","LNX2","ortholog_one2one",100,100,1
"H3c11","H3C7","ortholog_one2one",0,0,0
"Ppp1r14a","PPP1R14A","ortholog_one2one",100,100,1
"Jrkl","JRKL","ortholog_one2one",100,100,1
"Plekhg3","PLEKHG3","ortholog_one2one",100,100,1
"Tex2","TEX2","ortholog_one2one",100,100,1
"Rbpjl","RBPJL","ortholog_one2one",100,100,1
"Pde10a","PDE10A","ortholog_one2one",100,100,1
"Atp1a4","ATP1A4","ortholog_one2one",75,100,1
"Mfsd7a","SLC49A3","ortholog_one2one",100,94.7,1
"Ctdp1","CTDP1","ortholog_one2one",100,100,1
"Deaf1","DEAF1","ortholog_one2one",75,100,1
"Atg16l1","ATG16L1","ortholog_one2one",100,100,1
"Tbc1d10b","TBC1D10B","ortholog_one2one",50,100,1
"Kcnj6","KCNJ6","ortholog_one2one",100,100,1
"Ppm1k","PPM1K","ortholog_one2one",50,100,1
"Baz2b","BAZ2B","ortholog_one2one",100,99.72,1
"Abraxas2","ABRAXAS2","ortholog_one2one",100,100,1
"Slc25a43","SLC25A43","ortholog_one2one",100,100,1
"Lyzl6","LYZL6","ortholog_one2one",0,100,1
"Wdr60","DYNC2I1","ortholog_one2one",75,97.11,1
"Sec61g","SEC61G","ortholog_one2one",75,100,1
"Trim38","TRIM38","ortholog_one2one",0,100,1
"Mpv17","MPV17","ortholog_one2one",100,100,1
"Slc25a5","SLC25A5","ortholog_one2one",100,100,1
"Herc6","HERC6","ortholog_one2one",25,100,1
"Pmpcb","PMPCB","ortholog_one2one",100,100,1
"Rprd2","RPRD2","ortholog_one2one",100,100,1
"Car7","CA7","ortholog_one2one",100,100,1
"Matn4","MATN4","ortholog_one2one",50,100,1
"Wbp1l","WBP1L","ortholog_one2one",100,98.96,1
"Ufsp1","UFSP1","ortholog_one2one",100,100,1
"Hook1","HOOK1","ortholog_one2one",100,100,1
"Cpz","CPZ","ortholog_one2one",75,100,1
"Plxna4","PLXNA4","ortholog_one2one",100,100,1
"Enpp7","ENPP7","ortholog_one2one",100,93.22,1
"Cntn2","CNTN2","ortholog_one2one",100,100,1
"N4bp2l1","N4BP2L1","ortholog_one2one",100,100,1
"Zfp512","ZNF512","ortholog_one2one",100,100,1
"Reep1","REEP1","ortholog_one2one",100,100,1
"Sptb","SPTB","ortholog_one2one",100,100,1
"Grem1","GREM1","ortholog_one2one",100,100,1
"Hmx3","HMX3","ortholog_one2one",100,100,1
"Mdh1b","MDH1B","ortholog_one2one",100,100,1
"Kif19a","KIF19","ortholog_one2one",100,100,1
"Ctbp2","CTBP2","ortholog_one2one",100,100,1
"Coasy","COASY","ortholog_one2one",100,99.33,1
"Bcl11b","BCL11B","ortholog_one2one",100,100,1
"Dnajc2","DNAJC2","ortholog_one2one",100,100,1
"Zer1","ZER1","ortholog_one2one",100,100,1
"Tars2","TARS2","ortholog_one2one",100,100,1
"Cbx2","CBX2","ortholog_one2one",100,100,1
"Rpgrip1l","RPGRIP1L","ortholog_one2one",100,100,1
"Ercc6","ERCC6","ortholog_one2one",75,100,1
"Mylpf","MYLPF","ortholog_one2one",75,100,1
"Sorcs2","SORCS2","ortholog_one2one",100,100,1
"Il1f5","IL36RN","ortholog_one2one",100,100,1
"Fbxw8","FBXW8","ortholog_one2one",100,100,1
"Ube2a","UBE2A","ortholog_one2one",100,100,1
"Capza2","CAPZA2","ortholog_one2one",100,100,1
"Wdr75","WDR75","ortholog_one2one",75,100,1
"Sox9","SOX9","ortholog_one2one",100,100,1
"Trpv6","TRPV6","ortholog_one2one",100,100,1
"Cmpk2","CMPK2","ortholog_one2one",100,100,1
"Mgarp","MGARP","ortholog_one2one",100,95.91,0
"Maged1","MAGED1","ortholog_one2one",0,100,1
"Stam","STAM","ortholog_one2one",100,100,1
"Tppp","TPPP","ortholog_one2one",100,100,1
"Lcn2","LCN2","ortholog_one2one",100,100,1
"Hrk","HRK","ortholog_one2one",100,100,1
"Btbd17","BTBD17","ortholog_one2one",100,100,1
"Blvrb","BLVRB","ortholog_one2one",100,100,1
"Ndrg1","NDRG1","ortholog_one2one",100,100,1
"Il1r2","IL1R2","ortholog_one2one",100,98.99,1
"Psapl1","PSAPL1","ortholog_one2one",100,100,1
"Bloc1s4","BLOC1S4","ortholog_one2one",100,100,1
"Esrra","ESRRA","ortholog_one2one",100,100,1
"Stmnd1","STMND1","ortholog_one2one",100,100,1
"Rprml","RPRML","ortholog_one2one",50,100,1
"Gcsam","GCSAM","ortholog_one2one",100,100,1
"Ptpn7","PTPN7","ortholog_one2one",100,100,1
"Cd274","CD274","ortholog_one2one",100,100,1
"Phf7","PHF7","ortholog_one2one",100,100,1
"C330007P06Rik","CXorf56","ortholog_one2one",100,100,1
"Cpa1","CPA1","ortholog_one2one",100,100,1
"Omp","OMP","ortholog_one2one",100,100,1
"Capn5","CAPN5","ortholog_one2one",100,100,1
"Trmt112","TRMT112","ortholog_one2one",100,100,1
"Kcnj15","KCNJ15","ortholog_one2one",100,100,1
"Glis3","GLIS3","ortholog_one2one",100,100,1
"Lrrc8c","LRRC8C","ortholog_one2one",50,100,1
"Upf3a","UPF3A","ortholog_one2one",75,96.04,1
"Sertad3","SERTAD3","ortholog_one2one",100,100,1
"Fam92a","CIBAR1","ortholog_one2one",100,100,1
"Ror2","ROR2","ortholog_one2one",75,100,1
"Clec11a","CLEC11A","ortholog_one2one",100,100,1
"Ints12","INTS12","ortholog_one2one",100,100,1
"BC016579","C3orf52","ortholog_one2one",100,93.72,0
"Lman2","LMAN2","ortholog_one2one",75,100,1
"Pcsk5","PCSK5","ortholog_one2one",100,100,1
"Casp14","CASP14","ortholog_one2one",100,100,1
"Dzip3","DZIP3","ortholog_one2one",100,100,1
"Prdx5","PRDX5","ortholog_one2one",100,100,1
"Hs3st3a1","HS3ST3A1","ortholog_one2one",100,100,1
"Fbxo31","FBXO31","ortholog_one2one",100,100,1
"Fuca2","FUCA2","ortholog_one2one",100,100,1
"Tmem141","TMEM141","ortholog_one2one",100,100,1
"Gstcd","GSTCD","ortholog_one2one",100,100,1
"Rap1b","RAP1B","ortholog_one2one",100,100,1
"Pdp2","PDP2","ortholog_one2one",100,100,1
"Lep","LEP","ortholog_one2one",100,100,1
"Cbx8","CBX8","ortholog_one2one",100,99.09,1
"Zfp383","ZNF383","ortholog_one2one",25,99.72,1
"Sema4b","SEMA4B","ortholog_one2one",100,100,1
"Eya4","EYA4","ortholog_one2one",100,100,1
"Dab1","DAB1","ortholog_one2one",75,100,1
"Pitx1","PITX1","ortholog_one2one",100,100,1
"Stradb","STRADB","ortholog_one2one",100,100,1
"Trim55","TRIM55","ortholog_one2one",75,100,1
"Chst15","CHST15","ortholog_one2one",100,100,1
"Mrpl35","MRPL35","ortholog_one2one",100,100,1
"Macroh2a1","MACROH2A1","ortholog_one2one",100,100,1
"Wdr17","WDR17","ortholog_one2one",100,100,1
"Zfp74","ZNF569","ortholog_one2one",50,99.38,1
"Thap1","THAP1","ortholog_one2one",50,100,1
"Zfp128","ZNF8","ortholog_one2one",75,100,1
"Eml3","EML3","ortholog_one2one",100,100,1
"Ffar4","FFAR4","ortholog_one2one",100,98.4,1
"Cep135","CEP135","ortholog_one2one",100,100,1
"Mmp15","MMP15","ortholog_one2one",100,100,1
"Gins2","GINS2","ortholog_one2one",100,100,1
"Gprc6a","GPRC6A","ortholog_one2one",50,100,1
"Suz12","SUZ12","ortholog_one2one",50,100,1
"Lyst","LYST","ortholog_one2one",100,99.98,1
"Ctnna1","CTNNA1","ortholog_one2one",100,100,1
"Ppfibp2","PPFIBP2","ortholog_one2one",100,100,1
"Plcb4","PLCB4","ortholog_one2one",100,100,1
"Rabl6","RABL6","ortholog_one2one",100,100,1
"Sash1","SASH1","ortholog_one2one",100,100,1
"Nkx1-2","NKX1-2","ortholog_one2one",100,100,1
"Telo2","TELO2","ortholog_one2one",75,100,1
"Spg11","SPG11","ortholog_one2one",100,100,1
"Bub3","BUB3","ortholog_one2one",100,100,1
"Rhou","RHOU","ortholog_one2one",50,100,1
"Immt","IMMT","ortholog_one2one",100,100,1
"Snrnp200","SNRNP200","ortholog_one2one",100,100,1
"Arl11","ARL11","ortholog_one2one",50,100,1
"Spata33","SPATA33","ortholog_one2one",100,100,1
"Ttc12","TTC12","ortholog_one2one",100,99.38,1
"Tmem236","TMEM236","ortholog_one2one",100,100,1
"Akap13","AKAP13","ortholog_one2one",25,100,1
"Ppp1r26","PPP1R26","ortholog_one2one",100,100,1
"Myl7","MYL7","ortholog_one2one",100,100,1
"Acyp2","ACYP2","ortholog_one2one",100,76.4,0
"Rab8a","RAB8A","ortholog_one2one",50,100,1
"Polr1d","POLR1D","ortholog_one2one",100,100,1
"Rab4a","RAB4A","ortholog_one2one",50,100,1
"Maneal","MANEAL","ortholog_one2one",100,100,1
"U2af2","U2AF2","ortholog_one2one",75,100,1
"Mtf1","MTF1","ortholog_one2one",100,100,1
"Btbd16","BTBD16","ortholog_one2one",100,99.77,1
"Hsh2d","HSH2D","ortholog_one2one",100,100,0
"Mipol1","MIPOL1","ortholog_one2one",100,100,1
"Zfp507","ZNF507","ortholog_one2one",100,100,1
"Fastkd2","FASTKD2","ortholog_one2one",100,100,1
"Shc1","SHC1","ortholog_one2one",100,100,1
"Lrrtm2","LRRTM2","ortholog_one2one",100,100,1
"Ric1","RIC1","ortholog_one2one",100,100,1
"N4bp2l2","N4BP2L2","ortholog_one2one",100,100,0
"Gpatch2","GPATCH2","ortholog_one2one",100,100,1
"Cyp17a1","CYP17A1","ortholog_one2one",100,100,1
"1110065P20Rik","C1orf122","ortholog_one2one",100,100,1
"C530008M17Rik","CRACD","ortholog_one2one",100,100,1
"Grm8","GRM8","ortholog_one2one",100,100,1
"Snrpn","SNRPN","ortholog_one2one",100,99.01,1
"Aftph","AFTPH","ortholog_one2one",100,100,1
"Zscan22","ZSCAN22","ortholog_one2one",50,100,1
"Htra1","HTRA1","ortholog_one2one",100,100,1
"Cyb5r2","CYB5R2","ortholog_one2one",100,100,1
"Il1f10","IL1F10","ortholog_one2one",100,100,1
"Uap1l1","UAP1L1","ortholog_one2one",50,100,1
"Usp22","USP22","ortholog_one2one",0,100,1
"Yrdc","YRDC","ortholog_one2one",100,100,1
"Comp","COMP","ortholog_one2one",100,100,1
"Tbx1","TBX1","ortholog_one2one",100,100,1
"Zfp317","ZNF317","ortholog_one2one",25,100,1
"Otoa","OTOA","ortholog_one2one",50,100,1
"Cep57","CEP57","ortholog_one2one",100,100,1
"Cox4i1","COX4I1","ortholog_one2one",100,100,1
"Nln","NLN","ortholog_one2one",100,100,1
"Lcp2","LCP2","ortholog_one2one",75,99.86,1
"Impact","IMPACT","ortholog_one2one",100,100,1
"Epb41l4a","EPB41L4A","ortholog_one2one",100,100,1
"Zranb1","ZRANB1","ortholog_one2one",100,100,1
"Daxx","DAXX","ortholog_one2one",75,100,1
"Gsap","GSAP","ortholog_one2one",75,100,1
"Pcgf3","PCGF3","ortholog_one2one",100,100,1
"Fam43a","FAM43A","ortholog_one2one",100,100,1
"Crh","CRH","ortholog_one2one",50,100,1
"Trem1","TREM1","ortholog_one2one",75,57.36,0
"Arhgef2","ARHGEF2","ortholog_one2one",100,100,1
"Snx9","SNX9","ortholog_one2one",100,100,1
"Btbd2","BTBD2","ortholog_one2one",100,100,1
"Nfatc1","NFATC1","ortholog_one2one",100,100,1
"Ebpl","EBPL","ortholog_one2one",50,100,1
"Jade2","JADE2","ortholog_one2one",100,100,1
"Hes7","HES7","ortholog_one2one",100,100,1
"Serpina12","SERPINA12","ortholog_one2one",100,100,1
"4933402N03Rik","C10orf120","ortholog_one2one",100,100,0
"Fam102b","FAM102B","ortholog_one2one",100,100,1
"Sox4","SOX4","ortholog_one2one",100,100,1
"Champ1","CHAMP1","ortholog_one2one",50,100,1
"Sertad1","SERTAD1","ortholog_one2one",100,100,1
"Cbx4","CBX4","ortholog_one2one",100,100,1
"Plekha1","PLEKHA1","ortholog_one2one",100,100,1
"Cib3","CIB3","ortholog_one2one",100,100,1
"Clip4","CLIP4","ortholog_one2one",100,100,1
"Ddx60","DDX60","ortholog_one2one",100,100,1
"Kcnmb1","KCNMB1","ortholog_one2one",100,100,1
"Akna","AKNA","ortholog_one2one",100,100,1
"Cep57l1","CEP57L1","ortholog_one2one",100,98.99,1
"Fam32a","FAM32A","ortholog_one2one",100,100,1
"Serpina5","SERPINA5","ortholog_one2one",100,100,1
"Pdcd1lg2","PDCD1LG2","ortholog_one2one",100,97.93,1
"Kcnip1","KCNIP1","ortholog_one2one",100,100,1
"Lypd4","LYPD4","ortholog_one2one",75,100,1
"Ankrd11","ANKRD11","ortholog_one2one",100,100,1
"Xkr8","XKR8","ortholog_one2one",100,100,1
"Pcnp","PCNP","ortholog_one2one",100,100,1
"Igsf8","IGSF8","ortholog_one2one",100,100,1
"Ccdc105","CCDC105","ortholog_one2one",100,100,1
"Gm5269","HNRNPA1P48","ortholog_one2one",0,0,0
"Sbno1","SBNO1","ortholog_one2one",100,100,1
"Prmt1","PRMT1","ortholog_one2one",100,100,1
"Parp12","PARP12","ortholog_one2one",100,100,1
"Ube3a","UBE3A","ortholog_one2one",100,100,1
"Col16a1","COL16A1","ortholog_one2one",100,100,1
"Triqk","TRIQK","ortholog_one2one",100,100,1
"Adgrg6","ADGRG6","ortholog_one2one",100,100,1
"Edil3","EDIL3","ortholog_one2one",100,100,1
"Mpped2","MPPED2","ortholog_one2one",100,100,1
"Pip5k1c","PIP5K1C","ortholog_one2one",100,100,1
"Ywhaq","YWHAQ","ortholog_one2one",100,100,1
"Il1r1","IL1R1","ortholog_one2one",100,100,1
"Otx2","OTX2","ortholog_one2one",100,100,1
"Ctu2","CTU2","ortholog_one2one",100,99.24,1
"Lrfn5","LRFN5","ortholog_one2one",100,100,1
"Pim2","PIM2","ortholog_one2one",100,100,1
"Rbp4","RBP4","ortholog_one2one",100,100,1
"Cpq","CPQ","ortholog_one2one",50,100,1
"Coprs","COPRS","ortholog_one2one",0,69.3,0
"Pax6","PAX6","ortholog_one2one",100,100,1
"Rbm24","RBM24","ortholog_one2one",100,100,1
"Usp47","USP47","ortholog_one2one",100,100,1
"Cwf19l1","CWF19L1","ortholog_one2one",100,100,1
"Grk2","GRK2","ortholog_one2one",100,100,1
"1700007K13Rik","C9orf116","ortholog_one2one",75,96.95,1
"Dmrtc2","DMRTC2","ortholog_one2one",100,100,1
"Zbtb11","ZBTB11","ortholog_one2one",100,100,1
"Cap2","CAP2","ortholog_one2one",100,100,1
"Sil1","SIL1","ortholog_one2one",100,100,1
"Eif3k","EIF3K","ortholog_one2one",100,100,1
"Atp1a2","ATP1A2","ortholog_one2one",100,100,1
"Kdm7a","KDM7A","ortholog_one2one",100,100,1
"Tnc","TNC","ortholog_one2one",100,100,1
"Lhpp","LHPP","ortholog_one2one",100,100,1
"Rpl24","RPL24","ortholog_one2one",100,100,1
"Sostdc1","SOSTDC1","ortholog_one2one",100,100,1
"Hgd","HGD","ortholog_one2one",100,100,1
"Mfap3","MFAP3","ortholog_one2one",100,100,1
"Nol9","NOL9","ortholog_one2one",100,100,1
"Rbm28","RBM28","ortholog_one2one",100,100,1
"Cfap20","CFAP20","ortholog_one2one",100,100,1
"Gpn1","GPN1","ortholog_one2one",100,99.43,1
"Zcwpw1","ZCWPW1","ortholog_one2one",50,100,1
"Pigo","PIGO","ortholog_one2one",100,100,1
"Cdkn2aipnl","CDKN2AIPNL","ortholog_one2one",100,100,1
"Dmbt1","DMBT1","ortholog_one2one",100,76.6,0
"Trmt44","TRMT44","ortholog_one2one",100,98.61,1
"Pyurf","PYURF","ortholog_one2one",50,100,1
"Galnt10","GALNT10","ortholog_one2one",100,100,1
"Zfp804b","ZNF804B","ortholog_one2one",100,100,1
"Gabpb1","GABPB1","ortholog_one2one",100,100,1
"Irf8","IRF8","ortholog_one2one",100,100,1
"Tex47","TEX47","ortholog_one2one",100,100,1
"Fam78a","FAM78A","ortholog_one2one",100,100,1
"Tada2b","TADA2B","ortholog_one2one",100,100,1
"Sapcd2","SAPCD2","ortholog_one2one",75,100,1
"Rnf185","RNF185","ortholog_one2one",100,100,1
"Grpel1","GRPEL1","ortholog_one2one",75,100,1
"Nup214","NUP214","ortholog_one2one",100,100,1
"Nap1l1","NAP1L1","ortholog_one2one",100,100,1
"Mrps2","MRPS2","ortholog_one2one",50,100,1
"Dhrs9","DHRS9","ortholog_one2one",100,97.42,1
"Hsf2","HSF2","ortholog_one2one",75,100,1
"Fgl2","FGL2","ortholog_one2one",75,100,1
"Ccdc146","CCDC146","ortholog_one2one",75,100,1
"Syt16","SYT16","ortholog_one2one",100,100,1
"Mturn","MTURN","ortholog_one2one",100,100,1
"Apc","APC","ortholog_one2one",100,100,1
"Crppa","CRPPA","ortholog_one2one",100,100,1
"Mta2","MTA2","ortholog_one2one",100,100,1
"Ankrd52","ANKRD52","ortholog_one2one",100,100,1
"Hesx1","HESX1","ortholog_one2one",100,100,1
"Lrrc8d","LRRC8D","ortholog_one2one",100,100,1
"Ube2b","UBE2B","ortholog_one2one",100,100,1
"Cplx1","CPLX1","ortholog_one2one",100,100,1
"Hrh4","HRH4","ortholog_one2one",100,100,1
"Sptlc1","SPTLC1","ortholog_one2one",50,100,1
"Rnf115","RNF115","ortholog_one2one",100,100,1
"Mpp7","MPP7","ortholog_one2one",75,100,1
"Gpr142","GPR142","ortholog_one2one",100,100,1
"Hcrt","HCRT","ortholog_one2one",100,100,1
"Mgat5b","MGAT5B","ortholog_one2one",100,100,1
"Arhgap39","ARHGAP39","ortholog_one2one",75,100,1
"Mrc1","MRC1","ortholog_one2one",100,100,1
"Gng4","GNG4","ortholog_one2one",100,100,1
"F13a1","F13A1","ortholog_one2one",100,100,1
"Pitpna","PITPNA","ortholog_one2one",100,100,1
"Dync1i1","DYNC1I1","ortholog_one2one",100,100,1
"Hnrnph3","HNRNPH3","ortholog_one2one",100,100,1
"Ank3","ANK3","ortholog_one2one",100,100,0
"St3gal3","ST3GAL3","ortholog_one2one",100,92.22,1
"Sox11","SOX11","ortholog_one2one",100,99.17,1
"Ghdc","GHDC","ortholog_one2one",100,100,1
"Rps5","RPS5","ortholog_one2one",50,96.54,1
"Polr3c","POLR3C","ortholog_one2one",100,100,1
"Slc17a2","SLC17A2","ortholog_one2one",75,100,1
"Tapbp","TAPBP","ortholog_one2one",100,99.77,1
"Acox3","ACOX3","ortholog_one2one",100,100,1
"Acadsb","ACADSB","ortholog_one2one",100,100,1
"Plpp6","PLPP6","ortholog_one2one",100,100,1
"Slc1a1","SLC1A1","ortholog_one2one",100,100,1
"Fbxo25","FBXO25","ortholog_one2one",50,100,1
"Slc39a5","SLC39A5","ortholog_one2one",100,100,1
"Urb2","URB2","ortholog_one2one",100,100,1
"Adamts14","ADAMTS14","ortholog_one2one",100,100,1
"Fam13a","FAM13A","ortholog_one2one",100,86.17,1
"Olfr412","OR1D2","ortholog_one2one",75,19.38,1
"Dclk1","DCLK1","ortholog_one2one",75,100,1
"Fam92b","CIBAR2","ortholog_one2one",100,93.46,1
"Nabp2","NABP2","ortholog_one2one",100,100,1
"Prrt4","PRRT4","ortholog_one2one",100,100,1
"Rufy2","RUFY2","ortholog_one2one",100,97.67,1
"Il1rl2","IL1RL2","ortholog_one2one",100,98.97,1
"Mus81","MUS81","ortholog_one2one",75,100,1
"Zfp608","ZNF608","ortholog_one2one",100,100,1
"Ccdc70","CCDC70","ortholog_one2one",50,100,1
"Foxf1","FOXF1","ortholog_one2one",100,100,1
"Trpv5","TRPV5","ortholog_one2one",100,100,1
"Fgfr2","FGFR2","ortholog_one2one",100,100,1
"Rnf225","RNF225","ortholog_one2one",50,100,1
"Nup133","NUP133","ortholog_one2one",100,100,1
"Zfp521","ZNF521","ortholog_one2one",100,100,1
"4430402I18Rik","SPATA6L","ortholog_one2one",100,100,0
"Slc40a1","SLC40A1","ortholog_one2one",50,100,1
"Cds2","CDS2","ortholog_one2one",100,100,1
"Rnf38","RNF38","ortholog_one2one",100,100,1
"Zbtb22","ZBTB22","ortholog_one2one",100,100,1
"Cacna1g","CACNA1G","ortholog_one2one",100,100,1
"Ces5a","CES5A","ortholog_one2one",100,96.22,1
"Prx","PRX","ortholog_one2one",100,99.06,1
"Anxa3","ANXA3","ortholog_one2one",100,100,1
"Slc1a6","SLC1A6","ortholog_one2one",100,100,1
"Tshz3","TSHZ3","ortholog_one2one",100,100,1
"Treml4","TREML4","ortholog_one2one",0,93.53,0
"Krtap16-1","KRTAP16-1","ortholog_one2one",100,98.07,1
"Ccbe1","CCBE1","ortholog_one2one",75,100,1
"Bloc1s2","BLOC1S2","ortholog_one2one",100,100,1
"Ndufc1","NDUFC1","ortholog_one2one",100,100,1
"Tbc1d16","TBC1D16","ortholog_one2one",100,100,1
"Ciao1","CIAO1","ortholog_one2one",100,100,1
"Ncbp1","NCBP1","ortholog_one2one",100,100,1
"Cdk10","CDK10","ortholog_one2one",100,100,1
"Rtkn2","RTKN2","ortholog_one2one",100,100,1
"Dek","DEK","ortholog_one2one",100,100,1
"Tgfbr3l","TGFBR3L","ortholog_one2one",100,97.22,1
"Ppp4r3a","PPP4R3A","ortholog_one2one",75,100,1
"Klhl25","KLHL25","ortholog_one2one",0,100,1
"Mdn1","MDN1","ortholog_one2one",75,100,1
"Setd3","SETD3","ortholog_one2one",100,100,1
"Efemp2","EFEMP2","ortholog_one2one",100,100,1
"Gspt2","GSPT2","ortholog_one2one",0,100,1
"Olfr1356","OR7C2","ortholog_one2one",75,100,1
"Gsx1","GSX1","ortholog_one2one",100,100,1
"Kpna3","KPNA3","ortholog_one2one",100,100,1
"Septin2","SEPTIN2","ortholog_one2many",100,100,1
"Gprc5c","GPRC5C","ortholog_one2one",100,100,1
"Pdx1","PDX1","ortholog_one2one",100,100,1
"Ttc7b","TTC7B","ortholog_one2one",100,100,1
"Pde6c","PDE6C","ortholog_one2one",100,100,1
"Sh2d4b","SH2D4B","ortholog_one2one",100,100,1
"Xpa","XPA","ortholog_one2one",100,100,1
"Nova1","NOVA1","ortholog_one2one",50,100,1
"Lamp5","LAMP5","ortholog_one2one",100,100,1
"Kdm1b","KDM1B","ortholog_one2one",100,100,1
"B4galnt2","B4GALNT2","ortholog_one2one",100,94.59,1
"Wnt9b","WNT9B","ortholog_one2one",100,100,1
"Arhgef38","ARHGEF38","ortholog_one2one",100,100,0
"Brinp2","BRINP2","ortholog_one2one",100,100,1
"Lancl2","LANCL2","ortholog_one2one",25,100,1
"Tmem62","TMEM62","ortholog_one2one",100,100,1
"Il17c","IL17C","ortholog_one2one",100,99.58,1
"Ascc2","ASCC2","ortholog_one2one",100,100,1
"Cpne7","CPNE7","ortholog_one2one",100,95.5,1
"Aldh3a1","ALDH3A1","ortholog_one2one",50,100,1
"Elp1","ELP1","ortholog_one2one",100,100,1
"Actl6a","ACTL6A","ortholog_one2one",100,100,1
"Tmem127","TMEM127","ortholog_one2one",100,100,1
"Mfsd2a","MFSD2A","ortholog_one2one",100,100,1
"Rgs14","RGS14","ortholog_one2one",100,100,1
"Aloxe3","ALOXE3","ortholog_one2one",100,100,1
"Tmod1","TMOD1","ortholog_one2one",100,100,1
"Nkrf","NKRF","ortholog_one2one",100,100,1
"Vopp1","VOPP1","ortholog_one2one",0,100,1
"Esrrg","ESRRG","ortholog_one2one",100,99.12,1
"Tpmt","TPMT","ortholog_one2one",100,100,1
"6430548M08Rik","KIAA0513","ortholog_one2one",100,100,1
"Prokr2","PROKR2","ortholog_one2one",100,100,1
"Il5","IL5","ortholog_one2one",100,100,1
"Cd69","CD69","ortholog_one2one",25,100,1
"Hapln1","HAPLN1","ortholog_one2one",100,100,1
"Adarb1","ADARB1","ortholog_one2one",100,98.37,1
"Gja8","GJA8","ortholog_one2one",100,100,1
"Mis12","MIS12","ortholog_one2one",100,100,1
"Nsun6","NSUN6","ortholog_one2one",100,100,1
"Gbgt1","GBGT1","ortholog_one2one",50,100,1
"Tstd2","TSTD2","ortholog_one2one",100,100,1
"Mogat1","MOGAT1","ortholog_one2one",100,100,1
"Rap1gap2","RAP1GAP2","ortholog_one2one",100,100,1
"Dpf1","DPF1","ortholog_one2one",75,100,1
"Cdx2","CDX2","ortholog_one2one",100,100,1
"Ap1m1","AP1M1","ortholog_one2one",100,98.78,1
"Cdh16","CDH16","ortholog_one2one",100,100,1
"Spryd7","SPRYD7","ortholog_one2one",100,100,1
"Sec14l1","SEC14L1","ortholog_one2one",100,100,1
"Derl2","DERL2","ortholog_one2one",100,100,1
"Anxa10","ANXA10","ortholog_one2one",100,100,1
"Znrf2","ZNRF2","ortholog_one2one",100,100,1
"B3gnt6","B3GNT6","ortholog_one2one",75,100,1
"Wnt3","WNT3","ortholog_one2one",100,100,1
"Unc93b1","UNC93B1","ortholog_one2one",100,100,1
"Tbc1d13","TBC1D13","ortholog_one2one",100,100,1
"Ncam1","NCAM1","ortholog_one2one",100,99.95,1
"Lsm14a","LSM14A","ortholog_one2one",100,100,1
"Mrpl47","MRPL47","ortholog_one2one",100,100,1
"Car10","CA10","ortholog_one2one",100,100,1
"Tspan14","TSPAN14","ortholog_one2one",100,100,1
"Smpdl3b","SMPDL3B","ortholog_one2one",100,100,1
"Bap1","BAP1","ortholog_one2one",75,100,1
"Gja5","GJA5","ortholog_one2one",100,100,1
"Llcfc1","LLCFC1","ortholog_one2one",100,100,0
"Ndufb5","NDUFB5","ortholog_one2one",100,100,1
"Pdzk1","PDZK1","ortholog_one2one",75,100,1
"Man2b2","MAN2B2","ortholog_one2one",100,100,1
"Vps11","VPS11","ortholog_one2one",100,100,1
"Kcnk9","KCNK9","ortholog_one2one",100,94.72,1
"Gp1bb","GP1BB","ortholog_one2one",100,100,1
"Alox12b","ALOX12B","ortholog_one2one",100,100,1
"Slc44a2","SLC44A2","ortholog_one2one",100,100,1
"Samd5","SAMD5","ortholog_one2one",100,100,1
"Atp1b3","ATP1B3","ortholog_one2one",100,100,1
"Pla2g4a","PLA2G4A","ortholog_one2one",100,100,1
"Eral1","ERAL1","ortholog_one2one",100,100,1
"Rnft2","RNFT2","ortholog_one2one",100,100,1
"Epn1","EPN1","ortholog_one2one",50,100,1
"Xxylt1","XXYLT1","ortholog_one2one",100,100,1
"Csnk1a1","CSNK1A1","ortholog_one2one",100,97.19,1
"4932438H23Rik","C21orf62","ortholog_one2one",100,96.61,1
"Arl5b","ARL5B","ortholog_one2one",100,100,1
"Abitram","ABITRAM","ortholog_one2one",100,100,1
"Actr1b","ACTR1B","ortholog_one2one",100,100,1
"Kel","KEL","ortholog_one2one",100,100,1
"Mcm10","MCM10","ortholog_one2one",100,100,1
"Ovch2","OVCH2","ortholog_one2one",100,100,1
"Snapc3","SNAPC3","ortholog_one2one",100,100,1
"Tdrp","TDRP","ortholog_one2one",50,100,1
"Kcnh5","KCNH5","ortholog_one2one",100,100,1
"Flt3","FLT3","ortholog_one2one",100,100,1
"Klf2","KLF2","ortholog_one2one",100,100,1
"Fmnl3","FMNL3","ortholog_one2one",75,100,1
"Slc22a4","SLC22A4","ortholog_one2one",100,100,1
"Serinc1","SERINC1","ortholog_one2one",50,99.95,1
"Ube2k","UBE2K","ortholog_one2one",100,100,1
"Spin4","SPIN4","ortholog_one2one",50,100,1
"Zfp326","ZNF326","ortholog_one2one",100,100,1
"Utp18","UTP18","ortholog_one2one",100,100,1
"Hs3st2","HS3ST2","ortholog_one2one",50,100,1
"Gpm6a","GPM6A","ortholog_one2one",100,100,1
"Zfp800","ZNF800","ortholog_one2one",100,100,1
"4933424G06Rik","C2orf92","ortholog_one2one",100,84.42,0
"Zcchc14","ZCCHC14","ortholog_one2one",100,100,1
"Olfr459","OR9A2","ortholog_one2one",100,100,1
"Hipk4","HIPK4","ortholog_one2one",100,100,1
"Irf3","IRF3","ortholog_one2one",100,100,1
"Ctnnd2","CTNND2","ortholog_one2one",100,100,1
"Trdn","TRDN","ortholog_one2one",75,93.25,1
"Treml2","TREML2","ortholog_one2one",75,100,1
"Atp7b","ATP7B","ortholog_one2one",50,100,1
"Ndufb4","NDUFB4","ortholog_one2one",100,100,1
"Kcnrg","KCNRG","ortholog_one2one",100,100,1
"Fscb","FSCB","ortholog_one2one",100,85.77,0
"Ostf1","OSTF1","ortholog_one2one",100,100,1
"Cd160","CD160","ortholog_one2one",100,100,1
"Trim13","TRIM13","ortholog_one2one",100,99.88,1
"Tmem40","TMEM40","ortholog_one2one",100,100,1
"Tigd2","TIGD2","ortholog_one2one",100,100,1
"Fam8a1","FAM8A1","ortholog_one2one",100,100,1
"Ptges2","PTGES2","ortholog_one2one",100,100,1
"Slc25a24","SLC25A24","ortholog_one2one",100,100,1
"Cd300lb","CD300LB","ortholog_one2one",75,100,0
"Drc3","DRC3","ortholog_one2one",100,100,1
"Gprin3","GPRIN3","ortholog_one2one",100,100,1
"Foxl1","FOXL1","ortholog_one2one",100,100,1
"Sgtb","SGTB","ortholog_one2one",75,100,1
"Apaf1","APAF1","ortholog_one2one",100,100,1
"Smim1","SMIM1","ortholog_one2one",100,100,1
"Hdlbp","HDLBP","ortholog_one2one",100,100,1
"Galns","GALNS","ortholog_one2one",100,100,1
"Vta1","VTA1","ortholog_one2one",75,100,1
"Septin6","SEPTIN6","ortholog_one2one",100,100,1
"Ppp2r2c","PPP2R2C","ortholog_one2one",100,100,1
"9330182L06Rik","ELAPOR2","ortholog_one2one",100,100,1
"Grhl2","GRHL2","ortholog_one2one",100,100,1
"Trappc9","TRAPPC9","ortholog_one2one",100,100,1
"Nsf","NSF","ortholog_one2one",75,100,1
"Kpnb1","KPNB1","ortholog_one2one",75,100,1
"Mycl","MYCL","ortholog_one2one",100,100,1
"Spata2l","SPATA2L","ortholog_one2one",100,100,1
"Esyt2","ESYT2","ortholog_one2one",100,97.48,1
"Ccdc68","CCDC68","ortholog_one2one",75,100,1
"Nars","NARS1","ortholog_one2one",100,100,1
"Psip1","PSIP1","ortholog_one2one",100,100,1
"Akr1e1","AKR1E2","ortholog_one2one",100,100,1
"Cib1","CIB1","ortholog_one2one",100,100,1
"Bcl2l12","BCL2L12","ortholog_one2one",100,100,1
"Spg7","SPG7","ortholog_one2one",100,96.07,1
"Pou2f2","POU2F2","ortholog_one2one",100,100,1
"Zfp446","ZNF446","ortholog_one2one",100,100,0
"Fastkd3","FASTKD3","ortholog_one2one",75,100,1
"Pygo2","PYGO2","ortholog_one2one",100,100,1
"Zfp251","ZNF251","ortholog_one2one",50,98.05,1
"Eef1g","EEF1G","ortholog_one2one",100,100,1
"Lrrc47","LRRC47","ortholog_one2one",100,100,1
"Pkd2l1","PKD2L1","ortholog_one2one",100,100,1
"Il1rl1","IL1RL1","ortholog_one2one",100,100,1
"Trem2","TREM2","ortholog_one2one",75,100,0
"Il1rn","IL1RN","ortholog_one2one",100,100,1
"Ccdc120","CCDC120","ortholog_one2one",100,100,1
"Rapgefl1","RAPGEFL1","ortholog_one2one",100,100,1
"Tpra1","TPRA1","ortholog_one2one",100,100,1
"Ubtd1","UBTD1","ortholog_one2one",100,100,1
"Slc34a1","SLC34A1","ortholog_one2one",100,100,1
"Lrp12","LRP12","ortholog_one2one",75,100,1
"Entpd2","ENTPD2","ortholog_one2one",100,100,1
"Tifab","TIFAB","ortholog_one2one",100,100,1
"Fam162a","FAM162A","ortholog_one2one",100,100,1
"Ston2","STON2","ortholog_one2one",100,100,1
"Slc45a1","SLC45A1","ortholog_one2one",100,100,1
"Wdr5b","WDR5B","ortholog_one2one",100,100,1
"Nuf2","NUF2","ortholog_one2one",100,100,1
"Smc6","SMC6","ortholog_one2one",100,100,1
"Bambi","BAMBI","ortholog_one2one",25,100,1
"Ppa2","PPA2","ortholog_one2one",100,100,1
"Ppp2r1a","PPP2R1A","ortholog_one2one",50,100,1
"Neurog1","NEUROG1","ortholog_one2one",100,100,1
"Usp50","USP50","ortholog_one2one",100,99.92,1
"Socs1","SOCS1","ortholog_one2one",100,100,1
"Bag6","BAG6","ortholog_one2one",100,99.51,1
"Rab27b","RAB27B","ortholog_one2one",100,100,1
"Gnao1","GNAO1","ortholog_one2one",100,100,1
"Tnp2","TNP2","ortholog_one2one",100,100,0
"Rab28","RAB28","ortholog_one2one",100,100,1
"Gstt4","GSTT4","ortholog_one2one",0,100,1
"Agbl1","AGBL1","ortholog_one2one",75,98.99,1
"Fam76b","FAM76B","ortholog_one2one",100,100,1
"Il17rd","IL17RD","ortholog_one2one",100,100,1
"Treml1","TREML1","ortholog_one2one",100,100,1
"Epha10","EPHA10","ortholog_one2one",100,100,0
"Steap4","STEAP4","ortholog_one2one",75,100,1
"Prm3","PRM3","ortholog_one2one",100,100,1
"Npdc1","NPDC1","ortholog_one2one",100,100,1
"Clec12a","CLEC12A","ortholog_one2one",25,92.17,0
"Prm2","PRM2","ortholog_one2one",100,100,0
"Ptpn5","PTPN5","ortholog_one2one",100,100,1
"4930451I11Rik","C16orf92","ortholog_one2one",100,100,0
"Myct1","MYCT1","ortholog_one2one",100,100,1
"Ttn","TTN","ortholog_one2one",100,99.96,1
"Pak7","PAK5","ortholog_one2one",100,100,1
"Cybrd1","CYBRD1","ortholog_one2one",100,100,1
"Usp8","USP8","ortholog_one2one",100,98.95,1
"Tmprss7","TMPRSS7","ortholog_one2one",100,100,1
"Acer3","ACER3","ortholog_one2one",100,100,1
"Adm","ADM","ortholog_one2one",100,100,1
"Sri","SRI","ortholog_one2one",100,100,1
"Pfn3","PFN3","ortholog_one2one",100,100,1
"Lyrm7","LYRM7","ortholog_one2one",75,100,1
"Marchf7","MARCHF7","ortholog_one2one",100,100,1
"Spock3","SPOCK3","ortholog_one2one",100,100,1
"Tm4sf20","TM4SF20","ortholog_one2one",100,100,1
"Ankrd2","ANKRD2","ortholog_one2one",100,100,1
"Ccnk","CCNK","ortholog_one2one",100,100,1
"Sdc4","SDC4","ortholog_one2one",100,100,1
"Olig2","OLIG2","ortholog_one2one",100,100,1
"Commd5","COMMD5","ortholog_one2one",0,100,1
"Tekt4","TEKT4","ortholog_one2one",0,100,1
"Def8","DEF8","ortholog_one2one",100,100,1
"Adam29","ADAM29","ortholog_one2one",100,95.33,1
"Rasa2","RASA2","ortholog_one2one",100,100,1
"Rnf141","RNF141","ortholog_one2one",100,100,1
"Ccdc85c","CCDC85C","ortholog_one2one",100,100,1
"Ccndbp1","CCNDBP1","ortholog_one2one",100,100,1
"Cfap57","CFAP57","ortholog_one2one",100,100,1
"Alk","ALK","ortholog_one2one",100,100,1
"Arap2","ARAP2","ortholog_one2one",100,100,1
"Errfi1","ERRFI1","ortholog_one2one",100,100,1
"Prkar1b","PRKAR1B","ortholog_one2one",100,100,1
"Inpp5k","INPP5K","ortholog_one2one",100,100,1
"Nkx3-2","NKX3-2","ortholog_one2one",100,100,1
"Ypel5","YPEL5","ortholog_one2one",100,100,1
"Crlf3","CRLF3","ortholog_one2one",50,100,1
"Pqlc2","SLC66A1","ortholog_one2one",100,100,1
"Zfp553","ZNF48","ortholog_one2one",100,100,1
"Trit1","TRIT1","ortholog_one2one",100,100,1
"Igkv20-101-2","IGKV1OR2-108","ortholog_one2one",0,0,0
"Shcbp1l","SHCBP1L","ortholog_one2one",100,100,1
"Vav3","VAV3","ortholog_one2one",100,100,1
"Rps12","RPS12","ortholog_one2one",100,100,1
"Septin1","SEPTIN1","ortholog_one2one",100,100,1
"Ptx4","PTX4","ortholog_one2one",100,100,1
"Cep72","CEP72","ortholog_one2one",100,100,1
"Slc16a12","SLC16A12","ortholog_one2one",75,100,1
"Trpm1","TRPM1","ortholog_one2one",100,100,1
"Fstl1","FSTL1","ortholog_one2one",100,100,1
"Zfp536","ZNF536","ortholog_one2one",100,100,1
"Wipf2","WIPF2","ortholog_one2one",100,100,1
"Hint1","HINT1","ortholog_one2one",50,100,1
"Ampd3","AMPD3","ortholog_one2one",100,100,1
"Rhoj","RHOJ","ortholog_one2one",100,100,1
"Trp53tg5","TP53TG5","ortholog_one2one",100,100,0
"Zbtb38","ZBTB38","ortholog_one2one",100,100,1
"Pom121l2","POM121L2","ortholog_one2one",25,98.64,0
"Them4","THEM4","ortholog_one2one",100,100,1
"Dbndd2","DBNDD2","ortholog_one2one",100,100,1
"Lyrm2","LYRM2","ortholog_one2one",75,81.49,1
"Pank1","PANK1","ortholog_one2one",50,100,1
"Egfr","EGFR","ortholog_one2one",50,100,1
"Tagln3","TAGLN3","ortholog_one2one",100,100,1
"Comtd1","COMTD1","ortholog_one2one",100,100,1
"Erich1","ERICH1","ortholog_one2one",100,88.23,0
"Zfp14","ZFP14","ortholog_one2one",50,89.5,1
"Nr1h3","NR1H3","ortholog_one2one",100,100,1
"Trav2","TRAV4","ortholog_one2one",75,100,1
"Csnk2a2","CSNK2A2","ortholog_one2one",100,100,1
"Septin12","SEPTIN12","ortholog_one2one",100,96.47,1
"Trib3","TRIB3","ortholog_one2one",100,96.65,1
"Slc35a2","SLC35A2","ortholog_one2one",75,100,1
"Rps19","RPS19","ortholog_one2one",100,100,1
"Pla2g3","PLA2G3","ortholog_one2one",100,100,1
"2410131K14Rik","SPRING1","ortholog_one2one",100,100,1
"Vdac2","VDAC2","ortholog_one2one",100,100,1
"Rela","RELA","ortholog_one2one",100,100,1
"Nelfa","NELFA","ortholog_one2one",100,100,1
"Dnaaf5","DNAAF5","ortholog_one2one",100,100,1
"Hirip3","HIRIP3","ortholog_one2one",100,100,1
"AC132407.1","AC083977.1","ortholog_one2one",100,100,1
"Pxylp1","PXYLP1","ortholog_one2one",100,100,1
"Rmi2","RMI2","ortholog_one2one",0,100,1
"Hoga1","HOGA1","ortholog_one2one",100,100,1
"Nrg1","NRG1","ortholog_one2one",100,100,1
"Klf7","KLF7","ortholog_one2one",100,100,1
"Doc2a","DOC2A","ortholog_one2one",100,100,1
"Inpp5j","INPP5J","ortholog_one2one",100,100,1
"Wac","WAC","ortholog_one2one",50,100,1
"Bmp2k","BMP2K","ortholog_one2one",100,100,1
"Cxcl14","CXCL14","ortholog_one2one",100,100,1
"Zdhhc19","ZDHHC19","ortholog_one2one",100,100,1
"4933411K16Rik","C10orf62","ortholog_one2one",100,91.42,0
"Arl14ep","ARL14EP","ortholog_one2one",100,100,1
"Med23","MED23","ortholog_one2one",75,100,1
"Glra3","GLRA3","ortholog_one2one",100,100,1
"1700001L19Rik","C5orf49","ortholog_one2one",75,100,1
"Fam104a","FAM104B","ortholog_one2one",0,2.85,0
"AC124764.1","DYNAP","ortholog_one2one",100,97.97,0
"Cog1","COG1","ortholog_one2one",100,100,1
"Nsd2","NSD2","ortholog_one2one",100,100,1
"Fus","FUS","ortholog_one2one",100,100,1
"Clec12b","CLEC12B","ortholog_one2one",25,100,1
"Olig1","OLIG1","ortholog_one2one",100,100,1
"Rrad","RRAD","ortholog_one2one",100,100,1
"Gphb5","GPHB5","ortholog_one2one",100,100,1
"Bod1l","BOD1L1","ortholog_one2one",100,100,1
"Plpp7","PLPP7","ortholog_one2one",100,100,1
"Ankrd17","ANKRD17","ortholog_one2one",100,100,1
"Dthd1","DTHD1","ortholog_one2one",100,100,1
"Slc25a22","SLC25A22","ortholog_one2one",100,100,1
"Ino80e","INO80E","ortholog_one2one",100,100,1
"Dapk1","DAPK1","ortholog_one2one",50,100,1
"Paqr3","PAQR3","ortholog_one2one",100,100,1
"Srrt","SRRT","ortholog_one2one",100,100,1
"Hhipl1","HHIPL1","ortholog_one2one",100,100,1
"Nwd2","NWD2","ortholog_one2one",100,100,1
"Gm20458","SYS1-DBNDD2","ortholog_one2one",100,93.81,1
"Gm29106","ZNF721","ortholog_one2one",0,0,0
"Ahnak","AHNAK","ortholog_one2one",100,98.99,1
"Ddr1","DDR1","ortholog_one2one",100,100,1
"Anln","ANLN","ortholog_one2one",25,100,1
"Tet2","TET2","ortholog_one2one",100,99.85,1
"Kcnj9","KCNJ9","ortholog_one2one",50,100,1
"Arid5b","ARID5B","ortholog_one2one",100,100,1
"Rpa2","RPA2","ortholog_one2one",100,100,1
"Prf1","PRF1","ortholog_one2one",100,100,1
"Plch2","PLCH2","ortholog_one2one",100,100,1
"9930104L06Rik","C1orf109","ortholog_one2one",100,100,1
"Morn4","MORN4","ortholog_one2one",100,100,1
"Rpl8","RPL8","ortholog_one2one",0,100,1
"Slc25a13","SLC25A13","ortholog_one2one",100,100,1
"Tlr3","TLR3","ortholog_one2one",100,100,1
"Spsb4","SPSB4","ortholog_one2one",100,100,1
"Nrsn2","NRSN2","ortholog_one2one",100,100,1
"Hpgd","HPGD","ortholog_one2one",100,100,1
"Slc27a5","SLC27A5","ortholog_one2one",75,100,1
"Cdca8","CDCA8","ortholog_one2one",100,100,1
"Aprt","APRT","ortholog_one2one",100,100,1
"Slc25a36","SLC25A36","ortholog_one2one",100,100,1
"Psme4","PSME4","ortholog_one2one",100,100,1
"Nfya","NFYA","ortholog_one2one",100,100,1
"Prpf3","PRPF3","ortholog_one2one",100,100,1
"Gpx3","GPX3","ortholog_one2one",50,100,1
"Usp31","USP31","ortholog_one2one",50,100,1
"Aldh3a2","ALDH3A2","ortholog_one2one",75,97.58,1
"Kansl3","KANSL3","ortholog_one2one",100,100,1
"Fnbp1","FNBP1","ortholog_one2one",100,100,1
"Barhl2","BARHL2","ortholog_one2one",100,100,1
"Baiap2l2","BAIAP2L2","ortholog_one2one",100,100,1
"Tsku","TSKU","ortholog_one2one",100,100,1
"Tspyl5","TSPYL5","ortholog_one2one",100,100,1
"Igfl3","IGFL2","ortholog_one2one",0,82.2,0
"Gm36028","BTN3A1","ortholog_one2one",0,0,0
"Hexdc","HEXD","ortholog_one2one",50,100,1
"Akr7a5","AKR7L","ortholog_one2one",100,99.44,1
"Cux1","CUX1","ortholog_one2one",100,100,1
"Atp6v0c","ATP6V0C","ortholog_one2one",100,100,1
"Dpep1","DPEP1","ortholog_one2one",100,100,1
"Myo15b","MYO15B","ortholog_one2one",100,99.52,1
"Tmbim6","TMBIM6","ortholog_one2one",100,100,1
"Gje1","GJE1","ortholog_one2one",100,100,1
"Rgl2","RGL2","ortholog_one2one",75,100,1
"Elane","ELANE","ortholog_one2one",100,100,1
"Nol8","NOL8","ortholog_one2one",75,100,1
"Cactin","CACTIN","ortholog_one2one",100,99.98,1
"Nmbr","NMBR","ortholog_one2one",100,100,1
"Lbh","LBH","ortholog_one2one",100,100,1
"Scnn1g","SCNN1G","ortholog_one2one",100,100,1
"Zfp644","ZNF644","ortholog_one2one",100,100,1
"Ciao2b","CIAO2B","ortholog_one2one",100,100,1
"Slc39a11","SLC39A11","ortholog_one2one",100,100,1
"Cep41","CEP41","ortholog_one2one",100,100,1
"Piezo1","PIEZO1","ortholog_one2one",100,99.62,1
"Plet1","PLET1","ortholog_one2one",100,95.24,0
"Qdpr","QDPR","ortholog_one2one",100,100,1
"Ccdc58","CCDC58","ortholog_one2one",100,100,1
"Impdh1","IMPDH1","ortholog_one2one",100,100,1
"Capn15","CAPN15","ortholog_one2one",100,100,1
"Lrrc58","LRRC58","ortholog_one2one",100,100,1
"Clec9a","CLEC9A","ortholog_one2one",50,96.82,1
"Vip","VIP","ortholog_one2one",100,100,1
"Cxxc4","CXXC4","ortholog_one2one",100,100,1
"Gpr156","GPR156","ortholog_one2one",100,100,1
"Sstr5","SSTR5","ortholog_one2one",100,100,1
"Acap2","ACAP2","ortholog_one2one",100,100,1
"Ogfod3","OGFOD3","ortholog_one2one",75,100,1
"Zfp703","ZNF703","ortholog_one2one",50,100,1
"4930503L19Rik","C18orf54","ortholog_one2one",100,100,1
"Cog7","COG7","ortholog_one2one",100,100,1
"Mrps21","MRPS21","ortholog_one2one",100,100,1
"Lclat1","LCLAT1","ortholog_one2one",100,96.9,1
"Cip2a","CIP2A","ortholog_one2one",100,100,1
"Septin9","SEPTIN9","ortholog_one2one",100,100,1
"Clec1b","CLEC1B","ortholog_one2one",25,100,1
"Cybc1","CYBC1","ortholog_one2one",100,100,1
"Acy3","ACY3","ortholog_one2one",100,100,1
"A930017K11Rik","PRR35","ortholog_one2one",75,100,1
"Nod1","NOD1","ortholog_one2one",100,100,1
"Lrtm2","LRTM2","ortholog_one2one",100,100,1
"Fam207a","FAM207A","ortholog_one2one",100,100,1
"Cd79a","CD79A","ortholog_one2one",100,100,0
"Cnot7","CNOT7","ortholog_one2one",100,100,1
"Scnn1b","SCNN1B","ortholog_one2one",100,97.51,1
"Recql5","RECQL5","ortholog_one2one",100,100,1
"Il18r1","IL18R1","ortholog_one2one",100,100,1
"Igf2bp1","IGF2BP1","ortholog_one2one",100,100,1
"Tmed1","TMED1","ortholog_one2one",100,100,1
"Tbxa2r","TBXA2R","ortholog_one2one",100,90.79,1
"Melk","MELK","ortholog_one2one",100,100,1
"Cacna2d4","CACNA2D4","ortholog_one2one",100,100,1
"Fra10ac1","FRA10AC1","ortholog_one2one",100,100,1
"Atg7","ATG7","ortholog_one2one",100,98.38,1
"Crispld2","CRISPLD2","ortholog_one2one",100,100,1
"Dnm2","DNM2","ortholog_one2one",100,100,1
"Atad5","ATAD5","ortholog_one2one",50,100,1
"Krt34","KRT34","ortholog_one2one",100,100,1
"Ush2a","USH2A","ortholog_one2one",100,100,1
"Map3k8","MAP3K8","ortholog_one2one",75,100,1
"Cd22","CD22","ortholog_one2one",100,100,1
"Olfr821","OR6C74","ortholog_one2one",0,15.71,0
"Socs6","SOCS6","ortholog_one2one",100,100,1
"Naa15","NAA15","ortholog_one2one",100,100,1
"Clip2","CLIP2","ortholog_one2one",100,100,1
"Arl8a","ARL8A","ortholog_one2one",100,100,1
"Accsl","ACCSL","ortholog_one2one",100,99.65,1
"C2cd6","C2CD6","ortholog_one2one",100,97.09,0
"Mtmr7","MTMR7","ortholog_one2one",100,100,1
"Sstr2","SSTR2","ortholog_one2one",100,100,1
"Vsnl1","VSNL1","ortholog_one2one",100,100,1
"Zfp37","ZFP37","ortholog_one2one",100,100,1
"Scgb1a1","SCGB1A1","ortholog_one2one",75,100,1
"Prss16","PRSS16","ortholog_one2one",50,100,1
"Optn","OPTN","ortholog_one2one",100,100,1
"Kcnt2","KCNT2","ortholog_one2one",75,100,1
"Psmc2","PSMC2","ortholog_one2one",100,97.47,1
"Sap30bp","SAP30BP","ortholog_one2one",100,97.19,1
"Rasl11b","RASL11B","ortholog_one2one",100,100,1
"Atxn7l1","ATXN7L1","ortholog_one2one",75,100,1
"Cdt1","CDT1","ortholog_one2one",100,100,1
"Map4k1","MAP4K1","ortholog_one2one",100,98.26,1
"Gpr37l1","GPR37L1","ortholog_one2one",100,100,1
"Ncapg2","NCAPG2","ortholog_one2one",75,99.01,1
"Ppie","PPIE","ortholog_one2one",100,94.97,1
"Snapc2","SNAPC2","ortholog_one2one",100,100,1
"Slc2a8","SLC2A8","ortholog_one2one",100,100,1
"Stard6","STARD6","ortholog_one2one",100,100,1
"Mknk2","MKNK2","ortholog_one2one",100,100,1
"Pecam1","PECAM1","ortholog_one2one",100,100,1
"Tbr1","TBR1","ortholog_one2one",100,100,1
"Rgs5","RGS5","ortholog_one2one",100,95.21,1
"Fshb","FSHB","ortholog_one2one",100,100,1
"Runx1t1","RUNX1T1","ortholog_one2one",100,100,1
"Gm43517","FOXG1","ortholog_one2one",100,86.83,0
"Smim5","SMIM5","ortholog_one2one",100,100,1
"Krt32","KRT32","ortholog_one2one",100,100,1
"Fbxo5","FBXO5","ortholog_one2one",100,100,1
"Cfd","CFD","ortholog_one2one",100,98.43,1
"Slc7a5","SLC7A5","ortholog_one2one",100,99.72,1
"Sox12","SOX12","ortholog_one2one",100,100,1
"Acsl3","ACSL3","ortholog_one2one",100,100,1
"Dhx9","DHX9","ortholog_one2one",100,97.75,1
"Sox8","SOX8","ortholog_one2one",100,100,1
"Myo1f","MYO1F","ortholog_one2one",100,100,1
"Ctxn1","CTXN1","ortholog_one2one",100,100,1
"Malrd1","MALRD1","ortholog_one2one",100,100,1
"Sesn1","SESN1","ortholog_one2one",100,100,1
"Lrrc32","LRRC32","ortholog_one2one",100,100,1
"Vps37a","VPS37A","ortholog_one2one",100,100,1
"Hilpda","HILPDA","ortholog_one2one",100,100,1
"Snx29","SNX29","ortholog_one2one",100,100,1
"Aspg","ASPG","ortholog_one2one",100,100,1
"Rad51ap2","RAD51AP2","ortholog_one2one",100,95.28,0
"Themis2","THEMIS2","ortholog_one2one",100,100,1
"Tacr3","TACR3","ortholog_one2one",100,100,1
"Fgd4","FGD4","ortholog_one2one",50,100,1
"Zfpm1","ZFPM1","ortholog_one2one",100,100,1
"Kcna4","KCNA4","ortholog_one2one",100,100,1
"Mtpap","MTPAP","ortholog_one2one",100,100,1
"Zfp771","ZNF771","ortholog_one2one",75,100,1
"Gak","GAK","ortholog_one2one",100,100,1
"Fbxo2","FBXO2","ortholog_one2one",100,100,1
"Capn13","CAPN13","ortholog_one2one",100,100,1
"Fam71f2","FAM71F2","ortholog_one2one",100,100,1
"Gipc3","GIPC3","ortholog_one2one",100,96.85,0
"Zfp469","ZNF469","ortholog_one2one",100,100,0
"Rab33b","RAB33B","ortholog_one2one",100,93.83,1
"Mrpl37","MRPL37","ortholog_one2one",100,93.28,1
"Srp19","SRP19","ortholog_one2one",75,100,1
"Usp10","USP10","ortholog_one2one",100,100,1
"Asrgl1","ASRGL1","ortholog_one2one",75,99.92,1
"Phlda1","PHLDA1","ortholog_one2one",100,100,1
"Fam222b","FAM222B","ortholog_one2one",100,100,1
"Ankrd6","ANKRD6","ortholog_one2one",100,100,1
"Med13l","MED13L","ortholog_one2one",100,100,1
"Ubr5","UBR5","ortholog_one2one",100,99.13,1
"Kcnj10","KCNJ10","ortholog_one2one",100,100,1
"Pts","PTS","ortholog_one2one",100,100,1
"Best2","BEST2","ortholog_one2one",100,100,1
"Oasl1","OASL","ortholog_one2one",50,100,1
"Nmrk1","NMRK1","ortholog_one2one",100,100,1
"Pigm","PIGM","ortholog_one2one",100,100,1
"Arap3","ARAP3","ortholog_one2one",100,100,1
"Mccc1","MCCC1","ortholog_one2one",50,100,1
"Wnt8b","WNT8B","ortholog_one2one",100,100,1
"Ccdc6","CCDC6","ortholog_one2one",100,100,1
"Zfp647","ZNF250","ortholog_one2one",50,88.65,1
"Ccdc3","CCDC3","ortholog_one2one",100,100,1
"Uqcr10","UQCR10","ortholog_one2one",100,100,1
"Them5","THEM5","ortholog_one2one",100,100,1
"Zdhhc2","ZDHHC2","ortholog_one2one",100,100,1
"Slc9a6","SLC9A6","ortholog_one2one",50,100,1
"Slamf9","SLAMF9","ortholog_one2one",75,100,1
"Mtrf1l","MTRF1L","ortholog_one2one",100,100,1
"Slc25a48","SLC25A48","ortholog_one2one",100,100,1
"Rab20","RAB20","ortholog_one2one",100,100,1
"Rpl32","RPL32","ortholog_one2one",50,100,1
"Zfp366","ZNF366","ortholog_one2one",100,100,1
"Psd4","PSD4","ortholog_one2one",75,99.8,1
"Cand2","CAND2","ortholog_one2one",75,100,1
"Glg1","GLG1","ortholog_one2one",75,100,1
"Itch","ITCH","ortholog_one2one",50,98.03,1
"Ciart","CIART","ortholog_one2one",100,100,1
"Pbxip1","PBXIP1","ortholog_one2one",100,100,1
"Prkcq","PRKCQ","ortholog_one2one",100,100,1
"Bco2","BCO2","ortholog_one2one",75,100,1
"Pds5a","PDS5A","ortholog_one2one",100,100,1
"Gm13889","C11orf96","ortholog_one2one",100,100,0
"Gramd3","GRAMD2B","ortholog_one2one",100,97.04,1
"Akt1s1","AKT1S1","ortholog_one2one",100,100,1
"Exoc4","EXOC4","ortholog_one2one",100,100,1
"Tex12","TEX12","ortholog_one2one",100,100,1
"Samd4","SAMD4A","ortholog_one2one",100,100,1
"Dlx6","DLX6","ortholog_one2one",100,100,1
"Trpm2","TRPM2","ortholog_one2one",100,100,1
"Phactr1","PHACTR1","ortholog_one2one",100,100,1
"Il18","IL18","ortholog_one2one",100,97.44,1
"Taf5l","TAF5L","ortholog_one2one",100,100,1
"BC028528","C1orf54","ortholog_one2one",100,79.95,1
"Pcmtd1","PCMTD1","ortholog_one2one",75,100,1
"Klf6","KLF6","ortholog_one2one",100,100,1
"Pigt","PIGT","ortholog_one2one",100,100,1
"Arf6","ARF6","ortholog_one2one",100,100,1
"Zfp414","ZNF414","ortholog_one2one",100,100,1
"Tbc1d17","TBC1D17","ortholog_one2one",100,100,1
"Trim42","TRIM42","ortholog_one2one",100,100,1
"Asna1","GET3","ortholog_one2one",100,100,1
"Timd4","TIMD4","ortholog_one2one",75,94.42,0
"Lin7a","LIN7A","ortholog_one2one",100,100,1
"Zcchc3","ZCCHC3","ortholog_one2one",100,100,1
"Magoh","MAGOH","ortholog_one2one",100,100,1
"Rgs4","RGS4","ortholog_one2one",100,99.87,1
"Clstn2","CLSTN2","ortholog_one2one",100,100,1
"Il9","IL9","ortholog_one2one",100,100,1
"Mif","MIF","ortholog_one2one",50,100,1
"Cp","CP","ortholog_one2one",50,100,1
"Cpeb2","CPEB2","ortholog_one2one",100,100,1
"Leng8","LENG8","ortholog_one2one",100,100,1
"Smim22","SMIM22","ortholog_one2one",100,100,0
"Cabcoco1","CABCOCO1","ortholog_one2one",100,100,1
"Astn1","ASTN1","ortholog_one2one",100,100,1
"Shld3","SHLD3","ortholog_one2one",100,100,1
"Pld3","PLD3","ortholog_one2one",100,100,1
"Trappc13","TRAPPC13","ortholog_one2one",100,100,1
"Pram1","PRAM1","ortholog_one2one",100,100,1
"Clns1a","CLNS1A","ortholog_one2one",100,100,1
"Slc29a1","SLC29A1","ortholog_one2one",100,100,1
"Trir","TRIR","ortholog_one2one",100,100,1
"Slc18b1","SLC18B1","ortholog_one2one",100,100,1
"Aasdh","AASDH","ortholog_one2one",100,100,1
"Nmnat3","NMNAT3","ortholog_one2one",100,93.36,1
"Grm3","GRM3","ortholog_one2one",100,100,1
"Mob3a","MOB3A","ortholog_one2one",100,100,1
"Rad18","RAD18","ortholog_one2one",100,97.47,1
"Gip","GIP","ortholog_one2one",100,100,1
"Tll1","TLL1","ortholog_one2one",100,100,1
"Nup62","NUP62","ortholog_one2one",100,99.89,1
"Prxl2a","PRXL2A","ortholog_one2one",100,100,1
"Galnt14","GALNT14","ortholog_one2one",100,99.04,1
"Rap2b","RAP2B","ortholog_one2one",100,100,1
"Traf4","TRAF4","ortholog_one2one",100,100,1
"Cabp7","CABP7","ortholog_one2one",100,100,1
"Acrv1","ACRV1","ortholog_one2one",100,100,1
"Rsf1","RSF1","ortholog_one2one",75,100,1
"Ss18","SS18","ortholog_one2one",100,100,1
"Zmat5","ZMAT5","ortholog_one2one",100,100,1
"Il4i1","IL4I1","ortholog_one2one",100,87.96,1
"Gsk3b","GSK3B","ortholog_one2one",100,95.97,1
"Rbp1","RBP1","ortholog_one2one",100,100,1
"Plekhh3","PLEKHH3","ortholog_one2one",75,100,1
"Ankef1","ANKEF1","ortholog_one2one",100,100,1
"Carnmt1","CARNMT1","ortholog_one2one",100,100,1
"Rbp2","RBP2","ortholog_one2one",100,100,1
"Ptcd2","PTCD2","ortholog_one2one",100,100,1
"Myf5","MYF5","ortholog_one2one",100,100,1
"N4bp2","N4BP2","ortholog_one2one",100,100,1
"Zap70","ZAP70","ortholog_one2one",100,100,1
"Cyp46a1","CYP46A1","ortholog_one2one",100,100,1
"Reep5","REEP5","ortholog_one2one",50,100,1
"Ly86","LY86","ortholog_one2one",100,100,1
"Mdga1","MDGA1","ortholog_one2one",100,98.91,1
"Leng9","LENG9","ortholog_one2one",100,100,1
"Rfwd3","RFWD3","ortholog_one2one",100,100,1
"Fosb","FOSB","ortholog_one2one",100,100,1
"Myf6","MYF6","ortholog_one2one",100,100,1
"Sgcd","SGCD","ortholog_one2one",50,100,1
"Nckap5l","NCKAP5L","ortholog_one2one",100,100,1
"Fsip2","FSIP2","ortholog_one2one",100,99.38,1
"Slc26a7","SLC26A7","ortholog_one2one",100,100,1
"Alox8","ALOX15B","ortholog_one2one",100,100,1
"Fbxo48","FBXO48","ortholog_one2one",50,100,1
"Atf5","ATF5","ortholog_one2one",100,100,1
"Foxa1","FOXA1","ortholog_one2one",100,100,1
"Kif20b","KIF20B","ortholog_one2one",100,100,1
"Gga2","GGA2","ortholog_one2one",100,100,1
"D030056L22Rik","C9orf40","ortholog_one2one",100,100,0
"Rfx6","RFX6","ortholog_one2one",100,100,1
"6330403K07Rik","AC055839.2","ortholog_one2one",100,100,1
"Rspo1","RSPO1","ortholog_one2one",100,100,1
"Lpar5","LPAR5","ortholog_one2one",100,100,1
"Copb2","COPB2","ortholog_one2one",100,100,1
"Adi1","ADI1","ortholog_one2one",100,100,1
"Ksr1","KSR1","ortholog_one2one",50,100,1
"Kctd3","KCTD3","ortholog_one2one",100,100,1
"Kif26a","KIF26A","ortholog_one2one",75,100,1
"Ccr10","CCR10","ortholog_one2one",100,100,1
"Acsm1","ACSM1","ortholog_one2one",0,100,1
"Dctpp1","DCTPP1","ortholog_one2one",100,100,1
"Ngdn","NGDN","ortholog_one2one",100,100,1
"Cntnap1","CNTNAP1","ortholog_one2one",100,100,1
"Stx8","STX8","ortholog_one2one",100,100,1
"Timm44","TIMM44","ortholog_one2one",100,100,1
"Vps54","VPS54","ortholog_one2one",100,100,1
"Pmvk","PMVK","ortholog_one2one",100,100,1
"Elf3","ELF3","ortholog_one2one",100,99.16,1
"Camk1d","CAMK1D","ortholog_one2one",100,100,1
"Lrrc69","LRRC69","ortholog_one2one",100,100,1
"Myh15","MYH15","ortholog_one2one",100,27.58,1
"Prkd1","PRKD1","ortholog_one2one",100,100,1
"Sowahd","SOWAHD","ortholog_one2one",75,100,1
"Dnah1","DNAH1","ortholog_one2one",50,99.98,1
"C2cd4d","C2CD4D","ortholog_one2one",100,100,1
"Bcdin3d","BCDIN3D","ortholog_one2one",100,100,1
"Hnf1a","HNF1A","ortholog_one2one",100,100,1
"Nlrp2","NLRP2","ortholog_one2one",0,95.58,0
"Ntng1","NTNG1","ortholog_one2one",100,100,1
"Mrps22","MRPS22","ortholog_one2one",100,100,1
"Lingo4","LINGO4","ortholog_one2one",100,100,1
"Sephs2","SEPHS2","ortholog_one2one",100,100,1
"Rorc","RORC","ortholog_one2one",100,100,1
"Rnpep","RNPEP","ortholog_one2one",100,100,1
"Krt35","KRT35","ortholog_one2one",100,100,1
"Kcnn3","KCNN3","ortholog_one2one",100,100,1
"Trpm6","TRPM6","ortholog_one2one",100,99.99,1
"Ntn1","NTN1","ortholog_one2one",100,100,1
"Ap5m1","AP5M1","ortholog_one2one",100,100,1
"Dlgap2","DLGAP2","ortholog_one2one",100,100,1
"Eps15l1","EPS15L1","ortholog_one2one",100,99.88,1
"Hps3","HPS3","ortholog_one2one",75,100,1
"Ebna1bp2","EBNA1BP2","ortholog_one2one",100,100,1
"Vnn3","VNN3","ortholog_one2one",100,100,0
"Arhgef26","ARHGEF26","ortholog_one2one",100,100,1
"Cluh","CLUH","ortholog_one2one",100,100,1
"2210016L21Rik","C12orf43","ortholog_one2one",75,100,1
"Stard7","STARD7","ortholog_one2one",100,100,1
"1810020O05Rik","CFAP92","ortholog_one2one",50,99.42,1
"Sec31b","SEC31B","ortholog_one2one",100,100,1
"Foxl2","FOXL2","ortholog_one2one",50,100,1
"Plekhg5","PLEKHG5","ortholog_one2one",100,100,1
"Disp3","DISP3","ortholog_one2one",100,99.45,1
"Ilf3","ILF3","ortholog_one2one",100,100,1
"Faim2","FAIM2","ortholog_one2one",100,100,1
"Aplf","APLF","ortholog_one2one",50,100,1
"Rnaseh2b","RNASEH2B","ortholog_one2one",100,93.3,1
"Pef1","PEF1","ortholog_one2one",100,100,1
"Rgs17","RGS17","ortholog_one2one",100,100,1
"Dph6","DPH6","ortholog_one2one",100,100,1
"Kdm2a","KDM2A","ortholog_one2one",100,100,1
"Slc27a4","SLC27A4","ortholog_one2one",100,100,1
"Exoc5","EXOC5","ortholog_one2one",100,99.94,1
"Alox12","ALOX12","ortholog_one2one",50,100,1
"Npl","NPL","ortholog_one2one",100,100,1
"Mlkl","MLKL","ortholog_one2one",100,97.42,1
"Dleu7","DLEU7","ortholog_one2one",100,100,1
"Trnau1ap","TRNAU1AP","ortholog_one2one",75,100,1
"Fam13b","FAM13B","ortholog_one2one",50,97.62,1
"Mbd4","MBD4","ortholog_one2one",50,100,1
"Ngrn","NGRN","ortholog_one2one",50,100,1
"Ctnnal1","CTNNAL1","ortholog_one2one",100,100,1
"Wdr4","WDR4","ortholog_one2one",100,99.85,1
"1110038F14Rik","C8orf33","ortholog_one2one",0,95.67,1
"Msx2","MSX2","ortholog_one2one",0,100,1
"Cenpe","CENPE","ortholog_one2one",100,98.95,1
"Rp9","RP9","ortholog_one2one",50,100,1
"Lect2","LECT2","ortholog_one2one",100,100,1
"Pald1","PALD1","ortholog_one2one",100,100,1
"Tefm","TEFM","ortholog_one2one",75,100,1
"Efcab12","EFCAB12","ortholog_one2one",50,95.71,0
"Dlx5","DLX5","ortholog_one2one",100,100,1
"Nup153","NUP153","ortholog_one2one",100,99.22,1
"Oard1","OARD1","ortholog_one2one",0,100,1
"Nfasc","NFASC","ortholog_one2one",100,100,1
"Abhd10","ABHD10","ortholog_one2one",100,100,1
"Zfp503","ZNF503","ortholog_one2one",100,100,1
"Tmem26","TMEM26","ortholog_one2one",100,100,1
"Chac2","CHAC2","ortholog_one2one",50,100,1
"Adap2","ADAP2","ortholog_one2one",50,100,1
"Nr1i2","NR1I2","ortholog_one2one",100,100,1
"9530077C05Rik","KIAA0895","ortholog_one2one",25,94.9,1
"Tsn","TSN","ortholog_one2one",50,100,1
"Gpr75","GPR75","ortholog_one2one",100,100,1
"Cpe","CPE","ortholog_one2one",50,100,1
"Vcpkmt","VCPKMT","ortholog_one2one",100,100,1
"Asb3","ASB3","ortholog_one2one",0,100,1
"Cdc42ep5","CDC42EP5","ortholog_one2one",100,100,1
"Gaa","GAA","ortholog_one2one",100,100,1
"Pkd2l2","PKD2L2","ortholog_one2one",50,100,1
"Coq6","COQ6","ortholog_one2one",100,100,1
"Scfd2","SCFD2","ortholog_one2one",100,100,1
"Zfp82","ZFP82","ortholog_one2one",25,93.36,1
"Apobec2","APOBEC2","ortholog_one2one",75,100,1
"Sdhaf3","SDHAF3","ortholog_one2one",100,100,1
"Rogdi","ROGDI","ortholog_one2one",100,100,1
"Mrps27","MRPS27","ortholog_one2one",100,99.1,1
"Endog","ENDOG","ortholog_one2one",100,100,1
"Jcad","JCAD","ortholog_one2one",75,100,1
"Nifk","NIFK","ortholog_one2one",75,94.92,1
"Zfp275","ZNF517","ortholog_one2one",0,0,0
"Otc","OTC","ortholog_one2one",100,100,1
"Casr","CASR","ortholog_one2one",100,100,1
"Kif1a","KIF1A","ortholog_one2one",75,100,1
"2310022A10Rik","C19orf47","ortholog_one2one",100,98.53,1
"Uri1","URI1","ortholog_one2one",100,100,1
"Spout1","SPOUT1","ortholog_one2one",100,100,1
"Creb1","CREB1","ortholog_one2one",100,100,1
"Selenom","SELENOM","ortholog_one2one",100,100,1
"Rfc2","RFC2","ortholog_one2one",100,100,1
"Slc31a2","SLC31A2","ortholog_one2one",100,100,1
"Xrcc4","XRCC4","ortholog_one2one",100,100,1
"Wfdc2","WFDC2","ortholog_one2one",100,100,0
"Pdlim4","PDLIM4","ortholog_one2one",100,100,1
"Whrn","WHRN","ortholog_one2one",100,100,1
"Nek8","NEK8","ortholog_one2one",100,100,1
"Tmem233","TMEM233","ortholog_one2one",100,100,1
"Erlec1","ERLEC1","ortholog_one2one",75,100,1
"Ptger2","PTGER2","ortholog_one2one",50,100,1
"Htr7","HTR7","ortholog_one2one",100,100,1
"Mb","MB","ortholog_one2one",50,100,1
"Cpped1","CPPED1","ortholog_one2one",100,100,1
"Prrxl1","DRGX","ortholog_one2one",100,100,1
"Ptgdr","PTGDR","ortholog_one2one",0,80.67,1
"Gars","GARS1","ortholog_one2one",75,100,1
"Slc26a5","SLC26A5","ortholog_one2one",100,100,1
"Nmrk2","NMRK2","ortholog_one2one",100,100,1
"Spint3","SPINT3","ortholog_one2one",100,100,0
"Gm1123","AC136352.4","ortholog_one2one",0,0,0
"Otud6b","OTUD6B","ortholog_one2one",100,100,1
"Tmem167","TMEM167A","ortholog_one2one",100,100,1
"Ptprq","PTPRQ","ortholog_one2one",100,99.92,1
"Adcy2","ADCY2","ortholog_one2one",100,100,1
"Atcay","ATCAY","ortholog_one2one",100,100,1
"Fam214b","FAM214B","ortholog_one2one",100,100,1
"Sybu","SYBU","ortholog_one2one",100,100,1
"Mrto4","MRTO4","ortholog_one2one",100,100,1
"Aqp2","AQP2","ortholog_one2one",100,100,1
"C1qtnf7","C1QTNF7","ortholog_one2one",100,100,1
"Apol6","APOL6","ortholog_one2one",50,88.59,0
"Lat2","LAT2","ortholog_one2one",100,100,0
"Gm527","C14orf28","ortholog_one2one",100,100,1
"Ptgs2","PTGS2","ortholog_one2one",100,100,1
"Enoph1","ENOPH1","ortholog_one2one",100,100,1
"Vcan","VCAN","ortholog_one2one",100,100,1
"Hcrtr1","HCRTR1","ortholog_one2one",100,100,1
"Aqp5","AQP5","ortholog_one2one",100,100,1
"Pip4p2","PIP4P2","ortholog_one2one",100,100,1
"Il18rap","IL18RAP","ortholog_one2one",100,100,1
"Ttc6","TTC6","ortholog_one2one",100,98.81,1
"Cdc123","CDC123","ortholog_one2one",100,100,1
"Timm8b","TIMM8B","ortholog_one2one",100,100,1
"Pih1d2","PIH1D2","ortholog_one2one",100,100,1
"Fam161b","FAM161B","ortholog_one2one",100,100,1
"Snca","SNCA","ortholog_one2one",100,99.94,1
"Ier3","IER3","ortholog_one2one",100,100,1
"Iars","IARS1","ortholog_one2one",50,100,1
"Armc2","ARMC2","ortholog_one2one",100,100,0
"Tspo2","TSPO2","ortholog_one2one",75,100,1
"Izumo4","IZUMO4","ortholog_one2one",100,100,1
"Pik3cb","PIK3CB","ortholog_one2one",25,100,1
"Upf3b","UPF3B","ortholog_one2one",50,100,1
"Sstr1","SSTR1","ortholog_one2one",100,100,1
"Acsm4","ACSM4","ortholog_one2one",0,100,1
"Setd7","SETD7","ortholog_one2one",100,100,1
"Clvs2","CLVS2","ortholog_one2one",50,100,1
"Dusp2","DUSP2","ortholog_one2one",100,100,1
"Ccdc60","CCDC60","ortholog_one2one",100,100,1
"Amacr","AMACR","ortholog_one2one",100,99.78,1
"Derl3","DERL3","ortholog_one2one",75,96.68,1
"Vgll2","VGLL2","ortholog_one2one",100,99.24,1
"Nkapd1","NKAPD1","ortholog_one2one",100,100,1
"Zfp260","ZNF260","ortholog_one2one",0,100,1
"Necab1","NECAB1","ortholog_one2one",100,100,1
"Clec14a","CLEC14A","ortholog_one2one",100,100,1
"Thtpa","THTPA","ortholog_one2one",100,100,1
"Arc","ARC","ortholog_one2one",100,100,1
"Neurod4","NEUROD4","ortholog_one2one",25,100,1
"Ap1g2","AP1G2","ortholog_one2one",100,100,1
"Pfdn6","PFDN6","ortholog_one2one",100,100,1
"Clrn2","CLRN2","ortholog_one2one",100,100,1
"Wfs1","WFS1","ortholog_one2one",100,100,1
"Dpp6","DPP6","ortholog_one2one",100,100,1
"Kif18a","KIF18A","ortholog_one2one",100,100,1
"Sec61a2","SEC61A2","ortholog_one2one",100,100,1
"Zbtb45","ZBTB45","ortholog_one2one",100,100,1
"Slc9a4","SLC9A4","ortholog_one2one",100,100,1
"Zswim8","ZSWIM8","ortholog_one2one",100,100,1
"Churc1","CHURC1","ortholog_one2one",100,100,1
"Trim69","TRIM69","ortholog_one2one",100,100,1
"Scgb2a2","SCGB2A1","ortholog_one2one",0,0,0
"Cdc73","CDC73","ortholog_one2one",100,100,1
"Slc45a2","SLC45A2","ortholog_one2one",100,100,1
"Cdkl3","CDKL3","ortholog_one2one",100,100,1
"Tmem131","TMEM131","ortholog_one2one",100,100,1
"Efcab10","EFCAB10","ortholog_one2one",50,31.47,0
"Snap25","SNAP25","ortholog_one2one",100,100,1
"Trim28","TRIM28","ortholog_one2one",100,100,1
"Rttn","RTTN","ortholog_one2one",100,100,1
"Paics","PAICS","ortholog_one2one",100,99.33,1
"Fto","FTO","ortholog_one2one",100,97.19,1
"Fa2h","FA2H","ortholog_one2one",100,100,1
"Ehd3","EHD3","ortholog_one2one",100,100,1
"Aqp6","AQP6","ortholog_one2one",100,98.21,1
"Rab19","RAB19","ortholog_one2one",100,100,1
"Nodal","NODAL","ortholog_one2one",100,100,1
"Rack1","RACK1","ortholog_one2one",50,94.71,1
"B2m","B2M","ortholog_one2one",100,100,1
"Gsc","GSC","ortholog_one2one",100,100,1
"Kmt5a","KMT5A","ortholog_one2one",100,98.62,1
"Sap30l","SAP30L","ortholog_one2one",100,100,1
"Patl2","PATL2","ortholog_one2one",100,100,1
"Kirrel3","KIRREL3","ortholog_one2one",100,100,1
"Bdh2","BDH2","ortholog_one2one",100,100,1
"Ccdc113","CCDC113","ortholog_one2one",100,100,1
"Dhx36","DHX36","ortholog_one2one",100,100,1
"Cln8","CLN8","ortholog_one2one",100,100,1
"Rpp30","RPP30","ortholog_one2one",100,94.47,1
"Itfg2","ITFG2","ortholog_one2one",75,100,1
"Mast2","MAST2","ortholog_one2one",100,100,1
"Gch1","GCH1","ortholog_one2one",100,100,1
"B3galt2","B3GALT2","ortholog_one2one",100,100,1
"A530016L24Rik","C14orf180","ortholog_one2one",100,100,0
"Trim41","TRIM41","ortholog_one2one",25,100,1
"Zfp382","ZNF382","ortholog_one2one",25,100,1
"Dydc2","DYDC2","ortholog_one2one",100,93.86,0
"Eif4ebp2","EIF4EBP2","ortholog_one2one",100,100,1
"Mettl15","METTL15","ortholog_one2one",100,100,1
"Cep70","CEP70","ortholog_one2one",75,100,1
"Syt12","SYT12","ortholog_one2one",100,100,1
"Nudt5","NUDT5","ortholog_one2one",100,99.59,1
"Klhl28","KLHL28","ortholog_one2one",100,100,1
"Rab15","RAB15","ortholog_one2one",100,100,1
"Tespa1","TESPA1","ortholog_one2one",50,98.04,1
"Ankrd1","ANKRD1","ortholog_one2one",100,100,1
"Cd300e","CD300E","ortholog_one2one",75,100,1
"Dydc1","DYDC1","ortholog_one2one",75,98.55,1
"Pcdh1","PCDH1","ortholog_one2one",100,100,1
"Ntrk3","NTRK3","ortholog_one2one",50,100,1
"Drd1","DRD1","ortholog_one2one",50,100,1
"Jrk","JRK","ortholog_one2one",100,100,1
"Hand1","HAND1","ortholog_one2one",100,100,1
"Trip6","TRIP6","ortholog_one2one",100,100,1
"Rhod","RHOD","ortholog_one2one",100,100,1
"Psca","PSCA","ortholog_one2one",100,100,1
"Ppat","PPAT","ortholog_one2one",100,96.58,1
"Astl","ASTL","ortholog_one2one",100,100,1
"St3gal1","ST3GAL1","ortholog_one2one",100,100,1
"Amfr","AMFR","ortholog_one2one",100,100,1
"Acp6","ACP6","ortholog_one2one",75,100,1
"Trappc12","TRAPPC12","ortholog_one2one",100,100,1
"Sec16a","SEC16A","ortholog_one2one",100,100,1
"Mmrn1","MMRN1","ortholog_one2one",100,100,1
"Rgs8","RGS8","ortholog_one2one",100,100,1
"Lrrc20","LRRC20","ortholog_one2one",100,100,1
"3425401B19Rik","C10orf71","ortholog_one2one",100,100,1
"Mkrn1","MKRN1","ortholog_one2one",100,100,1
"Kcnk2","KCNK2","ortholog_one2one",100,100,1
"Lmf1","LMF1","ortholog_one2one",100,100,1
"Tac1","TAC1","ortholog_one2one",75,100,1
"Als2","ALS2","ortholog_one2one",100,100,1
"Mc4r","MC4R","ortholog_one2one",50,100,1
"Tfe3","TFE3","ortholog_one2one",100,100,1
"Kcne4","KCNE4","ortholog_one2one",100,100,1
"Efcc1","EFCC1","ortholog_one2one",50,100,1
"Gpx2","GPX2","ortholog_one2one",100,100,1
"Lap3","LAP3","ortholog_one2one",100,100,1
"Sos2","SOS2","ortholog_one2one",100,100,1
"Msmo1","MSMO1","ortholog_one2one",100,100,1
"Gcc2","GCC2","ortholog_one2one",50,100,1
"Bak1","BAK1","ortholog_one2one",100,100,1
"Ikbip","IKBIP","ortholog_one2one",100,100,1
"Nkap","NKAP","ortholog_one2one",50,100,1
"Fam71f1","FAM71F1","ortholog_one2one",100,100,1
"Slc16a9","SLC16A9","ortholog_one2one",100,100,1
"Calr3","CALR3","ortholog_one2one",100,100,1
"Slc47a1","SLC47A1","ortholog_one2one",100,97.9,1
"Ncr1","NCR1","ortholog_one2one",100,100,1
"Litaf","LITAF","ortholog_one2one",100,100,1
"Zfhx2","ZFHX2","ortholog_one2one",100,100,1
"Tex52","TEX52","ortholog_one2one",100,100,1
"Akap14","AKAP14","ortholog_one2one",75,80.02,0
"Pik3r5","PIK3R5","ortholog_one2one",100,100,1
"Tmem150c","TMEM150C","ortholog_one2one",100,100,1
"Pfn4","PFN4","ortholog_one2one",100,100,1
"Twistnb","POLR1F","ortholog_one2one",50,100,1
"Snn","SNN","ortholog_one2one",100,100,1
"Krt36","KRT36","ortholog_one2one",100,100,1
"Zfp92","ZFP92","ortholog_one2one",50,100,1
"Foxm1","FOXM1","ortholog_one2one",100,98.23,1
"Txndc11","TXNDC11","ortholog_one2one",100,99.14,1
"Chek1","CHEK1","ortholog_one2one",100,100,1
"Sag","SAG","ortholog_one2one",100,100,1
"Esyt3","ESYT3","ortholog_one2one",100,100,1
"Pex10","PEX10","ortholog_one2one",100,100,1
"Gp6","GP6","ortholog_one2one",75,93.03,0
"Cdkal1","CDKAL1","ortholog_one2one",100,100,1
"Prmt6","PRMT6","ortholog_one2one",100,100,1
"Erg","ERG","ortholog_one2one",100,100,1
"Gucy2e","GUCY2D","ortholog_one2one",100,100,1
"Ubr4","UBR4","ortholog_one2one",100,100,1
"Unc5cl","UNC5CL","ortholog_one2one",100,100,1
"Sfxn1","SFXN1","ortholog_one2one",50,100,1
"Gpsm3","GPSM3","ortholog_one2one",100,100,1
"Mtmr10","MTMR10","ortholog_one2one",75,100,1
"Arhgef9","ARHGEF9","ortholog_one2one",50,100,1
"Gpr149","GPR149","ortholog_one2one",100,100,1
"Ndufv1","NDUFV1","ortholog_one2one",100,100,1
"Chtf18","CHTF18","ortholog_one2one",100,100,1
"Dnali1","DNALI1","ortholog_one2one",100,100,1
"Pbx2","PBX2","ortholog_one2one",100,100,1
"Plcb3","PLCB3","ortholog_one2one",100,100,1
"Nrp2","NRP2","ortholog_one2one",100,100,1
"Prss54","PRSS54","ortholog_one2one",100,100,1
"Rhoh","RHOH","ortholog_one2one",100,100,1
"Mpp4","MPP4","ortholog_one2one",100,100,1
"Clec1a","CLEC1A","ortholog_one2one",50,100,1
"BC052040","CDIN1","ortholog_one2one",100,100,1
"Tmem64","TMEM64","ortholog_one2one",100,100,1
"Gnl2","GNL2","ortholog_one2one",100,100,1
"Tnrc6c","TNRC6C","ortholog_one2one",100,99.26,1
"Trex2","TREX2","ortholog_one2one",100,100,1
"Mras","MRAS","ortholog_one2one",100,100,1
"Trim9","TRIM9","ortholog_one2one",75,100,1
"Ubiad1","UBIAD1","ortholog_one2one",75,100,1
"Dynlrb1","DYNLRB1","ortholog_one2one",100,100,1
"Tgfbi","TGFBI","ortholog_one2one",100,100,1
"Phax","PHAX","ortholog_one2one",100,100,1
"Ubfd1","UBFD1","ortholog_one2one",100,100,1
"Ppef2","PPEF2","ortholog_one2one",100,100,1
"Gp9","GP9","ortholog_one2one",100,100,1
"Dip2c","DIP2C","ortholog_one2one",75,100,1
"Lrp2","LRP2","ortholog_one2one",100,100,1
"Zfp146","ZNF146","ortholog_one2one",50,100,1
"Cherp","CHERP","ortholog_one2one",100,99.99,1
"Shisa9","SHISA9","ortholog_one2one",100,100,1
"Use1","USE1","ortholog_one2one",100,97.77,1
"Ptprd","PTPRD","ortholog_one2one",100,100,1
"Ears2","EARS2","ortholog_one2one",100,100,1
"Med16","MED16","ortholog_one2one",100,97.58,1
"Psmd2","PSMD2","ortholog_one2one",100,100,1
"Pappa","PAPPA","ortholog_one2one",100,100,1
"Cpox","CPOX","ortholog_one2one",100,100,1
"Aldh7a1","ALDH7A1","ortholog_one2one",100,98.92,1
"Slurp1","SLURP1","ortholog_one2one",100,100,1
"Hpdl","HPDL","ortholog_one2one",100,100,1
"Lrfn2","LRFN2","ortholog_one2one",100,100,1
"Them6","THEM6","ortholog_one2one",100,100,1
"Tnpo2","TNPO2","ortholog_one2one",100,100,1
"Irx4","IRX4","ortholog_one2one",100,100,1
"Asns","ASNS","ortholog_one2one",50,100,1
"Gpr15","GPR15","ortholog_one2one",100,100,1
"Nme9","NME9","ortholog_one2one",100,100,1
"Ebf4","EBF4","ortholog_one2one",100,100,1
"Map1lc3a","MAP1LC3A","ortholog_one2one",100,93.89,1
"Rer1","RER1","ortholog_one2one",100,100,1
"Armc8","ARMC8","ortholog_one2one",100,100,1
"B3galnt2","B3GALNT2","ortholog_one2one",100,96.95,1
"Prrc2a","PRRC2A","ortholog_one2one",100,100,1
"Slc4a10","SLC4A10","ortholog_one2one",100,100,1
"Gng13","GNG13","ortholog_one2one",100,100,1
"Haus7","HAUS7","ortholog_one2one",100,100,1
"Abat","ABAT","ortholog_one2one",100,100,1
"Tedc2","TEDC2","ortholog_one2one",100,100,1
"AL731706.1","AL034430.1","ortholog_one2one",100,100,1
"Slx4ip","SLX4IP","ortholog_one2one",100,100,1
"Krt15","KRT15","ortholog_one2one",100,100,1
"Usp15","USP15","ortholog_one2one",100,100,1
"Arg1","ARG1","ortholog_one2one",100,100,1
"Slc12a9","SLC12A9","ortholog_one2one",100,100,1
"Rabep1","RABEP1","ortholog_one2one",100,100,1
"1700030K09Rik","C19orf44","ortholog_one2one",100,100,0
"Atp8b1","ATP8B1","ortholog_one2one",100,100,1
"Rdh13","RDH13","ortholog_one2one",100,100,1
"Cd3eap","POLR1G","ortholog_one2one",100,99.13,0
"Usp13","USP13","ortholog_one2one",100,100,1
"Dele1","DELE1","ortholog_one2one",100,100,1
"Slc39a10","SLC39A10","ortholog_one2one",75,91.66,1
"Ercc1","ERCC1","ortholog_one2one",100,97.71,1
"Mgst2","MGST2","ortholog_one2one",75,100,1
"C1galt1","C1GALT1","ortholog_one2one",50,100,1
"AL731706.2","AL034430.2","ortholog_one2one",100,100,1
"Mkks","MKKS","ortholog_one2one",100,100,1
"Fbxw9","FBXW9","ortholog_one2one",100,100,1
"Racgap1","RACGAP1","ortholog_one2one",100,100,1
"Cdcp2","CDCP2","ortholog_one2one",100,100,1
"Car14","CA14","ortholog_one2one",100,100,1
"Eps8l1","EPS8L1","ortholog_one2one",100,100,1
"Igsf9","IGSF9","ortholog_one2one",100,100,1
"Ccne1","CCNE1","ortholog_one2one",100,100,1
"Rsph4a","RSPH4A","ortholog_one2one",25,100,1
"Krt19","KRT19","ortholog_one2one",100,100,1
"Trim23","TRIM23","ortholog_one2one",75,100,1
"Ccser1","CCSER1","ortholog_one2one",100,100,1
"Add3","ADD3","ortholog_one2one",100,100,1
"Ferd3l","FERD3L","ortholog_one2one",75,100,1
"Twist1","TWIST1","ortholog_one2one",100,100,1
"Snf8","SNF8","ortholog_one2one",100,100,1
"Aph1a","APH1A","ortholog_one2one",100,100,1
"Eipr1","EIPR1","ortholog_one2one",100,100,1
"Tmem176b","TMEM176B","ortholog_one2one",100,100,1
"2010003K11Rik","C11orf86","ortholog_one2one",75,100,1
"Incenp","INCENP","ortholog_one2one",75,100,1
"Ift57","IFT57","ortholog_one2one",100,100,1
"Sntg1","SNTG1","ortholog_one2one",50,100,1
"Pdc","PDC","ortholog_one2one",100,100,1
"Pip","PIP","ortholog_one2one",100,100,0
"Tmem237","TMEM237","ortholog_one2one",100,100,1
"Psma8","PSMA8","ortholog_one2one",100,100,1
"Cox7a1","COX7A1","ortholog_one2one",75,100,1
"Slc17a1","SLC17A1","ortholog_one2one",100,100,1
"Ndufa1","NDUFA1","ortholog_one2one",75,100,1
"Stxbp5","STXBP5","ortholog_one2one",100,100,1
"Foxi1","FOXI1","ortholog_one2one",75,100,1
"Adipor2","ADIPOR2","ortholog_one2one",50,100,1
"Npffr1","NPFFR1","ortholog_one2one",100,100,1
"Pqbp1","PQBP1","ortholog_one2one",100,100,1
"Ermp1","ERMP1","ortholog_one2one",75,100,1
"Larp1","LARP1","ortholog_one2one",100,100,1
"Bcl9","BCL9","ortholog_one2one",100,100,1
"Supt7l","SUPT7L","ortholog_one2one",100,100,1
"Alb","ALB","ortholog_one2one",100,100,1
"Chmp2a","CHMP2A","ortholog_one2one",75,100,1
"Emc1","EMC1","ortholog_one2one",100,100,1
"Gpcpd1","GPCPD1","ortholog_one2one",100,100,1
"Thumpd1","THUMPD1","ortholog_one2one",75,100,1
"Clec7a","CLEC7A","ortholog_one2one",100,100,0
"Gins3","GINS3","ortholog_one2one",100,92.68,1
"Klhl2","KLHL2","ortholog_one2one",75,100,1
"Slc4a1ap","SLC4A1AP","ortholog_one2one",100,99.28,1
"Scaf1","SCAF1","ortholog_one2one",100,100,1
"Hpcal4","HPCAL4","ortholog_one2one",100,100,1
"Lgi1","LGI1","ortholog_one2one",100,100,1
"Itgal","ITGAL","ortholog_one2one",100,100,1
"Emsy","EMSY","ortholog_one2one",100,100,1
"Phf3","PHF3","ortholog_one2one",100,100,1
"Elavl1","ELAVL1","ortholog_one2one",75,100,1
"Cldnd1","CLDND1","ortholog_one2one",100,100,1
"Mid1ip1","MID1IP1","ortholog_one2one",100,100,1
"Crhr1","CRHR1","ortholog_one2one",50,100,1
"Cited2","CITED2","ortholog_one2one",75,100,1
"Slc9a2","SLC9A2","ortholog_one2one",100,100,1
"Slc17a6","SLC17A6","ortholog_one2one",100,100,1
"Fam49a","CYRIA","ortholog_one2one",100,100,1
"Hif1an","HIF1AN","ortholog_one2one",100,100,1
"Vnn1","VNN1","ortholog_one2one",100,100,1
"Mat1a","MAT1A","ortholog_one2one",50,100,1
"Dennd2a","DENND2A","ortholog_one2one",100,100,1
"Chrna9","CHRNA9","ortholog_one2one",100,100,1
"Zfand3","ZFAND3","ortholog_one2one",100,100,1
"Wdr46","WDR46","ortholog_one2one",100,100,1
"Tdrkh","TDRKH","ortholog_one2one",100,98.59,1
"Naaa","NAAA","ortholog_one2one",100,100,1
"Ezh1","EZH1","ortholog_one2one",75,100,1
"Nt5c1a","NT5C1A","ortholog_one2one",100,100,1
"Cldn5","CLDN5","ortholog_one2one",100,100,1
"Pex5l","PEX5L","ortholog_one2one",100,100,1
"Tmem179","TMEM179","ortholog_one2one",100,100,1
"Taar1","TAAR1","ortholog_one2one",100,100,1
"Hnrnpm","HNRNPM","ortholog_one2one",100,100,1
"Taar2","TAAR2","ortholog_one2one",75,100,1
"Mrpl46","MRPL46","ortholog_one2one",100,100,1
"Krt78","KRT78","ortholog_one2one",100,86.06,0
"Map1b","MAP1B","ortholog_one2one",100,100,1
"Cnrip1","CNRIP1","ortholog_one2one",100,100,1
"1600014C10Rik","C19orf12","ortholog_one2one",100,98.17,1
"Hrh2","HRH2","ortholog_one2one",100,100,1
"Tent4a","TENT4A","ortholog_one2one",75,100,1
"Mrps11","MRPS11","ortholog_one2one",100,100,1
"Gm12248","FAXDC2","ortholog_one2one",100,97.91,1
"Plek","PLEK","ortholog_one2one",75,99.85,1
"Abhd14b","ABHD14B","ortholog_one2one",100,100,1
"Med28","MED28","ortholog_one2one",100,100,1
"Cars2","CARS2","ortholog_one2one",100,100,1
"Sipa1","SIPA1","ortholog_one2one",100,100,1
"Adra2b","ADRA2B","ortholog_one2one",100,100,1
"Calb1","CALB1","ortholog_one2one",100,100,1
"Tmem176a","TMEM176A","ortholog_one2one",75,100,1
"B3galt4","B3GALT4","ortholog_one2one",100,100,1
"Mocs1","MOCS1","ortholog_one2one",100,100,1
"Ntn3","NTN3","ortholog_one2one",100,100,1
"Gpat2","GPAT2","ortholog_one2one",100,100,1
"Fut7","FUT7","ortholog_one2one",100,95.56,1
"Plpp2","PLPP2","ortholog_one2one",50,100,1
"Tcerg1","TCERG1","ortholog_one2one",100,100,1
"Srd5a1","SRD5A1","ortholog_one2one",100,100,1
"Tlcd1","TLCD1","ortholog_one2one",100,100,1
"Col28a1","COL28A1","ortholog_one2one",50,100,1
"Ifnar2","IFNAR2","ortholog_one2one",100,100,0
"Ppa1","PPA1","ortholog_one2one",100,100,1
"Tmem192","TMEM192","ortholog_one2one",75,100,1
"Mrpl9","MRPL9","ortholog_one2one",100,100,1
"Nsun2","NSUN2","ortholog_one2one",100,100,1
"Atpaf2","ATPAF2","ortholog_one2one",100,100,1
"Nup88","NUP88","ortholog_one2one",100,100,1
"Pax5","PAX5","ortholog_one2one",100,100,1
"Scg2","SCG2","ortholog_one2one",100,100,1
"Gm1673","C4orf48","ortholog_one2one",100,100,1
"Abhd14a","ABHD14A","ortholog_one2one",100,100,1
"Taar5","TAAR5","ortholog_one2one",75,100,1
"Erlin2","ERLIN2","ortholog_one2one",50,100,1
"Oaz3","OAZ3","ortholog_one2one",100,100,1
"Sf3b6","SF3B6","ortholog_one2one",100,100,1
"Mag","MAG","ortholog_one2one",100,100,1
"Gid4","GID4","ortholog_one2one",100,100,0
"Nedd4l","NEDD4L","ortholog_one2one",100,100,1
"Ptprn2","PTPRN2","ortholog_one2one",50,100,1
"Rab37","RAB37","ortholog_one2one",50,100,1
"Naxd","NAXD","ortholog_one2one",100,100,1
"Pigu","PIGU","ortholog_one2one",75,100,1
"Lrmda","LRMDA","ortholog_one2one",100,100,1
"Plxna1","PLXNA1","ortholog_one2one",100,100,1
"Decr1","DECR1","ortholog_one2one",100,100,1
"Pax2","PAX2","ortholog_one2one",100,100,1
"Ogg1","OGG1","ortholog_one2one",100,88.59,1
"Sppl3","SPPL3","ortholog_one2one",100,100,1
"Dhtkd1","DHTKD1","ortholog_one2one",100,100,1
"Dbr1","DBR1","ortholog_one2one",100,100,1
"Trim7","TRIM7","ortholog_one2one",75,100,1
"Morn1","MORN1","ortholog_one2one",100,100,1
"Pygm","PYGM","ortholog_one2one",100,100,1
"Dicer1","DICER1","ortholog_one2one",100,100,1
"Card14","CARD14","ortholog_one2one",100,100,1
"Krr1","KRR1","ortholog_one2one",75,100,1
"Kctd15","KCTD15","ortholog_one2one",100,100,1
"Lypd2","LYPD2","ortholog_one2one",100,100,1
"Camk1","CAMK1","ortholog_one2one",100,100,1
"Poli","POLI","ortholog_one2one",100,100,1
"Rorb","RORB","ortholog_one2one",100,100,1
"Krt8","KRT8","ortholog_one2one",100,98.95,1
"Snip1","SNIP1","ortholog_one2one",100,100,1
"Marchf2","MARCHF2","ortholog_one2one",100,92.42,1
"Inf2","INF2","ortholog_one2one",75,100,1
"Cnot8","CNOT8","ortholog_one2one",100,100,1
"Krt18","KRT18","ortholog_one2one",100,100,1
"Sppl2c","SPPL2C","ortholog_one2one",50,100,1
"Pgpep1","PGPEP1","ortholog_one2one",100,100,1
"Rgs16","RGS16","ortholog_one2one",100,100,1
"Apobec1","APOBEC1","ortholog_one2one",50,100,1
"A4gnt","A4GNT","ortholog_one2one",100,100,1
"Bgn","BGN","ortholog_one2one",100,100,1
"Epb42","EPB42","ortholog_one2one",100,100,1
"Sgsh","SGSH","ortholog_one2one",100,100,1
"Ptpn21","PTPN21","ortholog_one2one",100,100,1
"Cntrob","CNTROB","ortholog_one2one",100,100,1
"Glipr1","GLIPR1","ortholog_one2one",75,100,1
"Mios","MIOS","ortholog_one2one",100,100,1
"Alox15","ALOX15","ortholog_one2one",50,100,1
"Dzip1l","DZIP1L","ortholog_one2one",100,100,1
"Tbx3","TBX3","ortholog_one2one",100,100,1
"Pi4k2a","PI4K2A","ortholog_one2one",100,100,1
"Cpxm1","CPXM1","ortholog_one2one",100,100,1
"Ankrd33b","ANKRD33B","ortholog_one2one",100,100,1
"Kcnv1","KCNV1","ortholog_one2one",100,100,1
"Taf1b","TAF1B","ortholog_one2one",100,84.37,1
"Cplx2","CPLX2","ortholog_one2one",100,100,1
"Dgkq","DGKQ","ortholog_one2one",75,100,1
"Mfsd9","MFSD9","ortholog_one2one",100,100,1
"Tmem220","TMEM220","ortholog_one2one",100,97.03,1
"Itpr3","ITPR3","ortholog_one2one",100,100,1
"Il17b","IL17B","ortholog_one2one",100,100,1
"Fam184b","FAM184B","ortholog_one2one",100,100,1
"Chd1l","CHD1L","ortholog_one2one",100,99.87,1
"Sf3b1","SF3B1","ortholog_one2one",100,100,1
"0610040J01Rik","C4orf19","ortholog_one2one",100,100,1
"Lynx1","LYNX1","ortholog_one2one",75,100,1
"Heyl","HEYL","ortholog_one2one",100,100,1
"Sec23a","SEC23A","ortholog_one2one",100,100,1
"Popdc2","POPDC2","ortholog_one2one",100,100,1
"Lrguk","LRGUK","ortholog_one2one",100,99.83,0
"Afp","AFP","ortholog_one2one",100,100,1
"Cd86","CD86","ortholog_one2one",100,95.03,0
"Pitrm1","PITRM1","ortholog_one2one",100,100,1
"Ly6d","LY6D","ortholog_one2one",50,100,1
"Pappa2","PAPPA2","ortholog_one2one",100,100,1
"Ppp2r5e","PPP2R5E","ortholog_one2one",100,100,1
"Wdr59","WDR59","ortholog_one2one",100,100,1
"Ttc4","TTC4","ortholog_one2one",100,100,1
"Rnasel","RNASEL","ortholog_one2one",100,100,1
"Ndufab1","NDUFAB1","ortholog_one2one",100,100,1
"Szrd1","SZRD1","ortholog_one2one",100,100,1
"Hfm1","HFM1","ortholog_one2one",100,100,1
"Slc9b2","SLC9B2","ortholog_one2one",100,100,1
"Crybb3","CRYBB3","ortholog_one2one",100,100,1
"Gemin5","GEMIN5","ortholog_one2one",75,100,1
"Cntrl","CNTRL","ortholog_one2one",100,100,1
"Pcyox1l","PCYOX1L","ortholog_one2one",100,100,1
"Ptp4a1","PTP4A1","ortholog_one2many",50,100,1
"Trp53inp2","TP53INP2","ortholog_one2one",100,100,1
"Pcbp4","PCBP4","ortholog_one2one",100,100,1
"Sesn3","SESN3","ortholog_one2one",100,100,1
"Tmem245","TMEM245","ortholog_one2one",100,100,1
"Pax8","PAX8","ortholog_one2one",50,100,1
"Ppp1r8","PPP1R8","ortholog_one2one",100,100,1
"Pcdh12","PCDH12","ortholog_one2one",100,100,1
"Flot1","FLOT1","ortholog_one2one",100,100,1
"Cfap410","CFAP410","ortholog_one2one",100,90.01,0
"Gigyf2","GIGYF2","ortholog_one2one",100,100,1
"F12","F12","ortholog_one2one",100,100,1
"Slc35b4","SLC35B4","ortholog_one2one",100,100,1
"Slc9a3","SLC9A3","ortholog_one2one",100,100,1
"Mme","MME","ortholog_one2one",100,100,1
"Slc15a4","SLC15A4","ortholog_one2one",100,100,1
"Wfdc8","WFDC8","ortholog_one2one",100,83.7,0
"Timm17b","TIMM17B","ortholog_one2one",100,95.81,1
"Wdhd1","WDHD1","ortholog_one2one",100,100,1
"Npepps","NPEPPS","ortholog_one2one",50,98.63,1
"Ndufb2","NDUFB2","ortholog_one2one",100,100,1
"Smarcb1","SMARCB1","ortholog_one2one",100,100,1
"Nat8l","NAT8L","ortholog_one2one",100,100,1
"Alg11","ALG11","ortholog_one2one",100,100,1
"Pafah1b1","PAFAH1B1","ortholog_one2one",100,98.22,1
"Avpi1","AVPI1","ortholog_one2one",100,100,1
"Foxo3","FOXO3B","ortholog_one2one",0,95.08,0
"Braf","BRAF","ortholog_one2one",100,99.31,1
"Sh2d2a","SH2D2A","ortholog_one2one",75,99.34,1
"Rell1","RELL1","ortholog_one2one",100,100,1
"Krt9","KRT9","ortholog_one2one",100,100,1
"Nudt21","NUDT21","ortholog_one2one",100,100,1
"Gas2","GAS2","ortholog_one2one",100,100,1
"Daam2","DAAM2","ortholog_one2one",75,100,1
"Fahd2a","FAHD2A","ortholog_one2one",100,100,1
"Glt1d1","GLT1D1","ortholog_one2one",100,96.48,1
"Tmc6","TMC6","ortholog_one2one",100,99.51,1
"Adprm","ADPRM","ortholog_one2one",100,100,1
"Idua","IDUA","ortholog_one2one",100,100,1
"Gdf3","GDF3","ortholog_one2one",50,100,1
"Cenpk","CENPK","ortholog_one2one",100,100,1
"Maml3","MAML3","ortholog_one2one",50,100,1
"Fam229b","FAM229B","ortholog_one2one",100,100,1
"Marveld1","MARVELD1","ortholog_one2one",100,100,1
"Lsm4","LSM4","ortholog_one2one",100,74.53,0
"Poc5","POC5","ortholog_one2one",75,100,1
"Trpm7","TRPM7","ortholog_one2one",100,100,1
"Cep44","CEP44","ortholog_one2one",100,96.56,1
"Trim75","TRIM22","ortholog_one2one",0,0,0
"Vps52","VPS52","ortholog_one2one",100,100,1
"Tnfrsf25","TNFRSF25","ortholog_one2one",100,100,1
"Sphkap","SPHKAP","ortholog_one2one",100,99.65,1
"Fancf","FANCF","ortholog_one2one",100,100,0
"Tagln2","TAGLN2","ortholog_one2one",100,100,1
"Mrpl36","MRPL36","ortholog_one2one",100,100,1
"Myt1l","MYT1L","ortholog_one2one",100,100,1
"Rnf41","RNF41","ortholog_one2one",100,100,1
"Tmem182","TMEM182","ortholog_one2one",100,100,1
"Pold1","POLD1","ortholog_one2one",75,100,1
"Wscd1","WSCD1","ortholog_one2one",100,100,1
"Krt14","KRT14","ortholog_one2one",100,100,1
"Ndufs6","NDUFS6","ortholog_one2one",100,89.47,0
"Pfkp","PFKP","ortholog_one2one",100,100,1
"Ptcd3","PTCD3","ortholog_one2one",100,100,1
"Cldn18","CLDN18","ortholog_one2one",100,100,1
"Wfdc9","WFDC9","ortholog_one2one",100,100,1
"Ppwd1","PPWD1","ortholog_one2one",100,100,1
"E2f3","E2F3","ortholog_one2one",75,100,1
"Zswim5","ZSWIM5","ortholog_one2one",100,100,1
"Wfdc10","WFDC10A","ortholog_one2one",100,100,0
"Taar9","TAAR9","ortholog_one2one",75,100,1
"Foxn2","FOXN2","ortholog_one2one",100,100,1
"Bdnf","BDNF","ortholog_one2one",100,100,1
"Wnt8a","WNT8A","ortholog_one2one",100,100,1
"Hyou1","HYOU1","ortholog_one2one",100,100,1
"Dkk3","DKK3","ortholog_one2one",100,100,1
"Gm4131","C13orf42","ortholog_one2one",100,100,1
"Top3b","TOP3B","ortholog_one2one",75,100,1
"Fam124a","FAM124A","ortholog_one2one",100,98.34,1
"Olr1","OLR1","ortholog_one2one",100,92.04,0
"Wdr89","WDR89","ortholog_one2one",100,100,1
"Slc26a1","SLC26A1","ortholog_one2one",100,100,1
"Fan1","FAN1","ortholog_one2one",50,100,1
"Slc9b1","SLC9B1","ortholog_one2one",100,97.15,1
"Sox14","SOX14","ortholog_one2one",100,100,1
"Tas2r139","TAS2R39","ortholog_one2one",100,100,1
"Atrx","ATRX","ortholog_one2one",100,100,1
"Carhsp1","CARHSP1","ortholog_one2one",100,100,1
"Tas2r144","TAS2R40","ortholog_one2one",100,100,1
"Gm28372","AL035460.1","ortholog_one2one",100,100,1
"Tmem239","TMEM239","ortholog_one2one",100,100,1
"Cdh12","CDH12","ortholog_one2one",75,100,1
"Tmem175","TMEM175","ortholog_one2one",100,100,1
"Asic1","ASIC1","ortholog_one2one",100,100,1
"Ly6k","LY6K","ortholog_one2one",0,0,0
"Pmm2","PMM2","ortholog_one2one",100,100,1
"Mettl21a","METTL21A","ortholog_one2one",100,100,1
"Glyr1","GLYR1","ortholog_one2one",100,100,1
"Mest","MEST","ortholog_one2one",100,100,1
"Fbxo42","FBXO42","ortholog_one2one",100,100,1
"Arhgef10","ARHGEF10","ortholog_one2one",100,99.49,1
"Ager","AGER","ortholog_one2one",100,100,1
"Ccdc190","CCDC190","ortholog_one2one",100,100,1
"Yars","YARS1","ortholog_one2one",100,100,1
"Naa30","NAA30","ortholog_one2one",100,100,1
"Zfp768","ZNF768","ortholog_one2one",100,100,1
"Ramp2","RAMP2","ortholog_one2one",100,100,1
"Wfdc11","WFDC11","ortholog_one2one",100,92.36,0
"Meox2","MEOX2","ortholog_one2one",100,100,1
"Ift122","IFT122","ortholog_one2one",100,100,1
"Wfdc13","WFDC13","ortholog_one2one",100,100,0
"Tmc8","TMC8","ortholog_one2one",100,100,1
"Spa17","SPA17","ortholog_one2one",100,100,1
"Jund","JUND","ortholog_one2one",100,100,1
"6820408C15Rik","C20orf96","ortholog_one2one",100,95.23,0
"Ccnyl1","CCNYL1","ortholog_one2one",100,100,1
"Spint4","SPINT4","ortholog_one2one",100,100,0
"Capn7","CAPN7","ortholog_one2one",50,100,1
"Iqcn","IQCN","ortholog_one2one",100,96.93,0
"Il20rb","IL20RB","ortholog_one2one",100,100,1
"Tmem186","TMEM186","ortholog_one2one",100,100,1
"Sco1","SCO1","ortholog_one2one",100,100,1
"ccdc198","CCDC198","ortholog_one2one",100,97.12,1
"Nek5","NEK5","ortholog_one2one",75,93.13,0
"Cisd2","CISD2","ortholog_one2one",100,100,1
"Slc35g1","SLC35G1","ortholog_one2one",100,100,1
"Krt16","KRT16","ortholog_one2one",100,100,1
"Vps25","VPS25","ortholog_one2one",100,100,1
"Tbrg1","TBRG1","ortholog_one2one",75,100,1
"Pid1","PID1","ortholog_one2one",100,94.31,1
"Nck1","NCK1","ortholog_one2one",100,100,1
"Abcc12","ABCC12","ortholog_one2one",100,100,1
"Wfdc3","WFDC3","ortholog_one2one",100,100,0
"Tmem52b","TMEM52B","ortholog_one2one",100,100,1
"Col17a1","COL17A1","ortholog_one2one",100,100,1
"Gpr62","GPR62","ortholog_one2one",100,100,1
"C77080","KIAA1522","ortholog_one2one",100,100,1
"Sorl1","SORL1","ortholog_one2one",100,100,1
"R3hdm4","R3HDM4","ortholog_one2one",100,100,1
"Tmem132d","TMEM132D","ortholog_one2one",100,100,1
"Eras","ERAS","ortholog_one2one",100,100,1
"Lsr","LSR","ortholog_one2one",100,100,1
"Ipp","IPP","ortholog_one2one",100,100,1
"Gabarapl1","GABARAPL1","ortholog_one2one",75,100,1
"Fmo5","FMO5","ortholog_one2one",75,100,1
"Slc35g2","SLC35G2","ortholog_one2one",100,100,1
"Xdh","XDH","ortholog_one2one",100,100,1
"Pcsk1n","PCSK1N","ortholog_one2one",75,100,1
"Cd44","CD44","ortholog_one2one",100,100,1
"Siae","SIAE","ortholog_one2one",100,100,1
"Tns2","TNS2","ortholog_one2one",100,100,1
"Smarcd1","SMARCD1","ortholog_one2one",100,100,1
"Kiss1r","KISS1R","ortholog_one2one",100,100,1
"Srgap3","SRGAP3","ortholog_one2one",100,100,1
"Gstk1","GSTK1","ortholog_one2one",100,100,1
"Rras","RRAS","ortholog_one2one",100,100,1
"Vezt","VEZT","ortholog_one2one",100,100,1
"Coq10b","COQ10B","ortholog_one2one",100,100,1
"Defb23","DEFB129","ortholog_one2one",100,100,0
"Sh3bp5","SH3BP5","ortholog_one2one",50,100,1
"Frrs1l","FRRS1L","ortholog_one2one",100,100,1
"Jag1","JAG1","ortholog_one2one",100,100,1
"Fbxl14","FBXL14","ortholog_one2one",100,97.79,1
"Trappc1","TRAPPC1","ortholog_one2one",100,100,1
"Gpr151","GPR151","ortholog_one2one",100,100,1
"Wnt5b","WNT5B","ortholog_one2one",100,100,1
"Stx12","STX12","ortholog_one2one",100,100,1
"Tpr","TPR","ortholog_one2one",100,100,1
"Lcn8","LCN8","ortholog_one2one",100,95.87,1
"Defb20","DEFB128","ortholog_one2one",100,100,0
"Tmem139","TMEM139","ortholog_one2one",100,100,1
"Crkl","CRKL","ortholog_one2one",100,100,1
"Tex43","TEX43","ortholog_one2one",100,98.34,1
"Tinagl1","TINAGL1","ortholog_one2one",100,100,1
"Hsd17b7","HSD17B7","ortholog_one2one",100,98.94,1
"Dppa3","DPPA3","ortholog_one2one",100,1.66,0
"Ube2l6","UBE2L6","ortholog_one2one",100,100,1
"Czib","CZIB","ortholog_one2one",100,100,1
"Aif1","AIF1","ortholog_one2one",100,100,1
"Insyn2b","INSYN2B","ortholog_one2one",100,100,1
"Utp4","UTP4","ortholog_one2one",100,100,1
"Vwc2l","VWC2L","ortholog_one2one",100,100,1
"Ski","SKI","ortholog_one2one",100,100,1
"Endod1","ENDOD1","ortholog_one2one",100,100,1
"Hadhb","HADHB","ortholog_one2one",100,100,1
"Notch1","NOTCH1","ortholog_one2one",100,100,1
"Gpd1","GPD1","ortholog_one2one",100,100,1
"Dock2","DOCK2","ortholog_one2one",100,100,1
"Slc26a11","SLC26A11","ortholog_one2one",100,100,1
"Fzd5","FZD5","ortholog_one2one",100,100,1
"Tgm5","TGM5","ortholog_one2one",100,100,1
"Copg2","COPG2","ortholog_one2one",100,100,1
"Mettl11b","METTL11B","ortholog_one2one",100,100,1
"Meaf6","MEAF6","ortholog_one2one",100,100,1
"Cdc6","CDC6","ortholog_one2one",100,99.86,1
"Wnt11","WNT11","ortholog_one2one",100,100,1
"Cox14","COX14","ortholog_one2one",100,100,1
"Trim15","TRIM15","ortholog_one2one",100,96.88,0
"Gk2","GK2","ortholog_one2one",100,100,1
"Rps6ka1","RPS6KA1","ortholog_one2one",100,100,1
"Tafa2","TAFA2","ortholog_one2one",100,100,1
"Pelp1","PELP1","ortholog_one2one",50,100,1
"Lima1","LIMA1","ortholog_one2one",100,100,1
"Prcc","PRCC","ortholog_one2one",100,100,1
"Celf3","CELF3","ortholog_one2one",100,100,1
"Ppp1r21","PPP1R21","ortholog_one2one",100,100,1
"Reep6","REEP6","ortholog_one2one",100,100,1
"Uqcc2","UQCC2","ortholog_one2one",100,100,1
"Trim10","TRIM10","ortholog_one2one",100,100,1
"Cept1","CEPT1","ortholog_one2one",100,100,1
"Dlat","DLAT","ortholog_one2one",100,100,1
"Kdm4d","KDM4D","ortholog_one2one",100,100,1
"Hdgf","HDGF","ortholog_one2one",100,94.19,1
"Hmg20b","HMG20B","ortholog_one2one",75,99.28,1
"Prkab2","PRKAB2","ortholog_one2one",50,99.01,1
"Zc3h12a","ZC3H12A","ortholog_one2one",100,100,1
"Rnpc3","RNPC3","ortholog_one2one",100,100,1
"Rin2","RIN2","ortholog_one2one",100,100,1
"Cdk9","CDK9","ortholog_one2one",100,100,1
"Rpa3","RPA3","ortholog_one2one",100,100,1
"Afm","AFM","ortholog_one2one",100,100,1
"Tgm7","TGM7","ortholog_one2one",100,100,1
"Mink1","MINK1","ortholog_one2one",100,100,1
"Usf2","USF2","ortholog_one2one",100,100,1
"Anp32e","ANP32E","ortholog_one2one",100,100,1
"Irx3","IRX3","ortholog_one2one",100,100,1
"Adal","ADAL","ortholog_one2one",100,100,1
"Aen","AEN","ortholog_one2one",100,100,1
"Dars2","DARS2","ortholog_one2one",100,100,1
"Gm2115","CTXND1","ortholog_one2one",100,100,1
"Nfatc2","NFATC2","ortholog_one2one",100,100,1
"Faap20","FAAP20","ortholog_one2one",100,90.51,0
"Ube2d3","UBE2D3","ortholog_one2one",100,97.31,1
"Dennd2d","DENND2D","ortholog_one2one",100,100,1
"Sntb2","SNTB2","ortholog_one2one",100,100,1
"Exoc3","EXOC3","ortholog_one2one",100,100,1
"Cartpt","CARTPT","ortholog_one2one",100,100,1
"Spryd3","SPRYD3","ortholog_one2one",100,98.54,1
"Vwce","VWCE","ortholog_one2one",100,100,1
"Cers5","CERS5","ortholog_one2one",100,100,1
"Ip6k3","IP6K3","ortholog_one2one",100,100,1
"Tmem69","TMEM69","ortholog_one2one",100,100,1
"Trim40","TRIM40","ortholog_one2one",100,97.13,1
"Glcci1","GLCCI1","ortholog_one2one",100,100,1
"Cplane2","CPLANE2","ortholog_one2one",100,100,1
"Tecpr2","TECPR2","ortholog_one2one",100,100,1
"Evl","EVL","ortholog_one2one",100,100,1
"Sytl2","SYTL2","ortholog_one2one",100,99.7,0
"G2e3","G2E3","ortholog_one2one",100,99.99,1
"Fryl","FRYL","ortholog_one2one",100,100,1
"Trim31","TRIM31","ortholog_one2one",100,78.29,0
"Mettl16","METTL16","ortholog_one2one",100,100,1
"Adar","ADAR","ortholog_one2one",100,98.4,1
"Dner","DNER","ortholog_one2one",100,100,1
"Ugp2","UGP2","ortholog_one2one",100,100,1
"Lemd2","LEMD2","ortholog_one2one",100,100,1
"Clcn7","CLCN7","ortholog_one2one",100,100,1
"Lman2l","LMAN2L","ortholog_one2one",100,100,1
"Chst8","CHST8","ortholog_one2one",100,100,1
"Kifap3","KIFAP3","ortholog_one2one",100,100,1
"Nme5","NME5","ortholog_one2one",100,100,1
"Rrp9","RRP9","ortholog_one2one",100,100,1
"Lgsn","LGSN","ortholog_one2one",75,100,1
"Odr4","ODR4","ortholog_one2one",100,100,1
"Dram2","DRAM2","ortholog_one2one",100,100,1
"Tubb5","TUBB","ortholog_one2one",100,100,1
"Riiad1","RIIAD1","ortholog_one2one",100,94.58,1
"Sgpp1","SGPP1","ortholog_one2one",100,100,1
"Btbd3","BTBD3","ortholog_one2one",100,100,1
"Best1","BEST1","ortholog_one2one",75,100,1
"Olfr186","OR5H2","ortholog_one2one",50,100,1
"Sel1l","SEL1L","ortholog_one2one",100,100,1
"Slc16a7","SLC16A7","ortholog_one2one",100,100,1
"Lcmt2","LCMT2","ortholog_one2one",100,100,1
"Lrrn2","LRRN2","ortholog_one2one",100,100,1
"Upf2","UPF2","ortholog_one2one",100,100,1
"St3gal4","ST3GAL4","ortholog_one2one",100,100,1
"Parp3","PARP3","ortholog_one2one",100,100,1
"Bbs9","BBS9","ortholog_one2one",75,98.32,1
"Zcchc7","ZCCHC7","ortholog_one2one",100,100,1
"Nek3","NEK3","ortholog_one2one",50,100,1
"Fer1l5","FER1L5","ortholog_one2one",100,99.99,1
"Nek10","NEK10","ortholog_one2one",75,100,1
"Kcnj13","KCNJ13","ortholog_one2one",100,100,1
"Pgm2","PGM2","ortholog_one2one",100,100,1
"Pan3","PAN3","ortholog_one2one",100,100,1
"Wdr92","WDR92","ortholog_one2one",75,100,1
"Akap7","AKAP7","ortholog_one2one",100,100,1
"Prr12","PRR12","ortholog_one2one",100,100,1
"Stt3a","STT3A","ortholog_one2one",100,100,1
"Cabp2","CABP2","ortholog_one2one",100,100,1
"Thoc3","THOC3","ortholog_one2one",100,100,1
"Stag1","STAG1","ortholog_one2one",100,100,1
"Pou3f3","POU3F3","ortholog_one2one",100,100,1
"Fbxo8","FBXO8","ortholog_one2one",100,100,1
"Slc35e1","SLC35E1","ortholog_one2one",100,100,1
"Pno1","PNO1","ortholog_one2one",75,100,1
"Fkbp2","FKBP2","ortholog_one2one",100,100,1
"1700010I14Rik","C6orf118","ortholog_one2one",100,96.59,0
"Ntrk2","NTRK2","ortholog_one2one",100,100,1
"Ndrg4","NDRG4","ortholog_one2one",100,100,1
"Tmx1","TMX1","ortholog_one2one",75,100,1
"Defb26","DEFB125","ortholog_one2one",50,51.64,0
"Ube2z","UBE2Z","ortholog_one2one",100,100,1
"Pla2r1","PLA2R1","ortholog_one2one",100,100,1
"Rrs1","RRS1","ortholog_one2one",50,100,1
"Defb28","DEFB115","ortholog_one2one",50,98.34,0
"Snx17","SNX17","ortholog_one2one",100,100,1
"Atp2b3","ATP2B3","ortholog_one2one",100,100,1
"Defb29","DEFB116","ortholog_one2one",50,100,0
"Pik3r6","PIK3R6","ortholog_one2one",100,100,1
"Tbc1d7","TBC1D7","ortholog_one2one",100,100,1
"Sycp1","SYCP1","ortholog_one2one",100,99.13,1
"Zfyve27","ZFYVE27","ortholog_one2one",100,100,1
"Arrdc1","ARRDC1","ortholog_one2one",100,100,1
"Grhl1","GRHL1","ortholog_one2one",100,100,1
"Srp72","SRP72","ortholog_one2one",100,98.79,1
"Dedd2","DEDD2","ortholog_one2one",100,100,1
"Hsd17b12","HSD17B12","ortholog_one2one",100,100,1
"Prkcz","PRKCZ","ortholog_one2one",100,100,1
"Ddr2","DDR2","ortholog_one2one",100,100,1
"Dcps","DCPS","ortholog_one2one",100,100,1
"Casp2","CASP2","ortholog_one2one",100,100,1
"Pdf","PDF","ortholog_one2one",100,100,1
"Tbx5","TBX5","ortholog_one2one",100,100,1
"Mical2","MICAL2","ortholog_one2one",100,100,0
"Defb21","DEFB118","ortholog_one2one",100,100,0
"Lst1","LST1","ortholog_one2one",100,93.67,0
"Cog8","AC026464.6","ortholog_one2one",100,88.35,0
"Mphosph10","MPHOSPH10","ortholog_one2one",25,100,1
"Ltb","LTB","ortholog_one2one",100,100,1
"Antxr2","ANTXR2","ortholog_one2one",100,100,1
"Kcnab3","KCNAB3","ortholog_one2one",100,100,1
"Zfp526","ZNF526","ortholog_one2one",100,100,1
"Ercc4","ERCC4","ortholog_one2one",100,100,1
"Igfbp6","IGFBP6","ortholog_one2one",100,100,1
"Grpel2","GRPEL2","ortholog_one2one",100,100,1
"Otogl","OTOGL","ortholog_one2one",100,99.9,1
"Fah","FAH","ortholog_one2one",75,100,1
"Sc5d","SC5D","ortholog_one2one",100,100,1
"Smtn","SMTN","ortholog_one2one",100,100,1
"Prg4","PRG4","ortholog_one2one",100,98.4,1
"Plekhm3","PLEKHM3","ortholog_one2one",100,100,1
"Soat2","SOAT2","ortholog_one2one",100,100,1
"Degs2","DEGS2","ortholog_one2one",100,100,1
"Fkbp15","FKBP15","ortholog_one2one",100,100,1
"Pcdh10","PCDH10","ortholog_one2one",100,100,1
"Drg2","DRG2","ortholog_one2one",100,100,1
"Plekho1","PLEKHO1","ortholog_one2one",100,100,1
"Anxa1","ANXA1","ortholog_one2one",100,100,1
"Ncoa6","NCOA6","ortholog_one2one",100,100,1
"Tceanc2","TCEANC2","ortholog_one2one",100,100,1
"Defb36","DEFB123","ortholog_one2one",100,100,1
"Tube1","TUBE1","ortholog_one2one",100,100,1
"Fam83f","FAM83F","ortholog_one2one",100,100,1
"Eml1","EML1","ortholog_one2one",100,98.92,1
"Defb25","DEFB124","ortholog_one2one",100,100,1
"Rtn4r","RTN4R","ortholog_one2one",75,98.11,1
"Mettl17","METTL17","ortholog_one2one",50,100,1
"Smim7","SMIM7","ortholog_one2one",100,84.94,1
"Ttll7","TTLL7","ortholog_one2one",100,100,1
"Rem1","REM1","ortholog_one2one",100,100,1
"Iqcf1","IQCF1","ortholog_one2one",75,86.41,1
"Mcee","MCEE","ortholog_one2one",25,100,1
"Tnf","TNF","ortholog_one2one",100,100,1
"2900026A02Rik","KIAA1671","ortholog_one2one",100,99.56,0
"Klrd1","KLRD1","ortholog_one2one",75,100,1
"Ppp1r13l","PPP1R13L","ortholog_one2one",100,100,1
"Mdc1","MDC1","ortholog_one2one",100,99.34,0
"Aipl1","AIPL1","ortholog_one2one",100,100,1
"Ncapg","NCAPG","ortholog_one2one",100,100,1
"Ropn1l","ROPN1L","ortholog_one2one",100,100,1
"Ccn6","CCN6","ortholog_one2one",100,100,1
"Iqcf5","IQCF5","ortholog_one2one",100,100,1
"Sfrp5","SFRP5","ortholog_one2one",100,100,1
"Prrg2","PRRG2","ortholog_one2one",100,100,1
"Uap1","UAP1","ortholog_one2one",100,100,1
"Iqcf6","IQCF6","ortholog_one2one",75,100,1
"Klrk1","KLRK1","ortholog_one2one",50,97.01,1
"Cop1","COP1","ortholog_one2one",100,100,1
"Serpine3","SERPINE3","ortholog_one2one",100,99.78,1
"Grm2","GRM2","ortholog_one2one",100,100,1
"Ints6","INTS6","ortholog_one2one",75,100,1
"Mdm1","MDM1","ortholog_one2one",75,100,1
"Vegfb","VEGFB","ortholog_one2one",100,100,1
"Prdm8","PRDM8","ortholog_one2one",100,100,1
"Vwa3b","VWA3B","ortholog_one2one",100,100,0
"Chrnb2","CHRNB2","ortholog_one2one",100,100,1
"Ppp2r2b","PPP2R2B","ortholog_one2one",100,100,1
"Tmem59","TMEM59","ortholog_one2one",100,100,1
"Tex264","TEX264","ortholog_one2one",100,100,1
"Bbs5","BBS5","ortholog_one2one",100,100,1
"Kif6","KIF6","ortholog_one2one",50,100,1
"Rnf213","RNF213","ortholog_one2one",100,100,1
"Zfp513","ZNF513","ortholog_one2one",100,100,1
"Ahrr","AHRR","ortholog_one2one",100,96.04,1
"Sar1a","SAR1A","ortholog_one2one",100,100,1
"Hspd1","HSPD1","ortholog_one2one",100,100,1
"AB124611","C19orf38","ortholog_one2one",100,100,1
"Meis2","MEIS2","ortholog_one2one",100,100,1
"Sorbs3","SORBS3","ortholog_one2one",100,100,1
"Spx","SPX","ortholog_one2one",100,100,1
"Rexo5","REXO5","ortholog_one2one",100,100,0
"Eif2b4","EIF2B4","ortholog_one2one",100,100,1
"Nosip","NOSIP","ortholog_one2one",100,100,1
"Plxdc2","PLXDC2","ortholog_one2one",100,100,1
"D11Wsu47e","C17orf80","ortholog_one2one",100,97.67,0
"Chrna10","CHRNA10","ortholog_one2one",100,100,1
"Pepd","PEPD","ortholog_one2one",100,100,1
"Srd5a2","SRD5A2","ortholog_one2one",100,100,1
"Cfap45","CFAP45","ortholog_one2one",100,100,1
"Dnajc4","DNAJC4","ortholog_one2one",100,100,1
"Rhot1","RHOT1","ortholog_one2one",50,100,1
"Art1","ART1","ortholog_one2one",50,100,1
"Fgf5","FGF5","ortholog_one2one",100,100,1
"Fhl1","FHL1","ortholog_one2one",100,100,1
"Sptlc3","SPTLC3","ortholog_one2one",100,100,1
"Sftpd","SFTPD","ortholog_one2one",0,100,1
"Slc9a3r1","SLC9A3R1","ortholog_one2one",100,100,1
"Dnttip1","DNTTIP1","ortholog_one2one",100,100,1
"Irx5","IRX5","ortholog_one2one",100,100,1
"Olfr1396","OR2V2","ortholog_one2one",75,100,1
"Chmp1b","CHMP1B","ortholog_one2one",50,100,1
"Ccdc188","CCDC188","ortholog_one2one",100,100,1
"Gnal","GNAL","ortholog_one2one",50,100,1
"Zmynd19","ZMYND19","ortholog_one2one",100,100,1
"Art5","ART5","ortholog_one2one",50,100,1
"Rad54l2","RAD54L2","ortholog_one2one",100,100,1
"Dpp4","DPP4","ortholog_one2one",100,100,1
"Pttg1ip","PTTG1IP","ortholog_one2one",100,100,1
"Adamtsl5","ADAMTSL5","ortholog_one2one",100,100,1
"Mapt","MAPT","ortholog_one2one",75,100,0
"Ubn1","UBN1","ortholog_one2one",100,100,1
"Ro60","RO60","ortholog_one2one",75,100,1
"Ets2","ETS2","ortholog_one2one",100,100,1
"Vps37c","VPS37C","ortholog_one2one",100,100,1
"Acsm3","ACSM3","ortholog_one2one",50,100,1
"Cdc7","CDC7","ortholog_one2one",100,100,1
"Fzd10","FZD10","ortholog_one2one",100,100,1
"Lta","LTA","ortholog_one2one",100,100,1
"Ppp3cc","PPP3CC","ortholog_one2one",100,100,1
"Vsig8","VSIG8","ortholog_one2one",100,100,1
"Adgrf3","ADGRF3","ortholog_one2one",100,98.55,1
"Crtac1","CRTAC1","ortholog_one2one",100,100,1
"Muc4","MUC4","ortholog_one2one",75,56.27,0
"Shld1","SHLD1","ortholog_one2one",100,100,1
"Bard1","BARD1","ortholog_one2one",100,100,1
"Cenpf","CENPF","ortholog_one2one",100,98.88,1
"Rab43","RAB43","ortholog_one2one",100,100,1
"Pccb","PCCB","ortholog_one2one",100,97.64,1
"Cfap299","CFAP299","ortholog_one2one",100,100,1
"Txlnb","TXLNB","ortholog_one2one",100,100,1
"Mocs2","MOCS2","ortholog_one2one",100,100,1
"Lcn10","LCN10","ortholog_one2one",50,100,1
"Cpsf4l","CPSF4L","ortholog_one2one",100,90.16,0
"Slc17a4","SLC17A4","ortholog_one2one",100,100,1
"Dusp9","DUSP9","ortholog_one2one",100,97.34,1
"Olfr56","OR2V1","ortholog_one2one",75,100,1
"Slc35f4","SLC35F4","ortholog_one2one",75,100,1
"Spdl1","SPDL1","ortholog_one2one",75,100,1
"Ptprf","PTPRF","ortholog_one2one",100,100,1
"Slc39a2","SLC39A2","ortholog_one2one",100,100,1
"Nfkbil1","NFKBIL1","ortholog_one2one",100,100,1
"Dock3","DOCK3","ortholog_one2one",75,100,1
"Sipa1l3","SIPA1L3","ortholog_one2one",100,100,1
"Atf7ip","ATF7IP","ortholog_one2one",100,99.46,1
"Rnf39","RNF39","ortholog_one2one",100,100,1
"Rftn1","RFTN1","ortholog_one2one",50,100,1
"Atp6v1g2","ATP6V1G2-DDX39B","ortholog_one2one",100,82.83,1
"Rho","RHO","ortholog_one2one",100,100,1
"Muc20","MUC20","ortholog_one2one",50,76.88,0
"Kcnip3","KCNIP3","ortholog_one2one",100,100,1
"Lmnb1","LMNB1","ortholog_one2one",100,100,1
"Rragd","RRAGD","ortholog_one2one",100,100,1
"Golga7b","GOLGA7B","ortholog_one2one",100,100,1
"Grik3","GRIK3","ortholog_one2one",100,100,1
"Chchd6","CHCHD6","ortholog_one2one",100,95.64,1
"Amer1","AMER1","ortholog_one2one",100,99.58,1
"Ckap2","CKAP2","ortholog_one2one",50,100,1
"Gtf2a1l","GTF2A1L","ortholog_one2one",100,100,1
"Chgb","CHGB","ortholog_one2one",100,100,1
"Smarca1","SMARCA1","ortholog_one2one",75,100,1
"Pde4dip","PDE4DIP","ortholog_one2one",0,100,1
"Asb12","ASB12","ortholog_one2one",100,100,1
"Cebpg","CEBPG","ortholog_one2one",100,100,1
"Akr1b3","AKR1B1","ortholog_one2one",100,100,1
"Cd5","CD5","ortholog_one2one",100,100,1
"Arhgef19","ARHGEF19","ortholog_one2one",100,100,1
"Tmeff2","TMEFF2","ortholog_one2one",100,100,1
"Ccdc17","CCDC17","ortholog_one2one",100,100,1
"Zfat","ZFAT","ortholog_one2one",100,100,1
"Afg1l","AFG1L","ortholog_one2one",100,100,1
"Vps45","VPS45","ortholog_one2one",100,100,1
"Memo1","MEMO1","ortholog_one2one",100,97.01,1
"Slc2a1","SLC2A1","ortholog_one2one",100,100,1
"Rnf227","RNF227","ortholog_one2one",100,100,1
"Fshr","FSHR","ortholog_one2one",75,100,1
"Tmem211","TMEM211","ortholog_one2one",75,100,1
"Gss","GSS","ortholog_one2one",100,100,1
"Vxn","VXN","ortholog_one2one",100,100,1
"Gpbp1l1","GPBP1L1","ortholog_one2one",100,100,1
"Cebpa","CEBPA","ortholog_one2one",100,100,1
"Agmo","AGMO","ortholog_one2one",100,100,1
"Magt1","MAGT1","ortholog_one2one",100,100,1
"Ing1","ING1","ortholog_one2one",100,95.26,1
"Zdhhc8","ZDHHC8","ortholog_one2one",100,100,1
"Myo1c","MYO1C","ortholog_one2one",100,100,1
"Dpf3","DPF3","ortholog_one2one",100,100,1
"Vps16","VPS16","ortholog_one2one",100,100,1
"6030468B19Rik","C17orf99","ortholog_one2one",100,91.46,0
"Kbtbd11","KBTBD11","ortholog_one2one",100,100,1
"Hand2","HAND2","ortholog_one2one",100,100,1
"Taf4b","TAF4B","ortholog_one2one",100,100,1
"Msl2","MSL2","ortholog_one2one",100,100,1
"Mppe1","MPPE1","ortholog_one2one",100,100,1
"Mdh1","MDH1","ortholog_one2one",100,100,1
"Ryr1","RYR1","ortholog_one2one",100,100,1
"Tmem104","TMEM104","ortholog_one2one",100,100,1
"Sync","SYNC","ortholog_one2one",100,100,1
"Haus3","HAUS3","ortholog_one2one",100,100,1
"Irx6","IRX6","ortholog_one2one",100,100,1
"Tk1","TK1","ortholog_one2one",100,100,1
"Ppp2r3a","PPP2R3A","ortholog_one2one",75,100,1
"Wdfy2","WDFY2","ortholog_one2one",50,100,1
"Pimreg","PIMREG","ortholog_one2one",100,100,1
"Piwil1","PIWIL1","ortholog_one2one",100,100,1
"Smtnl1","SMTNL1","ortholog_one2one",100,97.98,1
"Rbbp4","RBBP4","ortholog_one2one",100,100,1
"Poln","POLN","ortholog_one2one",100,100,1
"St8sia3","ST8SIA3","ortholog_one2one",100,100,1
"Ube2m","UBE2M","ortholog_one2one",75,100,1
"Bmp3","BMP3","ortholog_one2one",100,100,1
"Eri2","ERI2","ortholog_one2one",75,100,1
"Dcaf1","DCAF1","ortholog_one2one",75,100,1
"Nat9","NAT9","ortholog_one2one",100,100,1
"Afmid","AFMID","ortholog_one2one",100,97.74,1
"Wdr83os","WDR83OS","ortholog_one2one",75,100,1
"Mrpl22","MRPL22","ortholog_one2one",50,64.3,0
"Ube2c","UBE2C","ortholog_one2one",100,100,1
"Rps6ka5","RPS6KA5","ortholog_one2one",100,100,1
"Apba2","APBA2","ortholog_one2one",50,100,1
"Fam168a","FAM168A","ortholog_one2one",100,100,1
"Ankrd9","ANKRD9","ortholog_one2one",100,100,1
"4833439L19Rik","KIAA1191","ortholog_one2one",100,100,1
"Wdpcp","WDPCP","ortholog_one2one",100,94.6,1
"Pabpc4","PABPC4","ortholog_one2one",100,99.99,1
"Garnl3","GARNL3","ortholog_one2one",75,99.85,1
"Ggt7","GGT7","ortholog_one2one",75,100,1
"Urm1","URM1","ortholog_one2one",100,89.38,1
"Tnnc2","TNNC2","ortholog_one2one",100,100,1
"Tecta","TECTA","ortholog_one2one",100,100,1
"Tnrc6b","TNRC6B","ortholog_one2one",100,100,1
"Syngr2","SYNGR2","ortholog_one2one",100,100,1
"Cdc42ep4","CDC42EP4","ortholog_one2one",100,100,1
"Sfr1","SFR1","ortholog_one2one",100,95.63,0
"Atoh7","ATOH7","ortholog_one2one",100,100,1
"Calu","CALU","ortholog_one2one",100,100,1
"Defb30","DEFB135","ortholog_one2one",75,100,0
"Nip7","NIP7","ortholog_one2one",100,100,1
"Foxe1","FOXE1","ortholog_one2one",100,100,1
"Slc4a5","SLC4A5","ortholog_one2one",100,100,1
"Wdr83","WDR83","ortholog_one2one",75,100,1
"Ogfod1","OGFOD1","ortholog_one2one",100,100,1
"Defb42","DEFB136","ortholog_one2one",75,100,0
"Vps36","VPS36","ortholog_one2one",25,100,1
"Rab11b","RAB11B","ortholog_one2one",100,100,1
"Ppp1r11","PPP1R11","ortholog_one2one",100,100,1
"Acss2","ACSS2","ortholog_one2one",100,100,1
"Pced1a","PCED1A","ortholog_one2one",100,100,1
"Arl9","ARL9","ortholog_one2one",100,83.65,0
"Ptpn14","PTPN14","ortholog_one2one",100,100,1
"Cercam","CERCAM","ortholog_one2one",100,100,1
"Thegl","THEGL","ortholog_one2one",100,100,1
"Psmg1","PSMG1","ortholog_one2one",100,100,1
"Ephb1","EPHB1","ortholog_one2one",100,100,1
"Proser2","PROSER2","ortholog_one2one",100,100,1
"Foxj2","FOXJ2","ortholog_one2one",100,100,1
"Naa20","NAA20","ortholog_one2one",100,100,1
"Trmt6","TRMT6","ortholog_one2one",100,100,1
"Mlana","MLANA","ortholog_one2one",100,100,1
"Rbm15b","RBM15B","ortholog_one2one",100,100,1
"Tbc1d1","TBC1D1","ortholog_one2one",100,100,1
"Bcl6","BCL6","ortholog_one2one",100,100,1
"Simc1","SIMC1","ortholog_one2one",100,85.58,1
"Prom2","PROM2","ortholog_one2one",100,100,1
"Manf","MANF","ortholog_one2one",100,100,1
"Tmem38a","TMEM38A","ortholog_one2one",100,100,1
"Capns1","CAPNS1","ortholog_one2one",100,100,1
"Thumpd3","THUMPD3","ortholog_one2one",100,100,1
"Cdk2ap2","CDK2AP2","ortholog_one2one",100,100,1
"Rgsl1","RGSL1","ortholog_one2one",100,99.9,1
"Atp6v1g1","ATP6V1G1","ortholog_one2one",100,100,1
"Casp7","CASP7","ortholog_one2one",100,100,1
"Paip2","PAIP2","ortholog_one2one",100,100,1
"Rpp14","RPP14","ortholog_one2one",100,100,1
"Lrrc3b","LRRC3B","ortholog_one2one",100,100,1
"Myh3","MYH3","ortholog_one2one",100,100,1
"C1qc","C1QC","ortholog_one2one",100,100,1
"Narf","NARF","ortholog_one2one",100,100,1
"Sppl2a","SPPL2A","ortholog_one2one",75,100,1
"Irf1","IRF1","ortholog_one2one",100,100,1
"Vgll4","VGLL4","ortholog_one2one",100,100,1
"Polr1a","POLR1A","ortholog_one2one",100,100,1
"Qk","QKI","ortholog_one2one",100,100,1
"Marchf3","MARCHF3","ortholog_one2one",100,98.49,1
"Txnrd3","TXNRD3","ortholog_one2one",100,100,1
"Opn1sw","OPN1SW","ortholog_one2one",100,100,1
"Gys2","GYS2","ortholog_one2one",100,100,1
"Zfp740","ZNF740","ortholog_one2one",100,100,1
"Cox7b","COX7B","ortholog_one2one",100,100,1
"Ddx39b","DDX39B","ortholog_one2one",100,100,1
"Zc4h2","ZC4H2","ortholog_one2one",100,100,1
"Mmp11","MMP11","ortholog_one2one",100,100,1
"Socs4","SOCS4","ortholog_one2one",100,100,1
"Hgs","HGS","ortholog_one2one",100,100,1
"Slc39a14","SLC39A14","ortholog_one2one",100,100,1
"Gsk3a","GSK3A","ortholog_one2one",100,100,1
"Abcb6","ABCB6","ortholog_one2one",100,100,1
"Epb41l4b","EPB41L4B","ortholog_one2one",100,100,1
"P4ha2","P4HA2","ortholog_one2one",100,100,1
"Cnnm4","CNNM4","ortholog_one2one",100,100,1
"Larp4","LARP4","ortholog_one2one",100,100,1
"Srrm1","SRRM1","ortholog_one2one",100,100,1
"Slc23a1","SLC23A1","ortholog_one2one",100,100,1
"Camk2b","CAMK2B","ortholog_one2one",100,100,1
"Ube2q1","UBE2Q1","ortholog_one2one",100,100,1
"Trmt2a","TRMT2A","ortholog_one2one",100,99.53,1
"Slamf8","SLAMF8","ortholog_one2one",100,100,1
"Mmp2","MMP2","ortholog_one2one",100,100,1
"Scx","SCX","ortholog_one2one",100,100,1
"Ildr1","ILDR1","ortholog_one2one",100,100,1
"Gm867","C22orf15","ortholog_one2one",75,100,0
"Bop1","BOP1","ortholog_one2one",100,100,1
"Jph4","JPH4","ortholog_one2one",100,100,1
"Chchd10","CHCHD10","ortholog_one2one",100,100,1
"Smyd2","SMYD2","ortholog_one2one",100,100,1
"Zc3h15","ZC3H15","ortholog_one2one",100,100,1
"Ankzf1","ANKZF1","ortholog_one2one",100,100,1
"Csad","CSAD","ortholog_one2one",100,100,1
"H2bc1","H2BC1","ortholog_one2one",100,100,1
"Rassf6","RASSF6","ortholog_one2one",75,100,1
"Ppp1r18","PPP1R18","ortholog_one2one",100,100,1
"H2ac1","H2AC1","ortholog_one2one",100,100,1
"Pdcd6","PDCD6","ortholog_one2one",100,100,1
"Nudt22","NUDT22","ortholog_one2one",100,100,1
"Frmd6","FRMD6","ortholog_one2one",50,100,1
"Loxl4","LOXL4","ortholog_one2one",100,100,1
"Cpt2","CPT2","ortholog_one2one",100,100,1
"Timm10","TIMM10","ortholog_one2one",100,100,1
"Bcor","BCOR","ortholog_one2one",100,100,1
"Thsd1","THSD1","ortholog_one2one",50,100,1
"Mroh1","MROH1","ortholog_one2one",100,100,1
"Mfsd6l","MFSD6L","ortholog_one2one",100,100,1
"Catsperb","CATSPERB","ortholog_one2one",0,45.63,0
"Dpy30","DPY30","ortholog_one2one",100,100,1
"Ocel1","OCEL1","ortholog_one2one",100,79.19,0
"Fgd6","FGD6","ortholog_one2one",100,100,1
"C330018D20Rik","C5orf63","ortholog_one2one",100,100,0
"Adssl1","ADSS1","ortholog_one2one",100,94.99,1
"Mrpl24","MRPL24","ortholog_one2one",100,100,1
"Nrm","NRM","ortholog_one2one",100,100,1
"Otud7b","OTUD7B","ortholog_one2one",100,100,1
"Nr2f6","NR2F6","ortholog_one2one",100,100,1
"Lpcat2","LPCAT2","ortholog_one2one",100,100,1
"Pth","PTH","ortholog_one2one",100,100,1
"Aqp11","AQP11","ortholog_one2one",100,100,1
"Snx3","SNX3","ortholog_one2one",100,100,1
"Plpbp","PLPBP","ortholog_one2one",100,100,1
"C7","C7","ortholog_one2one",100,100,1
"Mnt","MNT","ortholog_one2one",100,100,1
"Gm13539","AL354761.1","ortholog_one2one",50,100,1
"Selenoi","SELENOI","ortholog_one2one",100,100,1
"Glt6d1","GLT6D1","ortholog_one2one",100,100,1
"Atg9a","ATG9A","ortholog_one2one",100,100,1
"Ccdc42","CCDC42","ortholog_one2one",100,100,1
"Plce1","PLCE1","ortholog_one2one",100,100,1
"Ei24","EI24","ortholog_one2one",100,100,1
"R3hcc1l","R3HCC1L","ortholog_one2one",100,100,1
"Hspb8","HSPB8","ortholog_one2one",100,100,1
"Calcoco2","CALCOCO2","ortholog_one2one",100,56.86,0
"Trmo","TRMO","ortholog_one2one",100,95.01,1
"Adam32","ADAM32","ortholog_one2one",100,89.19,1
"Iqcg","IQCG","ortholog_one2one",100,97.5,1
"Isg20","ISG20","ortholog_one2one",100,100,0
"Entpd5","ENTPD5","ortholog_one2one",100,100,1
"Pde4d","PDE4D","ortholog_one2one",100,100,1
"Neb","NEB","ortholog_one2one",100,100,1
"Park7","PARK7","ortholog_one2one",100,100,1
"Dusp23","DUSP23","ortholog_one2one",100,100,1
"Epha2","EPHA2","ortholog_one2one",100,100,1
"Grin2c","GRIN2C","ortholog_one2one",100,100,1
"Srrm4","SRRM4","ortholog_one2one",100,100,1
"Znrd1","POLR1H","ortholog_one2one",100,100,1
"Isg20l2","ISG20L2","ortholog_one2one",100,100,1
"Fam13c","FAM13C","ortholog_one2one",100,100,1
"Lrch3","LRCH3","ortholog_one2one",100,100,1
"Crp","CRP","ortholog_one2one",100,100,1
"Sec31a","SEC31A","ortholog_one2one",100,100,1
"Rrnad1","RRNAD1","ortholog_one2one",100,100,1
"Plcl2","PLCL2","ortholog_one2one",100,100,1
"Mrpl41","MRPL41","ortholog_one2one",100,100,1
"Snx21","SNX21","ortholog_one2one",100,100,1
"Dph7","DPH7","ortholog_one2one",100,100,1
"Capns2","CAPNS2","ortholog_one2one",100,100,1
"Apcs","APCS","ortholog_one2one",100,100,1
"Acot8","ACOT8","ortholog_one2one",100,100,1
"Dhrs2","DHRS2","ortholog_one2one",100,10.2,1
"Tnr","TNR","ortholog_one2one",100,100,1
"Ak3","AK3","ortholog_one2one",100,100,1
"Slc7a10","SLC7A10","ortholog_one2one",100,100,1
"Acads","ACADS","ortholog_one2one",100,100,1
"Wsb1","WSB1","ortholog_one2one",50,100,1
"Hyi","HYI","ortholog_one2one",100,100,1
"Olfr16","OR10J5","ortholog_one2one",100,100,1
"Parva","PARVA","ortholog_one2one",100,100,1
"Cdc37l1","CDC37L1","ortholog_one2one",100,100,1
"Scyl3","SCYL3","ortholog_one2one",100,100,1
"Ky","KY","ortholog_one2one",100,100,1
"Mier2","MIER2","ortholog_one2one",50,100,1
"Pdhx","PDHX","ortholog_one2one",100,100,1
"Sh2d3c","SH2D3C","ortholog_one2one",75,100,1
"Pnck","PNCK","ortholog_one2one",100,100,1
"Unc119b","UNC119B","ortholog_one2one",100,100,1
"Rbks","RBKS","ortholog_one2one",100,100,1
"Szt2","SZT2","ortholog_one2one",100,100,1
"Cwc15","CWC15","ortholog_one2one",100,100,1
"Dixdc1","DIXDC1","ortholog_one2one",100,100,1
"Lrp3","LRP3","ortholog_one2one",100,100,1
"Ankrd10","ANKRD10","ortholog_one2one",100,100,1
"Anapc13","ANAPC13","ortholog_one2one",100,100,1
"Cdc45","CDC45","ortholog_one2one",100,100,1
"Babam2","BABAM2","ortholog_one2one",100,99.77,1
"Phyhipl","PHYHIPL","ortholog_one2one",100,100,1
"Rab14","RAB14","ortholog_one2one",100,100,1
"Cenpl","CENPL","ortholog_one2one",100,94.86,1
"Glb1l","GLB1L","ortholog_one2one",100,100,1
"Atp7a","ATP7A","ortholog_one2one",100,100,1
"Afap1l1","AFAP1L1","ortholog_one2one",100,100,1
"Plk1","PLK1","ortholog_one2one",100,100,1
"Cep63","CEP63","ortholog_one2one",75,99.58,1
"Rreb1","RREB1","ortholog_one2one",100,100,1
"Onecut2","ONECUT2","ortholog_one2one",100,100,1
"Ttll6","TTLL6","ortholog_one2one",100,98.54,1
"Tirap","TIRAP","ortholog_one2one",75,100,1
"Mthfd2","MTHFD2","ortholog_one2one",100,100,1
"Tmem268","TMEM268","ortholog_one2one",100,100,1
"Polr3a","POLR3A","ortholog_one2one",100,100,1
"Pacrg","PACRG","ortholog_one2one",100,96.57,1
"Arhgap23","ARHGAP23","ortholog_one2one",100,100,1
"Mypn","MYPN","ortholog_one2one",100,100,1
"BC055324","C1orf112","ortholog_one2one",0,100,1
"Ranbp1","RANBP1","ortholog_one2one",100,100,1
"Fam131c","FAM131C","ortholog_one2one",100,100,1
"Cd226","CD226","ortholog_one2one",100,100,1
"Rcc1","RCC1","ortholog_one2one",100,100,1
"Mrps9","MRPS9","ortholog_one2one",100,100,1
"Zfp236","ZNF236","ortholog_one2one",100,99.24,1
"Crhr2","CRHR2","ortholog_one2one",75,100,1
"Plekhs1","PLEKHS1","ortholog_one2one",100,100,1
"Oxsm","OXSM","ortholog_one2one",100,100,1
"Trpt1","TRPT1","ortholog_one2one",100,100,1
"C3ar1","C3AR1","ortholog_one2one",100,100,1
"Hdac6","HDAC6","ortholog_one2one",100,98.88,1
"Umodl1","UMODL1","ortholog_one2one",50,97.9,1
"Scrg1","SCRG1","ortholog_one2one",100,100,1
"Mob4","MOB4","ortholog_one2one",100,100,1
"Atxn7l3b","ATXN7L3B","ortholog_one2one",100,100,1
"Fermt3","FERMT3","ortholog_one2one",100,100,1
"Prkg2","PRKG2","ortholog_one2one",100,100,1
"Ngly1","NGLY1","ortholog_one2one",100,100,1
"Ern2","ERN2","ortholog_one2one",100,100,1
"Uhmk1","UHMK1","ortholog_one2one",100,100,1
"Ift81","IFT81","ortholog_one2one",50,100,1
"Herc4","HERC4","ortholog_one2one",100,100,1
"Marchf6","MARCHF6","ortholog_one2one",100,100,1
"Ufd1","UFD1","ortholog_one2one",75,100,1
"Trim32","TRIM32","ortholog_one2one",100,100,1
"Rara","RARA","ortholog_one2one",100,100,1
"Tysnd1","TYSND1","ortholog_one2one",100,100,1
"Pfkl","PFKL","ortholog_one2one",100,100,1
"Clmn","CLMN","ortholog_one2one",100,100,1
"Foxred1","FOXRED1","ortholog_one2one",100,100,1
"Ism1","ISM1","ortholog_one2one",100,100,1
"Dip2b","DIP2B","ortholog_one2one",100,100,1
"Astn2","ASTN2","ortholog_one2one",100,100,1
"Ccdc171","CCDC171","ortholog_one2one",100,100,1
"Scgn","SCGN","ortholog_one2one",100,100,1
"Lmln","LMLN","ortholog_one2one",50,100,1
"Sec22b","SEC22B","ortholog_one2one",50,100,1
"Abca12","ABCA12","ortholog_one2one",100,100,1
"Panx3","PANX3","ortholog_one2one",100,100,1
"Apip","APIP","ortholog_one2one",100,100,1
"Ushbp1","USHBP1","ortholog_one2one",100,91.13,1
"Cdh18","CDH18","ortholog_one2one",75,100,1
"H13","HM13","ortholog_one2one",100,100,1
"Uvrag","UVRAG","ortholog_one2one",100,100,1
"Rpl35a","RPL35A","ortholog_one2one",75,100,1
"Rcor1","RCOR1","ortholog_one2one",100,100,1
"Armh4","ARMH4","ortholog_one2one",50,100,1
"C1qa","C1QA","ortholog_one2one",100,100,1
"Atp9a","ATP9A","ortholog_one2one",100,99.96,1
"Pak1","PAK1","ortholog_one2one",75,100,1
"Cnga3","CNGA3","ortholog_one2one",100,100,1
"Itprip","ITPRIP","ortholog_one2one",100,100,1
"Siva1","SIVA1","ortholog_one2one",100,100,1
"Mapkapk3","MAPKAPK3","ortholog_one2one",100,100,1
"Gsto1","GSTO1","ortholog_one2one",100,100,1
"Ppp1r12a","PPP1R12A","ortholog_one2one",100,100,1
"Pkib","PKIB","ortholog_one2one",100,100,1
"Tbc1d5","TBC1D5","ortholog_one2one",100,99.15,1
"Hopx","HOPX","ortholog_one2one",100,100,0
"Terf2","TERF2","ortholog_one2one",100,100,1
"Itgb6","ITGB6","ortholog_one2one",100,100,1
"Zfp692","ZNF692","ortholog_one2one",50,100,1
"Limk1","LIMK1","ortholog_one2one",100,97.38,1
"Igf2bp2","IGF2BP2","ortholog_one2one",100,100,1
"Olfr677","OR52E4","ortholog_one2one",50,100,1
"Cfap43","CFAP43","ortholog_one2one",100,98.72,1
"Epha8","EPHA8","ortholog_one2one",100,100,1
"Mccc2","MCCC2","ortholog_one2one",75,100,1
"Zfp691","ZNF691","ortholog_one2one",100,98.08,1
"Notch2","NOTCH2","ortholog_one2one",75,100,1
"Zfp672","ZNF672","ortholog_one2one",75,100,1
"Gfod1","GFOD1","ortholog_one2one",100,100,1
"Srpr","SRPRA","ortholog_one2one",100,100,1
"Tead1","TEAD1","ortholog_one2one",100,100,1
"Sfswap","SFSWAP","ortholog_one2one",75,100,1
"Ercc2","ERCC2","ortholog_one2one",100,100,1
"Fam189a1","FAM189A1","ortholog_one2one",25,100,1
"Rapgef5","RAPGEF5","ortholog_one2one",50,99.81,1
"Phldb2","PHLDB2","ortholog_one2one",100,100,1
"Ppp2ca","PPP2CA","ortholog_one2one",100,100,1
"Olfr678","OR52E5","ortholog_one2one",100,100,1
"Jakmip1","JAKMIP1","ortholog_one2one",100,100,1
"Dok6","DOK6","ortholog_one2one",75,100,1
"Sap30","SAP30","ortholog_one2one",100,100,1
"Plbd1","PLBD1","ortholog_one2one",100,100,1
"Cish","CISH","ortholog_one2one",100,100,1
"Slc1a7","SLC1A7","ortholog_one2one",100,100,1
"Actr10","ACTR10","ortholog_one2one",50,100,1
"Fam118b","FAM118B","ortholog_one2one",75,100,1
"Mob1a","MOB1A","ortholog_one2one",100,100,1
"Gcg","GCG","ortholog_one2one",100,100,1
"Ap3d1","AP3D1","ortholog_one2one",100,99.97,1
"Zc3h12b","ZC3H12B","ortholog_one2one",100,100,1
"Psmc3","PSMC3","ortholog_one2one",100,100,1
"Hemk1","HEMK1","ortholog_one2one",100,100,1
"Suds3","SUDS3","ortholog_one2one",100,100,1
"Slc31a1","SLC31A1","ortholog_one2one",100,100,1
"Gsto2","GSTO2","ortholog_one2one",100,100,1
"Endov","ENDOV","ortholog_one2one",100,99.53,1
"Fdft1","FDFT1","ortholog_one2one",100,100,1
"Nwd1","NWD1","ortholog_one2one",100,100,1
"H1f8","H1-8","ortholog_one2one",100,100,0
"Card6","CARD6","ortholog_one2one",100,94.5,1
"St3gal5","ST3GAL5","ortholog_one2one",100,96.12,1
"Cdc26","CDC26","ortholog_one2one",100,100,1
"Glo1","GLO1","ortholog_one2one",100,100,1
"Mrpl33","MRPL33","ortholog_one2one",100,100,1
"6430571L13Rik","C3orf18","ortholog_one2one",100,100,1
"Ctsb","CTSB","ortholog_one2one",100,99.24,1
"Gpr107","GPR107","ortholog_one2one",100,99.91,1
"1700125H20Rik","C17orf64","ortholog_one2one",100,100,1
"Setd6","SETD6","ortholog_one2one",100,97.96,1
"Hoxb13","HOXB13","ortholog_one2one",100,100,1
"Cfap61","CFAP61","ortholog_one2one",100,99.4,0
"4932415D10Rik","C2orf16","ortholog_one2one",0,26.69,0
"Itgb7","ITGB7","ortholog_one2one",100,100,1
"Necap1","NECAP1","ortholog_one2one",75,100,1
"Gemin2","GEMIN2","ortholog_one2one",100,100,1
"Gm1043","C4orf50","ortholog_one2one",100,100,0
"Olfr1192-ps1","OR4P4","ortholog_one2one",25,1.16,0
"Sdad1","SDAD1","ortholog_one2one",100,100,1
"Api5","API5","ortholog_one2one",100,100,1
"Stk32a","STK32A","ortholog_one2one",100,100,1
"Spast","SPAST","ortholog_one2one",100,100,1
"Togaram1","TOGARAM1","ortholog_one2one",100,100,1
"Acan","ACAN","ortholog_one2one",100,99.4,1
"Chp2","CHP2","ortholog_one2one",100,100,1
"Mrtfb","MRTFB","ortholog_one2one",100,100,1
"Mlec","MLEC","ortholog_one2one",100,100,1
"Tamm41","TAMM41","ortholog_one2one",100,100,1
"Phf21a","PHF21A","ortholog_one2one",100,100,1
"Ablim3","ABLIM3","ortholog_one2one",100,100,1
"Relt","RELT","ortholog_one2one",100,100,1
"Traf3","TRAF3","ortholog_one2one",100,100,1
"Ndufs1","NDUFS1","ortholog_one2one",100,100,1
"Rarg","RARG","ortholog_one2one",100,100,1
"Plcxd2","PLCXD2","ortholog_one2one",100,100,1
"Trhde","TRHDE","ortholog_one2one",100,100,1
"Ccdc141","CCDC141","ortholog_one2one",100,100,1
"Klhl41","KLHL41","ortholog_one2one",100,100,1
"Ttc17","TTC17","ortholog_one2one",100,100,1
"Noc3l","NOC3L","ortholog_one2one",100,100,1
"Pabpc4l","PABPC4L","ortholog_one2one",100,100,1
"Gpr45","GPR45","ortholog_one2one",100,100,1
"Fam151a","FAM151A","ortholog_one2one",100,100,1
"Erf","ERF","ortholog_one2one",100,100,1
"Dnah8","DNAH8","ortholog_one2one",75,100,1
"Klc3","KLC3","ortholog_one2one",100,100,1
"Cnnm3","CNNM3","ortholog_one2one",100,100,1
"Catip","CATIP","ortholog_one2one",100,89.13,1
"Lcn9","LCN9","ortholog_one2one",100,100,1
"Rpl37","RPL37","ortholog_one2one",100,100,1
"Hmgb2","HMGB2","ortholog_one2one",100,100,1
"Fam76a","FAM76A","ortholog_one2one",100,96.29,1
"Zdhhc13","ZDHHC13","ortholog_one2one",100,100,1
"Trappc6b","TRAPPC6B","ortholog_one2one",100,100,1
"Abca3","ABCA3","ortholog_one2one",100,100,1
"Acot11","ACOT11","ortholog_one2one",100,96.63,1
"Gucy2c","GUCY2C","ortholog_one2one",100,100,1
"Tasp1","TASP1","ortholog_one2one",100,100,1
"Fcer1a","FCER1A","ortholog_one2one",100,100,0
"Slc39a13","SLC39A13","ortholog_one2one",100,100,1
"Plk5","PLK5","ortholog_one2one",100,100,0
"Pcnt","PCNT","ortholog_one2one",100,94.87,1
"Crnkl1","CRNKL1","ortholog_one2one",100,99.42,1
"Pitpnm3","PITPNM3","ortholog_one2one",100,100,1
"Sohlh1","SOHLH1","ortholog_one2one",100,90.46,0
"Slc37a4","SLC37A4","ortholog_one2one",100,100,1
"Appbp2","APPBP2","ortholog_one2one",100,100,1
"Hapln3","HAPLN3","ortholog_one2one",100,96.33,1
"9930021J03Rik","KIAA2026","ortholog_one2one",100,100,1
"Hemgn","HEMGN","ortholog_one2one",100,98.6,0
"Khdrbs2","KHDRBS2","ortholog_one2one",75,100,1
"Cel","CEL","ortholog_one2one",100,93.58,1
"Grk6","GRK6","ortholog_one2one",100,100,1
"Tex48","TEX48","ortholog_one2one",100,100,0
"Mtmr11","MTMR11","ortholog_one2one",100,100,1
"Gm9918","AC021072.1","ortholog_one2one",100,100,1
"Gpr176","GPR176","ortholog_one2one",100,100,1
"Pla2g6","PLA2G6","ortholog_one2one",100,98.69,1
"Mfsd5","MFSD5","ortholog_one2one",100,100,1
"Prob1","PROB1","ortholog_one2one",100,100,1
"Fsip1","FSIP1","ortholog_one2one",100,99.83,0
"Adgrl2","ADGRL2","ortholog_one2one",100,100,1
"Sgsm2","SGSM2","ortholog_one2one",100,99.9,1
"Scfd1","SCFD1","ortholog_one2one",100,100,1
"Znrf1","ZNRF1","ortholog_one2one",100,100,1
"Cd6","CD6","ortholog_one2one",100,100,1
"Zfp661","ZNF2","ortholog_one2one",100,93.2,1
"Rcl1","RCL1","ortholog_one2one",100,100,1
"Cxcl5","CXCL6","ortholog_one2one",75,100,0
"Gtf3c5","GTF3C5","ortholog_one2one",100,100,1
"Kcnj8","KCNJ8","ortholog_one2one",100,100,1
"Amotl2","AMOTL2","ortholog_one2one",100,100,1
"Ppbp","PPBP","ortholog_one2one",0,100,0
"Aldh6a1","ALDH6A1","ortholog_one2one",100,100,1
"Grid2","GRID2","ortholog_one2one",100,100,1
"Ncmap","NCMAP","ortholog_one2one",100,94.74,1
"Cacna2d2","CACNA2D2","ortholog_one2one",100,100,1
"Zfand6","ZFAND6","ortholog_one2one",50,98.12,1
"Sike1","SIKE1","ortholog_one2one",100,100,1
"Sumo3","SUMO3","ortholog_one2one",100,100,1
"Mzb1","MZB1","ortholog_one2one",100,100,1
"Ppl","PPL","ortholog_one2one",100,100,1
"Kif13a","KIF13A","ortholog_one2one",100,100,1
"Ago2","AGO2","ortholog_one2one",100,100,1
"Sf3b4","SF3B4","ortholog_one2one",100,100,1
"Ranbp6","RANBP6","ortholog_one2one",75,100,1
"Mfsd12","MFSD12","ortholog_one2one",100,100,1
"Bbof1","BBOF1","ortholog_one2one",100,100,1
"Drc1","DRC1","ortholog_one2one",100,100,1
"Polr2i","POLR2I","ortholog_one2one",100,100,1
"Pawr","PAWR","ortholog_one2one",100,100,1
"Cadm3","CADM3","ortholog_one2one",100,100,1
"Il31","IL31","ortholog_one2one",100,100,0
"Ptges3l","PTGES3L","ortholog_one2one",100,100,1
"Fzr1","FZR1","ortholog_one2one",75,100,1
"Chrac1","CHRAC1","ortholog_one2one",100,100,1
"Mrpl12","MRPL12","ortholog_one2one",100,100,1
"Lrrc43","LRRC43","ortholog_one2one",100,100,1
"Mindy4","MINDY4","ortholog_one2one",75,100,1
"Dclre1a","DCLRE1A","ortholog_one2one",100,100,1
"Csrp3","CSRP3","ortholog_one2one",100,100,1
"Aak1","AAK1","ortholog_one2one",100,100,1
"Hoxb9","HOXB9","ortholog_one2one",100,100,1
"Tbcb","TBCB","ortholog_one2one",100,95.37,1
"Atic","ATIC","ortholog_one2one",100,100,1
"Lnx1","LNX1","ortholog_one2one",100,100,1
"Ube2g2","UBE2G2","ortholog_one2one",75,100,1
"Rundc1","RUNDC1","ortholog_one2one",100,100,1
"Stip1","STIP1","ortholog_one2one",75,100,1
"Klhl20","KLHL20","ortholog_one2one",75,100,1
"Timm29","TIMM29","ortholog_one2one",100,100,1
"Fbxo36","FBXO36","ortholog_one2one",100,100,1
"Bbs2","BBS2","ortholog_one2one",100,100,1
"Yipf2","YIPF2","ortholog_one2one",100,100,1
"Mxd4","MXD4","ortholog_one2one",100,100,1
"Itga2","ITGA2","ortholog_one2one",75,100,1
"Vpreb3","VPREB3","ortholog_one2one",50,100,1
"Tgfbr3","TGFBR3","ortholog_one2one",100,100,1
"Ackr1","ACKR1","ortholog_one2one",100,100,1
"Aim2","AIM2","ortholog_one2one",100,97.26,1
"AC141477.1","AP000471.1","ortholog_one2one",100,100,1
"Trip12","TRIP12","ortholog_one2one",100,99.97,1
"Ldhd","LDHD","ortholog_one2one",100,100,1
"Sh3bp5l","SH3BP5L","ortholog_one2one",100,100,1
"Urod","UROD","ortholog_one2one",100,100,1
"Eef1b2","EEF1B2","ortholog_one2one",100,100,1
"Spink2","SPINK2","ortholog_one2one",100,100,0
"Hoxb8","HOXB8","ortholog_one2one",100,100,1
"Foxk2","FOXK2","ortholog_one2one",100,100,1
"Sirt5","SIRT5","ortholog_one2one",100,100,1
"Mt4","MT4","ortholog_one2one",100,100,1
"Spic","SPIC","ortholog_one2one",100,100,1
"Tbc1d12","TBC1D12","ortholog_one2one",100,99.01,1
"Nr2e1","NR2E1","ortholog_one2one",100,100,1
"Flrt1","FLRT1","ortholog_one2one",100,100,1
"Ndn","NDN","ortholog_one2one",100,100,1
"Mt3","MT3","ortholog_one2one",75,96.88,1
"Macrod1","MACROD1","ortholog_one2one",100,100,1
"Mkrn3","MKRN3","ortholog_one2one",50,97.82,1
"Magel2","MAGEL2","ortholog_one2one",75,96.15,1
"Carm1","CARM1","ortholog_one2one",100,100,1
"Theg","THEG","ortholog_one2one",100,100,1
"4930404N11Rik","C19orf71","ortholog_one2one",100,100,1
"Hoxb7","HOXB7","ortholog_one2one",100,100,1
"Sec14l5","SEC14L5","ortholog_one2one",100,100,1
"Adam30","ADAM30","ortholog_one2one",100,93.91,1
"Map7d3","MAP7D3","ortholog_one2one",100,93.99,0
"Plxnd1","PLXND1","ortholog_one2one",75,100,1
"Nhlrc2","NHLRC2","ortholog_one2one",100,100,1
"Olfr722","OR4N5","ortholog_one2one",50,100,1
"Atoh8","ATOH8","ortholog_one2one",100,100,1
"Rbfox2","RBFOX2","ortholog_one2one",100,100,1
"Atf1","ATF1","ortholog_one2one",100,100,1
"Sh3tc2","SH3TC2","ortholog_one2one",100,100,1
"Slc43a1","SLC43A1","ortholog_one2one",100,100,1
"Tada3","TADA3","ortholog_one2one",100,100,1
"Olfr145","OR8B8","ortholog_one2one",100,100,1
"Hoxb5","HOXB5","ortholog_one2one",100,100,1
"Nr1d2","NR1D2","ortholog_one2one",100,100,1
"Rbm19","RBM19","ortholog_one2one",100,100,1
"Gpnmb","GPNMB","ortholog_one2one",50,96.99,1
"Reg4","REG4","ortholog_one2one",100,100,1
"Syn3","SYN3","ortholog_one2one",75,100,1
"Olfr878","OR8B4","ortholog_one2one",100,100,1
"Rccd1","RCCD1","ortholog_one2one",100,100,1
"Hoxb6","HOXB6","ortholog_one2one",100,100,1
"Rnf144b","RNF144B","ortholog_one2one",75,100,1
"Ino80d","INO80D","ortholog_one2one",100,100,1
"Rest","REST","ortholog_one2one",100,100,1
"Ocrl","OCRL","ortholog_one2one",50,100,1
"Dhx16","DHX16","ortholog_one2one",100,100,1
"Zfhx4","ZFHX4","ortholog_one2one",75,100,1
"Tbc1d14","TBC1D14","ortholog_one2one",100,99.41,1
"E2f8","E2F8","ortholog_one2one",100,100,1
"Socs2","SOCS2","ortholog_one2one",100,100,1
"Aifm2","AIFM2","ortholog_one2one",100,100,1
"Zc3h7a","ZC3H7A","ortholog_one2one",100,100,1
"Clasp1","CLASP1","ortholog_one2one",100,100,1
"Aqp1","AQP1","ortholog_one2one",50,100,1
"Dnah3","DNAH3","ortholog_one2one",100,99.65,1
"Crls1","CRLS1","ortholog_one2one",100,100,1
"Fastkd1","FASTKD1","ortholog_one2one",100,100,1
"Slit3","SLIT3","ortholog_one2one",100,100,1
"Svip","SVIP","ortholog_one2one",100,100,1
"Skp1a","SKP1","ortholog_one2one",100,100,1
"Cyb5b","CYB5B","ortholog_one2one",100,100,1
"Timp3","TIMP3","ortholog_one2one",50,100,1
"Nos1ap","NOS1AP","ortholog_one2one",75,100,1
"Otub1","OTUB1","ortholog_one2one",75,97.07,1
"Ryk","RYK","ortholog_one2one",100,100,1
"Zbtb40","ZBTB40","ortholog_one2one",100,100,1
"Nav2","NAV2","ortholog_one2one",100,100,1
"Prc1","PRC1","ortholog_one2one",100,100,1
"Podn","PODN","ortholog_one2one",100,100,1
"Cxcl9","CXCL9","ortholog_one2one",100,100,1
"Tlr4","TLR4","ortholog_one2one",100,100,1
"Mt2","MT1X","ortholog_one2one",100,0,1
"Clec4a1","CLEC4A","ortholog_one2one",50,0,0
"Far1","FAR1","ortholog_one2one",100,100,1
"Dcun1d3","DCUN1D3","ortholog_one2one",100,100,1
"Megf10","MEGF10","ortholog_one2one",100,100,1
"Prpf40a","PRPF40A","ortholog_one2one",100,100,1
"Adrb2","ADRB2","ortholog_one2one",100,100,1
"Zbtb8os","ZBTB8OS","ortholog_one2one",100,100,1
"Csf2","CSF2","ortholog_one2one",100,100,1
"Ugt1a1","UGT1A1","ortholog_one2one",100,100,1
"Pard3","PARD3","ortholog_one2one",50,99.61,1
"Htra3","HTRA3","ortholog_one2one",100,100,1
"Abcf3","ABCF3","ortholog_one2one",100,100,1
"Lyrm1","LYRM1","ortholog_one2one",100,100,1
"Kctd1","KCTD1","ortholog_one2one",100,100,1
"Il33","IL33","ortholog_one2one",100,100,1
"Macroh2a2","MACROH2A2","ortholog_one2one",100,100,1
"Rab3a","RAB3A","ortholog_one2one",100,100,1
"Prkn","PRKN","ortholog_one2one",100,100,1
"Tgfbrap1","TGFBRAP1","ortholog_one2one",100,100,1
"Scp2","SCP2","ortholog_one2one",100,100,1
"Arl1","ARL1","ortholog_one2one",100,100,1
"Pgk1","PGK1","ortholog_one2one",100,100,1
"Txndc16","TXNDC16","ortholog_one2one",50,100,1
"Cidea","CIDEA","ortholog_one2one",100,100,1
"Hmgcs2","HMGCS2","ortholog_one2one",100,100,1
"Spata46","SPATA46","ortholog_one2one",75,100,1
"Heca","HECA","ortholog_one2one",100,100,1
"Ermap","ERMAP","ortholog_one2one",100,98.53,1
"Gm7694","AL512785.2","ortholog_one2one",75,100,1
"Impa2","IMPA2","ortholog_one2one",100,100,1
"Zbtb8a","ZBTB8A","ortholog_one2one",100,100,1
"Tmprss12","TMPRSS12","ortholog_one2one",100,100,1
"Mzf1","MZF1","ortholog_one2one",50,100,1
"Adam9","ADAM9","ortholog_one2one",100,95.93,1
"Dnajc18","DNAJC18","ortholog_one2one",75,100,1
"Dgat2","DGAT2","ortholog_one2one",100,100,1
"Taf9b","TAF9B","ortholog_one2one",100,97.88,1
"Pxk","PXK","ortholog_one2one",100,100,1
"Btbd9","BTBD9","ortholog_one2one",100,100,1
"Rftn2","RFTN2","ortholog_one2one",100,100,1
"Nr2c1","NR2C1","ortholog_one2one",100,100,1
"Slc15a2","SLC15A2","ortholog_one2one",100,100,1
"Glul","GLUL","ortholog_one2one",100,100,1
"Mpv17l2","MPV17L2","ortholog_one2one",100,93.56,1
"Babam1","BABAM1","ortholog_one2one",100,100,1
"Nptx1","NPTX1","ortholog_one2one",100,100,1
"Zfp57","ZFP57","ortholog_one2one",100,97.35,0
"Birc5","BIRC5","ortholog_one2one",100,93.56,1
"Sftpb","SFTPB","ortholog_one2one",75,100,1
"Ghrhr","GHRHR","ortholog_one2one",100,100,1
"1700066B19Rik","SMIM33","ortholog_one2one",100,100,1
"C2cd4c","C2CD4C","ortholog_one2one",100,100,1
"Crygc","CRYGC","ortholog_one2one",100,100,1
"Slco2a1","SLCO2A1","ortholog_one2one",100,100,1
"Il3","IL3","ortholog_one2one",100,100,0
"Zfp516","ZNF516","ortholog_one2one",100,100,1
"Otx1","OTX1","ortholog_one2one",100,100,1
"Arrb2","ARRB2","ortholog_one2one",100,100,1
"Syne3","SYNE3","ortholog_one2one",100,100,1
"Sgsm1","SGSM1","ortholog_one2one",50,100,1
"Trpd52l3","TPD52L3","ortholog_one2one",100,100,0
"Esf1","ESF1","ortholog_one2one",100,100,1
"Crygb","CRYGB","ortholog_one2one",100,100,1
"Htr4","HTR4","ortholog_one2one",75,97.09,1
"Agtpbp1","AGTPBP1","ortholog_one2one",100,100,1
"1700015G11Rik","CCDC179","ortholog_one2one",75,96.7,1
"Ube2j1","UBE2J1","ortholog_one2one",100,100,1
"Adamts6","ADAMTS6","ortholog_one2one",100,100,1
"Hells","HELLS","ortholog_one2one",100,95.64,1
"Cox8a","COX8A","ortholog_one2one",100,100,1
"Ovol3","OVOL3","ortholog_one2one",100,100,1
"Tmem132a","TMEM132A","ortholog_one2one",100,100,1
"Chad","CHAD","ortholog_one2one",100,100,1
"Zfyve28","ZFYVE28","ortholog_one2one",100,100,1
"Rnf5","RNF5","ortholog_one2one",100,100,1
"Id4","ID4","ortholog_one2one",50,100,1
"Zfr2","ZFR2","ortholog_one2one",100,86.92,0
"Acsf2","ACSF2","ortholog_one2one",100,100,1
"Atoh1","ATOH1","ortholog_one2one",100,100,1
"Slc15a3","SLC15A3","ortholog_one2one",100,100,1
"Brinp1","BRINP1","ortholog_one2one",100,100,1
"Mt1","MT1A","ortholog_one2one",100,83.77,1
"Piwil2","PIWIL2","ortholog_one2one",100,100,1
"Mymx","MYMX","ortholog_one2one",100,100,1
"Higd1c","HIGD1C","ortholog_one2one",100,100,1
"Anp32b","ANP32B","ortholog_one2one",100,100,1
"Tc2n","TC2N","ortholog_one2one",75,100,1
"Ankrd39","ANKRD39","ortholog_one2one",100,100,1
"Serinc2","SERINC2","ortholog_one2one",100,100,1
"Ccna2","CCNA2","ortholog_one2one",100,100,1
"Tcf7","TCF7","ortholog_one2one",100,100,0
"Epb41l2","EPB41L2","ortholog_one2one",100,100,1
"Id1","ID1","ortholog_one2one",100,100,1
"Gdpd4","GDPD4","ortholog_one2one",100,97.54,1
"Ptpn3","PTPN3","ortholog_one2one",100,100,1
"Tmem82","TMEM82","ortholog_one2one",100,100,1
"Rab6b","RAB6B","ortholog_one2one",100,100,1
"Tex50","TEX50","ortholog_one2one",100,100,1
"Slc25a15","SLC25A15","ortholog_one2one",25,100,1
"Phgdh","PHGDH","ortholog_one2one",100,100,1
"H4f16","H4C14","ortholog_one2one",0,0,0
"Lrif1","LRIF1","ortholog_one2one",100,100,1
"Syn2","SYN2","ortholog_one2one",100,100,1
"Itgav","ITGAV","ortholog_one2one",100,100,1
"Olfr195","OR5K3","ortholog_one2one",25,0,0
"Cryga","CRYGA","ortholog_one2one",100,100,1
"Crmp1","CRMP1","ortholog_one2one",100,100,1
"Srprb","SRPRB","ortholog_one2one",100,100,1
"Mmp17","MMP17","ortholog_one2one",50,100,1
"H2aj","H2AJ","ortholog_one2one",100,100,1
"Arl10","ARL10","ortholog_one2one",100,100,1
"Rbak","RBAK","ortholog_one2one",0,100,1
"Zcchc17","ZCCHC17","ortholog_one2one",75,100,1
"Arpc4","ARPC4","ortholog_one2one",100,100,1
"Sun1","SUN1","ortholog_one2one",100,99.8,1
"Nol7","NOL7","ortholog_one2one",100,100,1
"Dgkb","DGKB","ortholog_one2one",100,100,1
"Olfr728","OR4K1","ortholog_one2one",100,100,1
"Gpr137c","GPR137C","ortholog_one2one",100,100,1
"Ttc33","TTC33","ortholog_one2one",100,100,1
"Exosc9","EXOSC9","ortholog_one2one",100,100,1
"Capn11","CAPN11","ortholog_one2one",100,98.74,1
"AI597479","C2orf49","ortholog_one2one",100,100,1
"Mogat2","MOGAT2","ortholog_one2one",100,100,1
"Trf","TF","ortholog_one2one",100,100,1
"Glp1r","GLP1R","ortholog_one2one",50,99.67,1
"Fabp3","FABP3","ortholog_one2one",100,100,1
"Coch","COCH","ortholog_one2one",100,100,1
"Sall4","SALL4","ortholog_one2one",100,100,1
"Brdt","BRDT","ortholog_one2one",100,99.25,1
"Jakmip3","JAKMIP3","ortholog_one2one",100,94.76,1
"Rpl15","RPL15","ortholog_one2one",100,100,1
"Txndc17","TXNDC17","ortholog_one2one",100,100,1
"Nup188","NUP188","ortholog_one2one",100,100,1
"Mettl18","METTL18","ortholog_one2one",100,100,1
"Ranbp9","RANBP9","ortholog_one2one",100,100,1
"Gm5767","LITAFD","ortholog_one2one",100,100,1
"Rcn3","RCN3","ortholog_one2one",100,94.69,1
"Cabp1","CABP1","ortholog_one2one",100,100,1
"Cavin2","CAVIN2","ortholog_one2one",100,100,1
"Cox4i2","COX4I2","ortholog_one2one",100,100,1
"Mrps18b","MRPS18B","ortholog_one2one",100,100,1
"Timp4","TIMP4","ortholog_one2one",100,100,1
"Luzp2","LUZP2","ortholog_one2one",50,100,1
"Ptger4","PTGER4","ortholog_one2one",100,100,1
"Tjp1","TJP1","ortholog_one2one",50,100,1
"Nr1h2","NR1H2","ortholog_one2one",100,100,1
"Fads6","FADS6","ortholog_one2one",75,100,1
"Adgrg4","ADGRG4","ortholog_one2one",100,100,0
"Nkiras1","NKIRAS1","ortholog_one2one",100,100,1
"Sele","SELE","ortholog_one2one",50,100,1
"Hectd3","HECTD3","ortholog_one2one",100,100,1
"D5Ertd579e","KIAA0232","ortholog_one2one",100,100,1
"Med8","MED8","ortholog_one2one",100,100,1
"Prkaa1","PRKAA1","ortholog_one2one",75,100,1
"Fyttd1","FYTTD1","ortholog_one2one",50,100,1
"Ube2e1","UBE2E1","ortholog_one2one",75,100,1
"Terb2","TERB2","ortholog_one2one",100,100,1
"Glrx5","GLRX5","ortholog_one2one",100,100,1
"Akt2","AKT2","ortholog_one2one",100,100,1
"Fcgrt","FCGRT","ortholog_one2one",100,99.44,1
"Slfn14","SLFN14","ortholog_one2one",75,100,1
"Prpf4","PRPF4","ortholog_one2one",100,100,1
"Rab34","RAB34","ortholog_one2one",100,100,1
"Nrxn1","NRXN1","ortholog_one2one",50,100,1
"Acmsd","ACMSD","ortholog_one2one",100,100,1
"Mfge8","MFGE8","ortholog_one2one",100,100,1
"Smco3","SMCO3","ortholog_one2one",100,100,1
"Tnfsf15","TNFSF15","ortholog_one2one",100,100,1
"Cmbl","CMBL","ortholog_one2one",100,100,1
"Wdr45b","WDR45B","ortholog_one2one",100,100,1
"Evc","EVC","ortholog_one2one",100,100,1
"Slc25a34","SLC25A34","ortholog_one2one",100,100,1
"BC049715","C12orf60","ortholog_one2one",100,100,1
"Pds5b","PDS5B","ortholog_one2one",100,100,1
"Gcgr","GCGR","ortholog_one2one",100,100,1
"Rhbdl3","RHBDL3","ortholog_one2one",50,100,1
"Chrna7","CHRNA7","ortholog_one2one",50,100,1
"Aifm3","AIFM3","ortholog_one2one",100,100,1
"Tmem39a","TMEM39A","ortholog_one2one",100,100,1
"Fkbp4","FKBP4","ortholog_one2one",50,100,1
"Atat1","ATAT1","ortholog_one2one",100,100,1
"Mrpl13","MRPL13","ortholog_one2one",100,97.71,1
"Med21","MED21","ortholog_one2one",100,92.6,1
"Sp100","SP140","ortholog_one2one",100,4.16,0
"Slc6a2","SLC6A2","ortholog_one2one",100,100,1
"Gfi1b","GFI1B","ortholog_one2one",100,100,1
"Lhx5","LHX5","ortholog_one2one",100,100,1
"Pidd1","PIDD1","ortholog_one2one",100,100,1
"Tm7sf3","TM7SF3","ortholog_one2one",100,100,1
"Lpcat1","LPCAT1","ortholog_one2one",100,100,1
"Syt1","SYT1","ortholog_one2one",100,100,1
"Noa1","NOA1","ortholog_one2one",100,100,1
"Slc11a2","SLC11A2","ortholog_one2one",100,100,1
"Brs3","BRS3","ortholog_one2one",100,100,1
"Adrb1","ADRB1","ortholog_one2one",100,100,1
"Fbxo38","FBXO38","ortholog_one2one",75,100,1
"Mtbp","MTBP","ortholog_one2one",100,100,1
"Cd53","CD53","ortholog_one2one",100,100,1
"Apln","APLN","ortholog_one2one",100,100,1
"Cdca7l","CDCA7L","ortholog_one2one",75,100,1
"Sin3b","SIN3B","ortholog_one2one",75,98.76,1
"Olfr685","OR52L1","ortholog_one2one",100,100,1
"Rubcn","RUBCN","ortholog_one2one",50,100,1
"Mog","MOG","ortholog_one2one",75,100,1
"1190007I07Rik","C12orf73","ortholog_one2one",50,0.22,0
"Bcl2l1","BCL2L1","ortholog_one2one",100,100,1
"Trim14","TRIM14","ortholog_one2one",100,100,1
"Rnf183","RNF183","ortholog_one2one",100,100,1
"Dolk","DOLK","ortholog_one2one",100,100,1
"Jak2","JAK2","ortholog_one2one",100,100,1
"Rtn4rl2","RTN4RL2","ortholog_one2one",100,100,1
"Dnah11","DNAH11","ortholog_one2one",100,99.84,1
"Phyhd1","PHYHD1","ortholog_one2one",100,100,0
"Uhrf2","UHRF2","ortholog_one2one",75,100,1
"Ros1","ROS1","ortholog_one2one",100,100,1
"Wdr88","WDR88","ortholog_one2one",100,77.56,0
"Mthfd2l","MTHFD2L","ortholog_one2one",75,100,1
"Bola3","BOLA3","ortholog_one2one",100,100,1
"Mex3d","MEX3D","ortholog_one2one",100,98.52,1
"Csde1","CSDE1","ortholog_one2one",100,100,1
"Arhgef17","ARHGEF17","ortholog_one2one",100,100,1
"Coro2a","CORO2A","ortholog_one2one",100,100,1
"Arid3a","ARID3A","ortholog_one2one",100,100,1
"Flrt2","FLRT2","ortholog_one2one",100,100,1
"Akt1","AKT1","ortholog_one2one",100,100,1
"Mars2","MARS2","ortholog_one2one",100,100,1
"Phactr4","PHACTR4","ortholog_one2one",100,100,1
"Nup210l","NUP210L","ortholog_one2one",100,100,1
"Olfml2b","OLFML2B","ortholog_one2one",100,100,1
"Gm12695","C1orf87","ortholog_one2one",100,100,1
"Tph2","TPH2","ortholog_one2one",100,100,1
"Klf3","KLF3","ortholog_one2one",100,100,1
"Miip","MIIP","ortholog_one2one",100,100,1
"Nasp","NASP","ortholog_one2one",100,100,1
"Ttc16","TTC16","ortholog_one2one",100,99.59,0
"Elovl1","ELOVL1","ortholog_one2one",100,100,1
"Ifnar1","IFNAR1","ortholog_one2one",100,96.66,0
"Otop2","OTOP2","ortholog_one2one",100,100,1
"Atp6ap1l","ATP6AP1L","ortholog_one2one",100,96.43,0
"Kcna3","KCNA3","ortholog_one2one",100,100,1
"Prkcb","PRKCB","ortholog_one2one",100,100,1
"Nans","NANS","ortholog_one2one",100,100,1
"Rab40b","RAB40B","ortholog_one2one",100,100,1
"Lonp2","LONP2","ortholog_one2one",100,100,1
"Tnfsf8","TNFSF8","ortholog_one2one",100,100,1
"Prpf39","PRPF39","ortholog_one2one",100,100,1
"Odf3l2","ODF3L2","ortholog_one2one",100,100,1
"Ush1g","USH1G","ortholog_one2one",100,100,1
"Boll","BOLL","ortholog_one2one",100,97.74,1
"Ccdc89","CCDC89","ortholog_one2one",100,100,1
"Sestd1","SESTD1","ortholog_one2one",100,100,1
"Fech","FECH","ortholog_one2one",100,100,1
"Mrps5","MRPS5","ortholog_one2one",75,100,1
"Tmcc1","TMCC1","ortholog_one2one",50,100,1
"Mrps31","MRPS31","ortholog_one2one",25,100,1
"Ephx4","EPHX4","ortholog_one2one",100,100,1
"Grik4","GRIK4","ortholog_one2one",100,100,1
"Slc43a3","SLC43A3","ortholog_one2one",100,100,1
"Pyroxd2","PYROXD2","ortholog_one2one",100,100,1
"Mybl1","MYBL1","ortholog_one2one",100,100,1
"Pank3","PANK3","ortholog_one2one",100,100,1
"Clgn","CLGN","ortholog_one2one",75,100,1
"Fgr","FGR","ortholog_one2one",100,100,1
"Usp40","USP40","ortholog_one2one",100,100,1
"Fhl2","FHL2","ortholog_one2one",100,100,1
"Cdc20","CDC20","ortholog_one2one",100,100,1
"Csf3r","CSF3R","ortholog_one2one",100,100,1
"Dpysl3","DPYSL3","ortholog_one2one",100,100,1
"Amotl1","AMOTL1","ortholog_one2one",100,100,1
"Kcna2","KCNA2","ortholog_one2one",100,100,1
"2310061I04Rik","C6orf136","ortholog_one2one",100,100,1
"Med31","MED31","ortholog_one2one",100,100,1
"Tubb6","TUBB6","ortholog_one2one",100,100,1
"Topbp1","TOPBP1","ortholog_one2one",100,100,1
"Hoxb4","HOXB4","ortholog_one2one",100,100,1
"Hrob","HROB","ortholog_one2one",100,99,1
"Rps27","RPS27","ortholog_one2one",100,100,1
"Pop5","POP5","ortholog_one2one",100,100,1
"Htatsf1","HTATSF1","ortholog_one2one",100,100,1
"Usp39","USP39","ortholog_one2one",100,100,1
"Cdkn2c","CDKN2C","ortholog_one2one",100,100,1
"4930563E22Rik","C17orf100","ortholog_one2one",100,100,1
"Otud7a","OTUD7A","ortholog_one2one",75,100,1
"Fkbp3","FKBP3","ortholog_one2one",100,100,1
"Svbp","SVBP","ortholog_one2one",75,100,1
"Galnt7","GALNT7","ortholog_one2one",100,100,1
"Pnn","PNN","ortholog_one2one",100,100,1
"Crabp2","CRABP2","ortholog_one2one",100,100,1
"Amn","AMN","ortholog_one2one",100,100,1
"Mal","MAL","ortholog_one2one",50,100,1
"Snorc","SNORC","ortholog_one2one",100,100,1
"Smg6","SMG6","ortholog_one2one",100,100,1
"Lhx2","LHX2","ortholog_one2one",100,100,1
"Tor2a","TOR2A","ortholog_one2one",100,100,1
"Ndufv3","NDUFV3","ortholog_one2one",100,100,0
"Fam171b","FAM171B","ortholog_one2one",100,100,1
"Nabp1","NABP1","ortholog_one2one",100,100,1
"Mdm4","MDM4","ortholog_one2one",100,100,1
"Hoxb3","HOXB3","ortholog_one2one",100,100,1
"0610030E20Rik","C2orf68","ortholog_one2one",100,100,1
"Rnf10","RNF10","ortholog_one2one",100,100,1
"Ndufaf5","NDUFAF5","ortholog_one2one",100,100,1
"Srcin1","SRCIN1","ortholog_one2one",100,100,1
"Map6","MAP6","ortholog_one2one",100,96.12,1
"Agpat1","AGPAT1","ortholog_one2one",100,100,1
"Rimbp2","RIMBP2","ortholog_one2one",100,100,1
"Fap","FAP","ortholog_one2one",100,100,1
"Otop3","OTOP3","ortholog_one2one",75,100,1
"Isg15","ISG15","ortholog_one2one",100,100,1
"Adgra2","ADGRA2","ortholog_one2one",100,100,1
"Hoxb2","HOXB2","ortholog_one2one",100,100,1
"Bnc2","BNC2","ortholog_one2one",100,100,1
"Tulp1","TULP1","ortholog_one2one",100,100,1
"Zfp11","ZNF345","ortholog_one2one",0,0,0
"Nfu1","NFU1","ortholog_one2one",100,100,1
"Fam45a","DENND10","ortholog_one2one",100,100,1
"Tmem273","TMEM273","ortholog_one2one",100,100,0
"Insl6","INSL6","ortholog_one2one",100,100,0
"Septin14","SEPTIN14","ortholog_one2one",50,100,1
"Dglucy","DGLUCY","ortholog_one2one",100,100,1
"Taok3","TAOK3","ortholog_one2one",100,100,1
"Olfr729","OR4K5","ortholog_one2one",100,100,1
"Gata1","GATA1","ortholog_one2one",100,100,1
"Fabp7","FABP7","ortholog_one2one",75,100,1
"Mrpl42","MRPL42","ortholog_one2one",100,91.87,1
"Olfr730","OR4K2","ortholog_one2one",100,100,1
"Prim2","PRIM2","ortholog_one2one",75,94.85,1
"Atf6","ATF6","ortholog_one2one",100,100,1
"Gsn","GSN","ortholog_one2one",100,100,1
"Btnl9","BTNL9","ortholog_one2one",75,100,1
"Fam170b","FAM170B","ortholog_one2one",100,95.65,0
"Ranbp2","RANBP2","ortholog_one2one",100,99.2,1
"Zswim3","ZSWIM3","ortholog_one2one",100,100,1
"Letmd1","LETMD1","ortholog_one2one",100,100,1
"Polr3d","POLR3D","ortholog_one2one",100,100,1
"Art4","ART4","ortholog_one2one",100,100,1
"Nhlrc1","NHLRC1","ortholog_one2one",100,100,1
"Zswim1","ZSWIM1","ortholog_one2one",100,100,1
"Egfl8","EGFL8","ortholog_one2one",100,100,1
"Zfp84","ZNF781","ortholog_one2one",50,92.83,0
"Myo10","MYO10","ortholog_one2one",100,100,1
"Spata25","SPATA25","ortholog_one2one",100,100,1
"Epgn","EPGN","ortholog_one2one",50,100,1
"Tet3","TET3","ortholog_one2one",100,100,1
"Idh1","IDH1","ortholog_one2one",100,100,1
"Fn3krp","FN3KRP","ortholog_one2one",100,100,1
"Srr","SRR","ortholog_one2one",100,100,1
"Dgkd","DGKD","ortholog_one2one",100,99.83,1
"Scoc","SCOC","ortholog_one2one",50,100,1
"2610028H24Rik","C21orf58","ortholog_one2one",75,94.46,0
"Pknox1","PKNOX1","ortholog_one2one",100,100,1
"Neil2","NEIL2","ortholog_one2one",100,100,1
"Brf2","BRF2","ortholog_one2one",100,100,1
"Bsdc1","BSDC1","ortholog_one2one",75,100,1
"Glod5","GLOD5","ortholog_one2one",100,100,1
"Kcna10","KCNA10","ortholog_one2one",100,100,1
"Pex12","PEX12","ortholog_one2one",50,100,1
"Ereg","EREG","ortholog_one2one",100,100,1
"Ring1","RING1","ortholog_one2one",100,100,1
"Tshz1","TSHZ1","ortholog_one2one",100,100,1
"Ybey","YBEY","ortholog_one2one",100,99.19,1
"Zfp697","ZNF697","ortholog_one2one",100,100,1
"Phyhip","PHYHIP","ortholog_one2one",100,100,1
"Zfp280b","ZNF280B","ortholog_one2one",0,100,1
"Mcm3ap","MCM3AP","ortholog_one2one",100,100,1
"Smim19","SMIM19","ortholog_one2one",50,98.94,1
"Tpx2","TPX2","ortholog_one2one",100,98.22,1
"Zadh2","ZADH2","ortholog_one2one",100,100,1
"Las1l","LAS1L","ortholog_one2one",100,99.04,1
"Nfia","NFIA","ortholog_one2one",100,100,1
"Adgrl4","ADGRL4","ortholog_one2one",100,95.06,1
"Wrn","WRN","ortholog_one2one",75,100,1
"Pex2","PEX2","ortholog_one2one",100,100,1
"Rps23","RPS23","ortholog_one2one",100,100,1
"Wscd2","WSCD2","ortholog_one2one",50,100,1
"Mall","MALL","ortholog_one2one",50,100,1
"Slc20a2","SLC20A2","ortholog_one2one",75,100,1
"Afg3l2","AFG3L2","ortholog_one2one",100,100,1
"Dpysl4","DPYSL4","ortholog_one2one",100,100,1
"Myh1","MYH1","ortholog_one2one",100,100,1
"Smpdl3a","SMPDL3A","ortholog_one2one",50,100,1
"Ap2b1","AP2B1","ortholog_one2one",100,100,1
"Gpr68","GPR68","ortholog_one2one",100,100,1
"5730455P16Rik","C17orf75","ortholog_one2one",100,100,1
"Slco5a1","SLCO5A1","ortholog_one2one",100,100,1
"Csrnp2","CSRNP2","ortholog_one2one",100,100,1
"Pla1a","PLA1A","ortholog_one2one",100,100,1
"Lgals3","LGALS3","ortholog_one2one",100,98.01,1
"Dgat1","DGAT1","ortholog_one2one",100,100,1
"Nfat5","NFAT5","ortholog_one2one",100,100,1
"Unc13b","UNC13B","ortholog_one2one",100,99.71,0
"Zfp30","ZFP30","ortholog_one2one",50,90.83,1
"Cdv3","CDV3","ortholog_one2one",100,100,1
"Wdr18","WDR18","ortholog_one2one",100,100,1
"Zfp64","ZFP64","ortholog_one2one",100,100,1
"Fbll1","FBLL1","ortholog_one2one",100,100,1
"Adprh","ADPRH","ortholog_one2one",100,100,1
"Brwd1","BRWD1","ortholog_one2one",100,100,1
"Arl6ip6","ARL6IP6","ortholog_one2one",100,100,1
"Tmem109","TMEM109","ortholog_one2one",100,100,1
"Malsu1","MALSU1","ortholog_one2one",50,100,1
"Atg10","ATG10","ortholog_one2one",100,100,1
"Spink13","SPINK13","ortholog_one2one",25,100,1
"B3gnt4","B3GNT4","ortholog_one2one",100,97.99,1
"Snrnp40","SNRNP40","ortholog_one2one",75,100,1
"Igf2bp3","IGF2BP3","ortholog_one2one",100,100,1
"Acad9","ACAD9","ortholog_one2one",0,84.15,1
"Diablo","DIABLO","ortholog_one2one",100,100,1
"Rasgef1b","RASGEF1B","ortholog_one2one",100,100,1
"Chrne","CHRNE","ortholog_one2one",100,100,1
"Mrps15","MRPS15","ortholog_one2one",100,100,1
"Spink7","SPINK7","ortholog_one2one",50,100,1
"Magi1","MAGI1","ortholog_one2one",100,100,1
"Srek1ip1","SREK1IP1","ortholog_one2one",100,100,1
"Crebzf","CREBZF","ortholog_one2one",100,100,1
"Vdac1","VDAC1","ortholog_one2one",100,100,1
"Insm1","INSM1","ortholog_one2one",100,100,1
"Polr1c","POLR1C","ortholog_one2one",100,100,1
"Sell","SELL","ortholog_one2one",100,97.22,1
"Fam131b","FAM131B","ortholog_one2one",100,100,1
"Prox1","PROX1","ortholog_one2one",100,100,1
"Cwc27","CWC27","ortholog_one2one",100,100,1
"Tm2d2","TM2D2","ortholog_one2one",100,100,1
"Ube2ql1","UBE2QL1","ortholog_one2one",75,97.19,1
"4930544D05Rik","C17orf107","ortholog_one2one",100,100,1
"Fbln5","FBLN5","ortholog_one2one",50,98.08,1
"Laptm4b","LAPTM4B","ortholog_one2one",100,100,1
"Zfp1","ZFP1","ortholog_one2one",100,100,1
"Setd5","SETD5","ortholog_one2one",100,100,1
"Perm1","PERM1","ortholog_one2one",100,100,0
"Napsa","NAPSA","ortholog_one2one",100,100,1
"Tsr1","TSR1","ortholog_one2one",100,100,1
"Oscp1","OSCP1","ortholog_one2one",100,100,1
"Tmem63b","TMEM63B","ortholog_one2one",100,100,1
"Asb16","ASB16","ortholog_one2one",100,100,1
"Eif2b3","EIF2B3","ortholog_one2one",100,100,1
"Col11a1","COL11A1","ortholog_one2one",100,100,1
"Glipr1l2","GLIPR1L2","ortholog_one2one",0,100,1
"Sord","SORD","ortholog_one2one",100,100,1
"Zbtb42","ZBTB42","ortholog_one2one",100,100,1
"Chml","CHML","ortholog_one2one",100,100,1
"Prelid3a","PRELID3A","ortholog_one2one",100,92.2,1
"Opn3","OPN3","ortholog_one2one",100,100,1
"Nkain1","NKAIN1","ortholog_one2one",0,100,1
"Galk1","GALK1","ortholog_one2one",100,100,1
"Ccnt2","CCNT2","ortholog_one2one",100,100,1
"Sdsl","SDSL","ortholog_one2one",100,100,1
"Eln","ELN","ortholog_one2one",100,89.38,1
"Wdr62","WDR62","ortholog_one2one",100,100,1
"Spon1","SPON1","ortholog_one2one",100,100,1
"Cfap99","CFAP99","ortholog_one2one",100,100,1
"Parn","PARN","ortholog_one2one",100,100,1
"Ctsa","CTSA","ortholog_one2one",100,100,1
"Ndufa12","NDUFA12","ortholog_one2one",100,100,1
"Nes","NES","ortholog_one2one",100,94.79,1
"Ubxn6","UBXN6","ortholog_one2one",100,100,1
"Rnf4","RNF4","ortholog_one2one",100,100,1
"Zfp407","ZNF407","ortholog_one2one",100,100,1
"Tmem150a","TMEM150A","ortholog_one2one",75,100,1
"Proca1","PROCA1","ortholog_one2one",100,100,0
"Cd80","CD80","ortholog_one2one",100,93.72,0
"Neil1","NEIL1","ortholog_one2one",100,100,1
"Clcn1","CLCN1","ortholog_one2one",100,100,1
"Dync1i2","DYNC1I2","ortholog_one2one",100,100,1
"Vstm4","VSTM4","ortholog_one2one",75,100,1
"Cfap58","CFAP58","ortholog_one2one",100,100,1
"Itgb4","ITGB4","ortholog_one2one",100,100,1
"Agpat4","AGPAT4","ortholog_one2one",75,100,1
"Nap1l5","NAP1L5","ortholog_one2one",50,100,1
"Slc2a2","SLC2A2","ortholog_one2one",100,100,1
"Rprm","RPRM","ortholog_one2one",100,100,1
"Mettl6","METTL6","ortholog_one2one",100,97.15,1
"C1qtnf5","C1QTNF5","ortholog_one2one",75,100,1
"Fbxo33","FBXO33","ortholog_one2one",100,100,1
"N4bp1","N4BP1","ortholog_one2one",100,100,1
"Mrpl40","MRPL40","ortholog_one2one",100,100,1
"Lpp","LPP","ortholog_one2one",100,100,1
"Madcam1","MADCAM1","ortholog_one2one",100,100,0
"Cdc42bpb","CDC42BPB","ortholog_one2one",100,100,1
"F5","F5","ortholog_one2one",100,99.83,1
"Ptrh1","PTRH1","ortholog_one2one",100,100,1
"Tmem108","TMEM108","ortholog_one2one",100,100,1
"Timm17a","TIMM17A","ortholog_one2one",100,100,1
"Hira","HIRA","ortholog_one2one",25,100,1
"Cfap157","CFAP157","ortholog_one2one",100,100,1
"Zfp12","ZNF12","ortholog_one2one",50,100,1
"Cysltr1","CYSLTR1","ortholog_one2one",100,99.75,1
"Zfp790","ZNF420","ortholog_one2one",50,0,0
"Chaf1a","CHAF1A","ortholog_one2one",100,96.3,1
"Tmem269","TMEM269","ortholog_one2one",100,100,1
"Arhgap31","ARHGAP31","ortholog_one2one",100,100,1
"Lrrc59","LRRC59","ortholog_one2one",75,100,1
"Top2b","TOP2B","ortholog_one2one",100,100,1
"Palb2","PALB2","ortholog_one2one",100,99.49,1
"Polr2b","POLR2B","ortholog_one2one",100,100,1
"Ociad1","OCIAD1","ortholog_one2one",100,100,1
"Selp","SELP","ortholog_one2one",100,100,1
"Zfp316","ZNF316","ortholog_one2one",75,100,1
"Ifi44","IFI44","ortholog_one2one",100,100,1
"Ctxn3","CTXN3","ortholog_one2one",100,100,1
"AU022252","C1orf50","ortholog_one2one",100,100,1
"Plgrkt","PLGRKT","ortholog_one2one",100,100,1
"Usp2","USP2","ortholog_one2one",100,100,1
"Ccdc192","CCDC192","ortholog_one2one",100,100,1
"Serpinh1","SERPINH1","ortholog_one2one",100,100,1
"Eaf1","EAF1","ortholog_one2one",100,100,1
"Tpgs1","TPGS1","ortholog_one2one",100,100,1
"Plekhn1","KLHL17","ortholog_one2one",100,100,1
"Wdr64","WDR64","ortholog_one2one",100,99.9,1
"Psma3","PSMA3","ortholog_one2one",50,100,1
"Bfsp2","BFSP2","ortholog_one2one",100,100,1
"Gldc","GLDC","ortholog_one2one",50,100,1
"Nck2","NCK2","ortholog_one2one",100,100,1
"Mrpl27","MRPL27","ortholog_one2one",100,100,1
"Milr1","MILR1","ortholog_one2one",100,79.24,0
"Gp1ba","GP1BA","ortholog_one2one",100,100,1
"Prrc1","PRRC1","ortholog_one2one",100,100,1
"Rnps1","RNPS1","ortholog_one2one",100,100,1
"Lrig3","LRIG3","ortholog_one2one",100,100,1
"Lin54","LIN54","ortholog_one2one",100,100,1
"Adsl","ADSL","ortholog_one2one",100,100,1
"Smarcc2","SMARCC2","ortholog_one2one",100,100,1
"Mrpl14","MRPL14","ortholog_one2one",100,100,1
"Eme1","EME1","ortholog_one2one",100,100,1
"Xpnpep2","XPNPEP2","ortholog_one2one",100,100,1
"Tfcp2","TFCP2","ortholog_one2one",100,100,1
"Igfbp7","IGFBP7","ortholog_one2one",100,98.81,1
"Cmklr1","CMKLR1","ortholog_one2one",50,99.92,1
"Areg","AREG","ortholog_one2one",100,100,1
"Cxcl10","CXCL10","ortholog_one2one",100,100,1
"Dusp12","DUSP12","ortholog_one2one",100,100,1
"Smarcad1","SMARCAD1","ortholog_one2one",75,100,1
"Rras2","RRAS2","ortholog_one2one",100,100,1
"Nagpa","NAGPA","ortholog_one2one",75,100,1
"Smarca2","SMARCA2","ortholog_one2one",100,100,1
"Tssk3","TSSK3","ortholog_one2one",100,100,1
"Ostm1","OSTM1","ortholog_one2one",100,100,1
"Cxcl11","CXCL11","ortholog_one2one",100,100,1
"Abhd2","ABHD2","ortholog_one2one",100,100,1
"Agl","AGL","ortholog_one2one",100,100,1
"Art3","ART3","ortholog_one2one",100,97.95,1
"Gabrd","GABRD","ortholog_one2one",100,100,1
"Polk","POLK","ortholog_one2one",100,100,1
"Ahdc1","AHDC1","ortholog_one2one",100,100,1
"Rarb","RARB","ortholog_one2one",100,100,1
"Tmub2","TMUB2","ortholog_one2one",100,100,1
"Fn3k","FN3K","ortholog_one2one",100,100,1
"Tmc1","TMC1","ortholog_one2one",100,100,1
"Ccdc127","CCDC127","ortholog_one2one",75,100,1
"Zswim2","ZSWIM2","ortholog_one2one",100,100,1
"Cdk15","CDK15","ortholog_one2one",100,100,1
"Tbc1d15","TBC1D15","ortholog_one2one",100,100,1
"Plxna3","PLXNA3","ortholog_one2one",100,100,1
"Chd3","CHD3","ortholog_one2one",100,100,1
"Ecrg4","ECRG4","ortholog_one2one",75,100,1
"Wnk4","WNK4","ortholog_one2one",100,100,1
"Rpap1","RPAP1","ortholog_one2one",100,99.65,1
"Pltp","PLTP","ortholog_one2one",100,100,1
"Lrrc14b","LRRC14B","ortholog_one2one",50,100,1
"Eif5a2","EIF5A2","ortholog_one2one",75,100,1
"Prok1","PROK1","ortholog_one2one",100,100,1
"Med18","MED18","ortholog_one2one",100,100,1
"Zfp791","ZNF791","ortholog_one2one",50,86.3,1
"Shisal2b","SHISAL2B","ortholog_one2one",100,100,1
"Olfr370","OR10K1","ortholog_one2one",0,97.83,1
"Btc","BTC","ortholog_one2one",100,100,1
"Bdp1","BDP1","ortholog_one2one",50,99.59,1
"Myh9","MYH9","ortholog_one2one",100,100,1
"Cntln","CNTLN","ortholog_one2one",100,100,1
"Ccnf","CCNF","ortholog_one2one",100,100,1
"Ehf","EHF","ortholog_one2one",100,100,1
"Vgll1","VGLL1","ortholog_one2one",100,97.91,0
"Plbd2","PLBD2","ortholog_one2one",100,100,1
"Faf1","FAF1","ortholog_one2one",100,100,1
"Dgkz","DGKZ","ortholog_one2one",100,100,1
"Ndrg2","NDRG2","ortholog_one2one",100,100,1
"Mbl2","MBL2","ortholog_one2one",50,100,1
"Klf13","KLF13","ortholog_one2one",100,100,1
"Vdac3","VDAC3","ortholog_one2one",100,100,1
"Polg2","POLG2","ortholog_one2one",100,97.71,1
"Pnldc1","PNLDC1","ortholog_one2one",100,100,1
"Med10","MED10","ortholog_one2one",100,100,1
"Mgp","MGP","ortholog_one2one",100,100,1
"Cnot1","CNOT1","ortholog_one2one",100,100,1
"Ccdc138","CCDC138","ortholog_one2one",100,100,1
"Grm4","GRM4","ortholog_one2one",100,100,1
"Olfr323","OR11L1","ortholog_one2one",50,100,1
"Lamtor5","LAMTOR5","ortholog_one2one",100,100,1
"Wnt4","WNT4","ortholog_one2one",100,100,1
"P2ry6","P2RY6","ortholog_one2one",100,100,1
"Nynrin","NYNRIN","ortholog_one2one",100,99.74,1
"Purg","PURG","ortholog_one2one",100,100,1
"Spire1","SPIRE1","ortholog_one2one",75,100,1
"Akr1a1","AKR1A1","ortholog_one2one",100,100,1
"Mylk2","MYLK2","ortholog_one2one",100,100,1
"Pou6f1","POU6F1","ortholog_one2one",100,100,1
"Prg3","PRG3","ortholog_one2one",100,100,1
"Mrpl23","AC004556.3","ortholog_one2one",0,100,1
"Emilin3","EMILIN3","ortholog_one2one",100,100,1
"Zfp169","ZNF169","ortholog_one2one",50,90.67,1
"Tspear","TSPEAR","ortholog_one2one",100,100,1
"Cic","CIC","ortholog_one2one",100,100,1
"Cbln3","CBLN3","ortholog_one2one",100,100,1
"Ndufb7","NDUFB7","ortholog_one2one",50,100,1
"Suv39h1","SUV39H1","ortholog_one2one",100,99.37,1
"Erp27","ERP27","ortholog_one2one",100,100,1
"Mrpl57","MRPL57","ortholog_one2one",100,100,1
"Prdm14","PRDM14","ortholog_one2one",100,100,1
"Tshz2","TSHZ2","ortholog_one2one",100,100,1
"Olfr691","OR52B2","ortholog_one2one",100,100,1
"Arsj","ARSJ","ortholog_one2one",100,100,1
"Sds","SDS","ortholog_one2one",100,100,1
"Olfr692","OR52W1","ortholog_one2one",75,100,1
"Fcrlb","FCRLB","ortholog_one2one",100,100,1
"Sfxn4","SFXN4","ortholog_one2one",100,100,1
"Ifi44l","IFI44L","ortholog_one2one",100,100,0
"Chd6","CHD6","ortholog_one2one",100,100,1
"P2ry2","P2RY2","ortholog_one2one",100,100,1
"Duox2","DUOX2","ortholog_one2one",100,100,1
"Slc6a3","SLC6A3","ortholog_one2one",100,100,1
"Parm1","PARM1","ortholog_one2one",100,100,1
"Cd40lg","CD40LG","ortholog_one2one",100,100,1
"Bmp1","BMP1","ortholog_one2one",100,100,1
"Cdk5rap2","CDK5RAP2","ortholog_one2one",75,100,1
"Blcap","BLCAP","ortholog_one2one",100,100,1
"Copb1","COPB1","ortholog_one2one",100,100,1
"AU021092","C16orf89","ortholog_one2one",100,91.92,1
"Plekha2","PLEKHA2","ortholog_one2one",100,100,1
"Med11","MED11","ortholog_one2one",100,100,1
"Arhgef12","ARHGEF12","ortholog_one2one",100,100,1
"Exo1","EXO1","ortholog_one2one",100,100,1
"Neurl2","NEURL2","ortholog_one2one",100,100,1
"Pdhb","PDHB","ortholog_one2one",100,100,1
"Tmem270","TMEM270","ortholog_one2one",100,100,1
"Pparg","PPARG","ortholog_one2one",100,100,1
"2310030G06Rik","C11orf52","ortholog_one2one",100,100,1
"Angptl7","ANGPTL7","ortholog_one2one",100,100,1
"Cfap74","CFAP74","ortholog_one2one",100,100,0
"Slc5a4a","SLC5A4","ortholog_one2one",0,100,1
"Clcn2","CLCN2","ortholog_one2one",100,100,1
"Gps2","GPS2","ortholog_one2one",100,100,1
"Mtor","MTOR","ortholog_one2one",100,100,1
"Cacng3","CACNG3","ortholog_one2one",100,100,1
"Stk38l","STK38L","ortholog_one2one",100,100,1
"Nup93","NUP93","ortholog_one2one",75,98.88,1
"Cryab","CRYAB","ortholog_one2one",100,100,1
"Rab23","RAB23","ortholog_one2one",100,100,1
"Mfrp","MFRP","ortholog_one2one",75,100,1
"Cbln1","CBLN1","ortholog_one2one",100,100,1
"Rpl22l1","RPL22L1","ortholog_one2one",50,100,1
"Khnyn","KHNYN","ortholog_one2one",100,100,1
"Rgs7bp","RGS7BP","ortholog_one2one",100,100,1
"Eci1","ECI1","ortholog_one2one",100,85.87,1
"Bcar1","BCAR1","ortholog_one2one",100,100,1
"Ankle1","ANKLE1","ortholog_one2one",100,89.07,0
"Creb3l4","CREB3L4","ortholog_one2one",100,100,1
"Sorcs3","SORCS3","ortholog_one2one",100,100,1
"Rtl3","RTL3","ortholog_one2one",100,98.61,1
"Tmem47","TMEM47","ortholog_one2one",100,100,1
"Lmod1","LMOD1","ortholog_one2one",100,100,1
"Trim58","TRIM58","ortholog_one2one",25,100,1
"Sdr39u1","SDR39U1","ortholog_one2one",100,100,1
"Lpar4","LPAR4","ortholog_one2one",100,100,1
"Gata4","GATA4","ortholog_one2one",100,100,1
"Uba5","UBA5","ortholog_one2one",50,100,1
"Plekhm2","PLEKHM2","ortholog_one2one",100,100,1
"Ccdc186","CCDC186","ortholog_one2one",100,100,1
"Foxs1","FOXS1","ortholog_one2one",100,100,1
"Ptgfr","PTGFR","ortholog_one2one",100,100,1
"Prdx3","PRDX3","ortholog_one2one",75,100,1
"Zdhhc20","ZDHHC20","ortholog_one2one",100,100,1
"Frrs1","FRRS1","ortholog_one2one",100,100,1
"Ptch2","PTCH2","ortholog_one2one",100,100,1
"Fzd7","FZD7","ortholog_one2one",100,100,1
"Vwa5b2","VWA5B2","ortholog_one2one",100,100,1
"Slc16a4","SLC16A4","ortholog_one2one",100,100,1
"Shisa4","SHISA4","ortholog_one2one",100,100,1
"Tmem126a","TMEM126A","ortholog_one2one",100,100,1
"Kcnc3","KCNC3","ortholog_one2one",75,100,1
"Cltb","CLTB","ortholog_one2one",100,100,1
"Dmrta2","DMRTA2","ortholog_one2one",100,100,1
"Mxi1","MXI1","ortholog_one2one",100,100,1
"Commd4","COMMD4","ortholog_one2one",100,100,1
"Exosc10","EXOSC10","ortholog_one2one",75,100,1
"Cdc42","CDC42","ortholog_one2one",100,100,1
"Htra4","HTRA4","ortholog_one2one",100,100,1
"Blk","BLK","ortholog_one2one",100,100,1
"Dkk1","DKK1","ortholog_one2one",50,100,1
"Grk5","GRK5","ortholog_one2one",50,100,1
"Atp23","ATP23","ortholog_one2one",100,100,1
"Kl","KL","ortholog_one2one",75,100,1
"Orc6","ORC6","ortholog_one2one",50,100,1
"Ackr4","ACKR4","ortholog_one2one",75,100,1
"Hpgds","HPGDS","ortholog_one2one",50,100,1
"Zfp385b","ZNF385B","ortholog_one2one",100,100,1
"Ccdc84","CENATAC","ortholog_one2one",100,100,1
"Gfpt1","GFPT1","ortholog_one2one",100,100,1
"F2rl3","F2RL3","ortholog_one2one",50,100,1
"Manba","MANBA","ortholog_one2one",100,97.93,1
"Lin52","LIN52","ortholog_one2one",100,100,1
"Duoxa2","DUOXA2","ortholog_one2one",100,100,1
"Clip3","CLIP3","ortholog_one2one",100,100,1
"Slc39a1","SLC39A1","ortholog_one2one",100,100,1
"Dusp15","DUSP15","ortholog_one2one",100,83.95,0
"Ap4s1","AP4S1","ortholog_one2one",100,100,1
"Rpusd3","RPUSD3","ortholog_one2one",100,100,1
"Duoxa1","DUOXA1","ortholog_one2one",100,98.57,1
"Hdgfl2","HDGFL2","ortholog_one2one",100,100,1
"Fer","FER","ortholog_one2one",100,100,1
"Rps11","RPS11","ortholog_one2one",100,100,1
"H2-Ke6","HSD17B8","ortholog_one2one",100,100,1
"Vps35","VPS35","ortholog_one2one",50,100,1
"Capn8","CAPN8","ortholog_one2one",100,100,1
"Nek6","NEK6","ortholog_one2one",100,100,1
"Strn3","STRN3","ortholog_one2one",100,100,1
"Becn1","BECN1","ortholog_one2one",100,100,1
"Zfp217","ZNF217","ortholog_one2one",100,100,1
"Timmdc1","TIMMDC1","ortholog_one2one",100,100,1
"Tex15","TEX15","ortholog_one2one",100,100,0
"Rbms1","RBMS1","ortholog_one2one",100,100,1
"Cfdp1","CFDP1","ortholog_one2one",100,100,1
"Nr1i3","NR1I3","ortholog_one2one",100,100,1
"Tmem170","TMEM170A","ortholog_one2one",100,100,1
"Tprg","TPRG1","ortholog_one2one",100,100,1
"P2ry10","P2RY10","ortholog_one2one",100,100,1
"Mtdh","MTDH","ortholog_one2one",100,100,1
"Eef1akmt4","EEF1AKMT4","ortholog_one2one",100,100,1
"Edar","EDAR","ortholog_one2one",100,100,1
"Fcrla","FCRLA","ortholog_one2one",100,100,1
"Dkk4","DKK4","ortholog_one2one",100,100,1
"Ube2e2","UBE2E2","ortholog_one2one",50,100,1
"Kctd6","KCTD6","ortholog_one2one",100,100,1
"Tmem126b","TMEM126B","ortholog_one2one",100,100,1
"Vamp5","VAMP5","ortholog_one2one",100,100,1
"Wdfy4","WDFY4","ortholog_one2one",100,100,1
"Slc30a6","SLC30A6","ortholog_one2one",100,96.51,1
"Rars","RARS1","ortholog_one2one",100,100,1
"Polr2h","POLR2H","ortholog_one2one",100,100,1
"Pkia","PKIA","ortholog_one2one",100,100,1
"Vcpip1","VCPIP1","ortholog_one2one",100,100,1
"Ppp2cb","PPP2CB","ortholog_one2one",100,100,1
"Cep76","CEP76","ortholog_one2one",100,100,1
"Acad11","ACAD11","ortholog_one2one",75,100,1
"Hectd1","HECTD1","ortholog_one2one",100,100,1
"Spi1","SPI1","ortholog_one2one",100,100,1
"Sftpc","SFTPC","ortholog_one2one",100,100,1
"Ubxn8","UBXN8","ortholog_one2one",100,100,1
"Pfn1","PFN1","ortholog_one2one",100,100,0
"Psma1","PSMA1","ortholog_one2one",100,98.78,1
"Fam131a","FAM131A","ortholog_one2one",100,100,1
"Plin4","PLIN4","ortholog_one2one",100,93.35,1
"Slc39a7","SLC39A7","ortholog_one2one",100,100,1
"Megf9","MEGF9","ortholog_one2one",50,100,1
"Large1","LARGE1","ortholog_one2one",50,100,1
"Vamp8","VAMP8","ortholog_one2one",100,100,1
"Rnf167","RNF167","ortholog_one2one",100,100,1
"Tm2d3","TM2D3","ortholog_one2one",75,100,1
"Mast3","MAST3","ortholog_one2one",100,99.97,1
"Gpr174","GPR174","ortholog_one2one",100,100,1
"Fam187b","FAM187B","ortholog_one2one",100,100,0
"Gm38100","BECN2","ortholog_one2one",100,100,1
"Lrrc18","LRRC18","ortholog_one2one",100,100,1
"Rbm15","RBM15","ortholog_one2one",100,100,1
"Palmd","PALMD","ortholog_one2one",100,100,1
"Zmynd15","ZMYND15","ortholog_one2one",100,100,1
"Prkg1","PRKG1","ortholog_one2one",100,100,1
"Tomm40l","TOMM40L","ortholog_one2one",100,100,1
"Polb","POLB","ortholog_one2one",100,100,1
"Nipsnap2","NIPSNAP2","ortholog_one2one",100,100,1
"Trav18","TRAV27","ortholog_one2one",75,100,1
"Dazap2","DAZAP2","ortholog_one2one",100,100,1
"Enpep","ENPEP","ortholog_one2one",100,100,1
"Tlcd5","TLCD5","ortholog_one2one",100,100,1
"BC048671","C3orf22","ortholog_one2one",100,100,0
"Psmb7","PSMB7","ortholog_one2one",100,100,1
"Tarsl2","TARS3","ortholog_one2one",50,100,1
"Cstf2t","CSTF2T","ortholog_one2one",100,100,1
"Adamtsl1","ADAMTSL1","ortholog_one2one",100,100,1
"Cntd1","CNTD1","ortholog_one2one",100,100,1
"Zc2hc1a","ZC2HC1A","ortholog_one2one",100,100,1
"Gabbr1","GABBR1","ortholog_one2one",100,100,1
"Smagp","SMAGP","ortholog_one2one",100,100,1
"Lage3","LAGE3","ortholog_one2one",100,100,1
"Pld5","PLD5","ortholog_one2one",100,100,1
"Trav19","TRAV29DV5","ortholog_one2one",50,100,1
"Slc25a11","SLC25A11","ortholog_one2one",100,100,1
"Stom","STOM","ortholog_one2one",100,100,1
"Zfp560","ZNF121","ortholog_one2one",50,82.63,0
"Trav21-dv12","TRAV26-2","ortholog_one2one",100,100,1
"Coa3","COA3","ortholog_one2one",100,100,1
"Trdv1","TRAV34","ortholog_one2one",100,100,1
"Bcas1","BCAS1","ortholog_one2one",100,100,1
"Kcnc4","KCNC4","ortholog_one2one",100,100,1
"Hid1","HID1","ortholog_one2one",100,100,1
"Slc10a3","SLC10A3","ortholog_one2one",100,100,1
"Ptpdc1","PTPDC1","ortholog_one2one",75,100,1
"Gabrr3","GABRR3","ortholog_one2one",100,100,1
"Ssr1","SSR1","ortholog_one2one",100,100,1
"Igf2","IGF2","ortholog_one2one",100,100,1
"Cxcl16","CXCL16","ortholog_one2one",100,100,0
"Rab21","RAB21","ortholog_one2one",100,100,1
"Atp6ap2","ATP6AP2","ortholog_one2one",100,100,1
"Pde6h","PDE6H","ortholog_one2one",100,100,1
"Prpf19","PRPF19","ortholog_one2one",100,100,1
"Bin2","BIN2","ortholog_one2one",100,96.34,1
"Slc25a26","SLC25A26","ortholog_one2one",100,100,1
"Ubl4a","UBL4A","ortholog_one2one",100,100,1
"Utp20","UTP20","ortholog_one2one",100,100,1
"Slc13a5","SLC13A5","ortholog_one2one",100,100,1
"Vsx2","VSX2","ortholog_one2one",100,100,1
"Arhgdib","ARHGDIB","ortholog_one2one",100,100,1
"Lhfpl4","LHFPL4","ortholog_one2one",100,100,1
"Dnase1l2","DNASE1L2","ortholog_one2one",100,100,1
"B3gntl1","B3GNTL1","ortholog_one2one",75,100,1
"Rps25","RPS25","ortholog_one2one",100,100,1
"Zfp648","ZNF648","ortholog_one2one",100,100,1
"Galc","GALC","ortholog_one2one",100,100,1
"Plagl2","PLAGL2","ortholog_one2one",100,100,1
"Cndp1","CNDP1","ortholog_one2one",100,99.4,1
"Bmper","BMPER","ortholog_one2one",100,100,1
"Pja2","PJA2","ortholog_one2one",100,99.01,1
"Plin5","PLIN5","ortholog_one2one",100,98.9,1
"Zfp62","ZFP62","ortholog_one2one",100,100,1
"Chst13","CHST13","ortholog_one2one",100,100,1
"Tcp1","TCP1","ortholog_one2one",100,100,1
"Lrig1","LRIG1","ortholog_one2one",100,100,1
"Gm49394","AC132217.2","ortholog_one2one",75,98.29,0
"Tmcc3","TMCC3","ortholog_one2one",100,100,1
"Rab3c","RAB3C","ortholog_one2one",100,100,1
"Gsr","GSR","ortholog_one2one",75,100,1
"Trappc4","TRAPPC4","ortholog_one2one",100,91.65,1
"Zfyve1","ZFYVE1","ortholog_one2one",100,100,1
"Ccdc185","CCDC185","ortholog_one2one",100,100,1
"B4galt4","B4GALT4","ortholog_one2one",100,100,1
"Naa40","NAA40","ortholog_one2one",100,100,1
"Lgi3","LGI3","ortholog_one2one",100,100,1
"Ctnnbl1","CTNNBL1","ortholog_one2one",100,100,1
"Apoa1","APOA1","ortholog_one2one",100,100,1
"Sh3gl2","SH3GL2","ortholog_one2one",100,100,1
"Caps2","CAPS2","ortholog_one2one",75,96.85,1
"1810030O07Rik","CXorf38","ortholog_one2one",100,100,1
"Dot1l","DOT1L","ortholog_one2one",100,100,1
"Myh8","MYH8","ortholog_one2one",100,100,1
"Bcan","BCAN","ortholog_one2one",100,100,1
"Lrg1","LRG1","ortholog_one2one",100,100,1
"Dst","DST","ortholog_one2one",50,99.9,1
"Tbcd","TBCD","ortholog_one2one",100,98.42,1
"Zfand5","ZFAND5","ortholog_one2one",100,100,1
"Elovl6","ELOVL6","ortholog_one2one",100,100,1
"Plppr4","PLPPR4","ortholog_one2one",100,100,1
"Bag2","BAG2","ortholog_one2one",100,100,1
"Ifngr2","IFNGR2","ortholog_one2one",100,100,1
"Abhd8","ABHD8","ortholog_one2one",100,100,1
"Satb1","SATB1","ortholog_one2one",100,100,1
"Pxdn","PXDN","ortholog_one2one",100,100,1
"Npsr1","NPSR1","ortholog_one2one",100,100,1
"Mrpl34","MRPL34","ortholog_one2one",100,82.01,0
"Hspb7","HSPB7","ortholog_one2one",100,100,1
"Trip11","TRIP11","ortholog_one2one",100,100,1
"Map3k10","MAP3K10","ortholog_one2one",100,100,1
"Gipc2","GIPC2","ortholog_one2one",100,100,1
"Rsl1d1","RSL1D1","ortholog_one2one",100,100,1
"Rbbp6","RBBP6","ortholog_one2one",100,100,1
"Mcrip1","MCRIP1","ortholog_one2one",100,98.71,1
"Srarp","SRARP","ortholog_one2one",100,88.04,0
"Cnbp","CNBP","ortholog_one2one",100,100,1
"Mrpl45","MRPL45","ortholog_one2one",50,100,1
"Micu2","MICU2","ortholog_one2one",75,100,1
"Gdpd5","GDPD5","ortholog_one2one",100,100,1
"Isx","ISX","ortholog_one2one",50,100,0
"Alkbh6","ALKBH6","ortholog_one2one",100,100,1
"Slc16a14","SLC16A14","ortholog_one2one",100,100,1
"Glmn","GLMN","ortholog_one2one",100,100,1
"Nphp1","NPHP1","ortholog_one2one",50,100,1
"Sema6b","SEMA6B","ortholog_one2one",100,100,1
"Zfp853","ZNF853","ortholog_one2one",100,98.85,1
"Ttc9b","TTC9B","ortholog_one2one",100,100,1
"Kansl1","KANSL1","ortholog_one2one",50,100,1
"Psmg2","PSMG2","ortholog_one2one",100,100,1
"Gpr179","GPR179","ortholog_one2one",50,100,1
"Sash3","SASH3","ortholog_one2one",100,100,1
"Fam229a","FAM229A","ortholog_one2one",100,100,1
"Jakmip2","JAKMIP2","ortholog_one2one",100,100,1
"Eps8l3","EPS8L3","ortholog_one2one",100,100,1
"Uroc1","UROC1","ortholog_one2one",100,98.04,1
"Tra2a","TRA2A","ortholog_one2one",100,100,1
"Tecr","TECR","ortholog_one2one",75,100,1
"Anxa5","ANXA5","ortholog_one2one",50,99.76,1
"Susd4","SUSD4","ortholog_one2one",100,100,1
"Mrpl18","MRPL18","ortholog_one2one",100,100,1
"Ociad2","OCIAD2","ortholog_one2one",100,100,1
"Cacna1e","CACNA1E","ortholog_one2one",100,100,1
"Dnajc13","DNAJC13","ortholog_one2one",75,100,1
"R3hdm2","R3HDM2","ortholog_one2one",100,100,1
"1700017B05Rik","C15orf39","ortholog_one2one",100,100,1
"Ppp1r27","PPP1R27","ortholog_one2one",100,100,1
"Ggcx","GGCX","ortholog_one2one",100,100,1
"Rps6kc1","RPS6KC1","ortholog_one2one",100,100,1
"Fam160a2","FAM160A2","ortholog_one2one",100,100,1
"Gstm5","GSTM3","ortholog_one2one",75,100,1
"Bfar","BFAR","ortholog_one2one",75,100,1
"Reep4","REEP4","ortholog_one2one",100,100,1
"Mettl27","METTL27","ortholog_one2one",100,100,1
"Plcl1","PLCL1","ortholog_one2one",100,100,1
"C1qbp","C1QBP","ortholog_one2one",100,100,1
"Tnfaip8l1","TNFAIP8L1","ortholog_one2one",100,100,1
"Riok1","RIOK1","ortholog_one2one",100,100,1
"Uncx","UNCX","ortholog_one2one",100,100,1
"Adcy8","ADCY8","ortholog_one2one",100,100,1
"Sumo1","SUMO1","ortholog_one2one",100,88.18,1
"Evc2","EVC2","ortholog_one2one",100,97.74,1
"Zfp750","ZNF750","ortholog_one2one",100,100,1
"Plppr5","PLPPR5","ortholog_one2one",100,100,1
"Fyn","FYN","ortholog_one2one",100,100,1
"Ralgapa2","RALGAPA2","ortholog_one2one",100,99.65,1
"Ficd","FICD","ortholog_one2one",100,100,1
"Nsun3","NSUN3","ortholog_one2one",75,100,1
"H1f0","H1-0","ortholog_one2one",100,100,1
"Trav23","TRAV39","ortholog_one2one",100,100,1
"Fam183b","FAM183A","ortholog_one2one",0,100,1
"Ehbp1","EHBP1","ortholog_one2one",100,100,1
"Dctn5","DCTN5","ortholog_one2one",100,100,1
"Rpain","RPAIN","ortholog_one2one",100,100,1
"Klhl35","KLHL35","ortholog_one2one",100,100,1
"Il12rb1","IL12RB1","ortholog_one2one",100,97.57,0
"Pde3b","PDE3B","ortholog_one2one",100,100,1
"Gm973","KIAA2012","ortholog_one2one",100,99.26,1
"Apoc3","APOC3","ortholog_one2one",100,100,0
"Marcksl1","MARCKSL1","ortholog_one2one",75,100,1
"Itm2a","ITM2A","ortholog_one2one",100,100,1
"Glt8d2","GLT8D2","ortholog_one2one",100,100,1
"Fam167a","FAM167A","ortholog_one2one",100,100,1
"Rnf180","RNF180","ortholog_one2one",100,96.85,1
"Piwil4","PIWIL4","ortholog_one2one",100,98.06,1
"Nqo1","NQO1","ortholog_one2one",100,99.26,1
"Arhgef6","ARHGEF6","ortholog_one2one",100,100,1
"Tmx3","TMX3","ortholog_one2one",50,100,1
"Rchy1","RCHY1","ortholog_one2one",100,100,1
"Snx27","SNX27","ortholog_one2one",100,99.94,1
"Cyb5d1","CYB5D1","ortholog_one2one",100,100,1
"Msn","MSN","ortholog_one2one",100,100,1
"Cyp27b1","CYP27B1","ortholog_one2one",100,100,1
"Tmem259","TMEM259","ortholog_one2one",100,100,1
"Ipo9","IPO9","ortholog_one2one",100,100,1
"Tlr5","TLR5","ortholog_one2one",100,100,1
"Tmem88","TMEM88","ortholog_one2one",100,100,1
"Sh3rf3","SH3RF3","ortholog_one2one",100,100,1
"Clec4n","CLEC6A","ortholog_one2one",75,100,1
"Zfp207","ZNF207","ortholog_one2one",100,99.74,1
"Mydgf","MYDGF","ortholog_one2one",100,100,1
"Naa38","NAA38","ortholog_one2one",100,100,1
"Ifih1","IFIH1","ortholog_one2one",100,100,1
"Tmem231","TMEM231","ortholog_one2one",100,100,1
"Pfdn4","PFDN4","ortholog_one2one",100,100,1
"Alg3","ALG3","ortholog_one2one",100,100,1
"Fgf9","FGF9","ortholog_one2one",50,100,1
"Tdg","TDG","ortholog_one2one",50,97.65,1
"Cage1","CAGE1","ortholog_one2one",100,99.27,1
"Dpp9","DPP9","ortholog_one2one",100,99.12,1
"Yipf3","YIPF3","ortholog_one2one",100,100,1
"Vstm2l","VSTM2L","ortholog_one2one",100,100,1
"Tdrd1","TDRD1","ortholog_one2one",100,100,1
"Cndp2","CNDP2","ortholog_one2one",100,100,1
"Marchf9","MARCHF9","ortholog_one2one",100,100,1
"Espl1","ESPL1","ortholog_one2one",100,100,1
"Socs7","SOCS7","ortholog_one2one",100,100,1
"Xylt2","XYLT2","ortholog_one2one",100,100,1
"Sorbs2","SORBS2","ortholog_one2one",100,100,1
"Man2a1","MAN2A1","ortholog_one2one",75,100,1
"Cyp24a1","CYP24A1","ortholog_one2one",100,100,1
"Ccdc126","CCDC126","ortholog_one2one",100,100,1
"1700028K03Rik","C1orf146","ortholog_one2one",100,100,1
"Bpgm","BPGM","ortholog_one2one",100,100,1
"Prdx1","PRDX1","ortholog_one2one",100,100,1
"Arl13b","ARL13B","ortholog_one2one",75,100,1
"Epb41l3","EPB41L3","ortholog_one2one",100,100,1
"Bcap31","BCAP31","ortholog_one2one",100,100,1
"E4f1","E4F1","ortholog_one2one",100,100,1
"Poglut1","POGLUT1","ortholog_one2one",100,100,1
"Cela1","CELA1","ortholog_one2one",100,100,1
"Trp53bp1","TP53BP1","ortholog_one2one",100,98.5,1
"Iffo1","IFFO1","ortholog_one2one",100,100,1
"Fam193a","FAM193A","ortholog_one2one",100,100,1
"Tmem17","TMEM17","ortholog_one2one",100,100,1
"Map3k4","MAP3K4","ortholog_one2one",50,100,1
"Smarca4","SMARCA4","ortholog_one2one",100,100,1
"Rcor2","RCOR2","ortholog_one2one",100,100,1
"Bicc1","BICC1","ortholog_one2one",100,100,1
"Barx1","BARX1","ortholog_one2one",100,100,1
"Stx19","STX19","ortholog_one2one",100,100,1
"Snx7","SNX7","ortholog_one2one",100,100,1
"Gspt1","GSPT1","ortholog_one2one",100,100,1
"Grin3b","GRIN3B","ortholog_one2one",100,100,1
"Fam3a","FAM3A","ortholog_one2one",75,97.04,1
"Ddx5","DDX5","ortholog_one2one",100,100,1
"Ttll9","TTLL9","ortholog_one2one",100,97.97,1
"Mgat1","MGAT1","ortholog_one2one",100,100,1
"Dnajb4","DNAJB4","ortholog_one2one",100,100,1
"Agmat","AGMAT","ortholog_one2one",100,100,1
"Myh7b","MYH7B","ortholog_one2one",100,100,1
"Eif4h","EIF4H","ortholog_one2one",100,100,1
"Oxa1l","OXA1L","ortholog_one2one",100,99.58,1
"Arrdc2","ARRDC2","ortholog_one2one",100,100,1
"Lsm10","LSM10","ortholog_one2one",100,100,1
"Acpp","ACP3","ortholog_one2one",100,100,1
"Cyp2r1","CYP2R1","ortholog_one2one",75,100,1
"Nadk","NADK","ortholog_one2one",100,94.51,1
"Ckm","CKM","ortholog_one2one",100,100,1
"Odf2","ODF2","ortholog_one2one",100,100,1
"Arl5a","ARL5A","ortholog_one2one",100,100,1
"Crk","CRK","ortholog_one2one",75,100,1
"Rpap2","RPAP2","ortholog_one2one",100,100,1
"Trpc4ap","TRPC4AP","ortholog_one2one",100,100,1
"Sart3","SART3","ortholog_one2one",100,100,1
"Gda","GDA","ortholog_one2one",100,100,1
"Ssrp1","SSRP1","ortholog_one2one",100,100,1
"Slc7a7","SLC7A7","ortholog_one2one",100,100,1
"Tbx22","TBX22","ortholog_one2one",100,100,1
"1110032A03Rik","C11orf1","ortholog_one2one",100,100,1
"Cct6a","CCT6A","ortholog_one2one",100,94.03,1
"Sorcs1","SORCS1","ortholog_one2one",100,98.78,1
"Nras","NRAS","ortholog_one2one",100,100,1
"Erc1","ERC1","ortholog_one2one",75,100,1
"Zrsr1","ZRSR2","ortholog_one2one",0,0,0
"Mrps26","MRPS26","ortholog_one2one",100,100,1
"Mpl","MPL","ortholog_one2one",100,100,1
"Pfdn5","PFDN5","ortholog_one2one",100,97.75,1
"Ncoa2","NCOA2","ortholog_one2one",100,100,1
"Gabarapl2","GABARAPL2","ortholog_one2one",100,100,1
"B3gnt2","B3GNT2","ortholog_one2one",100,100,1
"Ptpra","PTPRA","ortholog_one2one",100,98.44,1
"Traf3ip2","TRAF3IP2","ortholog_one2one",100,100,1
"Fdxacb1","FDXACB1","ortholog_one2one",100,100,1
"Cyth4","CYTH4","ortholog_one2one",100,100,1
"Nfs1","NFS1","ortholog_one2one",100,100,1
"Psph","PSPH","ortholog_one2one",100,100,1
"Cep170b","CEP170B","ortholog_one2one",100,100,1
"Kcnc2","KCNC2","ortholog_one2one",100,100,1
"Ralgps1","RALGPS1","ortholog_one2one",100,100,1
"Slc12a2","SLC12A2","ortholog_one2one",100,100,1
"Arhgef7","ARHGEF7","ortholog_one2one",100,100,1
"Duox1","DUOX1","ortholog_one2one",100,100,1
"Stx2","STX2","ortholog_one2one",100,100,1
"Nlrc4","NLRC4","ortholog_one2one",100,100,1
"Tnrc6a","TNRC6A","ortholog_one2one",100,100,1
"Zscan29","ZSCAN29","ortholog_one2one",100,100,1
"Nob1","NOB1","ortholog_one2one",75,100,1
"Adcyap1","ADCYAP1","ortholog_one2one",25,100,1
"Pros1","PROS1","ortholog_one2one",75,100,1
"Myg1","MYG1","ortholog_one2one",100,100,1
"Galnt6","GALNT6","ortholog_one2one",100,100,1
"Tubgcp4","TUBGCP4","ortholog_one2one",100,100,1
"F9","F9","ortholog_one2one",100,100,1
"Fam221a","FAM221A","ortholog_one2one",100,100,1
"Slc19a2","SLC19A2","ortholog_one2one",100,100,1
"Wwc1","WWC1","ortholog_one2one",100,100,1
"Snrpa1","SNRPA1","ortholog_one2one",100,100,1
"Scrt1","SCRT1","ortholog_one2one",100,100,1
"Rbm12","RBM12","ortholog_one2one",100,100,1
"Micall2","MICALL2","ortholog_one2one",100,100,0
"Osbpl11","OSBPL11","ortholog_one2one",50,100,1
"Hr","HR","ortholog_one2one",100,100,1
"Pofut1","POFUT1","ortholog_one2one",100,100,1
"Dbx1","DBX1","ortholog_one2one",100,100,1
"Htatip2","HTATIP2","ortholog_one2one",100,100,1
"Camk2n2","CAMK2N2","ortholog_one2one",100,100,1
"Clec4d","CLEC4D","ortholog_one2one",25,100,1
"Tmem115","TMEM115","ortholog_one2one",100,100,1
"Dipk1c","DIPK1C","ortholog_one2one",100,100,1
"Yipf4","YIPF4","ortholog_one2one",100,100,1
"Elf5","ELF5","ortholog_one2one",100,100,1
"Sesn2","SESN2","ortholog_one2one",100,100,1
"Cyb561d2","CYB561D2","ortholog_one2one",100,100,1
"Zdhhc9","ZDHHC9","ortholog_one2one",100,100,1
"Cpne1","CPNE1","ortholog_one2one",100,100,1
"Pcsk6","PCSK6","ortholog_one2one",100,100,1
"Dnajc16","DNAJC16","ortholog_one2one",100,100,1
"Lrrc73","LRRC73","ortholog_one2one",75,100,1
"Spink1","SPINK1","ortholog_one2one",100,100,1
"Cwh43","CWH43","ortholog_one2one",100,100,1
"Basp1","BASP1","ortholog_one2one",100,100,1
"Nprl2","NPRL2","ortholog_one2one",100,100,1
"Rxfp4","RXFP4","ortholog_one2one",100,100,1
"P2rx3","P2RX3","ortholog_one2one",100,100,1
"Fosl2","FOSL2","ortholog_one2one",100,100,1
"Trdc","TRDC","ortholog_one2one",100,99.79,1
"Trdv5","TRDV3","ortholog_one2one",100,100,1
"Angel2","ANGEL2","ortholog_one2one",100,100,1
"Pou2f3","POU2F3","ortholog_one2one",100,99.44,1
"Tm4sf5","TM4SF5","ortholog_one2one",100,100,1
"Tmem249","TMEM249","ortholog_one2one",75,100,1
"Mbd3","MBD3","ortholog_one2one",100,100,1
"Khdc4","KHDC4","ortholog_one2one",100,100,1
"Spen","SPEN","ortholog_one2one",100,99.5,1
"Tti1","TTI1","ortholog_one2one",100,100,1
"Kif3b","KIF3B","ortholog_one2one",100,100,1
"Sec63","SEC63","ortholog_one2one",100,100,1
"Abcd1","ABCD1","ortholog_one2one",100,100,1
"Vsig10","VSIG10","ortholog_one2one",100,97.14,1
"Cpne4","CPNE4","ortholog_one2one",100,100,1
"Scgb3a2","SCGB3A2","ortholog_one2one",100,100,1
"Sema4c","SEMA4C","ortholog_one2one",100,100,1
"P4hb","P4HB","ortholog_one2one",100,100,1
"Mmachc","MMACHC","ortholog_one2one",100,100,1
"Cma1","CMA1","ortholog_one2one",100,100,1
"Ctdsp2","CTDSP2","ortholog_one2one",100,100,1
"Zmynd10","ZMYND10","ortholog_one2one",100,100,1
"Gm42669","BTBD8","ortholog_one2one",100,70.64,0
"Tbc1d2","TBC1D2","ortholog_one2one",100,100,1
"Tent5d","TENT5D","ortholog_one2one",100,100,1
"Asxl1","ASXL1","ortholog_one2one",100,100,1
"Sdf2","SDF2","ortholog_one2one",100,100,1
"Mroh2a","MROH2A","ortholog_one2one",100,100,1
"Zfp451","ZNF451","ortholog_one2one",100,100,1
"Angptl2","ANGPTL2","ortholog_one2one",100,100,1
"Olfm3","OLFM3","ortholog_one2one",100,100,1
"Supt6","SUPT6H","ortholog_one2one",100,100,1
"Atpif1","ATP5IF1","ortholog_one2one",100,100,1
"Tmco5","TMCO5A","ortholog_one2one",100,100,1
"Stxbp1","STXBP1","ortholog_one2one",75,100,1
"Zp1","ZP1","ortholog_one2one",100,99.95,1
"Zbtb17","ZBTB17","ortholog_one2one",100,100,1
"Hjurp","HJURP","ortholog_one2one",100,96.39,0
"Pikfyve","PIKFYVE","ortholog_one2one",100,100,1
"Itpkb","ITPKB","ortholog_one2one",100,100,1
"Dda1","DDA1","ortholog_one2one",100,100,1
"Hyal2","HYAL2","ortholog_one2one",100,100,1
"Mettl4","METTL4","ortholog_one2one",0,17.79,0
"Tnip2","TNIP2","ortholog_one2one",100,100,1
"Calcrl","CALCRL","ortholog_one2one",75,100,1
"Tjap1","TJAP1","ortholog_one2one",100,99.95,1
"Cdk4","CDK4","ortholog_one2one",100,100,1
"Tcl1","TCL1A","ortholog_one2one",100,100,0
"Gm94","C5orf46","ortholog_one2one",100,100,1
"Gapt","GAPT","ortholog_one2one",100,100,1
"Cep164","CEP164","ortholog_one2one",100,99.99,1
"Gm5901","C11orf42","ortholog_one2one",100,100,1
"Upk1b","UPK1B","ortholog_one2one",100,100,1
"Snx4","SNX4","ortholog_one2one",75,100,1
"Dpy19l1","DPY19L1","ortholog_one2one",100,100,1
"Tusc2","TUSC2","ortholog_one2one",100,100,1
"Dok5","DOK5","ortholog_one2one",100,100,1
"Pafah1b3","PAFAH1B3","ortholog_one2one",100,100,1
"Ccdc181","CCDC181","ortholog_one2one",100,100,1
"Arntl2","ARNTL2","ortholog_one2one",100,95.66,1
"Rassf1","RASSF1","ortholog_one2one",100,100,1
"Gpr65","GPR65","ortholog_one2one",100,100,1
"Epop","EPOP","ortholog_one2one",100,100,1
"Slc4a8","SLC4A8","ortholog_one2one",100,100,1
"Ano8","ANO8","ortholog_one2one",100,96.08,1
"Clec4e","CLEC4E","ortholog_one2one",50,100,1
"Mrps6","MRPS6","ortholog_one2one",100,100,1
"Vsig4","VSIG4","ortholog_one2one",100,93.2,0
"Dtl","DTL","ortholog_one2one",100,100,1
"Vmo1","VMO1","ortholog_one2one",100,100,1
"Slc5a3","SLC5A3","ortholog_one2one",100,100,1
"Ppig","PPIG","ortholog_one2one",100,100,1
"Matn2","MATN2","ortholog_one2one",100,100,1
"Ero1l","ERO1A","ortholog_one2one",100,100,1
"Mylk3","MYLK3","ortholog_one2one",100,99.11,1
"1110059E24Rik","C9orf85","ortholog_one2one",100,84.89,1
"Mtmr9","MTMR9","ortholog_one2one",100,100,1
"Hsd17b3","HSD17B3","ortholog_one2one",100,100,1
"Tmem92","TMEM92","ortholog_one2one",100,0,0
"Tppp2","TPPP2","ortholog_one2one",100,100,1
"Fchsd2","FCHSD2","ortholog_one2one",100,100,1
"Rassf10","RASSF10","ortholog_one2one",100,100,1
"Cep95","CEP95","ortholog_one2one",75,100,1
"Rnase13","RNASE13","ortholog_one2one",100,100,1
"Tspan31","TSPAN31","ortholog_one2one",100,100,1
"Fam178b","FAM178B","ortholog_one2one",100,100,1
"Ubd","UBD","ortholog_one2one",75,100,1
"Smndc1","SMNDC1","ortholog_one2one",100,100,1
"Ppcdc","PPCDC","ortholog_one2one",100,100,1
"Ly6e","LYNX1-SLURP2","ortholog_one2one",0,0,0
"Cep83","CEP83","ortholog_one2one",100,100,1
"Xkr6","XKR6","ortholog_one2one",100,100,1
"Ccdc86","CCDC86","ortholog_one2one",100,96.83,1
"Pum1","PUM1","ortholog_one2one",75,100,1
"Csf2ra","CSF2RA","ortholog_one2one",0,0,0
"Ptgdr2","PTGDR2","ortholog_one2one",100,100,1
"Hdac1","HDAC1","ortholog_one2one",100,100,1
"Nme7","NME7","ortholog_one2one",100,98.35,1
"Plch1","PLCH1","ortholog_one2one",100,100,1
"Sh3tc1","SH3TC1","ortholog_one2one",100,100,1
"Aaas","AAAS","ortholog_one2one",100,100,1
"S1pr1","S1PR1","ortholog_one2one",100,100,1
"Nfkb1","NFKB1","ortholog_one2one",100,100,1
"D630039A03Rik","C9orf152","ortholog_one2one",100,100,1
"Was","WAS","ortholog_one2one",100,100,1
"Slc6a17","SLC6A17","ortholog_one2one",100,100,1
"Hapln2","HAPLN2","ortholog_one2one",100,100,1
"Calca","CALCA","ortholog_one2one",100,100,1
"Prr19","PRR19","ortholog_one2one",100,100,1
"Ldlrad1","LDLRAD1","ortholog_one2one",100,100,1
"Dusp5","DUSP5","ortholog_one2one",100,100,1
"Epha1","EPHA1","ortholog_one2one",100,100,1
"Fut4","FUT4","ortholog_one2one",100,100,1
"Cdr2l","CDR2L","ortholog_one2one",100,100,1
"Blzf1","BLZF1","ortholog_one2one",100,100,1
"Fam49b","CYRIB","ortholog_one2one",100,100,1
"Shf","SHF","ortholog_one2one",100,94.31,1
"Yipf6","YIPF6","ortholog_one2one",100,100,1
"Dph5","DPH5","ortholog_one2one",100,100,1
"Mrpl3","MRPL3","ortholog_one2one",100,100,1
"Xkr4","XKR4","ortholog_one2one",50,100,1
"Agpat2","AGPAT2","ortholog_one2one",75,100,1
"Crtc2","CRTC2","ortholog_one2one",100,100,1
"Zbtb34","ZBTB34","ortholog_one2one",75,100,1
"Gltpd2","GLTPD2","ortholog_one2one",100,100,1
"Satb2","SATB2","ortholog_one2one",100,100,1
"Il7","IL7","ortholog_one2one",100,95.67,1
"Gm48552","AC005551.1","ortholog_one2one",100,98.43,1
"Dohh","DOHH","ortholog_one2one",100,100,1
"Psmb6","PSMB6","ortholog_one2one",100,100,1
"Gtpbp3","GTPBP3","ortholog_one2one",100,100,1
"Tgfb3","TGFB3","ortholog_one2one",100,100,1
"Med14","MED14","ortholog_one2one",100,100,1
"Zyx","ZYX","ortholog_one2one",100,100,1
"Stk40","STK40","ortholog_one2one",100,100,1
"Fbxl6","FBXL6","ortholog_one2one",75,100,1
"Vegfa","VEGFA","ortholog_one2one",100,100,1
"Dipk1b","DIPK1B","ortholog_one2one",50,100,1
"Tsen2","TSEN2","ortholog_one2one",100,100,1
"Tgm2","TGM2","ortholog_one2one",100,100,1
"Eea1","EEA1","ortholog_one2one",100,100,1
"Spata20","SPATA20","ortholog_one2one",100,100,1
"Dnajb14","DNAJB14","ortholog_one2one",100,100,1
"Nudt18","NUDT18","ortholog_one2one",100,100,1
"Prmt2","PRMT2","ortholog_one2one",50,100,1
"Capsl","CAPSL","ortholog_one2one",100,100,1
"Htr1a","HTR1A","ortholog_one2one",100,100,1
"Th","TH","ortholog_one2one",100,100,1
"Atg16l2","ATG16L2","ortholog_one2one",100,100,1
"Myh13","MYH13","ortholog_one2one",100,100,1
"Matk","MATK","ortholog_one2one",100,98.08,1
"Egfl7","EGFL7","ortholog_one2one",100,100,1
"Wasf2","WASF2","ortholog_one2one",100,100,1
"Atp1b1","ATP1B1","ortholog_one2one",75,100,1
"Tmem50b","TMEM50B","ortholog_one2one",100,100,1
"Cbln4","CBLN4","ortholog_one2one",100,100,1
"9530068E07Rik","C5orf15","ortholog_one2one",100,100,1
"Pgp","PGP","ortholog_one2one",75,100,1
"Mkrn2os","MKRN2OS","ortholog_one2one",100,100,1
"Pla2g10","PLA2G10","ortholog_one2one",50,100,1
"Mmp9","MMP9","ortholog_one2one",100,100,1
"Acox2","ACOX2","ortholog_one2one",100,100,1
"Mcf2","MCF2","ortholog_one2one",100,99.9,1
"Slc35e2","SLC35E2B","ortholog_one2one",100,100,1
"Plvap","PLVAP","ortholog_one2one",100,100,1
"Mc3r","MC3R","ortholog_one2one",100,100,1
"Nudt16l2","NUDT16","ortholog_one2one",100,100,0
"Tmem19","TMEM19","ortholog_one2one",100,100,1
"Iscu","ISCU","ortholog_one2one",100,100,1
"Kcnh8","KCNH8","ortholog_one2one",100,100,1
"Slc22a3","SLC22A3","ortholog_one2one",75,100,1
"Hyal1","HYAL1","ortholog_one2one",100,100,1
"Lrrc42","LRRC42","ortholog_one2one",100,100,1
"Fam160b2","FAM160B2","ortholog_one2one",100,100,1
"Slc12a3","SLC12A3","ortholog_one2one",100,100,1
"Wdr31","WDR31","ortholog_one2one",100,100,1
"Raf1","RAF1","ortholog_one2one",100,100,1
"Gpatch4","GPATCH4","ortholog_one2one",100,100,1
"Gzmm","GZMM","ortholog_one2one",100,100,1
"Ampd1","AMPD1","ortholog_one2one",100,100,1
"Zfp148","ZNF148","ortholog_one2one",100,100,1
"Mtln","MTLN","ortholog_one2one",100,78.21,0
"Ywhae","YWHAE","ortholog_one2one",50,100,1
"Hyal3","HYAL3","ortholog_one2one",100,100,1
"Smurf2","SMURF2","ortholog_one2one",50,100,1
"Ms4a10","MS4A10","ortholog_one2one",100,100,0
"Uxs1","UXS1","ortholog_one2one",50,100,1
"Plg","PLG","ortholog_one2one",0,100,1
"Mrpl58","MRPL58","ortholog_one2one",75,100,1
"Naa80","NAA80","ortholog_one2one",100,100,1
"Fam210b","FAM210B","ortholog_one2one",100,100,1
"Kcnn1","KCNN1","ortholog_one2one",100,100,1
"Rps3","RPS3","ortholog_one2one",100,100,1
"Rprd1b","RPRD1B","ortholog_one2one",100,100,1
"Ifi35","IFI35","ortholog_one2one",100,100,1
"Aurka","AURKA","ortholog_one2one",100,100,1
"Plxnb3","PLXNB3","ortholog_one2one",100,100,1
"Smc3","SMC3","ortholog_one2one",100,100,1
"Aste1","ASTE1","ortholog_one2one",100,100,1
"Olfr94","OR2I1P","ortholog_one2one",100,95.54,1
"Sp7","SP7","ortholog_one2one",100,100,1
"Heph","HEPH","ortholog_one2one",100,100,1
"Hmbox1","HMBOX1","ortholog_one2one",75,100,1
"Olfr95","OR10C1","ortholog_one2one",100,100,1
"Epn3","EPN3","ortholog_one2one",100,100,1
"Sp1","SP1","ortholog_one2one",100,100,1
"Olfr96","OR11A1","ortholog_one2one",100,100,1
"Mtmr14","MTMR14","ortholog_one2one",100,100,1
"Arhgdia","ARHGDIA","ortholog_one2one",100,100,1
"Acot12","ACOT12","ortholog_one2one",100,100,1
"Tmem145","TMEM145","ortholog_one2one",100,99.69,1
"Hmgn1","HMGN1","ortholog_one2one",100,95.11,1
"Slc8b1","SLC8B1","ortholog_one2one",100,100,1
"Plk2","PLK2","ortholog_one2one",100,100,1
"Cldn4","CLDN4","ortholog_one2one",100,100,1
"Ifrd2","IFRD2","ortholog_one2one",100,100,1
"Adgrd1","ADGRD1","ortholog_one2one",100,100,1
"Xaf1","XAF1","ortholog_one2one",100,100,0
"Trp63","TP63","ortholog_one2one",100,100,1
"Ier5","IER5","ortholog_one2one",100,100,1
"Pik3c2b","PIK3C2B","ortholog_one2one",100,100,1
"Mr1","MR1","ortholog_one2one",100,100,1
"Col4a3bp","CERT1","ortholog_one2one",100,100,1
"Ctrc","CTRC","ortholog_one2one",100,100,1
"Bub1","BUB1","ortholog_one2one",100,100,1
"Nol4l","NOL4L","ortholog_one2one",100,100,1
"Nek11","NEK11","ortholog_one2one",100,100,1
"Zbtb43","ZBTB43","ortholog_one2one",100,98.06,1
"Ssbp2","SSBP2","ortholog_one2one",100,100,1
"Rapgef2","RAPGEF2","ortholog_one2one",75,100,1
"D430019H16Rik","C14orf132","ortholog_one2one",100,100,1
"Cldn3","CLDN3","ortholog_one2one",100,100,1
"Antxr1","ANTXR1","ortholog_one2one",100,100,1
"Bdkrb2","BDKRB2","ortholog_one2one",100,100,1
"Srm","SRM","ortholog_one2one",100,99.92,1
"Casp9","CASP9","ortholog_one2one",75,97.44,1
"Kcne2","KCNE2","ortholog_one2one",100,100,1
"Ccdc194","CCDC194","ortholog_one2one",100,100,1
"Ptprt","PTPRT","ortholog_one2one",100,100,1
"Ppm1f","PPM1F","ortholog_one2one",100,100,1
"Gabbr2","GABBR2","ortholog_one2one",100,100,1
"Kcnh7","KCNH7","ortholog_one2one",100,100,1
"Bst2","BST2","ortholog_one2one",100,78.61,0
"Brwd3","BRWD3","ortholog_one2one",100,100,1
"Ascl2","ASCL2","ortholog_one2one",100,100,1
"Rerg","RERG","ortholog_one2one",100,100,1
"Tuft1","TUFT1","ortholog_one2one",100,100,1
"Bdkrb1","BDKRB1","ortholog_one2one",100,100,1
"Mkrn2","MKRN2","ortholog_one2one",100,100,1
"Bsg","BSG","ortholog_one2one",100,100,1
"Arhgap22","ARHGAP22","ortholog_one2one",75,100,1
"Igsf11","IGSF11","ortholog_one2one",100,100,1
"Hmces","HMCES","ortholog_one2one",75,100,1
"Lsmem2","LSMEM2","ortholog_one2one",100,100,1
"Gca","GCA","ortholog_one2one",100,100,1
"Amhr2","AMHR2","ortholog_one2one",100,100,1
"Ms4a15","MS4A15","ortholog_one2one",100,97.17,1
"Dnajc28","DNAJC28","ortholog_one2one",100,98.69,1
"Tmem232","TMEM232","ortholog_one2one",50,100,1
"Rxrb","RXRB","ortholog_one2one",100,100,1
"Atp2c1","ATP2C1","ortholog_one2one",100,100,1
"Rab11fip1","RAB11FIP1","ortholog_one2one",100,97.75,1
"Stard8","STARD8","ortholog_one2one",100,100,1
"Efhb","EFHB","ortholog_one2one",100,100,1
"Gart","GART","ortholog_one2one",100,100,1
"Abhd11","ABHD11","ortholog_one2one",100,100,1
"Ilrun","ILRUN","ortholog_one2one",100,100,1
"Cops4","COPS4","ortholog_one2one",100,97.07,1
"Spink5","SPINK5","ortholog_one2one",100,94.77,1
"Copg1","COPG1","ortholog_one2one",100,100,1
"Abcc10","ABCC10","ortholog_one2one",100,100,1
"Carmil3","CARMIL3","ortholog_one2one",100,100,1
"Tank","TANK","ortholog_one2one",100,100,1
"Tspan32","TSPAN32","ortholog_one2one",100,99.64,1
"Lamtor3","LAMTOR3","ortholog_one2one",100,100,1
"Plxnc1","PLXNC1","ortholog_one2one",100,100,1
"Stk32c","STK32C","ortholog_one2one",100,100,1
"Ubl4b","UBL4B","ortholog_one2one",100,100,1
"Kiz","KIZ","ortholog_one2one",100,99.65,1
"Cstf1","CSTF1","ortholog_one2one",100,100,1
"Oxt","OXT","ortholog_one2one",100,100,1
"Ice1","ICE1","ortholog_one2one",100,100,1
"Oaf","OAF","ortholog_one2one",100,100,1
"Wsb2","WSB2","ortholog_one2one",100,98.13,1
"Abcd4","ABCD4","ortholog_one2one",100,100,1
"Sema3b","SEMA3B","ortholog_one2one",100,100,1
"Scamp5","SCAMP5","ortholog_one2one",100,100,1
"Dpy19l2","DPY19L2","ortholog_one2one",0,100,1
"Dcbld1","DCBLD1","ortholog_one2one",100,89.45,1
"Alx3","ALX3","ortholog_one2one",100,100,1
"Eva1b","EVA1B","ortholog_one2one",100,100,1
"Calcb","CALCB","ortholog_one2one",100,97.28,1
"Kcnj4","KCNJ4","ortholog_one2one",100,100,1
"Anks1","ANKS1A","ortholog_one2one",100,100,1
"Fgfrl1","FGFRL1","ortholog_one2one",50,100,1
"Lrrc27","LRRC27","ortholog_one2one",100,100,1
"Abhd17b","ABHD17B","ortholog_one2one",100,98.81,1
"Gm40193","AC233723.1","ortholog_one2one",100,100,1
"Ms4a18","MS4A18","ortholog_one2one",100,97.15,0
"Rfc5","RFC5","ortholog_one2one",100,100,1
"Ints7","INTS7","ortholog_one2one",100,100,1
"Gm17266","C18orf63","ortholog_one2one",100,98.55,1
"Smlr1","SMLR1","ortholog_one2one",100,100,0
"Ccdc124","CCDC124","ortholog_one2one",100,100,1
"Arntl","ARNTL","ortholog_one2one",100,100,1
"Apoa4","APOA4","ortholog_one2one",100,100,1
"Avp","AVP","ortholog_one2one",100,100,1
"Dennd2c","DENND2C","ortholog_one2one",100,100,1
"Inpp4a","INPP4A","ortholog_one2one",100,100,1
"Bbs7","BBS7","ortholog_one2one",100,100,1
"Txn1","TXN","ortholog_one2one",100,100,1
"Pdrg1","PDRG1","ortholog_one2one",100,100,1
"Rtf2","RTF2","ortholog_one2one",100,96.29,1
"Tenm2","TENM2","ortholog_one2one",100,100,1
"Wtap","WTAP","ortholog_one2one",75,100,1
"H3f3b","H3-5","ortholog_one2one",0,99.52,1
"Fstl4","FSTL4","ortholog_one2one",100,100,1
"Stum","STUM","ortholog_one2one",100,100,1
"Pnpla7","PNPLA7","ortholog_one2one",100,100,1
"Romo1","ROMO1","ortholog_one2one",100,100,1
"Vash2","VASH2","ortholog_one2one",100,100,1
"Disp1","DISP1","ortholog_one2one",100,100,1
"Wwp2","WWP2","ortholog_one2one",50,100,1
"Myh14","MYH14","ortholog_one2one",100,100,1
"Actbl2","ACTBL2","ortholog_one2one",100,100,1
"E130309D02Rik","C7orf26","ortholog_one2one",100,100,1
"Pnkp","PNKP","ortholog_one2one",100,100,1
"Ticam1","TICAM1","ortholog_one2one",100,100,1
"Tom1","TOM1","ortholog_one2one",100,98.83,1
"Gcnt7","GCNT7","ortholog_one2one",100,100,1
"Mrps18a","MRPS18A","ortholog_one2one",100,99.21,1
"Plin3","PLIN3","ortholog_one2one",100,100,1
"Fbn2","FBN2","ortholog_one2one",100,100,1
"Anks6","ANKS6","ortholog_one2one",100,100,1
"Cass4","CASS4","ortholog_one2one",100,100,1
"Mcur1","MCUR1","ortholog_one2one",100,100,1
"Ptpro","PTPRO","ortholog_one2one",100,100,1
"Samd11","SAMD11","ortholog_one2one",50,94.1,1
"Stx6","STX6","ortholog_one2one",100,100,1
"Ebf2","EBF2","ortholog_one2one",100,100,1
"Tesk2","TESK2","ortholog_one2one",100,100,1
"Pinx1","PINX1","ortholog_one2one",100,100,1
"Arrdc5","ARRDC5","ortholog_one2one",100,100,1
"Rsph9","RSPH9","ortholog_one2one",100,100,1
"Gpr3","GPR3","ortholog_one2one",100,100,1
"Omg","OMG","ortholog_one2one",50,100,1
"Cd164l2","CD164L2","ortholog_one2one",100,100,1
"Bspry","BSPRY","ortholog_one2one",100,100,1
"Ms4a8a","MS4A8","ortholog_one2one",100,100,1
"Efnb1","EFNB1","ortholog_one2one",100,100,1
"Sox7","SOX7","ortholog_one2one",100,100,1
"Nf1","NF1","ortholog_one2one",50,100,1
"Txn2","TXN2","ortholog_one2one",100,100,1
"Flvcr1","FLVCR1","ortholog_one2one",100,100,1
"Ikbkg","IKBKG","ortholog_one2one",75,100,1
"Noc2l","NOC2L","ortholog_one2one",75,99.69,1
"Rpp25","RPP25","ortholog_one2one",100,100,1
"Get1","GET1","ortholog_one2one",100,100,1
"Ddx17","DDX17","ortholog_one2one",100,100,1
"Toe1","TOE1","ortholog_one2one",100,100,1
"Ikbkb","IKBKB","ortholog_one2one",100,100,1
"Cox5a","COX5A","ortholog_one2one",100,100,1
"Hmgxb4","HMGXB4","ortholog_one2one",100,100,1
"Apcdd1","APCDD1","ortholog_one2one",50,100,1
"Ipo11","IPO11","ortholog_one2one",100,98.54,1
"Lztr1","LZTR1","ortholog_one2one",100,100,1
"Fam219b","FAM219B","ortholog_one2one",100,100,1
"4930578I06Rik","C8orf74","ortholog_one2one",100,100,1
"Dlk2","DLK2","ortholog_one2one",100,100,1
"Ldlr","LDLR","ortholog_one2one",100,100,1
"Apoa5","APOA5","ortholog_one2one",100,100,1
"Map3k19","MAP3K19","ortholog_one2one",100,97.99,1
"Maff","MAFF","ortholog_one2one",100,100,1
"Got1l1","GOT1L1","ortholog_one2one",100,100,1
"Cep170","CEP170","ortholog_one2one",100,100,1
"Cemip2","CEMIP2","ortholog_one2one",100,100,1
"Pin4","PIN4","ortholog_one2one",100,100,1
"Mllt6","MLLT6","ortholog_one2one",100,100,1
"Cast","CAST","ortholog_one2one",75,100,1
"Rab5a","RAB5A","ortholog_one2one",100,100,1
"Flt1","FLT1","ortholog_one2one",100,100,1
"Col1a1","COL1A1","ortholog_one2one",100,100,1
"Hmgn5","HMGN5","ortholog_one2one",100,98.04,0
"Ercc6l","ERCC6L","ortholog_one2one",100,100,1
"Rp1l1","RP1L1","ortholog_one2one",100,91.49,0
"Apoa2","APOA2","ortholog_one2one",100,100,0
"Dlgap5","DLGAP5","ortholog_one2one",100,96.64,1
"Pp2d1","PP2D1","ortholog_one2one",100,98.64,1
"Fkbp5","FKBP5","ortholog_one2one",100,100,1
"Tmem119","TMEM119","ortholog_one2one",100,100,1
"Egf","EGF","ortholog_one2one",100,100,1
"Slc30a7","SLC30A7","ortholog_one2one",100,100,1
"Slc39a8","SLC39A8","ortholog_one2one",100,100,1
"Sh3bgrl","SH3BGRL","ortholog_one2one",100,100,1
"Strip1","STRIP1","ortholog_one2one",100,100,1
"Kcnk10","KCNK10","ortholog_one2one",100,100,1
"Pacsin1","PACSIN1","ortholog_one2one",100,100,1
"Mrpl52","MRPL52","ortholog_one2one",100,100,1
"Nav1","NAV1","ortholog_one2one",100,100,1
"Dmtn","DMTN","ortholog_one2one",100,100,1
"Apobec3","APOBEC3H","ortholog_one2one",100,70.7,0
"Thap2","THAP2","ortholog_one2one",100,100,1
"Fcer1g","FCER1G","ortholog_one2one",100,88.02,1
"Dab2ip","DAB2IP","ortholog_one2one",100,100,1
"4921524J17Rik","C16orf87","ortholog_one2one",100,100,1
"Edem2","EDEM2","ortholog_one2one",100,100,1
"Cat","CAT","ortholog_one2one",100,100,1
"Stk31","STK31","ortholog_one2one",100,100,1
"Kdelr3","KDELR3","ortholog_one2one",100,96.94,1
"Selplg","SELPLG","ortholog_one2one",100,98.54,0
"Prmt3","PRMT3","ortholog_one2one",100,98.88,1
"Elavl4","ELAVL4","ortholog_one2one",75,100,1
"Atp5h","ATP5PD","ortholog_one2one",100,100,1
"Spata45","SPATA45","ortholog_one2one",100,100,1
"Atp11c","ATP11C","ortholog_one2one",100,100,1
"1700066M21Rik","C2orf69","ortholog_one2one",100,100,1
"Pja1","PJA1","ortholog_one2one",100,99.39,1
"Dpyd","DPYD","ortholog_one2one",100,100,1
"Prss55","PRSS55","ortholog_one2one",75,100,1
"Hsf1","HSF1","ortholog_one2one",100,100,1
"Sp4","SP4","ortholog_one2one",100,100,1
"Asb17","ASB17","ortholog_one2one",100,100,1
"Hmgcr","HMGCR","ortholog_one2one",100,100,1
"Prss51","AZU1","ortholog_one2one",0,0,0
"Dapp1","DAPP1","ortholog_one2one",100,100,1
"Gm17359","C4orf45","ortholog_one2one",100,100,1
"Fnip2","FNIP2","ortholog_one2one",100,100,1
"Pth2r","PTH2R","ortholog_one2one",100,100,1
"Slc22a2","SLC22A2","ortholog_one2one",75,100,1
"Nelfcd","NELFCD","ortholog_one2one",100,100,1
"Acoxl","ACOXL","ortholog_one2one",100,100,1
"Kat2b","KAT2B","ortholog_one2one",75,99.13,1
"Bcorl1","BCORL1","ortholog_one2one",100,100,1
"Slc5a5","SLC5A5","ortholog_one2one",75,100,1
"Rnf212","RNF212","ortholog_one2one",50,81.08,0
"Bank1","BANK1","ortholog_one2one",100,100,1
"Slc5a11","SLC5A11","ortholog_one2one",100,100,1
"1700012B09Rik","C11orf97","ortholog_one2one",100,100,1
"Bend6","BEND6","ortholog_one2one",75,100,1
"Galr3","GALR3","ortholog_one2one",100,99.94,1
"Foxred2","FOXRED2","ortholog_one2one",100,100,1
"Sp8","SP8","ortholog_one2one",100,100,1
"Doc2b","DOC2B","ortholog_one2one",50,100,1
"Cyb5a","CYB5A","ortholog_one2one",75,100,1
"Smim24","SMIM24","ortholog_one2one",100,96.67,1
"Tmem28","FAM155B","ortholog_one2one",100,100,1
"Cdc27","CDC27","ortholog_one2one",50,99.97,1
"Ints9","INTS9","ortholog_one2one",100,100,1
"Slc22a1","SLC22A1","ortholog_one2one",100,100,1
"Sh3d21","SH3D21","ortholog_one2one",100,100,0
"Txndc8","TXNDC8","ortholog_one2one",100,100,1
"Galnt13","GALNT13","ortholog_one2one",100,100,1
"Wdr13","WDR13","ortholog_one2one",100,100,1
"Tpo","TPO","ortholog_one2one",100,98.61,1
"Gpt2","GPT2","ortholog_one2one",100,100,1
"Pwwp2b","PWWP2B","ortholog_one2one",100,100,1
"Tpcn1","TPCN1","ortholog_one2one",100,98.88,1
"Bricd5","BRICD5","ortholog_one2one",100,100,0
"Ctsz","CTSZ","ortholog_one2one",100,100,1
"Gm7073","CXorf66","ortholog_one2one",100,97.54,0
"Vapa","VAPA","ortholog_one2one",50,100,1
"Mycbpap","MYCBPAP","ortholog_one2one",100,100,1
"Procr","PROCR","ortholog_one2one",75,100,1
"Lpgat1","LPGAT1","ortholog_one2one",100,100,1
"Rpl18a","RPL18A","ortholog_one2one",50,100,1
"Tatdn3","TATDN3","ortholog_one2one",100,100,1
"D16Ertd472e","C21orf91","ortholog_one2one",100,100,1
"Mlst8","MLST8","ortholog_one2one",100,100,1
"Uhrf1","UHRF1","ortholog_one2one",100,99.84,1
"Rp1","RP1","ortholog_one2one",75,100,1
"Spdef","SPDEF","ortholog_one2one",100,100,1
"Mmp14","MMP14","ortholog_one2one",100,100,1
"Zfp426","ZNF426","ortholog_one2one",75,92.71,1
"Sh3bp2","SH3BP2","ortholog_one2one",100,100,1
"St13","ST13","ortholog_one2one",100,100,1
"Srpk3","SRPK3","ortholog_one2one",100,100,1
"Npb","NPB","ortholog_one2one",100,100,0
"Cdkl2","CDKL2","ortholog_one2one",100,100,1
"Clptm1l","CLPTM1L","ortholog_one2one",100,100,1
"Otof","OTOF","ortholog_one2one",100,100,1
"Lmx1b","LMX1B","ortholog_one2one",100,100,1
"Psmd7","PSMD7","ortholog_one2one",50,100,1
"Phkg1","PHKG1","ortholog_one2one",75,97.28,1
"Parp1","PARP1","ortholog_one2one",100,100,1
"Cbx7","CBX7","ortholog_one2one",100,100,1
"Timm21","TIMM21","ortholog_one2one",100,100,1
"Snrpc","SNRPC","ortholog_one2one",100,100,1
"Dmd","DMD","ortholog_one2one",100,100,1
"Dpt","DPT","ortholog_one2one",75,100,1
"Atf2","ATF2","ortholog_one2one",100,100,1
"Gnai2","GNAI2","ortholog_one2one",100,100,1
"Abcb5","ABCB5","ortholog_one2one",100,100,1
"Megf8","MEGF8","ortholog_one2one",100,99.71,1
"Zbed5","ZBED9","ortholog_one2one",0,0,0
"Xkr7","XKR7","ortholog_one2one",100,100,1
"Mvb12a","MVB12A","ortholog_one2one",100,100,1
"Nudt3","NUDT3","ortholog_one2one",100,100,1
"1110002E22Rik","C4orf54","ortholog_one2one",100,100,1
"4933402J07Rik","C16orf78","ortholog_one2one",100,100,1
"Mad2l1bp","MAD2L1BP","ortholog_one2one",100,93.4,1
"Fbxo15","FBXO15","ortholog_one2one",100,99.42,1
"Chchd2","CHCHD2","ortholog_one2one",50,100,1
"Xrn2","XRN2","ortholog_one2one",100,100,1
"Cidec","CIDEC","ortholog_one2one",100,100,1
"Metrnl","METRNL","ortholog_one2one",50,100,1
"Extl2","EXTL2","ortholog_one2one",100,100,1
"Slc12a5","SLC12A5","ortholog_one2one",100,100,1
"Rfc3","RFC3","ortholog_one2one",0,100,1
"Thrb","THRB","ortholog_one2one",100,100,1
"Rbm20","RBM20","ortholog_one2one",100,100,1
"Arrb1","ARRB1","ortholog_one2one",100,100,1
"Naxe","NAXE","ortholog_one2one",100,100,1
"Insc","INSC","ortholog_one2one",75,100,1
"Crybg3","CRYBG3","ortholog_one2one",100,100,1
"Slc38a3","SLC38A3","ortholog_one2one",100,100,1
"Atxn7l3","ATXN7L3","ortholog_one2one",100,100,1
"Adat1","ADAT1","ortholog_one2one",100,100,1
"Bcl2l11","BCL2L11","ortholog_one2one",100,100,1
"Ppp1r15b","PPP1R15B","ortholog_one2one",100,100,1
"Ubox5","UBOX5","ortholog_one2one",100,100,1
"Spink14","SPINK14","ortholog_one2one",100,100,1
"Ces4a","CES4A","ortholog_one2one",100,100,1
"Ccm2l","CCM2L","ortholog_one2one",100,100,1
"Xpnpep1","XPNPEP1","ortholog_one2one",100,100,1
"Gpr1","GPR1","ortholog_one2one",100,100,1
"Chic2","CHIC2","ortholog_one2one",100,100,1
"Tubb1","TUBB1","ortholog_one2one",100,100,1
"Tubgcp5","TUBGCP5","ortholog_one2one",50,100,1
"Ireb2","IREB2","ortholog_one2one",100,100,1
"Scn8a","SCN8A","ortholog_one2one",100,100,1
"Uhrf1bp1","UHRF1BP1","ortholog_one2one",100,100,1
"Atp5e","ATP5F1E","ortholog_one2one",100,100,1
"Pnpla2","PNPLA2","ortholog_one2one",100,100,1
"Tfap2c","TFAP2C","ortholog_one2one",100,100,1
"Riox2","RIOX2","ortholog_one2one",100,100,1
"Fastkd5","FASTKD5","ortholog_one2one",100,100,1
"Sox17","SOX17","ortholog_one2one",100,100,1
"Plb1","PLB1","ortholog_one2one",75,99.13,1
"Msh4","MSH4","ortholog_one2one",100,92.34,1
"Trim29","TRIM29","ortholog_one2one",100,100,1
"Lzts3","LZTS3","ortholog_one2one",100,100,1
"Rph3al","RPH3AL","ortholog_one2one",50,100,1
"Cradd","CRADD","ortholog_one2one",100,100,1
"Cited1","CITED1","ortholog_one2one",100,100,1
"Zdbf2","ZDBF2","ortholog_one2one",100,96.83,0
"Nxnl1","NXNL1","ortholog_one2one",100,100,1
"BC029722","MMP24OS","ortholog_one2one",100,100,1
"BC034090","KIAA1614","ortholog_one2one",100,100,0
"Btg1","BTG1","ortholog_one2one",75,100,1
"Taf11","TAF11","ortholog_one2one",100,100,1
"Mmp24","MMP24","ortholog_one2one",100,100,1
"Hspb11","HSPB11","ortholog_one2one",100,81.13,0
"Txndc2","TXNDC2","ortholog_one2one",75,99.87,0
"Efhd2","EFHD2","ortholog_one2one",75,100,1
"Btbd10","BTBD10","ortholog_one2one",100,100,1
"Cfap126","CFAP126","ortholog_one2one",100,100,1
"Tmem52","TMEM52","ortholog_one2one",100,100,1
"Mrpl54","MRPL54","ortholog_one2one",100,100,1
"Mpi","MPI","ortholog_one2one",100,100,1
"Slc12a8","SLC12A8","ortholog_one2one",100,100,1
"Kcnab1","KCNAB1","ortholog_one2one",100,100,1
"Tbx20","TBX20","ortholog_one2one",100,100,1
"Brap","BRAP","ortholog_one2one",100,100,1
"Rab31","RAB31","ortholog_one2one",100,100,1
"1700016K19Rik","C17orf97","ortholog_one2one",100,82.54,0
"Rit1","RIT1","ortholog_one2one",100,100,1
"Elf4","ELF4","ortholog_one2one",100,100,1
"Npy","NPY","ortholog_one2one",100,100,1
"Thrap3","THRAP3","ortholog_one2one",100,100,1
"Nsl1","NSL1","ortholog_one2one",100,100,1
"Spc24","SPC24","ortholog_one2one",100,85.01,1
"Slc27a6","SLC27A6","ortholog_one2one",100,100,1
"Elfn2","ELFN2","ortholog_one2one",100,100,1
"Masp2","MASP2","ortholog_one2one",100,100,1
"Creb3l1","CREB3L1","ortholog_one2one",100,100,1
"Spred1","SPRED1","ortholog_one2one",100,100,1
"Sdc3","SDC3","ortholog_one2one",75,100,1
"Ctsg","CTSG","ortholog_one2one",100,100,1
"Dnajb1","DNAJB1","ortholog_one2one",100,100,1
"Ptchd3","PTCHD3","ortholog_one2one",0,92.42,1
"Pld4","PLD4","ortholog_one2one",100,100,1
"Dsp","DSP","ortholog_one2one",100,100,1
"Sgo1","SGO1","ortholog_one2one",50,97.23,1
"Pcyt2","PCYT2","ortholog_one2one",100,100,1
"Fubp1","FUBP1","ortholog_one2one",100,100,1
"Kbtbd8","KBTBD8","ortholog_one2one",100,100,1
"Get4","GET4","ortholog_one2one",100,100,1
"Lca5l","LCA5L","ortholog_one2one",100,89.15,1
"Gtpbp2","GTPBP2","ortholog_one2one",100,100,1
"Srsf6","SRSF6","ortholog_one2one",100,100,1
"Rbm25","RBM25","ortholog_one2one",100,100,1
"Prex1","PREX1","ortholog_one2one",100,100,1
"Batf3","BATF3","ortholog_one2one",100,100,1
"Nr5a1","NR5A1","ortholog_one2one",100,100,1
"Rflnb","RFLNB","ortholog_one2one",100,91.37,1
"Tardbp","TARDBP","ortholog_one2one",100,100,1
"Fblim1","FBLIM1","ortholog_one2one",100,86.61,1
"Gkn1","GKN1","ortholog_one2one",100,100,1
"Fam83c","FAM83C","ortholog_one2one",100,100,1
"Flt4","FLT4","ortholog_one2one",100,100,1
"Sf3a2","SF3A2","ortholog_one2one",100,100,1
"Msra","MSRA","ortholog_one2one",50,100,1
"Rab3gap1","RAB3GAP1","ortholog_one2one",100,100,1
"Cbfb","CBFB","ortholog_one2one",100,100,1
"Gramd2","GRAMD2A","ortholog_one2one",100,100,1
"Tagln","TAGLN","ortholog_one2one",100,100,1
"Eif6","EIF6","ortholog_one2one",75,100,1
"Zbtb14","ZBTB14","ortholog_one2one",100,100,1
"Hmcn1","HMCN1","ortholog_one2one",100,100,1
"Erap1","ERAP1","ortholog_one2one",50,99.69,1
"Bace1","BACE1","ortholog_one2one",100,100,1
"Plekhj1","PLEKHJ1","ortholog_one2one",100,77.25,0
"Lrit3","LRIT3","ortholog_one2one",100,100,1
"Adamts16","ADAMTS16","ortholog_one2one",100,100,1
"Tmem184b","TMEM184B","ortholog_one2one",100,99.9,1
"Dcun1d4","DCUN1D4","ortholog_one2one",100,98.46,1
"Bcas2","BCAS2","ortholog_one2one",100,100,1
"Btbd19","BTBD19","ortholog_one2one",100,100,1
"Trps1","TRPS1","ortholog_one2one",100,100,1
"Gipc1","GIPC1","ortholog_one2one",75,100,1
"Ttc27","TTC27","ortholog_one2one",100,100,1
"Fam98b","FAM98B","ortholog_one2one",100,100,1
"Tacc1","TACC1","ortholog_one2one",100,100,1
"Fhad1","FHAD1","ortholog_one2one",100,100,1
"Prelid3b","PRELID3B","ortholog_one2one",100,100,1
"Brox","BROX","ortholog_one2one",100,100,1
"Ahnak2","AHNAK2","ortholog_one2one",100,97.2,0
"Unk","UNK","ortholog_one2one",100,100,1
"Mre11a","MRE11","ortholog_one2one",100,100,1
"Jagn1","JAGN1","ortholog_one2one",100,100,1
"Vcam1","VCAM1","ortholog_one2one",100,100,1
"Rita1","RITA1","ortholog_one2one",100,99.6,1
"Ppm1d","PPM1D","ortholog_one2one",100,100,1
"Cnfn","CNFN","ortholog_one2one",100,100,1
"Avil","AVIL","ortholog_one2one",100,100,1
"Kars","KARS1","ortholog_one2one",100,100,1
"Zfp423","ZNF423","ortholog_one2one",100,100,1
"Inpp5a","INPP5A","ortholog_one2one",100,100,1
"Gnat1","GNAT1","ortholog_one2one",100,100,1
"Zfp831","ZNF831","ortholog_one2one",100,100,1
"Lrrc3","LRRC3","ortholog_one2one",75,100,1
"Spink6","SPINK6","ortholog_one2one",75,96.04,1
"Epha3","EPHA3","ortholog_one2one",100,100,1
"Tbx19","TBX19","ortholog_one2one",75,100,1
"Rcan3","RCAN3","ortholog_one2one",100,100,1
"Tie1","TIE1","ortholog_one2one",100,100,1
"Slc6a5","SLC6A5","ortholog_one2one",100,100,1
"Iqcd","IQCD","ortholog_one2one",100,98.89,1
"Rnf214","RNF214","ortholog_one2one",100,100,1
"Galnt12","GALNT12","ortholog_one2one",100,100,1
"Edn3","EDN3","ortholog_one2one",100,100,1
"Senp8","SENP8","ortholog_one2one",100,100,1
"Tra2b","TRA2B","ortholog_one2one",100,100,1
"Nkx2-4","NKX2-4","ortholog_one2one",100,100,1
"Olfr109","OR12D3","ortholog_one2one",75,100,1
"Kcnj3","KCNJ3","ortholog_one2one",100,100,1
"Fam71a","FAM71A","ortholog_one2one",100,100,0
"Rsad1","RSAD1","ortholog_one2one",75,100,1
"Sema3f","SEMA3F","ortholog_one2one",100,100,1
"Map3k6","MAP3K6","ortholog_one2one",100,100,1
"Gsx2","GSX2","ortholog_one2one",100,100,1
"Ppp3ca","PPP3CA","ortholog_one2one",100,100,1
"Hcfc2","HCFC2","ortholog_one2one",100,100,1
"Lss","LSS","ortholog_one2one",100,100,1
"Nkx2-2","NKX2-2","ortholog_one2one",100,100,1
"Xpnpep3","XPNPEP3","ortholog_one2one",100,100,1
"Retreg1","RETREG1","ortholog_one2one",100,100,1
"Fignl2","FIGNL2","ortholog_one2one",100,100,1
"Myh10","MYH10","ortholog_one2one",100,100,1
"Ankrd49","ANKRD49","ortholog_one2one",100,100,1
"Aida","AIDA","ortholog_one2one",100,100,1
"Ankrd33","ANKRD33","ortholog_one2one",100,100,1
"Gas7","GAS7","ortholog_one2one",75,100,1
"Rrn3","RRN3","ortholog_one2one",50,100,1
"Tsfm","TSFM","ortholog_one2one",100,97.93,1
"Il7r","IL7R","ortholog_one2one",100,100,1
"Tram1","TRAM1","ortholog_one2one",100,100,1
"Extl3","EXTL3","ortholog_one2one",100,100,1
"Lipe","LIPE","ortholog_one2one",100,100,1
"Nkx6-2","NKX6-2","ortholog_one2one",100,100,1
"Ttc24","TTC24","ortholog_one2one",100,100,0
"Eps8","EPS8","ortholog_one2one",100,100,1
"Cfap100","CFAP100","ortholog_one2one",100,100,1
"Mas1","MAS1","ortholog_one2one",100,100,1
"Dhx33","DHX33","ortholog_one2one",100,100,1
"Cnga4","CNGA4","ortholog_one2one",75,100,1
"Sft2d2","SFT2D2","ortholog_one2one",75,100,1
"Yy1","YY1","ortholog_one2one",100,100,1
"Herpud1","HERPUD1","ortholog_one2one",100,100,1
"P2rx7","P2RX7","ortholog_one2one",50,100,1
"Acvrl1","ACVRL1","ortholog_one2one",100,100,1
"Psmc6","PSMC6","ortholog_one2one",100,100,1
"Adap1","ADAP1","ortholog_one2one",100,100,1
"Eda","EDA","ortholog_one2one",100,100,1
"Ddrgk1","DDRGK1","ortholog_one2one",100,100,1
"Dnajb7","DNAJB7","ortholog_one2one",100,100,1
"Hykk","HYKK","ortholog_one2one",100,100,1
"Smco2","SMCO2","ortholog_one2one",100,98.15,0
"Eda2r","EDA2R","ortholog_one2one",100,98.42,1
"Zdhhc4","ZDHHC4","ortholog_one2one",100,100,1
"Rcvrn","RCVRN","ortholog_one2one",100,100,1
"Heatr5a","HEATR5A","ortholog_one2one",100,100,1
"Tpbgl","TPBGL","ortholog_one2one",100,100,1
"Sting1","STING1","ortholog_one2one",75,100,1
"Igf2r","IGF2R","ortholog_one2one",100,98.64,1
"Akain1","AKAIN1","ortholog_one2one",100,100,1
"Glp2r","GLP2R","ortholog_one2one",100,100,1
"Dgkh","DGKH","ortholog_one2one",100,100,1
"Dnaja2","DNAJA2","ortholog_one2one",100,100,1
"Stmn2","STMN2","ortholog_one2one",100,100,1
"Suclg2","SUCLG2","ortholog_one2one",100,97.24,1
"Itgb8","ITGB8","ortholog_one2one",75,100,1
"Aifm1","AIFM1","ortholog_one2one",100,100,1
"Gpr88","GPR88","ortholog_one2one",100,100,1
"Zxdc","ZXDC","ortholog_one2one",100,100,1
"Zpr1","ZPR1","ortholog_one2one",100,100,1
"Btd","BTD","ortholog_one2one",100,98.63,1
"Eml4","EML4","ortholog_one2one",100,100,1
"Fbxo39","FBXO39","ortholog_one2one",75,100,1
"Sult1c2","SULT1C2","ortholog_one2one",50,100,1
"Rabggtb","RABGGTB","ortholog_one2one",100,99.97,1
"Ptbp2","PTBP2","ortholog_one2one",100,100,1
"Eif2ak4","EIF2AK4","ortholog_one2one",100,100,1
"Plk3","PLK3","ortholog_one2one",100,100,1
"Coq5","COQ5","ortholog_one2one",100,100,1
"Stam2","STAM2","ortholog_one2one",100,100,1
"Ccdc88c","CCDC88C","ortholog_one2one",75,100,1
"Atf3","ATF3","ortholog_one2one",100,100,1
"Mybpc3","MYBPC3","ortholog_one2one",100,100,1
"Rad52","RAD52","ortholog_one2one",100,100,1
"Arl6","ARL6","ortholog_one2one",100,100,1
"Map1s","MAP1S","ortholog_one2one",0,98.19,1
"Foxr1","FOXR1","ortholog_one2one",100,100,0
"Usp9x","USP9X","ortholog_one2one",100,100,1
"Clba1","CLBA1","ortholog_one2one",100,100,1
"Ahcyl1","AHCYL1","ortholog_one2one",100,100,1
"Lck","LCK","ortholog_one2one",100,100,1
"Olfr430","OR6N2","ortholog_one2one",75,100,1
"Rbm5","RBM5","ortholog_one2one",100,100,1
"Upk2","UPK2","ortholog_one2one",100,100,1
"Gkn2","GKN2","ortholog_one2one",100,100,1
"Nenf","NENF","ortholog_one2one",100,100,1
"Pcsk7","PCSK7","ortholog_one2one",100,100,1
"Dennd4b","DENND4B","ortholog_one2one",100,100,1
"Laptm5","LAPTM5","ortholog_one2one",100,100,1
"Olfr429","OR6N1","ortholog_one2one",100,100,1
"Nr6a1","NR6A1","ortholog_one2one",100,100,1
"Kdm6b","KDM6B","ortholog_one2one",100,100,1
"Ar","AR","ortholog_one2one",100,99.46,1
"Isoc1","ISOC1","ortholog_one2one",100,100,1
"Ssr4","SSR4","ortholog_one2one",100,100,1
"Trim33","TRIM33","ortholog_one2one",100,100,1
"Psmd11","PSMD11","ortholog_one2one",100,100,1
"Acvr1b","ACVR1B","ortholog_one2one",100,100,1
"Tctex1d4","TCTEX1D4","ortholog_one2one",100,100,1
"Rpl12","RPL12","ortholog_one2one",100,100,1
"Epha6","EPHA6","ortholog_one2one",75,100,1
"Psmc4","PSMC4","ortholog_one2one",100,100,1
"Pcif1","PCIF1","ortholog_one2one",100,100,1
"Sdccag8","SDCCAG8","ortholog_one2one",100,100,1
"Sgca","SGCA","ortholog_one2one",100,100,1
"Dhdds","DHDDS","ortholog_one2one",100,100,1
"Fam129b","NIBAN2","ortholog_one2one",100,100,1
"Carmil1","CARMIL1","ortholog_one2one",100,100,1
"Grasp","TAMALIN","ortholog_one2one",100,100,1
"Arfgap1","ARFGAP1","ortholog_one2one",100,100,1
"Coro1c","CORO1C","ortholog_one2one",100,100,1
"Uqcc1","UQCC1","ortholog_one2one",100,100,1
"Hck","HCK","ortholog_one2one",100,100,1
"Dip2a","DIP2A","ortholog_one2one",50,100,1
"Lactb2","LACTB2","ortholog_one2one",100,100,1
"Rcan1","RCAN1","ortholog_one2one",100,96.75,1
"Zc3h14","ZC3H14","ortholog_one2one",100,100,1
"Herpud2","HERPUD2","ortholog_one2one",100,100,1
"Lrsam1","LRSAM1","ortholog_one2one",100,98.71,1
"Pik3r4","PIK3R4","ortholog_one2one",100,100,1
"Csmd3","CSMD3","ortholog_one2one",100,100,1
"Mfng","MFNG","ortholog_one2one",100,100,1
"Tyro3","TYRO3","ortholog_one2one",100,100,1
"Zfp335","ZNF335","ortholog_one2one",100,100,1
"Nid2","NID2","ortholog_one2one",50,100,1
"Xpr1","XPR1","ortholog_one2one",100,100,1
"Rrh","RRH","ortholog_one2one",100,100,1
"Svep1","SVEP1","ortholog_one2one",100,100,1
"Plekha4","PLEKHA4","ortholog_one2one",100,100,1
"Vwa2","VWA2","ortholog_one2one",100,100,1
"P3h1","P3H1","ortholog_one2one",75,100,1
"Colq","COLQ","ortholog_one2one",100,100,1
"Cxcl17","CXCL17","ortholog_one2one",75,100,1
"Trpc3","TRPC3","ortholog_one2one",100,100,1
"Nek2","NEK2","ortholog_one2one",100,100,1
"Tnfrsf17","TNFRSF17","ortholog_one2one",100,100,1
"Lin9","LIN9","ortholog_one2one",100,100,1
"Zcchc9","ZCCHC9","ortholog_one2one",100,100,1
"Hnrnpd","HNRNPD","ortholog_one2one",100,100,1
"Akt3","AKT3","ortholog_one2one",100,100,1
"Rcbtb1","RCBTB1","ortholog_one2one",50,100,1
"Tyw5","TYW5","ortholog_one2one",100,100,1
"Itm2b","ITM2B","ortholog_one2one",75,100,1
"Cisd3","CISD3","ortholog_one2one",100,100,1
"Layn","LAYN","ortholog_one2one",75,100,1
"Vrtn","VRTN","ortholog_one2one",100,99.2,1
"Slc25a29","SLC25A29","ortholog_one2one",100,100,1
"Pomp","POMP","ortholog_one2one",100,100,1
"Kif13b","KIF13B","ortholog_one2one",50,100,1
"Izumo2","IZUMO2","ortholog_one2one",100,74.37,0
"Syndig1l","SYNDIG1L","ortholog_one2one",100,100,1
"Btg4","BTG4","ortholog_one2one",100,99.41,1
"Kctd2","KCTD2","ortholog_one2one",100,100,1
"Zfp39","ZNF570","ortholog_one2one",0,0,0
"Thap7","THAP7","ortholog_one2one",100,100,1
"Rpl30","RPL30","ortholog_one2one",100,100,1
"Scgb3a1","SCGB3A1","ortholog_one2one",100,100,1
"Mycs","MYCN","ortholog_one2one",0,0,0
"Rtraf","RTRAF","ortholog_one2one",25,100,1
"Slc46a3","SLC46A3","ortholog_one2one",100,100,1
"Terf2ip","TERF2IP","ortholog_one2one",100,100,1
"Pax1","PAX1","ortholog_one2one",100,100,1
"Zfp266","ZNF266","ortholog_one2one",0,99.53,0
"4833427G06Rik","HOATZ","ortholog_one2one",100,96.81,1
"Mat2a","MAT2A","ortholog_one2one",100,100,1
"Ssbp3","SSBP3","ortholog_one2one",100,100,1
"Rbfox1","RBFOX1","ortholog_one2one",100,92.97,1
"Trpm8","TRPM8","ortholog_one2one",100,100,1
"Cdca4","CDCA4","ortholog_one2one",100,100,1
"Kank2","KANK2","ortholog_one2one",100,99.81,1
"Pacc1","PACC1","ortholog_one2one",100,93.65,1
"Islr","ISLR","ortholog_one2one",100,100,1
"Adamts19","ADAMTS19","ortholog_one2one",100,100,1
"Slc27a1","SLC27A1","ortholog_one2one",100,100,1
"Fzd3","FZD3","ortholog_one2one",100,100,1
"Tiprl","TIPRL","ortholog_one2one",100,100,1
"Islr2","ISLR2","ortholog_one2one",100,100,1
"P3h2","P3H2","ortholog_one2one",100,100,1
"Itga11","ITGA11","ortholog_one2one",100,100,1
"Ppp2r5a","PPP2R5A","ortholog_one2one",100,100,1
"Myl6","MYL6","ortholog_one2one",100,100,1
"Psme1","PSME1","ortholog_one2one",100,100,1
"Nop58","NOP58","ortholog_one2one",100,100,1
"Tmem51","TMEM51","ortholog_one2one",100,100,1
"Nr4a1","NR4A1","ortholog_one2one",100,100,1
"Csrp1","CSRP1","ortholog_one2one",100,100,1
"Maip1","MAIP1","ortholog_one2one",100,100,1
"Itpa","ITPA","ortholog_one2one",100,100,1
"Sod2","SOD2","ortholog_one2one",50,98.36,1
"Hddc3","HDDC3","ortholog_one2one",100,100,1
"Tab3","TAB3","ortholog_one2one",100,100,1
"Otud6a","OTUD6A","ortholog_one2one",100,100,1
"Fam107a","FAM107A","ortholog_one2one",100,93.84,1
"Mark4","MARK4","ortholog_one2one",0,100,1
"Awat2","AWAT2","ortholog_one2one",100,100,1
"Faf2","FAF2","ortholog_one2one",100,100,1
"Scml4","SCML4","ortholog_one2one",100,100,1
"Olfr309","OR13G1","ortholog_one2one",50,100,1
"Armc12","ARMC12","ortholog_one2one",100,100,1
"Fam167b","FAM167B","ortholog_one2one",100,100,1
"Mafg","MAFG","ortholog_one2one",100,100,1
"Atg101","ATG101","ortholog_one2one",100,100,1
"Cckbr","CCKBR","ortholog_one2one",100,100,1
"Emcn","EMCN","ortholog_one2one",100,100,1
"E130311K13Rik","C3orf33","ortholog_one2one",100,100,1
"Clic6","CLIC6","ortholog_one2one",100,97.49,1
"Unc45a","UNC45A","ortholog_one2one",75,100,1
"Sult1c1","SULT1C3","ortholog_one2one",75,99.2,1
"Dcn","DCN","ortholog_one2one",100,100,1
"Smim41","SMIM41","ortholog_one2one",100,100,0
"Gar1","GAR1","ortholog_one2one",100,100,1
"Zfhx3","ZFHX3","ortholog_one2one",75,100,1
"Cgn","CGN","ortholog_one2one",100,76.85,1
"Slc30a1","SLC30A1","ortholog_one2one",100,100,1
"Psme3","PSME3","ortholog_one2one",100,100,1
"Ptk2","PTK2","ortholog_one2one",100,100,1
"Fem1b","FEM1B","ortholog_one2one",100,100,1
"Col6a6","COL6A6","ortholog_one2one",75,100,1
"Sirt7","SIRT7","ortholog_one2one",100,100,1
"Phlda3","PHLDA3","ortholog_one2one",100,100,1
"Bcl9l","BCL9L","ortholog_one2one",100,100,1
"Clpsl2","CLPSL2","ortholog_one2one",100,76.78,0
"Gucy2f","GUCY2F","ortholog_one2one",100,100,1
"Slc5a8","SLC5A8","ortholog_one2one",100,100,1
"Olfr308","OR6F1","ortholog_one2one",25,100,1
"Erich5","ERICH5","ortholog_one2one",100,100,1
"Chodl","CHODL","ortholog_one2one",100,100,1
"Tmem200a","TMEM200A","ortholog_one2one",100,100,1
"Olfr1325","OR13H1","ortholog_one2one",0,0,0
"Shoc2","SHOC2","ortholog_one2one",100,100,1
"Ankrd54","ANKRD54","ortholog_one2one",100,100,1
"Nectin1","NECTIN1","ortholog_one2one",100,100,1
"Med4","MED4","ortholog_one2one",100,100,1
"Trmt10a","TRMT10A","ortholog_one2one",100,100,1
"Stx1a","STX1A","ortholog_one2one",100,100,1
"Tex29","TEX29","ortholog_one2one",100,77.98,0
"Parvg","PARVG","ortholog_one2one",100,96.76,1
"Syt11","SYT11","ortholog_one2one",100,100,1
"D630003M21Rik","KIAA1755","ortholog_one2one",100,100,1
"Cavin3","CAVIN3","ortholog_one2one",100,100,1
"Mtmr4","MTMR4","ortholog_one2one",100,100,1
"1810010H24Rik","C17orf58","ortholog_one2one",75,100,0
"Pdcd4","PDCD4","ortholog_one2one",100,100,1
"Nudt15","NUDT15","ortholog_one2one",100,100,1
"Exoc3l2","EXOC3L2","ortholog_one2one",100,100,1
"Sdhc","SDHC","ortholog_one2one",100,100,1
"Cln6","CLN6","ortholog_one2one",100,92.64,1
"Sucla2","SUCLA2","ortholog_one2one",100,97.94,1
"Mecom","MECOM","ortholog_one2one",50,100,1
"Tnks1bp1","TNKS1BP1","ortholog_one2one",100,100,1
"Cxcr5","CXCR5","ortholog_one2one",100,100,1
"Clps","CLPS","ortholog_one2one",100,100,1
"Dtd2","DTD2","ortholog_one2one",100,100,1
"Cct4","CCT4","ortholog_one2one",100,99.94,1
"Mttp","MTTP","ortholog_one2one",100,100,1
"Fbxo34","FBXO34","ortholog_one2one",100,100,1
"Calml4","CALML4","ortholog_one2one",100,100,1
"Rasgrp1","RASGRP1","ortholog_one2one",100,98.72,1
"Man2a2","MAN2A2","ortholog_one2one",100,100,1
"Kdm5c","KDM5C","ortholog_one2one",100,100,1
"Ppid","PPID","ortholog_one2one",100,100,1
"Slc5a7","SLC5A7","ortholog_one2one",75,100,1
"Ptpn2","PTPN2","ortholog_one2one",75,100,1
"Cnot6","CNOT6","ortholog_one2one",100,100,1
"Cd163","CD163","ortholog_one2one",50,100,1
"Polh","POLH","ortholog_one2one",100,100,1
"Cd151","CD151","ortholog_one2one",100,100,1
"Neto2","NETO2","ortholog_one2one",100,97.04,1
"Olfr231","OR6K6","ortholog_one2one",100,100,1
"Diaph2","DIAPH2","ortholog_one2one",50,100,1
"Rab33a","RAB33A","ortholog_one2one",100,100,1
"Emc9","EMC9","ortholog_one2one",100,100,1
"Pdzd4","PDZD4","ortholog_one2one",100,100,1
"Ppp4r1","PPP4R1","ortholog_one2one",100,100,1
"Krt80","KRT80","ortholog_one2one",100,100,1
"Dad1","DAD1","ortholog_one2one",100,100,1
"Ddit4l","DDIT4L","ortholog_one2one",100,100,1
"2610528J11Rik","C1orf210","ortholog_one2one",100,100,1
"Ndufa6","NDUFA6","ortholog_one2one",100,100,1
"Nfyb","NFYB","ortholog_one2one",100,100,1
"Bmp7","BMP7","ortholog_one2one",100,100,1
"Bud13","BUD13","ortholog_one2one",100,98.63,1
"Gpr161","GPR161","ortholog_one2one",100,99.61,1
"Zranb3","ZRANB3","ortholog_one2one",100,100,1
"Flt3l","FLT3LG","ortholog_one2one",100,100,1
"Eml5","EML5","ortholog_one2one",100,100,1
"Zfc3h1","ZFC3H1","ortholog_one2one",100,100,1
"Psmd14","PSMD14","ortholog_one2one",100,100,1
"Xpo5","XPO5","ortholog_one2one",75,100,1
"Pld2","PLD2","ortholog_one2one",100,100,1
"Nxt2","NXT2","ortholog_one2one",100,92.54,1
"Gpr33","GPR33","ortholog_one2one",100,100,1
"Bmp15","BMP15","ortholog_one2one",75,100,1
"Pou3f4","POU3F4","ortholog_one2one",100,100,1
"Cdc14a","CDC14A","ortholog_one2one",100,100,1
"Krt7","KRT7","ortholog_one2one",100,100,1
"Cylc1","CYLC1","ortholog_one2one",100,97.83,0
"Cd81","CD81","ortholog_one2one",75,100,1
"Matn1","MATN1","ortholog_one2one",100,100,1
"Prrt1","PRRT1","ortholog_one2one",100,100,1
"Birc6","BIRC6","ortholog_one2one",100,99.99,1
"Spo11","SPO11","ortholog_one2one",100,100,1
"Kdm4b","KDM4B","ortholog_one2one",75,98.97,1
"Sox1","SOX1","ortholog_one2one",100,100,1
"Stard10","STARD10","ortholog_one2one",100,100,1
"Cracr2b","CRACR2B","ortholog_one2one",100,100,1
"Taf1a","TAF1A","ortholog_one2one",100,98.12,1
"Bloc1s3","BLOC1S3","ortholog_one2one",100,100,1
"Ncapd2","NCAPD2","ortholog_one2one",100,100,1
"Slc11a1","SLC11A1","ortholog_one2one",100,99.27,1
"Acbd6","ACBD6","ortholog_one2one",100,100,1
"Pla2g12a","PLA2G12A","ortholog_one2one",100,100,1
"Foxa2","FOXA2","ortholog_one2one",100,100,1
"Cox19","COX19","ortholog_one2one",100,100,1
"Ube2d2a","UBE2D2","ortholog_one2one",100,100,1
"Mvb12b","MVB12B","ortholog_one2one",100,100,1
"Runx1","RUNX1","ortholog_one2one",100,100,1
"Tmem125","TMEM125","ortholog_one2one",100,100,1
"Musk","MUSK","ortholog_one2one",100,100,1
"Lrp10","LRP10","ortholog_one2one",100,100,1
"Col6a5","COL6A5","ortholog_one2one",50,99.61,1
"Fbxo16","FBXO16","ortholog_one2one",100,100,1
"Pcgf2","PCGF2","ortholog_one2one",100,100,1
"Slc33a1","SLC33A1","ortholog_one2one",100,100,1
"Vat1","VAT1","ortholog_one2one",100,100,1
"Mycbp2","MYCBP2","ortholog_one2one",100,100,1
"Cnn2","CNN2","ortholog_one2one",100,98.08,1
"Lhfpl5","LHFPL5","ortholog_one2one",100,98.69,1
"Dcaf6","DCAF6","ortholog_one2one",100,99.06,1
"Npc2","NPC2","ortholog_one2one",100,100,1
"Gstm7","GSTM2","ortholog_one2one",100,13.61,1
"Myl4","MYL4","ortholog_one2one",50,100,1
"Cyp2w1","CYP2W1","ortholog_one2one",100,100,1
"Dio1","DIO1","ortholog_one2one",100,100,1
"Cxxc5","CXXC5","ortholog_one2one",100,100,1
"Trim17","TRIM17","ortholog_one2one",75,100,1
"Sgk2","SGK2","ortholog_one2one",100,100,1
"Ms4a13","MS4A13","ortholog_one2one",100,85.28,0
"Rd3","RD3","ortholog_one2one",100,100,1
"Exoc3l4","EXOC3L4","ortholog_one2one",100,100,1
"Rnd2","RND2","ortholog_one2one",100,100,1
"Dnah2","DNAH2","ortholog_one2one",100,99.38,1
"Fkbpl","FKBPL","ortholog_one2one",100,100,1
"Cfap46","CFAP46","ortholog_one2one",100,99.51,0
"Acadm","ACADM","ortholog_one2one",100,99.29,1
"Samd3","SAMD3","ortholog_one2one",100,100,1
"H2aw","H2AW","ortholog_one2one",50,100,1
"Mpz","MPZ","ortholog_one2one",100,100,1
"Dgat2l6","DGAT2L6","ortholog_one2one",100,100,1
"Tnni1","TNNI1","ortholog_one2one",100,100,1
"Gper1","GPER1","ortholog_one2one",100,100,1
"Mrpl15","MRPL15","ortholog_one2one",100,100,1
"Usp7","USP7","ortholog_one2one",100,97.99,1
"Col13a1","COL13A1","ortholog_one2one",100,100,1
"Gm37797","MARCOL","ortholog_one2one",50,94.04,0
"Slc25a47","SLC25A47","ortholog_one2one",100,100,1
"Gpr146","GPR146","ortholog_one2one",100,100,1
"Awat1","AWAT1","ortholog_one2one",100,100,1
"Sstr4","SSTR4","ortholog_one2one",100,100,1
"Lsamp","LSAMP","ortholog_one2one",100,100,1
"Cpne9","CPNE9","ortholog_one2one",100,100,1
"Csnka2ip","CSNKA2IP","ortholog_one2one",100,100,0
"Col15a1","COL15A1","ortholog_one2one",100,99.22,1
"3110082I17Rik","C7orf50","ortholog_one2one",100,100,1
"Nup98","NUP98","ortholog_one2one",100,100,1
"Pou2af1","POU2AF1","ortholog_one2one",75,100,1
"Thbd","THBD","ortholog_one2one",100,100,1
"4930453N24Rik","C3orf38","ortholog_one2one",100,100,1
"Ckmt2","CKMT2","ortholog_one2one",100,100,1
"Eif3d","EIF3D","ortholog_one2one",100,100,1
"P2ry4","P2RY4","ortholog_one2one",100,100,1
"Aplnr","APLNR","ortholog_one2one",100,100,1
"Olfr424","OR6K3","ortholog_one2one",75,0,1
"Ints1","INTS1","ortholog_one2one",100,100,1
"Gpr101","GPR101","ortholog_one2one",100,100,1
"Crlf2","CRLF2","ortholog_one2one",50,8.17,0
"Syt6","SYT6","ortholog_one2one",100,100,1
"Zfp395","ZNF395","ortholog_one2one",100,100,1
"Rasl10b","RASL10B","ortholog_one2one",100,100,1
"Sox3","SOX3","ortholog_one2one",75,100,1
"Aoc2","AOC2","ortholog_one2one",100,100,1
"Glyctk","GLYCTK","ortholog_one2one",50,100,1
"Septin7","SEPTIN7","ortholog_one2one",75,100,1
"Abhd4","ABHD4","ortholog_one2one",100,100,1
"Rem2","REM2","ortholog_one2one",100,100,1
"Plac8","PLAC8","ortholog_one2one",100,100,1
"Abtb2","ABTB2","ortholog_one2one",100,100,1
"Hhipl2","HHIPL2","ortholog_one2one",100,100,1
"Ncoa5","NCOA5","ortholog_one2one",100,100,1
"Map3k12","MAP3K12","ortholog_one2one",100,100,1
"Gnb1","GNB1","ortholog_one2one",100,100,1
"Iqgap3","IQGAP3","ortholog_one2one",100,100,1
"Ube2e3","UBE2E3","ortholog_one2one",100,100,1
"Olfr420","OR6K2","ortholog_one2one",100,100,1
"Pmfbp1","PMFBP1","ortholog_one2one",100,100,1
"Gdf5","GDF5","ortholog_one2one",100,100,1
"Cpne8","CPNE8","ortholog_one2one",100,100,1
"Casp6","CASP6","ortholog_one2one",100,97.88,1
"Rwdd3","RWDD3","ortholog_one2one",100,94.74,1
"Adamts4","ADAMTS4","ortholog_one2one",100,100,1
"Slc25a12","SLC25A12","ortholog_one2one",100,100,1
"Itfg1","ITFG1","ortholog_one2one",100,100,1
"Rtca","RTCA","ortholog_one2one",100,98.72,1
"Oit1","FAM3D","ortholog_one2one",100,100,1
"Slc4a11","SLC4A11","ortholog_one2one",100,100,1
"Gatm","GATM","ortholog_one2one",100,100,1
"Rbx1","RBX1","ortholog_one2one",100,100,1
"Rab7","RAB7A","ortholog_one2one",50,96.66,1
"Smpd1","SMPD1","ortholog_one2one",100,100,1
"Pcp4l1","PCP4L1","ortholog_one2one",100,100,1
"Sh2b3","SH2B3","ortholog_one2one",100,100,1
"Nlrc5","NLRC5","ortholog_one2one",100,98.62,1
"Ssh1","SSH1","ortholog_one2one",100,100,1
"Etfdh","ETFDH","ortholog_one2one",100,100,1
"Cd93","CD93","ortholog_one2one",100,100,1
"2610507B11Rik","KIAA0100","ortholog_one2one",100,100,1
"Ndufs2","NDUFS2","ortholog_one2one",100,98.95,1
"Spata7","SPATA7","ortholog_one2one",100,100,1
"Csf1","CSF1","ortholog_one2one",100,100,1
"Hey1","HEY1","ortholog_one2one",100,100,1
"Bptf","BPTF","ortholog_one2one",100,100,1
"Mixl1","MIXL1","ortholog_one2one",100,100,1
"Wdr82","WDR82","ortholog_one2one",75,100,1
"Olfr125","OR14J1","ortholog_one2one",0,100,1
"Rcor3","RCOR3","ortholog_one2one",100,100,1
"Isca2","ISCA2","ortholog_one2one",100,100,1
"Cpne6","CPNE6","ortholog_one2one",100,99.5,1
"Nxt1","NXT1","ortholog_one2one",100,100,1
"Acbd3","ACBD3","ortholog_one2one",100,100,1
"Slc44a5","SLC44A5","ortholog_one2one",100,99.51,1
"Ddx3x","DDX3X","ortholog_one2one",100,96.22,1
"Myl6b","MYL6B","ortholog_one2one",75,100,1
"Ms4a12","MS4A12","ortholog_one2one",100,100,1
"Klf15","KLF15","ortholog_one2one",100,100,1
"Zbtb18","ZBTB18","ortholog_one2one",100,100,1
"Dusp10","DUSP10","ortholog_one2one",100,100,1
"Ms4a1","MS4A1","ortholog_one2one",100,100,1
"4930579G24Rik","C4orf46","ortholog_one2one",100,100,1
"Caskin1","CASKIN1","ortholog_one2one",75,100,1
"1700034J05Rik","C12orf71","ortholog_one2one",0,100,0
"Zfp280c","ZNF280C","ortholog_one2one",100,100,1
"Scamp2","SCAMP2","ortholog_one2one",100,100,1
"Tert","TERT","ortholog_one2one",100,99.13,1
"Plekha6","PLEKHA6","ortholog_one2one",100,100,1
"Map7d1","MAP7D1","ortholog_one2one",100,100,1
"Card10","CARD10","ortholog_one2one",100,100,1
"Hmox1","HMOX1","ortholog_one2one",100,100,1
"Mcub","MCUB","ortholog_one2one",100,100,1
"Ms4a5","MS4A5","ortholog_one2one",100,100,1
"Arcn1","ARCN1","ortholog_one2one",100,100,1
"Mga","MGA","ortholog_one2one",100,100,1
"Ppfibp1","PPFIBP1","ortholog_one2one",100,100,1
"Seh1l","SEH1L","ortholog_one2one",100,100,1
"Efnb3","EFNB3","ortholog_one2one",100,100,1
"Lhx4","LHX4","ortholog_one2one",100,100,1
"Pcbp2","PCBP2","ortholog_one2one",100,100,1
"Fgf17","FGF17","ortholog_one2one",100,100,1
"Tas2r135","TAS2R60","ortholog_one2one",75,100,1
"Tas2r126","TAS2R41","ortholog_one2one",50,100,1
"Eif3l","EIF3L","ortholog_one2one",100,100,1
"Afap1l2","AFAP1L2","ortholog_one2one",100,100,1
"Rsl24d1","RSL24D1","ortholog_one2one",100,100,1
"Pml","PML","ortholog_one2one",100,100,1
"Kcne1l","KCNE5","ortholog_one2one",100,100,1
"Sobp","SOBP","ortholog_one2one",100,100,1
"Tekt1","TEKT1","ortholog_one2one",50,100,1
"Atf6b","ATF6B","ortholog_one2one",100,100,1
"Zfp318","ZNF318","ortholog_one2one",100,98.5,1
"Tkt","TKT","ortholog_one2one",100,100,1
"Bpi","BPI","ortholog_one2one",100,100,1
"Nup54","NUP54","ortholog_one2one",100,100,1
"Usp3","USP3","ortholog_one2one",100,99.51,1
"Gfpt2","GFPT2","ortholog_one2one",100,100,1
"Ift52","IFT52","ortholog_one2one",100,100,1
"Npm2","NPM2","ortholog_one2one",100,100,1
"Nell1","NELL1","ortholog_one2one",100,99.08,1
"Atxn2","ATXN2","ortholog_one2one",100,99.32,1
"Ppm1m","PPM1M","ortholog_one2one",100,100,1
"Cacng2","CACNG2","ortholog_one2one",100,100,1
"Slc16a5","SLC16A5","ortholog_one2one",75,100,1
"H1f10","H1-10","ortholog_one2one",50,100,1
"Plat","PLAT","ortholog_one2one",100,98.82,1
"Pias1","PIAS1","ortholog_one2one",100,100,1
"Tlcd4","TLCD4","ortholog_one2one",100,100,1
"Rab26","RAB26","ortholog_one2one",100,100,1
"Dok2","DOK2","ortholog_one2one",75,100,1
"Zfp654","ZNF654","ortholog_one2one",100,100,1
"Gkn3","GKN3P","ortholog_one2one",100,100,1
"Trim11","TRIM11","ortholog_one2one",100,98.76,1
"Fam166c","FAM166C","ortholog_one2one",100,100,1
"Unc13c","UNC13C","ortholog_one2one",100,100,1
"Ssr3","SSR3","ortholog_one2one",100,99.1,1
"Fam129c","NIBAN3","ortholog_one2one",100,93.68,1
"Cab39","CAB39","ortholog_one2one",100,100,1
"Xpo7","XPO7","ortholog_one2one",100,100,1
"Lrrc66","LRRC66","ortholog_one2one",100,100,0
"Cnep1r1","CNEP1R1","ortholog_one2one",100,100,1
"Nubpl","NUBPL","ortholog_one2one",100,100,1
"Zfp367","ZNF367","ortholog_one2one",100,100,1
"Zfand4","ZFAND4","ortholog_one2one",50,98.84,1
"Amh","AMH","ortholog_one2one",100,100,1
"Wdr72","WDR72","ortholog_one2one",100,100,1
"Dhx38","DHX38","ortholog_one2one",75,100,1
"Atg14","ATG14","ortholog_one2one",100,100,1
"Gm29797","C20orf204","ortholog_one2one",75,100,1
"Msto1","MSTO1","ortholog_one2one",75,100,1
"Sox18","SOX18","ortholog_one2one",100,100,1
"Ms4a14","MS4A14","ortholog_one2one",75,92.65,0
"Srsf9","SRSF9","ortholog_one2one",75,100,1
"Saxo1","SAXO1","ortholog_one2one",100,100,1
"Krt84","KRT84","ortholog_one2one",100,100,1
"Agap2","AGAP2","ortholog_one2one",100,100,1
"Ap3m2","AP3M2","ortholog_one2one",100,100,1
"Gatad2b","GATAD2B","ortholog_one2one",100,100,1
"Traf7","TRAF7","ortholog_one2one",100,100,1
"Pgls","PGLS","ortholog_one2one",100,100,1
"Shisal1","SHISAL1","ortholog_one2one",100,98.52,1
"Krt82","KRT82","ortholog_one2one",100,100,1
"Minar2","MINAR2","ortholog_one2one",75,100,1
"Rgs6","RGS6","ortholog_one2one",100,99.94,1
"Xkr9","XKR9","ortholog_one2one",100,100,1
"Gpr31b","GPR31","ortholog_one2one",0,100,1
"Traf5","TRAF5","ortholog_one2one",100,97.55,1
"Skor1","SKOR1","ortholog_one2one",100,100,1
"G3bp2","G3BP2","ortholog_one2one",100,100,1
"Nyx","NYX","ortholog_one2one",100,100,1
"Tafa1","TAFA1","ortholog_one2one",100,100,1
"Rtl6","RTL6","ortholog_one2one",100,100,1
"Colca2","COLCA2","ortholog_one2one",100,100,1
"Il17re","IL17RE","ortholog_one2one",100,100,1
"Ndufb1-ps","NDUFB1","ortholog_one2one",100,100,0
"Slit2","SLIT2","ortholog_one2one",100,100,1
"Txnl4b","TXNL4B","ortholog_one2one",100,100,1
"Prr5","PRR5","ortholog_one2one",100,97.24,1
"Psma4","PSMA4","ortholog_one2one",100,100,1
"Olfr161","OR1F1","ortholog_one2one",50,100,1
"Cpsf2","CPSF2","ortholog_one2one",100,100,1
"Gab3","GAB3","ortholog_one2one",75,100,1
"Bmpr2","BMPR2","ortholog_one2one",100,100,1
"Pex16","PEX16","ortholog_one2one",100,100,1
"Twf2","TWF2","ortholog_one2one",100,100,1
"Onecut1","ONECUT1","ortholog_one2one",100,100,1
"Unc13d","UNC13D","ortholog_one2one",100,100,1
"Tob2","TOB2","ortholog_one2one",75,100,1
"Cdr1","CDR1","ortholog_one2one",75,40.22,0
"Grid2ip","GRID2IP","ortholog_one2one",100,100,1
"Tfam","TFAM","ortholog_one2one",100,100,1
"Adh7","ADH7","ortholog_one2one",100,100,1
"Pex5","PEX5","ortholog_one2one",75,100,1
"Ptprs","PTPRS","ortholog_one2one",75,99.58,1
"Pkn1","PKN1","ortholog_one2one",100,100,1
"Itga1","ITGA1","ortholog_one2one",100,100,1
"Fign","FIGN","ortholog_one2one",100,100,1
"Cggbp1","CGGBP1","ortholog_one2one",100,100,1
"Fbl","FBL","ortholog_one2one",100,100,1
"Jag2","JAG2","ortholog_one2one",100,100,1
"Shroom4","SHROOM4","ortholog_one2one",100,100,1
"4930579F01Rik","C4orf17","ortholog_one2one",100,98.99,0
"Tiparp","TIPARP","ortholog_one2one",100,100,1
"Yes1","YES1","ortholog_one2one",0,99.83,1
"Aoc3","AOC3","ortholog_one2one",100,99.86,1
"Tm9sf4","TM9SF4","ortholog_one2one",100,100,1
"Abo","ABO","ortholog_one2one",50,93.29,1
"Smtnl2","SMTNL2","ortholog_one2one",50,100,1
"H3f3a","H3-3A","ortholog_one2one",100,100,1
"Large2","LARGE2","ortholog_one2one",100,100,1
"Trappc6a","TRAPPC6A","ortholog_one2one",100,100,1
"Myo1b","MYO1B","ortholog_one2one",100,100,1
"Gpr83","GPR83","ortholog_one2one",100,100,1
"Pcdh19","PCDH19","ortholog_one2one",50,100,1
"1810046K07Rik","C11orf53","ortholog_one2one",100,100,1
"Htr1f","HTR1F","ortholog_one2one",100,100,1
"Kif21a","KIF21A","ortholog_one2one",100,100,1
"Eef1akmt3","EEF1AKMT3","ortholog_one2one",100,100,1
"Pelo","PELO","ortholog_one2one",100,100,1
"Cldn19","CLDN19","ortholog_one2one",100,100,1
"Mettl1","METTL1","ortholog_one2one",100,99.72,1
"Eif3h","EIF3H","ortholog_one2one",100,99.71,1
"Polr2l","POLR2L","ortholog_one2one",100,100,1
"Arhgap5","ARHGAP5","ortholog_one2one",100,100,1
"Kantr","KANTR","ortholog_one2one",100,100,1
"Gatc","AL021546.1","ortholog_one2one",100,84,1
"Gprasp2","GPRASP2","ortholog_one2one",75,100,1
"Arr3","ARR3","ortholog_one2one",100,100,1
"Lmo4","LMO4","ortholog_one2one",100,100,1
"Mtus2","MTUS2","ortholog_one2one",100,100,1
"Jsrp1","JSRP1","ortholog_one2one",100,100,1
"Fbxl12","FBXL12","ortholog_one2one",75,100,1
"Car12","CA12","ortholog_one2one",100,100,1
"Chsy3","CHSY3","ortholog_one2one",50,100,1
"Strap","STRAP","ortholog_one2one",100,100,1
"Fam161a","FAM161A","ortholog_one2one",100,100,0
"Egflam","EGFLAM","ortholog_one2one",100,100,1
"Coq2","COQ2","ortholog_one2one",100,97.69,1
"St6gal2","ST6GAL2","ortholog_one2one",50,100,1
"Gmps","GMPS","ortholog_one2one",100,100,1
"Lpar1","LPAR1","ortholog_one2one",100,100,1
"Krt75","KRT75","ortholog_one2one",100,100,1
"Pbx3","PBX3","ortholog_one2one",100,100,1
"Lhx8","LHX8","ortholog_one2one",100,99.6,1
"Rae1","RAE1","ortholog_one2one",100,98.96,1
"Mier3","MIER3","ortholog_one2one",100,100,1
"Zic3","ZIC3","ortholog_one2one",100,100,1
"Atp12a","ATP12A","ortholog_one2one",50,100,1
"Cib4","CIB4","ortholog_one2one",100,100,1
"Nt5c","NT5C","ortholog_one2one",100,100,1
"Ppp1cb","PPP1CB","ortholog_one2one",50,100,1
"Cpsf1","CPSF1","ortholog_one2one",100,100,1
"Tcea2","TCEA2","ortholog_one2one",100,100,1
"Pou1f1","POU1F1","ortholog_one2one",100,100,1
"Spta1","SPTA1","ortholog_one2one",100,100,1
"Alkbh8","ALKBH8","ortholog_one2one",50,100,1
"Pnoc","PNOC","ortholog_one2one",100,100,1
"Kcnk3","KCNK3","ortholog_one2one",100,100,1
"Thy1","THY1","ortholog_one2one",75,100,1
"Tspyl2","TSPYL2","ortholog_one2one",75,100,1
"Ntan1","NTAN1","ortholog_one2one",25,100,1
"Sde2","SDE2","ortholog_one2one",100,100,1
"Sntg2","SNTG2","ortholog_one2one",100,100,1
"Dlg2","DLG2","ortholog_one2one",100,100,1
"Armc7","ARMC7","ortholog_one2one",100,100,1
"Sik2","SIK2","ortholog_one2one",100,100,1
"Mat2b","MAT2B","ortholog_one2one",100,100,1
"Ulk3","ULK3","ortholog_one2one",100,100,1
"Srp14","SRP14","ortholog_one2one",100,97.69,1
"B3galt5","B3GALT5","ortholog_one2one",100,99.44,1
"Ltbp1","LTBP1","ortholog_one2one",100,100,1
"Ptov1","PTOV1","ortholog_one2one",100,100,1
"Alas1","ALAS1","ortholog_one2one",100,100,1
"Thbs1","THBS1","ortholog_one2one",100,100,1
"AA467197","C15orf48","ortholog_one2one",100,76.88,0
"Stoml1","STOML1","ortholog_one2one",100,100,1
"Gpr173","GPR173","ortholog_one2one",50,100,1
"Tmem184a","TMEM184A","ortholog_one2one",100,100,1
"Pogz","POGZ","ortholog_one2one",100,100,1
"Tango2","TANGO2","ortholog_one2one",100,100,1
"Cox7a2l","COX7A2L","ortholog_one2one",100,100,1
"Surf6","SURF6","ortholog_one2one",100,100,1
"Gprasp1","GPRASP1","ortholog_one2one",100,99.4,1
"Htr2a","HTR2A","ortholog_one2one",100,100,1
"Nipal3","NIPAL3","ortholog_one2one",100,94.38,1
"Dbt","DBT","ortholog_one2one",100,100,1
"Nkpd1","NKPD1","ortholog_one2one",100,100,1
"Pdxdc1","PDXDC1","ortholog_one2one",50,100,1
"Nol11","NOL11","ortholog_one2one",100,100,1
"Myot","MYOT","ortholog_one2one",0,100,1
"Gm11639","EFCAB13","ortholog_one2one",50,58.55,0
"Cldn1","CLDN1","ortholog_one2one",100,100,1
"Cdca2","CDCA2","ortholog_one2one",100,99.54,1
"Tnmd","TNMD","ortholog_one2one",100,100,1
"Ptger1","PTGER1","ortholog_one2one",100,100,1
"Lrrc55","LRRC55","ortholog_one2one",100,100,1
"Ppp1r37","PPP1R37","ortholog_one2one",100,100,1
"Armcx5","ARMCX5","ortholog_one2one",100,98.4,1
"Mrps28","MRPS28","ortholog_one2one",100,100,1
"Efcab3","EFCAB3","ortholog_one2one",50,100,1
"Mrtfa","MRTFA","ortholog_one2one",100,100,1
"Acsl4","ACSL4","ortholog_one2one",100,100,1
"Pdss2","PDSS2","ortholog_one2one",100,100,1
"Gas2l2","GAS2L2","ortholog_one2one",75,100,1
"Adra2a","ADRA2A","ortholog_one2one",100,100,1
"Shroom2","SHROOM2","ortholog_one2one",25,100,1
"Aldh1l1","ALDH1L1","ortholog_one2one",75,99.9,1
"Mafk","MAFK","ortholog_one2one",100,100,1
"Phf5a","PHF5A","ortholog_one2one",100,100,1
"Bend5","BEND5","ortholog_one2one",100,100,1
"Psen1","PSEN1","ortholog_one2one",100,100,1
"Tmprss15","TMPRSS15","ortholog_one2one",100,99.18,1
"G6pc","G6PC","ortholog_one2one",100,100,1
"Hspg2","HSPG2","ortholog_one2one",100,99.83,1
"Loxl1","LOXL1","ortholog_one2one",100,100,1
"Gemin7","GEMIN7","ortholog_one2one",100,100,1
"Ppp2r1b","PPP2R1B","ortholog_one2one",100,100,1
"Psmg3","PSMG3","ortholog_one2one",100,100,1
"Mmp28","MMP28","ortholog_one2one",100,100,1
"Adck5","ADCK5","ortholog_one2one",100,100,1
"Krt5","KRT5","ortholog_one2one",100,100,1
"Pcp4","PCP4","ortholog_one2one",100,100,1
"Zfp296","ZNF296","ortholog_one2one",100,100,1
"Mef2d","MEF2D","ortholog_one2one",100,100,1
"Os9","OS9","ortholog_one2one",100,100,1
"Col20a1","COL20A1","ortholog_one2one",100,100,1
"Agbl4","AGBL4","ortholog_one2one",100,100,1
"Tmem18","TMEM18","ortholog_one2one",100,93.17,1
"Gpr143","GPR143","ortholog_one2one",25,100,1
"Nr4a2","NR4A2","ortholog_one2one",100,100,1
"Krt71","KRT71","ortholog_one2one",100,100,1
"Zfand2a","ZFAND2A","ortholog_one2one",100,93.63,0
"Cryz","CRYZ","ortholog_one2one",100,100,1
"Olfr419","OR10Z1","ortholog_one2one",100,100,1
"L3mbtl3","L3MBTL3","ortholog_one2one",100,97.15,1
"Nupr1l","NUPR2","ortholog_one2one",0,100,1
"Usp51","USP51","ortholog_one2one",25,100,1
"Stpg1","STPG1","ortholog_one2one",100,100,1
"Yipf1","YIPF1","ortholog_one2one",100,100,1
"Mageh1","MAGEH1","ortholog_one2one",25,100,1
"Poc1a","POC1A","ortholog_one2one",100,100,1
"Folh1","FOLH1","ortholog_one2one",0,100,1
"6430550D23Rik","C20orf173","ortholog_one2one",100,100,0
"1700020L24Rik","C17orf50","ortholog_one2one",75,100,1
"Muc13","MUC13","ortholog_one2one",100,74.91,0
"Gsdme","GSDME","ortholog_one2one",100,100,1
"Lin28a","LIN28A","ortholog_one2one",100,100,1
"Phf21b","PHF21B","ortholog_one2one",100,98.74,1
"Slc35f6","SLC35F6","ortholog_one2one",100,100,1
"Cep250","CEP250","ortholog_one2one",100,99.74,1
"Bmp10","BMP10","ortholog_one2one",100,100,1
"Izumo1r","IZUMO1R","ortholog_one2one",100,100,1
"Tafa4","TAFA4","ortholog_one2one",100,100,1
"Hsp90b1","HSP90B1","ortholog_one2one",50,100,1
"Dlgap1","DLGAP1","ortholog_one2one",100,100,1
"Heg1","HEG1","ortholog_one2one",100,100,1
"Dera","DERA","ortholog_one2one",100,100,1
"Utp23","UTP23","ortholog_one2one",100,100,1
"Sgcb","SGCB","ortholog_one2one",100,100,1
"Olfml2a","OLFML2A","ortholog_one2one",100,99.22,1
"Kcng3","KCNG3","ortholog_one2one",100,100,1
"4930452B06Rik","CFAP20DC","ortholog_one2one",100,100,1
"Slc24a4","SLC24A4","ortholog_one2one",100,100,1
"Brca1","BRCA1","ortholog_one2one",100,99.52,1
"Selenof","SELENOF","ortholog_one2one",100,100,1
"Neto1","NETO1","ortholog_one2one",75,100,1
"Habp4","HABP4","ortholog_one2one",75,100,1
"Adgra1","ADGRA1","ortholog_one2one",100,79.9,0
"Prmt5","PRMT5","ortholog_one2one",100,100,1
"Spatc1l","SPATC1L","ortholog_one2one",100,100,1
"Mpp6","MPP6","ortholog_one2one",100,100,1
"Mcm5","MCM5","ortholog_one2one",75,100,1
"Arfgef2","ARFGEF2","ortholog_one2one",100,99.95,1
"Vwa8","VWA8","ortholog_one2one",100,100,1
"Foxr2","FOXR2","ortholog_one2one",50,100,1
"Cldn16","CLDN16","ortholog_one2one",100,100,1
"Mpc2","MPC2","ortholog_one2one",100,100,1
"Rida","RIDA","ortholog_one2one",100,100,1
"Unc13a","UNC13A","ortholog_one2one",50,100,1
"Sh2d6","SH2D6","ortholog_one2one",100,100,0
"Rab8b","RAB8B","ortholog_one2one",100,100,1
"Srpk1","SRPK1","ortholog_one2one",100,100,1
"Atp5g3","ATP5MC3","ortholog_one2one",100,100,1
"Scarb2","SCARB2","ortholog_one2one",100,96.9,1
"Dusp7","DUSP7","ortholog_one2one",100,100,1
"Rragb","RRAGB","ortholog_one2one",50,100,1
"Ppp1r9b","PPP1R9B","ortholog_one2one",100,100,1
"Tmem207","TMEM207","ortholog_one2one",100,100,1
"Spp2","SPP2","ortholog_one2one",100,100,1
"Vrk3","VRK3","ortholog_one2one",100,100,1
"Krt72","KRT72","ortholog_one2one",100,100,1
"Pycr1","PYCR1","ortholog_one2one",100,100,1
"Ctdsp1","CTDSP1","ortholog_one2one",100,100,1
"Mefv","MEFV","ortholog_one2one",75,98.29,0
"Alkal2","ALKAL2","ortholog_one2one",100,100,1
"Ggt6","GGT6","ortholog_one2one",75,100,1
"Eepd1","EEPD1","ortholog_one2one",50,100,1
"Tspan4","TSPAN4","ortholog_one2one",100,100,1
"Sgsm3","SGSM3","ortholog_one2one",100,99.77,1
"Heatr3","HEATR3","ortholog_one2one",100,100,1
"Lad1","LAD1","ortholog_one2one",100,99.35,1
"Klf8","KLF8","ortholog_one2one",75,100,1
"Txnrd1","TXNRD1","ortholog_one2one",100,98.11,1
"Stk16","STK16","ortholog_one2one",100,100,1
"Dao","DAO","ortholog_one2one",100,100,1
"Pcsk1","PCSK1","ortholog_one2one",100,100,1
"Qsox1","QSOX1","ortholog_one2one",100,100,1
"Psmb3","PSMB3","ortholog_one2one",100,100,1
"Ripk1","RIPK1","ortholog_one2one",50,100,1
"Xpo1","XPO1","ortholog_one2one",100,100,1
"Crip3","CRIP3","ortholog_one2one",100,100,1
"Zfp622","ZNF622","ortholog_one2one",100,100,1
"Chmp2b","CHMP2B","ortholog_one2one",100,100,1
"Krt73","KRT73","ortholog_one2one",100,100,1
"Triap1","TRIAP1","ortholog_one2one",100,100,1
"Dgkk","DGKK","ortholog_one2one",100,99.54,1
"Chrna5","CHRNA5","ortholog_one2one",100,99.53,1
"Abcc9","ABCC9","ortholog_one2one",100,100,1
"Wrap53","WRAP53","ortholog_one2one",100,100,1
"Gzf1","GZF1","ortholog_one2one",100,100,1
"Tyw3","TYW3","ortholog_one2one",100,100,1
"Krt2","KRT2","ortholog_one2one",100,100,1
"Lum","LUM","ortholog_one2one",100,100,1
"Syce1l","SYCE1L","ortholog_one2one",100,96.77,1
"Bmf","BMF","ortholog_one2one",100,100,1
"Gap43","GAP43","ortholog_one2one",100,100,1
"Itm2c","ITM2C","ortholog_one2one",100,100,1
"Chid1","CHID1","ortholog_one2one",100,100,1
"Ankrd31","ANKRD31","ortholog_one2one",100,100,1
"Ubqln2","UBQLN2","ortholog_one2one",50,100,1
"Krt1","KRT1","ortholog_one2one",100,100,1
"Sh3glb1","SH3GLB1","ortholog_one2one",100,100,1
"Renbp","RENBP","ortholog_one2one",100,100,1
"Tuba4a","TUBA4A","ortholog_one2one",100,100,1
"Rasd2","RASD2","ortholog_one2one",50,100,1
"Hpse","HPSE","ortholog_one2one",100,100,1
"Vkorc1l1","VKORC1L1","ortholog_one2one",25,100,1
"Wdr38","WDR38","ortholog_one2one",100,100,1
"Nqo2","NQO2","ortholog_one2one",75,100,1
"H2az1","H2AZ1","ortholog_one2one",100,100,1
"Olfml3","OLFML3","ortholog_one2one",100,100,1
"Slc30a4","SLC30A4","ortholog_one2one",100,100,1
"Tnfaip2","TNFAIP2","ortholog_one2one",100,100,1
"Rraga","RRAGA","ortholog_one2one",100,100,1
"Krt77","KRT77","ortholog_one2one",100,100,1
"Tspan6","TSPAN6","ortholog_one2one",100,100,1
"Notum","NOTUM","ortholog_one2one",100,100,1
"Zfp473","ZNF473","ortholog_one2one",100,99.01,0
"Rep15","REP15","ortholog_one2one",100,100,1
"Kera","KERA","ortholog_one2one",100,100,1
"Arhgap17","ARHGAP17","ortholog_one2one",100,99.9,1
"Lactb","LACTB","ortholog_one2one",100,100,1
"Cep192","CEP192","ortholog_one2one",100,100,1
"Mmp23","MMP23B","ortholog_one2one",100,100,1
"Mon1b","MON1B","ortholog_one2one",100,100,1
"Arpc5l","ARPC5L","ortholog_one2one",100,100,1
"Ltbp2","LTBP2","ortholog_one2one",100,100,1
"Ccnb3","CCNB3","ortholog_one2one",100,95.81,0
"Myo9a","MYO9A","ortholog_one2one",100,100,1
"Gpd2","GPD2","ortholog_one2one",100,100,1
"Colgalt1","COLGALT1","ortholog_one2one",75,100,1
"Grb14","GRB14","ortholog_one2one",100,100,1
"Sox6","SOX6","ortholog_one2one",100,100,1
"Tubgcp3","TUBGCP3","ortholog_one2one",100,100,1
"Ldoc1","LDOC1","ortholog_one2one",0,100,1
"Cox6a1","COX6A1","ortholog_one2one",75,100,1
"Ms4a7","MS4A7","ortholog_one2one",50,97.94,0
"Sntb1","SNTB1","ortholog_one2one",100,100,1
"Myadml2","MYADML2","ortholog_one2one",100,100,0
"Vgll3","VGLL3","ortholog_one2one",100,100,1
"Ophn1","OPHN1","ortholog_one2one",100,100,1
"Eogt","EOGT","ortholog_one2one",100,100,1
"Ube2d1","UBE2D1","ortholog_one2one",100,100,1
"Srpx2","SRPX2","ortholog_one2one",100,100,1
"Ica1l","ICA1L","ortholog_one2one",100,97.74,1
"Tssc4","TSSC4","ortholog_one2one",100,100,1
"Rxfp1","RXFP1","ortholog_one2one",100,100,1
"Cd40","CD40","ortholog_one2one",100,100,1
"Gcnt4","GCNT4","ortholog_one2one",100,100,1
"Slc22a7","SLC22A7","ortholog_one2one",100,100,1
"Rad21","RAD21","ortholog_one2one",100,100,1
"Cplx3","CPLX3","ortholog_one2one",100,100,1
"Papln","PAPLN","ortholog_one2one",100,100,1
"Psmb4","PSMB4","ortholog_one2one",100,100,1
"Arid4a","ARID4A","ortholog_one2one",100,100,1
"Rbm38","RBM38","ortholog_one2one",100,100,1
"Dhodh","DHODH","ortholog_one2one",75,100,1
"Myo9b","MYO9B","ortholog_one2one",50,100,1
"Trpm5","TRPM5","ortholog_one2one",100,100,1
"Hsd17b14","HSD17B14","ortholog_one2one",100,92.79,1
"Zc3h10","ZC3H10","ortholog_one2one",100,100,1
"Fam117b","FAM117B","ortholog_one2one",100,100,1
"Ftcd","FTCD","ortholog_one2one",100,99.04,1
"Kdelr2","KDELR2","ortholog_one2one",100,100,1
"5031439G07Rik","KIAA0930","ortholog_one2one",100,99.65,1
"Eid3","EID3","ortholog_one2one",100,100,1
"Tnxb","TNXB","ortholog_one2one",75,98.97,1
"Esyt1","ESYT1","ortholog_one2one",100,100,1
"Chrna3","CHRNA3","ortholog_one2one",75,100,1
"Map2k5","MAP2K5","ortholog_one2one",100,100,1
"Arhgef40","ARHGEF40","ortholog_one2one",100,100,1
"Lman1l","LMAN1L","ortholog_one2one",100,100,1
"Stac3","STAC3","ortholog_one2one",100,100,1
"Mrpl51","MRPL51","ortholog_one2one",100,100,1
"Tmem114","TMEM114","ortholog_one2one",100,100,1
"B4galt3","B4GALT3","ortholog_one2one",100,100,1
"Iqcm","IQCM","ortholog_one2one",50,96.93,1
"Tbc1d21","TBC1D21","ortholog_one2one",100,100,1
"B4galnt1","B4GALNT1","ortholog_one2one",100,100,1
"Kctd9","KCTD9","ortholog_one2one",100,100,1
"Tcaf1","TCAF1","ortholog_one2one",50,100,1
"Irx1","IRX1","ortholog_one2one",100,100,1
"Zfp263","ZNF263","ortholog_one2one",100,100,1
"1700016C15Rik","C1orf100","ortholog_one2one",100,100,1
"Kndc1","KNDC1","ortholog_one2one",100,100,1
"Ccdc28b","CCDC28B","ortholog_one2one",100,100,1
"Ctcfl","CTCFL","ortholog_one2one",100,91.83,1
"Ano5","ANO5","ortholog_one2one",100,100,1
"Ift27","IFT27","ortholog_one2one",100,100,1
"Upk3a","UPK3A","ortholog_one2one",100,100,1
"Krt76","KRT76","ortholog_one2one",100,100,1
"Arhgap18","ARHGAP18","ortholog_one2one",100,100,1
"Nrl","NRL","ortholog_one2one",100,100,1
"Il17rc","IL17RC","ortholog_one2one",100,100,1
"Selenos","SELENOS","ortholog_one2one",100,100,0
"Elfn1","ELFN1","ortholog_one2one",100,100,1
"Phactr3","PHACTR3","ortholog_one2one",100,100,1
"Ppox","PPOX","ortholog_one2one",100,100,1
"Aard","AARD","ortholog_one2one",100,99.97,1
"Fam118a","FAM118A","ortholog_one2one",100,100,1
"Fn1","FN1","ortholog_one2one",100,100,1
"Alg14","ALG14","ortholog_one2one",100,100,1
"Krt4","KRT4","ortholog_one2one",100,100,1
"Eya1","EYA1","ortholog_one2one",100,99.36,1
"Rps6ka6","RPS6KA6","ortholog_one2one",100,98.49,1
"Dcdc2b","DCDC2B","ortholog_one2one",100,100,1
"Adss","ADSS2","ortholog_one2one",100,100,1
"Rgcc","RGCC","ortholog_one2one",100,100,1
"Echdc2","ECHDC2","ortholog_one2one",100,100,1
"Krt79","KRT79","ortholog_one2one",100,100,1
"Coa5","COA5","ortholog_one2one",100,100,1
"Sass6","SASS6","ortholog_one2one",100,100,1
"Fam166b","FAM166B","ortholog_one2one",100,100,0
"Pdgfra","PDGFRA","ortholog_one2one",100,100,1
"Naa16","NAA16","ortholog_one2one",100,100,1
"Mta3","MTA3","ortholog_one2one",100,99.46,1
"Sat1","SAT1","ortholog_one2one",50,100,1
"Rps8","RPS8","ortholog_one2one",100,100,1
"Ell2","ELL2","ortholog_one2one",100,100,1
"Scel","SCEL","ortholog_one2one",100,99.45,1
"Cnn3","CNN3","ortholog_one2one",100,100,1
"Gpr55","GPR55","ortholog_one2one",100,100,1
"Rac1","RAC1","ortholog_one2one",100,100,1
"Phkb","PHKB","ortholog_one2one",100,100,1
"Eno3","ENO3","ortholog_one2one",100,100,1
"Cep350","CEP350","ortholog_one2one",100,100,1
"Dcp2","DCP2","ortholog_one2one",50,100,1
"Mib2","MIB2","ortholog_one2one",100,98.38,1
"Rusc2","RUSC2","ortholog_one2one",100,100,1
"Arhgap20","ARHGAP20","ortholog_one2one",100,100,1
"Chrna4","CHRNA4","ortholog_one2one",100,100,1
"Ttbk1","TTBK1","ortholog_one2one",100,100,1
"Chsy1","CHSY1","ortholog_one2one",100,100,1
"Trmt13","TRMT13","ortholog_one2one",100,100,1
"Smc1b","SMC1B","ortholog_one2one",100,100,1
"Panx1","PANX1","ortholog_one2one",100,100,1
"Hmmr","HMMR","ortholog_one2one",100,95.51,1
"Catspere1","CATSPERE","ortholog_one2one",100,18.23,1
"Cpne2","CPNE2","ortholog_one2one",100,100,1
"Daglb","DAGLB","ortholog_one2one",100,100,1
"Rbm6","RBM6","ortholog_one2one",100,100,1
"Rbm39","RBM39","ortholog_one2one",100,100,1
"Kif4","KIF4A","ortholog_one2one",100,100,1
"Mtrf1","MTRF1","ortholog_one2one",100,100,1
"Glb1l2","GLB1L2","ortholog_one2one",75,100,1
"D230025D16Rik","C16orf70","ortholog_one2one",100,100,1
"Iqcc","IQCC","ortholog_one2one",100,100,0
"Akap4","AKAP4","ortholog_one2one",100,100,1
"Mapkbp1","MAPKBP1","ortholog_one2one",100,100,1
"Slc7a1","SLC7A1","ortholog_one2one",100,100,1
"Iqch","IQCH","ortholog_one2one",100,100,1
"Pdzd11","PDZD11","ortholog_one2one",100,100,1
"Mettl22","METTL22","ortholog_one2one",100,99.11,1
"Haus8","HAUS8","ortholog_one2one",50,86.65,0
"Pck1","PCK1","ortholog_one2one",100,100,1
"Tent4b","TENT4B","ortholog_one2one",100,100,1
"Polr3h","POLR3H","ortholog_one2one",75,100,1
"Dnph1","DNPH1","ortholog_one2one",100,92.01,0
"Lrrc39","LRRC39","ortholog_one2one",100,97.24,1
"Ribc2","RIBC2","ortholog_one2one",100,100,1
"Epyc","EPYC","ortholog_one2one",100,100,1
"Prdx4","PRDX4","ortholog_one2one",100,100,1
"Elp3","ELP3","ortholog_one2one",100,100,1
"Efr3a","EFR3A","ortholog_one2one",100,100,1
"Ajuba","AJUBA","ortholog_one2one",100,100,1
"Zbp1","ZBP1","ortholog_one2one",100,88.17,0
"Mybbp1a","MYBBP1A","ortholog_one2one",100,100,1
"Alkbh2","ALKBH2","ortholog_one2one",100,100,1
"Uso1","USO1","ortholog_one2one",100,100,1
"Aco2","ACO2","ortholog_one2one",100,100,1
"Pck2","PCK2","ortholog_one2one",100,100,1
"Slitrk4","SLITRK4","ortholog_one2one",50,100,1
"Trp53","TP53","ortholog_one2one",100,100,1
"Ccer1","CCER1","ortholog_one2one",100,100,1
"Usp30","USP30","ortholog_one2one",100,100,1
"Mad1l1","MAD1L1","ortholog_one2one",75,100,1
"Lcmt1","LCMT1","ortholog_one2one",100,100,1
"Gsg1l2","GSG1L2","ortholog_one2one",75,100,1
"Marchf11","MARCHF11","ortholog_one2one",100,100,1
"Ptchd1","PTCHD1","ortholog_one2one",100,100,1
"4931414P19Rik","C14orf93","ortholog_one2one",100,100,1
"Spata18","SPATA18","ortholog_one2one",100,100,1
"B3gnt9","B3GNT9","ortholog_one2one",100,100,1
"Samd14","SAMD14","ortholog_one2one",100,100,1
"1810013L24Rik","C16orf72","ortholog_one2one",100,100,1
"Csk","CSK","ortholog_one2one",100,100,1
"B3gat1","B3GAT1","ortholog_one2one",50,100,1
"Tmem144","TMEM144","ortholog_one2one",100,100,1
"Cenpa","CENPA","ortholog_one2one",100,100,1
"Phex","PHEX","ortholog_one2one",100,100,1
"Tmf1","TMF1","ortholog_one2one",100,100,1
"Stbd1","STBD1","ortholog_one2one",100,100,1
"Pip4k2b","PIP4K2B","ortholog_one2one",100,100,1
"Tlk2","TLK2","ortholog_one2one",100,100,1
"Abca7","ABCA7","ortholog_one2one",100,99.51,1
"Svop","SVOP","ortholog_one2one",100,100,1
"Mon1a","MON1A","ortholog_one2one",100,100,1
"Creld1","CRELD1","ortholog_one2one",100,96.03,1
"Arl4c","ARL4C","ortholog_one2one",100,100,1
"Stk32b","STK32B","ortholog_one2one",100,100,1
"Gng2","GNG2","ortholog_one2one",50,92.34,1
"Sms","SMS","ortholog_one2one",100,100,1
"Wbp4","WBP4","ortholog_one2one",75,100,1
"Psmb5","PSMB5","ortholog_one2one",100,100,1
"Mst1r","MST1R","ortholog_one2one",100,100,1
"Prrt3","PRRT3","ortholog_one2one",100,100,1
"Cbln2","CBLN2","ortholog_one2one",100,100,1
"Dnajc30","DNAJC30","ortholog_one2one",100,100,1
"Gtf2e2","GTF2E2","ortholog_one2one",100,100,1
"Bud23","BUD23","ortholog_one2one",100,100,1
"Prkcd","PRKCD","ortholog_one2one",100,100,1
"Cwf19l2","CWF19L2","ortholog_one2one",75,100,1
"Psmb11","PSMB11","ortholog_one2one",100,100,1
"Ccdc158","CCDC158","ortholog_one2one",100,100,1
"Dhrs7c","DHRS7C","ortholog_one2one",100,100,1
"Elf1","ELF1","ortholog_one2one",50,100,1
"Brpf1","BRPF1","ortholog_one2one",100,100,1
"Ddx39","DDX39A","ortholog_one2one",75,100,1
"Psd2","PSD2","ortholog_one2one",100,100,1
"Smim18","SMIM18","ortholog_one2one",100,100,1
"Nuggc","NUGGC","ortholog_one2one",100,100,1
"Chrnb4","CHRNB4","ortholog_one2one",50,100,1
"A1cf","A1CF","ortholog_one2one",25,99.67,1
"Gpr82","GPR82","ortholog_one2one",100,100,1
"Spns2","SPNS2","ortholog_one2one",100,100,1
"Zfp219","ZNF219","ortholog_one2one",100,100,1
"Kazn","KAZN","ortholog_one2one",100,91,0
"Usp46","USP46","ortholog_one2one",100,100,1
"Fbln1","FBLN1","ortholog_one2one",100,98.49,1
"Cask","CASK","ortholog_one2one",100,100,1
"Cdh22","CDH22","ortholog_one2one",100,100,1
"Haus6","HAUS6","ortholog_one2one",100,100,1
"Nxf3","NXF3","ortholog_one2one",50,100,0
"Gfm2","GFM2","ortholog_one2one",100,100,1
"2300009A05Rik","C15orf61","ortholog_one2one",100,100,1
"Acin1","ACIN1","ortholog_one2one",100,100,1
"Ndufa4l2","NDUFA4L2","ortholog_one2one",100,100,1
"Rgs19","RGS19","ortholog_one2one",75,100,1
"Shmt2","SHMT2","ortholog_one2one",100,100,1
"Adgre5","ADGRE5","ortholog_one2one",100,98.08,1
"Trappc3","TRAPPC3","ortholog_one2one",100,100,1
"Helq","HELQ","ortholog_one2one",100,99.72,1
"Fdx1","FDX1","ortholog_one2one",75,100,1
"L1cam","L1CAM","ortholog_one2one",75,100,1
"Cfap52","CFAP52","ortholog_one2one",100,100,1
"Pmepa1","PMEPA1","ortholog_one2one",100,100,1
"Nr2e3","NR2E3","ortholog_one2one",100,100,1
"Nr3c2","NR3C2","ortholog_one2one",75,100,1
"Emc3","EMC3","ortholog_one2one",100,100,1
"Fam214a","FAM214A","ortholog_one2one",100,100,1
"Rasgrf2","RASGRF2","ortholog_one2one",100,96.47,1
"Cytl1","CYTL1","ortholog_one2one",100,100,1
"1700021F07Rik","C20orf85","ortholog_one2one",100,100,1
"Ldlrad4","LDLRAD4","ortholog_one2one",100,100,1
"Spag7","SPAG7","ortholog_one2one",100,100,1
"Tmem253","TMEM253","ortholog_one2one",100,100,1
"Hdx","HDX","ortholog_one2one",100,100,1
"Usp43","USP43","ortholog_one2one",100,100,1
"Fam210a","FAM210A","ortholog_one2one",100,100,1
"Gask1b","GASK1B","ortholog_one2one",100,100,1
"Scara5","SCARA5","ortholog_one2one",100,100,1
"Fancm","FANCM","ortholog_one2one",100,99.25,1
"Col8a2","COL8A2","ortholog_one2one",100,100,1
"Gnrh1","GNRH1","ortholog_one2one",100,100,1
"Tceal8","TCEAL8","ortholog_one2one",100,100,1
"Bloc1s6","BLOC1S6","ortholog_one2one",100,100,1
"Spata3","SPATA3","ortholog_one2one",100,100,0
"Lrrc74b","LRRC74B","ortholog_one2one",0,100,1
"Napb","NAPB","ortholog_one2one",100,100,1
"Haao","HAAO","ortholog_one2one",100,100,1
"Mbtps2","MBTPS2","ortholog_one2one",100,100,1
"Znrf4","ZNRF4","ortholog_one2one",0,96.28,0
"Lgr5","LGR5","ortholog_one2one",100,100,1
"Pdlim3","PDLIM3","ortholog_one2one",100,100,1
"Arhgap25","ARHGAP25","ortholog_one2one",75,100,1
"Ankrd60","ANKRD60","ortholog_one2one",100,100,1
"Sugt1","SUGT1","ortholog_one2one",50,97.11,1
"Adam8","ADAM8","ortholog_one2one",100,100,1
"Mapk8","MAPK8","ortholog_one2one",75,100,1
"Camkv","CAMKV","ortholog_one2one",100,100,1
"Adcy7","ADCY7","ortholog_one2one",100,100,1
"Tmem164","TMEM164","ortholog_one2one",100,100,1
"Rin3","RIN3","ortholog_one2one",100,100,1
"Cse1l","CSE1L","ortholog_one2one",100,100,1
"Hlx","HLX","ortholog_one2one",100,100,1
"Arpp19","ARPP19","ortholog_one2one",100,97.16,1
"Atp1b2","ATP1B2","ortholog_one2one",75,100,1
"Nexn","NEXN","ortholog_one2one",100,100,1
"Fmnl2","FMNL2","ortholog_one2one",100,100,1
"Neurog3","NEUROG3","ortholog_one2one",100,100,1
"Fam241b","FAM241B","ortholog_one2one",100,100,1
"Dmc1","DMC1","ortholog_one2one",100,100,1
"Atxn10","ATXN10","ortholog_one2one",100,100,1
"Tceal7","TCEAL7","ortholog_one2one",100,100,1
"Cstl1","CSTL1","ortholog_one2one",100,100,1
"Msx1","MSX1","ortholog_one2one",100,100,1
"Uba7","UBA7","ortholog_one2one",100,100,1
"Tceal9","TCEAL9","ortholog_one2one",100,100,1
"Abcd2","ABCD2","ortholog_one2one",100,100,1
"Phf2","PHF2","ortholog_one2one",100,100,1
"Cnmd","CNMD","ortholog_one2one",50,100,1
"Smpx","SMPX","ortholog_one2one",100,100,1
"Ift46","IFT46","ortholog_one2one",100,100,1
"CN725425","C12orf40","ortholog_one2one",100,100,1
"Bex3","BEX3","ortholog_one2one",100,100,1
"Slc2a13","SLC2A13","ortholog_one2one",100,100,1
"Cwc25","CWC25","ortholog_one2one",100,100,1
"Hat1","HAT1","ortholog_one2one",100,99.74,1
"Tcea1","TCEA1","ortholog_one2one",100,97.52,1
"Septin10","SEPTIN10","ortholog_one2one",75,100,1
"Slc25a14","SLC25A14","ortholog_one2one",100,98.33,1
"Fbxl7","FBXL7","ortholog_one2one",100,100,1
"Naa10","NAA10","ortholog_one2one",75,100,1
"Capg","CAPG","ortholog_one2one",100,100,1
"Gdpd2","GDPD2","ortholog_one2one",100,98.42,1
"Gusb","GUSB","ortholog_one2one",25,100,1
"Mybl2","MYBL2","ortholog_one2one",100,100,1
"Marchf8","MARCHF8","ortholog_one2one",75,100,0
"Lrrk2","LRRK2","ortholog_one2one",100,100,1
"Pcdh8","PCDH8","ortholog_one2one",100,100,1
"Pop1","POP1","ortholog_one2one",100,100,1
"Hsf5","HSF5","ortholog_one2one",100,100,1
"Lama2","LAMA2","ortholog_one2one",100,100,1
"Etv5","ETV5","ortholog_one2one",100,100,1
"Tnip3","TNIP3","ortholog_one2one",75,100,0
"Adprhl2","ADPRS","ortholog_one2one",100,100,1
"Wnt7b","WNT7B","ortholog_one2one",100,100,1
"Slain1","SLAIN1","ortholog_one2one",100,100,1
"Lypla1","LYPLA1","ortholog_one2one",100,100,1
"Mrps35","MRPS35","ortholog_one2one",100,100,1
"Ube2q2","UBE2Q2","ortholog_one2one",50,100,1
"Adh6b","ADH6","ortholog_one2one",100,0,0
"Tradd","TRADD","ortholog_one2one",100,100,1
"Olfm4","OLFM4","ortholog_one2one",100,100,1
"Mansc4","MANSC4","ortholog_one2one",100,100,1
"Rasgrp3","RASGRP3","ortholog_one2one",100,100,1
"Fam169a","FAM169A","ortholog_one2one",100,100,1
"Zbtb10","ZBTB10","ortholog_one2one",100,100,1
"Lkaaear1","LKAAEAR1","ortholog_one2one",100,100,0
"Klhl34","KLHL34","ortholog_one2one",100,100,1
"Csdc2","CSDC2","ortholog_one2one",75,100,1
"Sowahc","SOWAHC","ortholog_one2one",50,100,1
"Plcxd1","PLCXD1","ortholog_one2one",25,88.74,1
"Cnksr2","CNKSR2","ortholog_one2one",100,100,1
"Klhl42","KLHL42","ortholog_one2one",100,100,1
"Ndnf","NDNF","ortholog_one2one",100,100,1
"Pvalb","PVALB","ortholog_one2one",75,100,1
"Ammecr1","AMMECR1","ortholog_one2one",100,100,1
"Bcat2","BCAT2","ortholog_one2one",100,96.22,1
"Tsacc","TSACC","ortholog_one2one",100,100,1
"Sh3bp4","SH3BP4","ortholog_one2one",100,100,1
"Zfp704","ZNF704","ortholog_one2one",100,100,1
"Sec24b","SEC24B","ortholog_one2one",100,99.07,1
"Syne4","SYNE4","ortholog_one2one",100,100,1
"Rtl9","RTL9","ortholog_one2one",100,100,1
"Gpr34","GPR34","ortholog_one2one",100,100,1
"Thsd4","THSD4","ortholog_one2one",100,100,1
"Ednrb","EDNRB","ortholog_one2one",100,100,1
"Ren1","REN","ortholog_one2one",100,100,1
"1700001P01Rik","C17orf98","ortholog_one2one",100,100,1
"Hexb","HEXB","ortholog_one2one",100,100,1
"Gtpbp6","GTPBP6","ortholog_one2one",25,96.38,1
"Slc44a3","SLC44A3","ortholog_one2one",100,100,1
"Vps37d","VPS37D","ortholog_one2one",100,100,1
"Irx2","IRX2","ortholog_one2one",100,100,1
"Wbp2","WBP2","ortholog_one2one",100,100,1
"Hipk1","HIPK1","ortholog_one2one",100,100,1
"Myo5a","MYO5A","ortholog_one2one",100,100,1
"Aqp8","AQP8","ortholog_one2one",100,100,1
"Hephl1","HEPHL1","ortholog_one2one",100,100,1
"Bcas3","BCAS3","ortholog_one2one",100,100,1
"Dock5","DOCK5","ortholog_one2one",100,100,1
"Tecrl","TECRL","ortholog_one2one",100,100,1
"Clstn3","CLSTN3","ortholog_one2one",100,100,1
"Tnnt2","TNNT2","ortholog_one2one",100,100,1
"Etnk2","ETNK2","ortholog_one2one",100,100,1
"Actrt3","ACTRT3","ortholog_one2one",50,100,1
"Rpl23","RPL23","ortholog_one2one",100,100,1
"Fhit","FHIT","ortholog_one2one",100,99.76,1
"Kcnh1","KCNH1","ortholog_one2one",100,100,1
"1110004F10Rik","C11orf58","ortholog_one2one",100,100,1
"Unc50","UNC50","ortholog_one2one",100,100,1
"Wars","WARS1","ortholog_one2one",100,99.97,1
"Olfr15","OR2C1","ortholog_one2one",100,100,1
"Slc30a8","SLC30A8","ortholog_one2one",100,100,1
"Prdm5","PRDM5","ortholog_one2one",75,100,1
"Tspan8","TSPAN8","ortholog_one2one",100,100,1
"Ppara","PPARA","ortholog_one2one",100,100,1
"Vstm5","VSTM5","ortholog_one2one",100,100,1
"Gtsf1l","GTSF1L","ortholog_one2one",100,100,1
"5430427O19Rik","CXorf21","ortholog_one2one",100,100,1
"4930402H24Rik","C20orf194","ortholog_one2one",100,100,1
"Chrdl1","CHRDL1","ortholog_one2one",100,100,1
"Avpr2","AVPR2","ortholog_one2one",100,100,1
"C1rl","C1RL","ortholog_one2one",100,100,1
"Rpn1","RPN1","ortholog_one2one",75,100,1
"Ubl3","UBL3","ortholog_one2one",100,100,1
"Gfra2","GFRA2","ortholog_one2one",50,100,1
"Tomm20l","TOMM20L","ortholog_one2one",100,100,1
"Ccnl1","CCNL1","ortholog_one2one",100,100,1
"Arhgap4","ARHGAP4","ortholog_one2one",100,99.72,1
"2810459M11Rik","C2orf72","ortholog_one2one",100,100,1
"Zfp597","ZNF597","ortholog_one2one",100,100,1
"Timm9","TIMM9","ortholog_one2one",100,100,1
"Nr0b1","NR0B1","ortholog_one2one",100,100,1
"R3hdm1","R3HDM1","ortholog_one2one",100,100,1
"Zfp174","ZNF174","ortholog_one2one",100,100,1
"Spats2l","SPATS2L","ortholog_one2one",100,100,1
"Tox2","TOX2","ortholog_one2one",100,100,1
"Pdk2","PDK2","ortholog_one2one",100,100,1
"Inka1","INKA1","ortholog_one2one",100,100,1
"1700037C18Rik","C16orf90","ortholog_one2one",100,99.67,1
"1700123O20Rik","C14orf119","ortholog_one2one",100,100,1
"Gpam","GPAM","ortholog_one2one",100,100,1
"Amigo3","AMIGO3","ortholog_one2one",100,100,1
"Ap2a2","AP2A2","ortholog_one2one",100,100,1
"Irf9","IRF9","ortholog_one2one",100,100,1
"Mcf2l","MCF2L","ortholog_one2one",100,100,1
"Fam120a","FAM120A","ortholog_one2one",100,100,1
"Mageb4","MAGEB2","ortholog_one2one",100,3.8,0
"Traip","TRAIP","ortholog_one2one",100,100,1
"Cdh24","CDH24","ortholog_one2one",100,100,1
"Lrrk1","LRRK1","ortholog_one2one",100,100,1
"Rps6ka3","RPS6KA3","ortholog_one2one",100,100,1
"Hhat","HHAT","ortholog_one2one",100,97.83,1
"Mtarc2","MTARC2","ortholog_one2one",100,100,1
"Phka1","PHKA1","ortholog_one2one",100,99.63,1
"Pdlim1","PDLIM1","ortholog_one2one",100,100,1
"Naa60","NAA60","ortholog_one2one",100,96.72,1
"Pthlh","PTHLH","ortholog_one2one",100,100,1
"Agap1","AGAP1","ortholog_one2one",100,100,1
"Cul9","CUL9","ortholog_one2one",100,100,1
"1700029J07Rik","C4orf47","ortholog_one2one",100,100,1
"Sdhaf1","SDHAF1","ortholog_one2one",100,100,1
"Gmppb","GMPPB","ortholog_one2one",75,100,1
"Mynn","MYNN","ortholog_one2one",100,100,1
"Ccdc91","CCDC91","ortholog_one2one",100,100,1
"Pmm1","PMM1","ortholog_one2one",75,100,1
"Rbpms","RBPMS","ortholog_one2one",75,100,1
"Cst11","CST11","ortholog_one2one",75,100,1
"Oprl1","OPRL1","ortholog_one2one",100,100,1
"Pbk","PBK","ortholog_one2one",100,99.01,1
"Rnmt","RNMT","ortholog_one2one",100,100,1
"Wdr25","WDR25","ortholog_one2one",100,100,1
"Polr2f","POLR2F","ortholog_one2one",100,81.79,1
"Cd52","CD52","ortholog_one2one",100,100,0
"Adh4","ADH4","ortholog_one2one",100,100,1
"Safb2","SAFB2","ortholog_one2one",75,98.66,1
"Cadm2","CADM2","ortholog_one2one",100,100,1
"Cyp1a2","CYP1A2","ortholog_one2one",100,100,1
"Insyn1","INSYN1","ortholog_one2one",100,100,1
"Ppip5k1","PPIP5K1","ortholog_one2one",100,100,1
"Crybg2","CRYBG2","ortholog_one2one",100,98.66,1
"Rnf123","RNF123","ortholog_one2one",100,100,1
"Muc19","MUC19","ortholog_one2one",100,75.35,0
"Glrx","GLRX","ortholog_one2one",100,100,1
"Adcy10","ADCY10","ortholog_one2one",100,98.21,1
"1700088E04Rik","C22orf23","ortholog_one2one",100,100,1
"Ep300","EP300","ortholog_one2one",100,100,1
"Il1rap","IL1RAP","ortholog_one2one",100,100,1
"Prdm2","PRDM2","ortholog_one2one",100,100,1
"Fam98a","FAM98A","ortholog_one2one",100,100,1
"Tekt2","TEKT2","ortholog_one2one",100,100,1
"Mrps18c","MRPS18C","ortholog_one2one",100,100,1
"Pcdh17","PCDH17","ortholog_one2one",100,100,1
"Cdpf1","CDPF1","ortholog_one2one",100,100,1
"Zkscan2","ZKSCAN2","ortholog_one2one",100,100,1
"Mapkap1","MAPKAP1","ortholog_one2one",100,100,1
"Apool","APOOL","ortholog_one2one",100,100,1
"Slc26a8","SLC26A8","ortholog_one2one",100,100,1
"Adh5","ADH5","ortholog_one2one",100,100,1
"Hs3st4","HS3ST4","ortholog_one2one",100,100,1
"Slitrk2","SLITRK2","ortholog_one2one",75,100,1
"Dlx1","DLX1","ortholog_one2one",100,100,1
"Slc15a5","SLC15A5","ortholog_one2one",100,100,1
"Fndc10","FNDC10","ortholog_one2one",100,100,1
"Med30","MED30","ortholog_one2one",100,100,1
"Metap1d","METAP1D","ortholog_one2one",100,100,1
"Gstm4","GSTM4","ortholog_one2one",75,100,1
"Msc","MSC","ortholog_one2one",100,100,1
"Nipal2","NIPAL2","ortholog_one2one",75,100,1
"Cyp1a1","CYP1A1","ortholog_one2one",100,100,1
"Cobll1","COBLL1","ortholog_one2one",100,98.61,1
"Mapk8ip1","MAPK8IP1","ortholog_one2one",100,100,1
"Ssu72","SSU72","ortholog_one2one",100,100,1
"Pou4f1","POU4F1","ortholog_one2one",100,100,1
"Esco2","ESCO2","ortholog_one2one",100,100,1
"Cd276","CD276","ortholog_one2one",100,100,1
"Trim65","TRIM65","ortholog_one2one",100,100,1
"Plin2","PLIN2","ortholog_one2one",100,100,1
"Eif1ax","EIF1AX","ortholog_one2one",100,100,1
"Uba3","UBA3","ortholog_one2one",100,100,1
"Rnf219","OBI1","ortholog_one2one",100,100,1
"Lrrc49","LRRC49","ortholog_one2one",100,99.37,1
"Map3k1","MAP3K1","ortholog_one2one",100,100,1
"Has2","HAS2","ortholog_one2one",100,100,1
"Cisd1","CISD1","ortholog_one2one",100,100,1
"Micall1","MICALL1","ortholog_one2one",100,100,1
"Nudt1","NUDT1","ortholog_one2one",100,100,1
"Satl1","SATL1","ortholog_one2one",100,98.51,0
"Rdx","RDX","ortholog_one2one",100,100,1
"Sytl4","SYTL4","ortholog_one2one",100,100,1
"Gucy1a2","GUCY1A2","ortholog_one2one",100,98.39,1
"Trim47","TRIM47","ortholog_one2one",100,100,1
"Zfp142","ZNF142","ortholog_one2one",100,99.27,1
"Ndel1","NDEL1","ortholog_one2one",100,100,1
"Desi2","DESI2","ortholog_one2one",100,100,1
"Kdm8","KDM8","ortholog_one2one",100,97.79,1
"Rab22a","RAB22A","ortholog_one2one",100,100,1
"Ncam2","NCAM2","ortholog_one2one",100,100,1
"Pkdrej","PKDREJ","ortholog_one2one",100,97.9,1
"Aagab","AAGAB","ortholog_one2one",100,100,1
"Ttc38","TTC38","ortholog_one2one",100,100,1
"Usp21","USP21","ortholog_one2one",100,100,1
"Taf15","TAF15","ortholog_one2one",0,98.56,1
"Rnf44","RNF44","ortholog_one2one",100,100,1
"Pag1","PAG1","ortholog_one2one",100,100,1
"Myt1","MYT1","ortholog_one2one",50,100,1
"Wnk1","WNK1","ortholog_one2one",100,100,1
"Zbtb20","ZBTB20","ortholog_one2one",100,100,1
"Galnt5","GALNT5","ortholog_one2one",100,100,1
"Ly6l","LY6L","ortholog_one2one",50,0,0
"Hcfc1","HCFC1","ortholog_one2one",100,100,1
"Lrfn3","LRFN3","ortholog_one2one",100,100,1
"Cadm1","CADM1","ortholog_one2one",75,100,1
"Cnot9","CNOT9","ortholog_one2one",100,96.88,1
"1700029I15Rik","C11orf94","ortholog_one2one",100,100,1
"Pak6","PAK6","ortholog_one2one",75,100,1
"Tyrobp","TYROBP","ortholog_one2one",100,99.51,1
"Map7d2","MAP7D2","ortholog_one2one",100,100,1
"Rnf222","RNF222","ortholog_one2one",100,100,1
"Ermn","ERMN","ortholog_one2one",100,99.88,1
"Gata2","GATA2","ortholog_one2one",100,100,1
"Hcst","HCST","ortholog_one2one",100,100,1
"Tor1aip2","TOR1AIP2","ortholog_one2one",100,98.94,1
"Vapb","VAPB","ortholog_one2one",100,100,1
"Myo5c","MYO5C","ortholog_one2one",100,100,1
"Usp37","USP37","ortholog_one2one",100,100,1
"Ccdc25","CCDC25","ortholog_one2one",100,100,1
"Kif2c","KIF2C","ortholog_one2one",100,100,1
"Usp48","USP48","ortholog_one2one",100,99.33,1
"Fndc3a","FNDC3A","ortholog_one2one",50,100,1
"Asah2","ASAH2","ortholog_one2one",25,99.41,1
"Chst11","CHST11","ortholog_one2one",100,100,1
"Dlg3","DLG3","ortholog_one2one",100,100,1
"Srf","SRF","ortholog_one2one",100,100,1
"Armc9","ARMC9","ortholog_one2one",100,100,1
"Olfr958","OR10D3","ortholog_one2one",75,100,1
"Tmem240","TMEM240","ortholog_one2one",100,100,1
"Gnb5","GNB5","ortholog_one2one",100,100,1
"Mcam","MCAM","ortholog_one2one",100,100,1
"Tor1aip1","TOR1AIP1","ortholog_one2one",100,98.84,1
"Dnajb8","DNAJB8","ortholog_one2one",100,100,1
"Esd","ESD","ortholog_one2one",100,99.24,1
"Mgst1","MGST1","ortholog_one2one",100,92.77,1
"Gpr119","GPR119","ortholog_one2one",100,100,1
"Nox4","NOX4","ortholog_one2one",50,100,1
"Tfcp2l1","TFCP2L1","ortholog_one2one",100,100,1
"Ybx2","YBX2","ortholog_one2one",100,100,1
"Lgmn","LGMN","ortholog_one2one",100,100,1
"Rbmx2","RBMX2","ortholog_one2one",100,100,1
"Ndc1","NDC1","ortholog_one2one",100,100,1
"Jmjd7","JMJD7","ortholog_one2one",100,100,1
"Zfp711","ZNF711","ortholog_one2one",100,100,1
"Gtse1","GTSE1","ortholog_one2one",100,100,1
"Ankrd63","ANKRD63","ortholog_one2one",100,100,1
"Vil1","VIL1","ortholog_one2one",100,100,1
"Heatr9","HEATR9","ortholog_one2one",25,100,1
"Sptbn5","SPTBN5","ortholog_one2one",100,99.13,1
"Ext1","EXT1","ortholog_one2one",100,100,1
"Dclre1b","DCLRE1B","ortholog_one2one",100,100,1
"Fam220a","FAM220A","ortholog_one2many",100,100,0
"Slc41a2","SLC41A2","ortholog_one2one",100,100,1
"Grin2a","GRIN2A","ortholog_one2one",100,100,1
"Edc3","EDC3","ortholog_one2one",100,100,1
"Bcl2l10","BCL2L10","ortholog_one2one",100,99.73,0
"Rhobtb3","RHOBTB3","ortholog_one2one",100,100,1
"F3","F3","ortholog_one2one",100,100,1
"Ptk7","PTK7","ortholog_one2one",75,100,1
"Bclaf3","BCLAF3","ortholog_one2one",100,100,1
"Arl6ip5","ARL6IP5","ortholog_one2one",100,100,1
"Mapk6","MAPK6","ortholog_one2one",100,100,1
"Lmod3","LMOD3","ortholog_one2one",100,100,1
"Ptx3","PTX3","ortholog_one2one",100,100,1
"Aasdhppt","AASDHPPT","ortholog_one2one",100,100,1
"Veph1","VEPH1","ortholog_one2one",100,100,1
"Apeh","APEH","ortholog_one2one",100,100,1
"Clk3","CLK3","ortholog_one2one",100,100,1
"Stx18","STX18","ortholog_one2one",100,100,1
"Cst8","CST8","ortholog_one2one",75,100,1
"Plcd4","PLCD4","ortholog_one2one",100,100,1
"Spata6","SPATA6","ortholog_one2one",75,99.97,1
"Phf20","PHF20","ortholog_one2one",100,100,1
"Spns3","SPNS3","ortholog_one2one",100,100,1
"Leo1","LEO1","ortholog_one2one",100,100,1
"Thpo","THPO","ortholog_one2one",100,100,1
"Ampd2","AMPD2","ortholog_one2one",100,100,1
"Trmu","TRMU","ortholog_one2one",100,100,1
"Nat10","NAT10","ortholog_one2one",100,100,1
"Kbtbd3","KBTBD3","ortholog_one2one",100,100,1
"Imp4","IMP4","ortholog_one2one",50,100,1
"Msantd4","MSANTD4","ortholog_one2one",100,100,1
"Map1a","MAP1A","ortholog_one2one",100,100,1
"Tectb","TECTB","ortholog_one2one",100,100,1
"Tmod3","TMOD3","ortholog_one2one",100,100,1
"Gria2","GRIA2","ortholog_one2one",100,100,1
"Chrd","CHRD","ortholog_one2one",100,100,1
"Cox20","COX20","ortholog_one2one",100,95.81,1
"Abraxas1","ABRAXAS1","ortholog_one2one",100,100,1
"Grina","GRINA","ortholog_one2one",100,99.11,1
"Sycp2","SYCP2","ortholog_one2one",75,99.81,1
"Tceal1","TCEAL1","ortholog_one2one",100,100,1
"Hnrnpu","HNRNPU","ortholog_one2one",100,100,1
"Tpm1","TPM1","ortholog_one2one",100,100,1
"Clip1","CLIP1","ortholog_one2one",100,100,1
"Sox13","SOX13","ortholog_one2one",100,100,1
"Bsn","BSN","ortholog_one2one",100,100,1
"Cntn1","CNTN1","ortholog_one2one",100,100,1
"Med25","MED25","ortholog_one2one",100,99.59,1
"Pof1b","POF1B","ortholog_one2one",100,100,1
"Ccdc115","CCDC115","ortholog_one2one",50,100,1
"Nsg1","NSG1","ortholog_one2one",100,100,1
"Psmd12","PSMD12","ortholog_one2one",100,100,1
"Glra4","GLRA4","ortholog_one2one",100,100,1
"Pgk2","PGK2","ortholog_one2one",25,100,1
"Rfx5","RFX5","ortholog_one2one",100,100,1
"Sh3glb2","SH3GLB2","ortholog_one2one",100,100,1
"Zyg11a","ZYG11A","ortholog_one2one",100,99.76,1
"Mst1","MST1","ortholog_one2one",75,100,1
"Slc6a18","SLC6A18","ortholog_one2one",100,97.22,1
"Metap1","METAP1","ortholog_one2one",100,100,1
"Aldh1a3","ALDH1A3","ortholog_one2one",100,100,1
"Spatc1","SPATC1","ortholog_one2one",100,97.72,1
"Klc4","KLC4","ortholog_one2one",100,100,1
"Ddx6","DDX6","ortholog_one2one",100,100,1
"Fgf21","FGF21","ortholog_one2one",100,100,1
"Miga1","MIGA1","ortholog_one2one",100,100,1
"Morf4l2","MORF4L2","ortholog_one2one",100,100,1
"Erich3","ERICH3","ortholog_one2one",100,100,0
"Tle1","TLE1","ortholog_one2one",0,100,1
"Trpa1","TRPA1","ortholog_one2one",100,100,1
"Cst3","CST3","ortholog_one2one",75,100,1
"Ufc1","UFC1","ortholog_one2one",100,100,1
"Ppp1r3d","PPP1R3D","ortholog_one2one",100,100,1
"Aldh16a1","ALDH16A1","ortholog_one2one",100,100,1
"Ncf4","NCF4","ortholog_one2one",75,100,1
"Scara3","SCARA3","ortholog_one2one",100,100,1
"Fam217b","FAM217B","ortholog_one2one",100,100,1
"Olfr414","OR6Y1","ortholog_one2one",75,0,1
"Pkd1l3","PKD1L3","ortholog_one2one",75,87.04,0
"Olfr220","OR6P1","ortholog_one2one",75,0,1
"Zc3h12c","ZC3H12C","ortholog_one2one",100,100,1
"Ebi3","EBI3","ortholog_one2one",50,100,1
"Mgat4a","MGAT4A","ortholog_one2one",100,100,1
"Nptn","NPTN","ortholog_one2one",100,100,1
"Katnal1","KATNAL1","ortholog_one2one",100,100,1
"Yju2","YJU2","ortholog_one2one",50,99.42,1
"Mrpl2","MRPL2","ortholog_one2one",100,100,1
"Ip6k1","IP6K1","ortholog_one2one",100,100,1
"P2rx4","P2RX4","ortholog_one2one",50,100,1
"Psmd1","PSMD1","ortholog_one2one",100,100,1
"Fut1","FUT1","ortholog_one2one",100,100,1
"Tmem25","TMEM25","ortholog_one2one",100,100,1
"AI593442","C11orf87","ortholog_one2one",75,100,1
"Fam227a","FAM227A","ortholog_one2one",100,85.35,0
"Gnat2","GNAT2","ortholog_one2one",100,100,1
"D10Wsu102e","C12orf45","ortholog_one2one",100,90.4,1
"4932438A13Rik","KIAA1109","ortholog_one2one",100,100,1
"Larp6","LARP6","ortholog_one2one",100,100,1
"Cdc42ep1","CDC42EP1","ortholog_one2one",100,100,1
"Fmn2","FMN2","ortholog_one2one",50,97.51,1
"Aldh1l2","ALDH1L2","ortholog_one2one",100,98.94,1
"Lgals2","LGALS2","ortholog_one2one",100,100,1
"Htr2b","HTR2B","ortholog_one2one",100,100,1
"Muc6","MUC6","ortholog_one2one",100,92.47,0
"Cdc14b","CDC14C","ortholog_one2one",0,91.83,1
"Clcn5","CLCN5","ortholog_one2one",100,100,1
"Pdzrn4","PDZRN4","ortholog_one2one",100,100,1
"Cdhr4","CDHR4","ortholog_one2one",100,100,1
"Ly6h","LY6H","ortholog_one2one",50,100,1
"Lbp","LBP","ortholog_one2one",100,100,1
"Diaph3","DIAPH3","ortholog_one2one",100,99.64,1
"Pih1d1","PIH1D1","ortholog_one2one",100,100,1
"Ank","ANKH","ortholog_one2one",100,100,1
"Ttc36","TTC36","ortholog_one2one",100,100,1
"Shd","SHD","ortholog_one2one",100,96.65,1
"Spata9","SPATA9","ortholog_one2one",100,100,1
"Tmod2","TMOD2","ortholog_one2one",100,100,1
"Cct3","CCT3","ortholog_one2one",100,100,1
"Otulin","OTULIN","ortholog_one2one",100,100,1
"Safb","SAFB","ortholog_one2one",25,100,1
"Cul7","CUL7","ortholog_one2one",75,100,1
"Bcl2l15","BCL2L15","ortholog_one2one",100,100,1
"Sertad4","SERTAD4","ortholog_one2one",100,99.28,1
"Grem2","GREM2","ortholog_one2one",50,100,1
"Saysd1","SAYSD1","ortholog_one2one",50,100,1
"Gli2","GLI2","ortholog_one2one",100,100,1
"Ergic3","ERGIC3","ortholog_one2one",100,98.8,1
"Rec114","REC114","ortholog_one2one",100,99.46,1
"Itgb5","ITGB5","ortholog_one2one",100,100,1
"Slc35c2","SLC35C2","ortholog_one2one",100,100,1
"Cyp21a1","CYP21A2","ortholog_one2one",100,8.78,1
"Arhgef15","ARHGEF15","ortholog_one2one",75,100,1
"Lmo3","LMO3","ortholog_one2one",100,98.94,1
"Cdh26","CDH26","ortholog_one2one",75,100,1
"Dkc1","DKC1","ortholog_one2one",100,100,1
"Helz","HELZ","ortholog_one2one",100,99.69,1
"Tspan15","TSPAN15","ortholog_one2one",100,100,1
"Tarbp2","TARBP2","ortholog_one2one",100,100,1
"Mrpl38","MRPL38","ortholog_one2one",100,100,1
"Shbg","SHBG","ortholog_one2one",100,100,1
"Mc5r","MC5R","ortholog_one2one",75,97.24,1
"Mc2r","MC2R","ortholog_one2one",50,100,1
"Tacr2","TACR2","ortholog_one2one",100,98.22,1
"Scand1","SCAND1","ortholog_one2one",100,100,1
"Zyg11b","ZYG11B","ortholog_one2one",100,100,1
"Ist1","IST1","ortholog_one2one",100,99.03,1
"Cnbd2","CNBD2","ortholog_one2one",100,96.83,1
"Ipmk","IPMK","ortholog_one2one",100,98.56,1
"Atad3a","ATAD3A","ortholog_one2one",100,100,1
"Elmod3","ELMOD3","ortholog_one2one",75,94.71,1
"Kcnq2","KCNQ2","ortholog_one2one",100,100,1
"Zfp36l2","ZFP36L2","ortholog_one2one",100,100,1
"Nox1","NOX1","ortholog_one2one",100,100,1
"Ung","UNG","ortholog_one2one",100,100,1
"Maoa","MAOA","ortholog_one2one",100,100,1
"Ubxn11","UBXN11","ortholog_one2one",100,100,1
"Thada","THADA","ortholog_one2one",100,100,1
"Fsd1","FSD1","ortholog_one2one",100,100,1
"Nxph4","NXPH4","ortholog_one2one",100,100,1
"Mpp1","MPP1","ortholog_one2one",100,100,1
"Prxl2c","PRXL2C","ortholog_one2one",50,100,1
"Micos13","MICOS13","ortholog_one2one",100,100,1
"Snrpe","SNRPE","ortholog_one2one",75,100,1
"Slc41a3","SLC41A3","ortholog_one2one",50,100,1
"Aire","AIRE","ortholog_one2one",100,100,1
"Gdnf","GDNF","ortholog_one2one",100,100,1
"Rpl36","RPL36","ortholog_one2one",100,100,1
"Atp11a","ATP11A","ortholog_one2one",100,100,1
"Glb1l3","GLB1L3","ortholog_one2one",100,98.67,1
"Stap2","STAP2","ortholog_one2one",100,96.06,1
"Isl1","ISL1","ortholog_one2one",75,100,1
"Mpzl1","MPZL1","ortholog_one2one",100,100,1
"Stx16","STX16","ortholog_one2one",100,99.8,1
"Abcd3","ABCD3","ortholog_one2one",100,100,1
"Setd4","SETD4","ortholog_one2one",100,100,1
"Fmr1","FMR1","ortholog_one2one",50,100,1
"Fam163a","FAM163A","ortholog_one2one",100,100,1
"Lysmd2","LYSMD2","ortholog_one2one",75,100,1
"Cstf2","CSTF2","ortholog_one2one",100,100,1
"Gpihbp1","GPIHBP1","ortholog_one2one",100,100,0
"Gxylt1","GXYLT1","ortholog_one2one",100,100,1
"Sh3bgrl3","SH3BGRL3","ortholog_one2one",100,100,1
"Cyth3","CYTH3","ortholog_one2one",100,100,1
"Golga1","GOLGA1","ortholog_one2one",100,99.28,1
"Nfkbid","NFKBID","ortholog_one2one",100,97.79,1
"Rgs7","RGS7","ortholog_one2one",100,100,1
"Nrp1","NRP1","ortholog_one2one",25,100,1
"Atp6v1h","ATP6V1H","ortholog_one2one",100,100,1
"Ralbp1","RALBP1","ortholog_one2one",100,100,1
"Sat2","SAT2","ortholog_one2one",100,100,1
"Maob","MAOB","ortholog_one2one",100,100,1
"Ankrd55","ANKRD55","ortholog_one2one",100,100,1
"Setdb2","SETDB2","ortholog_one2one",100,99.4,1
"Grhl3","GRHL3","ortholog_one2one",100,98.35,1
"Fbxo22","FBXO22","ortholog_one2one",50,100,1
"Dpysl5","DPYSL5","ortholog_one2one",100,100,1
"Coa7","COA7","ortholog_one2one",100,100,1
"5730480H06Rik","PACRGL","ortholog_one2one",100,100,1
"P4ha1","P4HA1","ortholog_one2one",50,100,1
"Cmas","CMAS","ortholog_one2one",100,100,1
"Scg3","SCG3","ortholog_one2one",50,100,1
"Shisal2a","SHISAL2A","ortholog_one2one",100,100,1
"Snx8","SNX8","ortholog_one2one",75,100,1
"Nrg4","NRG4","ortholog_one2one",100,100,1
"Gpx7","GPX7","ortholog_one2one",100,100,1
"Rgs20","RGS20","ortholog_one2one",100,100,1
"Pak3","PAK3","ortholog_one2one",100,100,1
"Kcnip4","KCNIP4","ortholog_one2one",100,100,1
"Kcnq1","KCNQ1","ortholog_one2one",75,100,1
"Sh3yl1","SH3YL1","ortholog_one2one",75,100,1
"Chm","CHM","ortholog_one2one",100,100,1
"Nsmce1","NSMCE1","ortholog_one2one",100,98.58,1
"Cep295","CEP295","ortholog_one2one",100,99.72,1
"Arl13a","ARL13A","ortholog_one2one",100,97.67,0
"Npff","NPFF","ortholog_one2one",100,100,1
"Xkrx","XKRX","ortholog_one2one",100,100,1
"Rnf17","RNF17","ortholog_one2one",25,100,1
"Clca1","CLCA1","ortholog_one2one",100,100,1
"Lnpk","LNPK","ortholog_one2one",100,97.98,1
"Wdr70","WDR70","ortholog_one2one",100,100,1
"Lonp1","LONP1","ortholog_one2one",50,100,1
"Jph2","JPH2","ortholog_one2one",100,100,1
"Rangrf","RANGRF","ortholog_one2one",100,100,1
"C130074G19Rik","C1orf115","ortholog_one2one",100,100,1
"Syndig1","SYNDIG1","ortholog_one2one",75,100,1
"Lrch1","LRCH1","ortholog_one2one",100,100,1
"Tex11","TEX11","ortholog_one2one",100,97.52,1
"Mlxipl","MLXIPL","ortholog_one2one",100,100,1
"Slc25a35","SLC25A35","ortholog_one2one",100,100,1
"Nefl","NEFL","ortholog_one2one",100,100,1
"Calcoco1","CALCOCO1","ortholog_one2one",100,100,1
"Bmp5","BMP5","ortholog_one2one",50,100,1
"Afdn","AFDN","ortholog_one2one",75,100,1
"Treh","TREH","ortholog_one2one",100,100,1
"Rec8","REC8","ortholog_one2one",100,100,1
"Tgif1","TGIF1","ortholog_one2one",100,100,1
"Hmgcll1","HMGCLL1","ortholog_one2one",75,97.65,1
"Itgb1","ITGB1","ortholog_one2one",50,98.11,1
"Eefsec","EEFSEC","ortholog_one2one",100,100,1
"Arid3b","ARID3B","ortholog_one2one",100,100,1
"Slc7a4","SLC7A4","ortholog_one2one",50,100,1
"Plekhh2","PLEKHH2","ortholog_one2one",100,100,1
"Sqor","SQOR","ortholog_one2one",100,100,1
"Spef2","SPEF2","ortholog_one2one",100,100,0
"Efcab2","EFCAB2","ortholog_one2one",100,86.22,0
"Ubxn4","UBXN4","ortholog_one2one",100,100,1
"St8sia1","ST8SIA1","ortholog_one2one",100,100,1
"Ufsp2","UFSP2","ortholog_one2one",100,100,1
"Phldb1","PHLDB1","ortholog_one2one",100,100,1
"Catsperd","CATSPERD","ortholog_one2one",50,80.86,0
"Yaf2","YAF2","ortholog_one2one",75,100,1
"P2rx6","P2RX6","ortholog_one2one",75,100,1
"Tdrd5","TDRD5","ortholog_one2one",100,100,1
"Ifnlr1","IFNLR1","ortholog_one2one",100,100,1
"Nbr1","NBR1","ortholog_one2one",100,100,1
"Oplah","OPLAH","ortholog_one2one",100,100,1
"Npepl1","NPEPL1","ortholog_one2one",100,100,1
"Mrpl39","MRPL39","ortholog_one2one",100,97.14,1
"Oser1","OSER1","ortholog_one2one",100,100,1
"Clca2","CLCA2","ortholog_one2one",100,100,1
"Tyr","TYR","ortholog_one2one",75,100,1
"4931406C07Rik","C11orf54","ortholog_one2one",100,100,1
"Zcrb1","ZCRB1","ortholog_one2one",100,100,1
"Hoxc13","HOXC13","ortholog_one2one",100,100,1
"Ankrd37","ANKRD37","ortholog_one2one",100,100,1
"Hoxc12","HOXC12","ortholog_one2one",100,100,1
"Usp34","USP34","ortholog_one2one",100,99.74,1
"Pgap2","PGAP2","ortholog_one2one",100,100,1
"Dag1","DAG1","ortholog_one2one",100,100,1
"Kif26b","KIF26B","ortholog_one2one",100,100,1
"Ago3","AGO3","ortholog_one2one",100,100,1
"Txlna","TXLNA","ortholog_one2one",100,100,1
"Lrp2bp","LRP2BP","ortholog_one2one",100,100,1
"Gria4","GRIA4","ortholog_one2one",100,100,1
"Rasip1","RASIP1","ortholog_one2one",100,100,1
"Atrn","ATRN","ortholog_one2one",100,100,1
"Twsg1","TWSG1","ortholog_one2one",100,100,1
"Exosc4","EXOSC4","ortholog_one2one",100,100,1
"Cab39l","CAB39L","ortholog_one2one",75,100,1
"Rrp1b","RRP1B","ortholog_one2one",50,99.32,1
"Acsl5","ACSL5","ortholog_one2one",100,100,1
"Gfral","GFRAL","ortholog_one2one",100,99.34,1
"Stau1","STAU1","ortholog_one2one",100,100,1
"Taf1d","TAF1D","ortholog_one2one",100,89.24,0
"Izumo1","IZUMO1","ortholog_one2one",100,96.6,0
"Rcsd1","RCSD1","ortholog_one2one",100,100,1
"Hoxc11","HOXC11","ortholog_one2one",75,100,1
"Fez2","FEZ2","ortholog_one2one",100,100,1
"Tmem63a","TMEM63A","ortholog_one2one",75,100,1
"Cdadc1","CDADC1","ortholog_one2one",50,99.46,1
"Slc2a4","SLC2A4","ortholog_one2one",100,100,1
"Zdhhc6","ZDHHC6","ortholog_one2one",100,100,1
"Hcrtr2","HCRTR2","ortholog_one2one",100,98.76,1
"Hoxc9","HOXC9","ortholog_one2one",75,100,1
"Hsf2bp","HSF2BP","ortholog_one2one",75,100,1
"Dennd4c","DENND4C","ortholog_one2one",100,100,1
"Hoxc10","HOXC10","ortholog_one2one",75,100,1
"Hoxc8","HOXC8","ortholog_one2one",50,100,1
"Hoxc5","HOXC5","ortholog_one2one",25,100,1
"Olfm2","OLFM2","ortholog_one2one",100,100,1
"Hoxc6","HOXC6","ortholog_one2one",75,100,1
"Aplp1","APLP1","ortholog_one2one",100,100,1
"Lrrc34","LRRC34","ortholog_one2one",100,96.46,1
"Crim1","CRIM1","ortholog_one2one",100,100,1
"Supt4a","SUPT4H1","ortholog_one2one",100,100,1
"Nicn1","NICN1","ortholog_one2one",100,100,1
"Lrriq4","LRRIQ4","ortholog_one2one",100,98.04,1
"Fam83b","FAM83B","ortholog_one2one",100,100,1
"Usp27x","USP27X","ortholog_one2one",100,100,1
"Rubcnl","RUBCNL","ortholog_one2one",100,100,1
"Mad2l1","MAD2L1","ortholog_one2one",50,100,1
"Pdpn","PDPN","ortholog_one2one",75,100,0
"Zfp687","ZNF687","ortholog_one2one",100,100,1
"Gpat3","GPAT3","ortholog_one2one",100,100,1
"Arhgap29","ARHGAP29","ortholog_one2one",100,100,1
"Pkp1","PKP1","ortholog_one2one",100,100,1
"Stat1","STAT1","ortholog_one2one",100,98.33,1
"Tgoln1","TGOLN2","ortholog_one2one",0,94.24,0
"Dnajb2","DNAJB2","ortholog_one2one",100,100,1
"Cenpj","CENPJ","ortholog_one2one",50,100,1
"Eif4e","EIF4E","ortholog_one2one",100,95.36,1
"Retsat","RETSAT","ortholog_one2one",75,100,1
"Pi4kb","PI4KB","ortholog_one2one",100,100,1
"Lrrc63","LRRC63","ortholog_one2one",100,98.24,0
"Col25a1","COL25A1","ortholog_one2one",100,100,1
"Pla2g12b","PLA2G12B","ortholog_one2one",75,100,1
"Rhoa","RHOA","ortholog_one2one",100,100,1
"Kcnk5","KCNK5","ortholog_one2one",25,100,1
"Fpgt","FPGT","ortholog_one2one",100,100,1
"Dctn6","DCTN6","ortholog_one2one",100,94.67,1
"Gm572","C1orf127","ortholog_one2one",100,80.43,0
"Kctd18","KCTD18","ortholog_one2one",100,100,1
"Frmd4b","FRMD4B","ortholog_one2one",100,100,1
"Tcta","TCTA","ortholog_one2one",100,100,1
"Gbx2","GBX2","ortholog_one2one",100,100,1
"Atp2b1","ATP2B1","ortholog_one2one",75,100,1
"Hoxc4","HOXC4","ortholog_one2one",75,100,1
"Cald1","CALD1","ortholog_one2one",100,100,1
"Glrb","GLRB","ortholog_one2one",100,100,1
"Gnas","GNAS","ortholog_one2one",100,99.82,1
"Cdkn1c","CDKN1C","ortholog_one2one",100,100,1
"Cdh4","CDH4","ortholog_one2one",100,100,1
"Il4ra","IL4R","ortholog_one2one",100,100,1
"Hcn4","HCN4","ortholog_one2one",100,100,1
"Ndp","NDP","ortholog_one2one",100,100,1
"Ddx10","DDX10","ortholog_one2one",100,100,1
"Fam192a","PSME3IP1","ortholog_one2one",100,100,1
"Gdap1l1","GDAP1L1","ortholog_one2one",100,100,1
"Lct","LCT","ortholog_one2one",100,100,1
"Grm5","GRM5","ortholog_one2one",100,100,1
"Fabp5","FABP5","ortholog_one2one",100,100,1
"1700102P08Rik","C3orf62","ortholog_one2one",100,100,1
"Frmpd2","FRMPD2","ortholog_one2one",50,100,1
"Taf4","TAF4","ortholog_one2one",100,100,1
"Ap2a1","AP2A1","ortholog_one2one",100,100,1
"Smad3","SMAD3","ortholog_one2one",100,100,1
"Fitm1","FITM1","ortholog_one2one",100,100,1
"Gpx1","GPX1","ortholog_one2one",100,100,1
"Zhx2","ZHX2","ortholog_one2one",100,100,1
"Ccdc36","IHO1","ortholog_one2one",100,100,1
"Lrrc38","LRRC38","ortholog_one2one",50,100,1
"Gga1","GGA1","ortholog_one2one",100,99.39,1
"Syt14","SYT14","ortholog_one2one",100,100,1
"Usp4","USP4","ortholog_one2one",100,100,1
"Rps6","RPS6","ortholog_one2one",100,99.9,1
"Ano4","ANO4","ortholog_one2one",100,100,1
"Kcnk16","KCNK16","ortholog_one2one",50,32.07,0
"Jam2","JAM2","ortholog_one2one",100,97.46,1
"Evx2","EVX2","ortholog_one2one",100,100,1
"Fbf1","FBF1","ortholog_one2one",100,99.88,1
"Lcp1","LCP1","ortholog_one2one",100,100,1
"Umps","UMPS","ortholog_one2one",100,100,1
"Cdhr2","CDHR2","ortholog_one2one",100,100,1
"Rbm26","RBM26","ortholog_one2one",100,100,1
"Mis18bp1","MIS18BP1","ortholog_one2one",100,96.64,0
"Mcm6","MCM6","ortholog_one2one",100,100,1
"Ranbp3","RANBP3","ortholog_one2one",50,99.31,1
"Lrrc31","LRRC31","ortholog_one2one",100,94.64,1
"Smim9","SMIM9","ortholog_one2one",75,100,0
"Acacb","ACACB","ortholog_one2one",100,100,1
"Ccdc22","CCDC22","ortholog_one2one",100,100,1
"Gprin1","GPRIN1","ortholog_one2one",100,100,1
"Clu","CLU","ortholog_one2one",100,100,1
"Dedd","DEDD","ortholog_one2one",100,100,1
"Ephx1","EPHX1","ortholog_one2one",50,100,1
"Dgkg","DGKG","ortholog_one2one",100,100,1
"Usp42","USP42","ortholog_one2one",75,99.98,1
"Acer2","ACER2","ortholog_one2one",100,100,1
"Foxp3","FOXP3","ortholog_one2one",100,100,1
"Lasp1","LASP1","ortholog_one2one",100,100,1
"Rspry1","RSPRY1","ortholog_one2one",100,100,1
"Hoxd13","HOXD13","ortholog_one2one",100,100,1
"Myl12a","MYL12A","ortholog_one2one",100,100,1
"Ankrd12","ANKRD12","ortholog_one2one",75,100,1
"Pdgfc","PDGFC","ortholog_one2one",100,100,1
"Kpna6","KPNA6","ortholog_one2one",100,100,1
"Smug1","SMUG1","ortholog_one2one",75,100,1
"Stat4","STAT4","ortholog_one2one",100,100,1
"2700049A03Rik","KIAA0586","ortholog_one2one",100,98.4,1
"Efhc2","EFHC2","ortholog_one2one",100,100,1
"Rsrc1","RSRC1","ortholog_one2one",100,100,1
"Poc1b","POC1B","ortholog_one2one",100,100,1
"Vmac","VMAC","ortholog_one2one",75,100,1
"Cbx5","CBX5","ortholog_one2one",100,100,1
"Nit1","NIT1","ortholog_one2one",100,100,1
"Gle1","GLE1","ortholog_one2one",100,100,1
"Ehd4","EHD4","ortholog_one2one",100,100,1
"Myom1","MYOM1","ortholog_one2one",100,99.63,1
"Cby1","CBY1","ortholog_one2one",100,100,1
"Smyd3","SMYD3","ortholog_one2one",100,100,1
"Il22ra1","IL22RA1","ortholog_one2one",100,100,1
"Exph5","EXPH5","ortholog_one2one",100,100,1
"Hsf4","HSF4","ortholog_one2one",100,100,1
"Axdnd1","AXDND1","ortholog_one2one",100,94.37,1
"Shox2","SHOX2","ortholog_one2one",100,100,1
"Fuz","FUZ","ortholog_one2one",100,100,1
"Nrtn","NRTN","ortholog_one2one",100,100,1
"Gnai3","GNAI3","ortholog_one2one",100,100,1
"Zfp821","ZNF821","ortholog_one2one",100,100,1
"Ube2g1","UBE2G1","ortholog_one2one",100,100,1
"Mapk14","MAPK14","ortholog_one2one",100,100,1
"Oit3","OIT3","ortholog_one2one",100,100,1
"Fundc2","FUNDC2","ortholog_one2one",50,100,1
"Asb18","ASB18","ortholog_one2one",100,100,1
"Slc7a3","SLC7A3","ortholog_one2one",100,100,1
"Hoxd12","HOXD12","ortholog_one2one",100,100,1
"F8","F8","ortholog_one2one",50,100,1
"Nphs2","NPHS2","ortholog_one2one",100,100,1
"Plcb2","PLCB2","ortholog_one2one",100,100,1
"Hoxd11","HOXD11","ortholog_one2one",100,100,1
"Ppp1r3f","PPP1R3F","ortholog_one2one",100,100,1
"Rrp36","RRP36","ortholog_one2one",100,100,1
"Epha5","EPHA5","ortholog_one2one",100,100,1
"Hoxd10","HOXD10","ortholog_one2one",100,100,1
"Mboat4","MBOAT4","ortholog_one2one",100,100,1
"Kmo","KMO","ortholog_one2one",100,100,1
"Slc38a11","SLC38A11","ortholog_one2one",100,100,1
"Atxn1l","ATXN1L","ortholog_one2one",75,100,1
"Gpr61","GPR61","ortholog_one2one",100,100,1
"Col6a2","COL6A2","ortholog_one2one",100,100,1
"Kcns2","KCNS2","ortholog_one2one",100,100,1
"Acad8","ACAD8","ortholog_one2one",100,100,1
"Amigo1","AMIGO1","ortholog_one2one",100,100,1
"Igfn1","IGFN1","ortholog_one2one",100,96.08,0
"Eif5","EIF5","ortholog_one2one",100,100,1
"Myom3","MYOM3","ortholog_one2one",100,100,1
"Lrriq3","LRRIQ3","ortholog_one2one",100,100,1
"Miga2","MIGA2","ortholog_one2one",100,100,1
"Stk19","STK19","ortholog_one2one",75,92.56,1
"Ptprr","PTPRR","ortholog_one2one",100,100,1
"Fh1","FH","ortholog_one2one",100,100,1
"Tomm22","TOMM22","ortholog_one2one",100,100,1
"Golga5","GOLGA5","ortholog_one2one",100,100,1
"Mea1","MEA1","ortholog_one2one",100,100,1
"Mark1","MARK1","ortholog_one2one",100,100,1
"Utp25","UTP25","ortholog_one2one",100,100,1
"Tbx2","TBX2","ortholog_one2one",100,100,1
"Fundc1","FUNDC1","ortholog_one2one",100,100,1
"Pmp2","PMP2","ortholog_one2one",100,100,1
"Klhdc3","KLHDC3","ortholog_one2one",100,100,1
"Dync2li1","DYNC2LI1","ortholog_one2one",100,99.94,1
"Dus3l","DUS3L","ortholog_one2one",75,100,1
"Golm1","GOLM1","ortholog_one2one",100,100,1
"Col5a3","COL5A3","ortholog_one2one",100,99.88,1
"Shroom3","SHROOM3","ortholog_one2one",100,100,1
"Camkk2","CAMKK2","ortholog_one2one",100,100,1
"Sh3gl1","SH3GL1","ortholog_one2one",100,100,1
"Pdxp","PDXP","ortholog_one2one",100,100,1
"Il1rapl1","IL1RAPL1","ortholog_one2one",100,100,1
"Tfb2m","TFB2M","ortholog_one2one",100,100,1
"Ppp2r5d","PPP2R5D","ortholog_one2one",100,99.97,1
"Clasrp","CLASRP","ortholog_one2one",100,100,1
"Cbr3","CBR3","ortholog_one2one",100,100,1
"Tspan5","TSPAN5","ortholog_one2one",100,100,1
"Naa35","NAA35","ortholog_one2one",100,100,1
"Abcg8","ABCG8","ortholog_one2one",100,100,1
"Smad6","SMAD6","ortholog_one2one",100,100,1
"Mpnd","MPND","ortholog_one2one",100,100,1
"Asb7","ASB7","ortholog_one2one",100,100,1
"Fitm2","FITM2","ortholog_one2one",100,100,1
"Prr22","PRR22","ortholog_one2one",50,100,1
"Lsm14b","LSM14B","ortholog_one2one",100,100,1
"Ergic2","ERGIC2","ortholog_one2one",100,100,1
"Cyb561d1","CYB561D1","ortholog_one2one",100,97.74,1
"Samd12","SAMD12","ortholog_one2one",100,100,1
"Ndfip2","NDFIP2","ortholog_one2one",100,100,1
"Skiv2l","SKIV2L","ortholog_one2one",100,100,1
"R3hdml","R3HDML","ortholog_one2one",100,100,1
"Fmr1nb","FMR1NB","ortholog_one2one",100,70.85,0
"Alox5","ALOX5","ortholog_one2one",100,100,1
"Hnf4a","HNF4A","ortholog_one2one",100,100,1
"Dap3","DAP3","ortholog_one2one",75,100,1
"Abcg5","ABCG5","ortholog_one2one",100,100,1
"Vit","VIT","ortholog_one2one",100,100,1
"Cpb2","CPB2","ortholog_one2one",100,100,1
"Gbe1","GBE1","ortholog_one2one",100,100,1
"Mtcp1","MTCP1","ortholog_one2one",100,100,1
"Cmc4","CMC4","ortholog_one2one",50,100,1
"Glis1","GLIS1","ortholog_one2one",100,100,1
"Spag4","SPAG4","ortholog_one2one",100,100,1
"Neo1","NEO1","ortholog_one2one",100,100,1
"Samd7","SAMD7","ortholog_one2one",100,100,1
"Nxpe4","NXPE4","ortholog_one2one",100,99.18,1
"Ralgapb","RALGAPB","ortholog_one2one",100,100,1
"Nxpe2","NXPE2","ortholog_one2one",100,100,1
"Sec62","SEC62","ortholog_one2one",100,100,1
"Ipo4","IPO4","ortholog_one2one",100,100,1
"Josd1","JOSD1","ortholog_one2one",100,100,1
"Ift43","IFT43","ortholog_one2one",100,100,1
"Arap1","ARAP1","ortholog_one2one",100,100,1
"Dxo","DXO","ortholog_one2one",100,100,1
"Lctl","LCTL","ortholog_one2one",100,100,1
"Adam7","ADAM7","ortholog_one2one",100,99.91,1
"BC048562","C3orf84","ortholog_one2one",100,100,1
"Shisa2","SHISA2","ortholog_one2one",50,100,1
"Itga3","ITGA3","ortholog_one2one",100,100,1
"Zwilch","ZWILCH","ortholog_one2one",100,100,1
"Klhdc8b","KLHDC8B","ortholog_one2one",100,100,1
"Traf3ip3","TRAF3IP3","ortholog_one2one",100,100,1
"Gm43191","AC118553.2","ortholog_one2one",100,75.23,0
"Zfp605","ZNF605","ortholog_one2one",50,98.21,1
"Mfsd14a","MFSD14A","ortholog_one2one",100,100,1
"Jak3","JAK3","ortholog_one2one",50,100,1
"Gfra4","GFRA4","ortholog_one2one",100,98.49,1
"Dlx2","DLX2","ortholog_one2one",100,100,1
"Terf1","TERF1","ortholog_one2one",100,97.59,1
"Slc35a3","SLC35A3","ortholog_one2one",100,100,1
"Ccdc71","CCDC71","ortholog_one2one",100,100,1
"Far2","FAR2","ortholog_one2one",100,100,1
"Tinag","TINAG","ortholog_one2one",100,100,1
"Ttpal","TTPAL","ortholog_one2one",100,100,1
"Hoxd9","HOXD9","ortholog_one2one",100,100,1
"Nfe2","NFE2","ortholog_one2one",100,100,1
"Sncb","SNCB","ortholog_one2one",100,100,1
"Odf2l","ODF2L","ortholog_one2one",100,98.65,1
"Ctsc","CTSC","ortholog_one2one",100,100,1
"Ash1l","ASH1L","ortholog_one2one",100,100,1
"Msh3","MSH3","ortholog_one2one",100,100,1
"Sbspon","SBSPON","ortholog_one2one",100,100,1
"Prickle1","PRICKLE1","ortholog_one2one",75,100,1
"Parp4","PARP4","ortholog_one2one",0,78.11,1
"Pcmtd2","PCMTD2","ortholog_one2one",50,100,1
"Etnppl","ETNPPL","ortholog_one2one",100,100,1
"Mamstr","MAMSTR","ortholog_one2one",100,100,1
"Irf6","IRF6","ortholog_one2one",100,100,1
"Olfr1234","OR4A15","ortholog_one2one",75,0,1
"Psma7","PSMA7","ortholog_one2one",100,100,1
"Gmnc","GMNC","ortholog_one2one",100,100,1
"Vwa1","VWA1","ortholog_one2one",100,100,1
"Crygs","CRYGS","ortholog_one2one",100,100,1
"Cbl","CBL","ortholog_one2one",100,100,1
"Nrg2","NRG2","ortholog_one2one",100,100,1
"Slc22a18","SLC22A18","ortholog_one2one",100,100,1
"A130010J15Rik","C1orf74","ortholog_one2one",100,100,1
"Rhog","RHOG","ortholog_one2one",100,100,1
"Ndufv2","NDUFV2","ortholog_one2one",50,96.92,1
"Copz1","COPZ1","ortholog_one2one",100,96.31,1
"Tmem39b","TMEM39B","ortholog_one2one",100,100,1
"Inhbb","INHBB","ortholog_one2one",100,100,1
"Irak1","IRAK1","ortholog_one2one",100,100,1
"Gm20379","HMGN4","ortholog_one2one",0,0,0
"Fabp4","FABP4","ortholog_one2one",100,100,1
"Eif3b","EIF3B","ortholog_one2one",100,100,1
"Tbx4","TBX4","ortholog_one2one",100,100,1
"Snx12","SNX12","ortholog_one2one",100,94.74,1
"Slc5a9","SLC5A9","ortholog_one2one",100,100,1
"Mlip","MLIP","ortholog_one2one",100,100,0
"Begain","BEGAIN","ortholog_one2one",100,100,1
"Foxn4","FOXN4","ortholog_one2one",100,100,1
"Ostn","OSTN","ortholog_one2one",100,100,1
"Fam110c","FAM110C","ortholog_one2one",50,96.86,0
"Lamb2","LAMB2","ortholog_one2one",100,100,1
"Negr1","NEGR1","ortholog_one2one",100,100,1
"Ptprn","PTPRN","ortholog_one2one",100,100,1
"Capn6","CAPN6","ortholog_one2one",100,100,1
"Adig","ADIG","ortholog_one2one",100,100,0
"Obscn","OBSCN","ortholog_one2one",100,99.99,1
"Tmem88b","TMEM88B","ortholog_one2one",100,100,1
"Ralb","RALB","ortholog_one2one",100,100,1
"Nvl","NVL","ortholog_one2one",50,100,1
"Mark2","MARK2","ortholog_one2one",100,100,1
"Trmt2b","TRMT2B","ortholog_one2one",100,100,1
"Hoxd3","HOXD3","ortholog_one2one",100,100,1
"Zfp385a","ZNF385A","ortholog_one2one",100,100,1
"Ankrd65","ANKRD65","ortholog_one2one",100,100,1
"Ninj2","NINJ2","ortholog_one2one",100,100,1
"Arhgap40","ARHGAP40","ortholog_one2one",100,100,1
"Thyn1","THYN1","ortholog_one2one",100,100,1
"Tnfrsf11b","TNFRSF11B","ortholog_one2one",100,100,1
"4930444P10Rik","C8orf89","ortholog_one2one",100,100,1
"Polr3k","POLR3K","ortholog_one2one",0,69.45,0
"Poglut3","POGLUT3","ortholog_one2one",100,100,1
"Inafm2","INAFM2","ortholog_one2one",75,100,1
"Hoxd8","HOXD8","ortholog_one2one",100,100,1
"Otulinl","OTULINL","ortholog_one2one",100,100,1
"Adam2","ADAM2","ortholog_one2one",0,96.38,1
"4931428F04Rik","KIAA0895L","ortholog_one2one",100,100,1
"Vps26b","VPS26B","ortholog_one2one",100,100,1
"Tmem185b","TMEM185B","ortholog_one2one",100,100,1
"Itga5","ITGA5","ortholog_one2one",100,100,1
"Aff2","AFF2","ortholog_one2one",100,99.65,1
"Lpcat3","LPCAT3","ortholog_one2one",100,100,1
"Exoc3l","EXOC3L1","ortholog_one2one",100,100,1
"Ptprg","PTPRG","ortholog_one2one",100,100,1
"Foxo4","FOXO4","ortholog_one2one",100,100,1
"Ccdc9b","CCDC9B","ortholog_one2one",100,100,1
"Gapvd1","GAPVD1","ortholog_one2one",100,99.29,1
"Dusp21","DUSP21","ortholog_one2one",100,100,1
"Cacng1","CACNG1","ortholog_one2one",100,100,1
"Dcx","DCX","ortholog_one2one",100,100,1
"Nol3","NOL3","ortholog_one2one",100,100,1
"Phlda2","PHLDA2","ortholog_one2one",100,100,1
"Emg1","EMG1","ortholog_one2one",100,100,1
"Top1mt","TOP1MT","ortholog_one2one",100,100,1
"Pex6","PEX6","ortholog_one2one",100,100,1
"Chst12","CHST12","ortholog_one2one",100,100,1
"Ptpn20","PTPN20","ortholog_one2one",50,100,1
"Colec10","COLEC10","ortholog_one2one",100,100,1
"Ago1","AGO1","ortholog_one2one",100,100,1
"Rab38","RAB38","ortholog_one2one",100,100,1
"Gm614","CXorf65","ortholog_one2one",100,100,1
"Mapre1","MAPRE1","ortholog_one2one",100,100,1
"Gpatch2l","GPATCH2L","ortholog_one2one",75,100,1
"Khdrbs1","KHDRBS1","ortholog_one2one",100,100,1
"Pip4k2c","PIP4K2C","ortholog_one2one",100,100,1
"4930550C14Rik","C11orf65","ortholog_one2one",100,100,1
"Psmd4","PSMD4","ortholog_one2one",100,100,1
"Usp19","USP19","ortholog_one2one",100,99.26,1
"Dtx3","DTX3","ortholog_one2one",100,100,1
"Slc39a4","SLC39A4","ortholog_one2one",100,100,1
"Fabp12","FABP12","ortholog_one2one",100,100,1
"Notch3","NOTCH3","ortholog_one2one",50,100,1
"Atp8a2","ATP8A2","ortholog_one2one",75,100,1
"Strn","STRN","ortholog_one2one",100,100,1
"Rpl9-ps1","RPL9","ortholog_one2one",0,0,0
"Aox1","AOX1","ortholog_one2one",100,100,1
"Ntn5","NTN5","ortholog_one2one",100,100,1
"Grifin","GRIFIN","ortholog_one2one",75,100,1
"Adamts20","ADAMTS20","ortholog_one2one",100,100,1
"Cacng4","CACNG4","ortholog_one2one",100,100,1
"Uts2b","UTS2B","ortholog_one2one",100,100,0
"Gpr160","GPR160","ortholog_one2one",100,100,1
"Sec1","FUT2","ortholog_one2one",100,0,1
"Mrpl20","MRPL20","ortholog_one2one",100,82.13,1
"Fes","FES","ortholog_one2one",100,100,1
"Rdh8","RDH8","ortholog_one2one",100,100,1
"Rpl7","RPL7","ortholog_one2one",100,100,1
"Tmem9","TMEM9","ortholog_one2one",100,100,1
"Gtpbp1","GTPBP1","ortholog_one2one",100,100,1
"Ptp4a2","PTP4A2","ortholog_one2one",100,100,1
"Tspoap1","TSPOAP1","ortholog_one2one",100,100,1
"Klhdc9","KLHDC9","ortholog_one2one",100,100,1
"Srsf10","SRSF10","ortholog_one2one",100,100,1
"Zc3h13","ZC3H13","ortholog_one2one",100,98.9,1
"Pfdn2","PFDN2","ortholog_one2one",100,100,1
"Serinc3","SERINC3","ortholog_one2one",100,100,1
"Pheta1","PHETA1","ortholog_one2one",100,99.04,1
"Gnmt","GNMT","ortholog_one2one",100,100,1
"Slc32a1","SLC32A1","ortholog_one2one",100,100,1
"Ss18l1","SS18L1","ortholog_one2one",100,100,1
"Mal2","MAL2","ortholog_one2one",100,100,1
"Atxn7l2","ATXN7L2","ortholog_one2one",100,100,1
"Siah3","SIAH3","ortholog_one2one",100,100,1
"Scai","SCAI","ortholog_one2one",75,98.48,1
"Ccnl2","CCNL2","ortholog_one2one",100,100,1
"Cby2","CBY2","ortholog_one2one",75,100,1
"Cry2","CRY2","ortholog_one2one",100,100,1
"Olfr1019","OR5AR1","ortholog_one2one",100,100,1
"Myo1h","MYO1H","ortholog_one2one",100,100,1
"Rergl","RERGL","ortholog_one2one",100,100,1
"Tmem35a","TMEM35A","ortholog_one2one",100,100,1
"Olfr1020","OR5AP2","ortholog_one2one",100,100,1
"Ostc","OSTC","ortholog_one2one",100,94.86,1
"Mtg2","MTG2","ortholog_one2one",100,100,1
"Sema6d","SEMA6D","ortholog_one2one",100,100,1
"Disp2","DISP2","ortholog_one2one",100,100,1
"Ephx2","EPHX2","ortholog_one2one",100,100,1
"Cnih4","CNIH4","ortholog_one2one",100,100,1
"Ruvbl1","RUVBL1","ortholog_one2one",100,100,1
"Kctd10","KCTD10","ortholog_one2one",100,100,1
"Bbs4","BBS4","ortholog_one2one",50,100,1
"Mphosph8","MPHOSPH8","ortholog_one2one",50,100,1
"Adpgk","ADPGK","ortholog_one2one",75,100,1
"Dab2","DAB2","ortholog_one2one",75,100,1
"Cnpy3","CNPY3","ortholog_one2one",100,100,1
"Iars2","IARS2","ortholog_one2one",100,100,1
"Kit","KIT","ortholog_one2one",100,100,1
"Resp18","RESP18","ortholog_one2one",100,100,0
"Tmem135","TMEM135","ortholog_one2one",100,100,1
"Actr5","ACTR5","ortholog_one2one",100,100,1
"Cog3","COG3","ortholog_one2one",75,100,1
"Lfng","LFNG","ortholog_one2one",50,100,1
"Glod4","GLOD4","ortholog_one2one",75,95.29,1
"Nudt13","NUDT13","ortholog_one2one",50,100,1
"Apbb1","APBB1","ortholog_one2one",100,100,1
"Rfesd","RFESD","ortholog_one2one",100,90.12,1
"Ccn3","CCN3","ortholog_one2one",100,100,1
"Spry2","SPRY2","ortholog_one2one",100,100,1
"Cyfip1","CYFIP1","ortholog_one2one",75,100,1
"Ptcra","PTCRA","ortholog_one2one",100,100,0
"Pus7l","PUS7L","ortholog_one2one",100,100,1
"Trim52","TRIM52","ortholog_one2one",0,10.46,0
"Rab3gap2","RAB3GAP2","ortholog_one2one",100,100,1
"2310039H08Rik","C6orf226","ortholog_one2one",100,87.65,0
"Zranb2","ZRANB2","ortholog_one2one",100,100,1
"Vbp1","VBP1","ortholog_one2one",75,100,1
"Tcf7l1","TCF7L1","ortholog_one2one",75,99.34,1
"Cenpc1","CENPC","ortholog_one2one",100,98.8,0
"Mlf1","MLF1","ortholog_one2one",100,100,1
"Rpl7l1","RPL7L1","ortholog_one2one",100,100,1
"A730046J19Rik","SERTM2","ortholog_one2one",100,100,1
"Lrrc1","LRRC1","ortholog_one2one",100,100,1
"Tonsl","TONSL","ortholog_one2one",100,100,1
"Ncapd3","NCAPD3","ortholog_one2one",100,98.05,1
"Gemin4","GEMIN4","ortholog_one2one",75,100,1
"Mrm3","MRM3","ortholog_one2one",100,100,1
"Slitrk1","SLITRK1","ortholog_one2one",100,100,1
"Rab39b","RAB39B","ortholog_one2one",50,100,1
"Mitf","MITF","ortholog_one2one",100,100,1
"Vps53","VPS53","ortholog_one2one",100,100,1
"Slitrk6","SLITRK6","ortholog_one2one",100,100,1
"Vps28","VPS28","ortholog_one2one",100,100,1
"Spocd1","SPOCD1","ortholog_one2one",100,97.13,0
"Dach2","DACH2","ortholog_one2one",100,100,1
"Slitrk5","SLITRK5","ortholog_one2one",100,100,1
"Rexo2","REXO2","ortholog_one2one",75,100,1
"Ddx11","DDX11","ortholog_one2one",0,97.29,1
"Sypl2","SYPL2","ortholog_one2one",100,100,1
"2010300C02Rik","CRACDL","ortholog_one2one",100,93.5,1
"Robo1","ROBO1","ortholog_one2one",75,99.45,1
"Rap1gds1","RAP1GDS1","ortholog_one2one",100,100,1
"Phb2","PHB2","ortholog_one2one",100,100,1
"Stim1","STIM1","ortholog_one2one",75,100,1
"Tmem266","TMEM266","ortholog_one2one",100,100,1
"Chga","CHGA","ortholog_one2one",100,99.33,1
"Sun5","SUN5","ortholog_one2one",100,100,1
"Rpl34","RPL34","ortholog_one2one",100,100,1
"Hoxd1","HOXD1","ortholog_one2one",100,100,1
"Scn3a","SCN3A","ortholog_one2one",100,100,1
"Ppp1r16b","PPP1R16B","ortholog_one2one",100,100,1
"Ddx27","DDX27","ortholog_one2one",100,100,1
"Bicral","BICRAL","ortholog_one2one",100,100,1
"Slc24a2","SLC24A2","ortholog_one2one",100,100,1
"Tbccd1","TBCCD1","ortholog_one2one",100,100,1
"Ap1g1","AP1G1","ortholog_one2one",100,100,1
"Epb41l5","EPB41L5","ortholog_one2one",100,100,1
"Dmrtb1","DMRTB1","ortholog_one2one",100,100,0
"Ankfy1","ANKFY1","ortholog_one2one",100,100,1
"Twf1","TWF1","ortholog_one2one",100,100,1
"Irak4","IRAK4","ortholog_one2one",100,100,1
"Gm5617","C11orf71","ortholog_one2one",100,89.09,0
"Nectin4","NECTIN4","ortholog_one2one",100,100,1
"Numb","NUMB","ortholog_one2one",75,100,1
"Crcp","CRCP","ortholog_one2one",75,100,1
"Pkig","PKIG","ortholog_one2one",100,100,1
"Klhl31","KLHL31","ortholog_one2one",100,100,1
"Gclc","GCLC","ortholog_one2one",100,100,1
"Soat1","SOAT1","ortholog_one2one",100,100,1
"Fzd4","FZD4","ortholog_one2one",100,100,1
"Brip1","BRIP1","ortholog_one2one",100,100,1
"Olfr211","OR13A1","ortholog_one2one",75,100,1
"Fam57a","TLCD3A","ortholog_one2one",75,100,1
"Nkx6-1","NKX6-1","ortholog_one2one",100,100,1
"Mtx2","MTX2","ortholog_one2one",100,100,1
"Adgra3","ADGRA3","ortholog_one2one",100,100,1
"B4galnt3","B4GALNT3","ortholog_one2one",100,100,1
"Tpst1","TPST1","ortholog_one2one",50,100,1
"Lins1","LINS1","ortholog_one2one",100,100,1
"Parp8","PARP8","ortholog_one2one",100,100,1
"Hrh3","HRH3","ortholog_one2one",100,100,1
"Tmem117","TMEM117","ortholog_one2one",100,100,1
"Ankrd34b","ANKRD34B","ortholog_one2one",100,100,1
"Fxyd1","FXYD1","ortholog_one2one",100,100,1
"Nell2","NELL2","ortholog_one2one",100,100,1
"Kctd7","KCTD7","ortholog_one2one",100,100,1
"Arhgap45","ARHGAP45","ortholog_one2one",100,99.76,1
"Snapc5","SNAPC5","ortholog_one2one",100,100,1
"Il21r","IL21R","ortholog_one2one",100,100,1
"Gpc5","GPC5","ortholog_one2one",100,100,1
"Pspc1","PSPC1","ortholog_one2one",50,100,1
"Usp33","USP33","ortholog_one2one",100,99.42,1
"Tbl2","TBL2","ortholog_one2one",100,100,1
"Nnmt","NNMT","ortholog_one2one",100,100,1
"Trpc5os","TRPC5OS","ortholog_one2one",100,100,1
"Elovl5","ELOVL5","ortholog_one2one",100,100,1
"Cenpi","CENPI","ortholog_one2one",100,100,1
"Plekha7","PLEKHA7","ortholog_one2one",100,100,1
"Trpc5","TRPC5","ortholog_one2one",100,100,1
"Acox1","ACOX1","ortholog_one2one",100,100,1
"Zbtb16","ZBTB16","ortholog_one2one",100,100,1
"Prss23","PRSS23","ortholog_one2one",100,100,1
"Gcm1","GCM1","ortholog_one2one",100,100,1
"Gpc6","GPC6","ortholog_one2one",100,100,1
"Derl1","DERL1","ortholog_one2one",100,100,1
"Fam83d","FAM83D","ortholog_one2one",100,100,1
"Psma5","PSMA5","ortholog_one2one",100,100,1
"Iqca","IQCA1","ortholog_one2one",100,100,1
"Fbxo9","FBXO9","ortholog_one2one",75,100,1
"Htr3a","HTR3A","ortholog_one2one",100,100,1
"Dars","DARS1","ortholog_one2one",100,100,1
"Wdr26","WDR26","ortholog_one2one",100,100,1
"Tigit","TIGIT","ortholog_one2one",100,100,0
"Dct","DCT","ortholog_one2one",100,100,1
"Phlpp2","PHLPP2","ortholog_one2one",100,100,1
"Tbcc","TBCC","ortholog_one2one",100,100,1
"Prph2","PRPH2","ortholog_one2one",100,100,1
"Rtl4","RTL4","ortholog_one2one",100,100,1
"Bcl7b","BCL7B","ortholog_one2one",100,91.7,1
"Etfa","ETFA","ortholog_one2one",100,100,1
"Bpifb2","BPIFB2","ortholog_one2one",100,100,1
"Map2k1","MAP2K1","ortholog_one2one",100,100,1
"Me3","ME3","ortholog_one2one",100,100,1
"Adamdec1","ADAMDEC1","ortholog_one2one",100,100,1
"Lef1","LEF1","ortholog_one2one",100,100,1
"Klhl4","KLHL4","ortholog_one2one",100,98.74,1
"Marveld3","MARVELD3","ortholog_one2one",100,100,1
"Heatr5b","HEATR5B","ortholog_one2one",100,100,1
"Ubtf","UBTF","ortholog_one2one",100,100,1
"Zmym5","ZMYM5","ortholog_one2one",100,100,1
"Lhfpl1","LHFPL1","ortholog_one2one",100,100,1
"Lrpprc","LRPPRC","ortholog_one2one",100,100,1
"Ackr3","ACKR3","ortholog_one2one",100,100,1
"Fbxo47","FBXO47","ortholog_one2one",100,100,1
"Slc25a30","SLC25A30","ortholog_one2one",0,100,1
"Drd3","DRD3","ortholog_one2one",100,100,1
"Arsk","ARSK","ortholog_one2one",100,98.13,1
"Ada","ADA","ortholog_one2one",100,100,1
"Chrna2","CHRNA2","ortholog_one2one",100,100,1
"Sort1","SORT1","ortholog_one2one",100,100,1
"Nipa2","NIPA2","ortholog_one2one",75,100,1
"Mtcl1","MTCL1","ortholog_one2one",50,100,1
"Cilk1","CILK1","ortholog_one2one",50,100,1
"Tgds","TGDS","ortholog_one2one",100,100,1
"Mageb18","MAGEB18","ortholog_one2one",75,100,1
"Gtf3c1","GTF3C1","ortholog_one2one",100,100,1
"L3mbtl2","L3MBTL2","ortholog_one2one",100,100,1
"Comt","COMT","ortholog_one2one",100,95.72,1
"Cds1","CDS1","ortholog_one2one",100,100,1
"Lamb3","LAMB3","ortholog_one2one",0,100,1
"Ubl7","UBL7","ortholog_one2one",100,100,1
"Lpin2","LPIN2","ortholog_one2one",100,100,1
"Znfx1","ZNFX1","ortholog_one2one",100,100,1
"Cyb5d2","CYB5D2","ortholog_one2one",100,100,1
"Arhgap30","ARHGAP30","ortholog_one2one",100,100,1
"Gpr180","GPR180","ortholog_one2one",100,100,1
"Fancd2os","FANCD2OS","ortholog_one2one",100,100,1
"Arvcf","ARVCF","ortholog_one2one",100,99.99,1
"Tipin","TIPIN","ortholog_one2one",100,100,1
"Bmerb1","BMERB1","ortholog_one2one",75,100,1
"Fancd2","FANCD2","ortholog_one2one",100,100,1
"Bpifb6","BPIFB6","ortholog_one2one",100,100,1
"G0s2","G0S2","ortholog_one2one",75,100,1
"Hsd11b1","HSD11B1","ortholog_one2one",75,100,1
"Zfp422","ZNF22","ortholog_one2one",75,100,1
"Sox21","SOX21","ortholog_one2one",100,100,1
"Chadl","CHADL","ortholog_one2one",100,100,1
"Isl2","ISL2","ortholog_one2one",100,100,1
"C2cd5","C2CD5","ortholog_one2one",100,100,1
"Amot","AMOT","ortholog_one2one",100,99.42,1
"Ccdc153","CCDC153","ortholog_one2one",100,100,1
"Osbpl2","OSBPL2","ortholog_one2one",100,100,1
"Moap1","MOAP1","ortholog_one2one",100,100,1
"Gpatch11","GPATCH11","ortholog_one2one",100,100,1
"Mchr1","MCHR1","ortholog_one2one",100,100,1
"Tmem251","TMEM251","ortholog_one2one",75,100,1
"Ptger3","PTGER3","ortholog_one2one",100,91.83,1
"Dbx2","DBX2","ortholog_one2one",100,100,1
"Brd7","BRD7","ortholog_one2one",100,100,1
"Cpxcr1","CPXCR1","ortholog_one2one",100,96.79,0
"Atm","ATM","ortholog_one2one",100,100,1
"Itpk1","ITPK1","ortholog_one2one",100,100,1
"Abcc4","ABCC4","ortholog_one2one",100,100,1
"Pdgfb","PDGFB","ortholog_one2one",100,100,1
"Sema7a","SEMA7A","ortholog_one2one",100,100,1
"Pip5k1a","PIP5K1A","ortholog_one2one",100,99.97,1
"Ano6","ANO6","ortholog_one2one",100,100,1
"Impa1","IMPA1","ortholog_one2one",100,94.05,1
"Cth","CTH","ortholog_one2one",100,100,1
"Cers3","CERS3","ortholog_one2one",100,100,1
"Stk3","STK3","ortholog_one2one",100,97.1,1
"Tmem185a","TMEM185A","ortholog_one2one",100,100,1
"Armh1","ARMH1","ortholog_one2one",100,100,1
"Slc10a5","SLC10A5","ortholog_one2one",100,100,1
"Cyp11a1","CYP11A1","ortholog_one2one",100,100,1
"Arih1","ARIH1","ortholog_one2one",50,100,1
"Ccn5","CCN5","ortholog_one2one",100,100,1
"Cnih3","CNIH3","ortholog_one2one",100,100,1
"Dact1","DACT1","ortholog_one2one",100,100,1
"Tmem53","TMEM53","ortholog_one2one",100,100,1
"Scn2a","SCN2A","ortholog_one2one",100,100,1
"Kcnk15","KCNK15","ortholog_one2one",100,100,1
"Gm29776","LMLN2","ortholog_one2one",100,100,1
"Arx","ARX","ortholog_one2one",100,100,1
"Slc25a17","SLC25A17","ortholog_one2one",100,87.33,1
"Atf7ip2","ATF7IP2","ortholog_one2one",100,100,0
"Rims4","RIMS4","ortholog_one2one",100,100,1
"Usf1","USF1","ortholog_one2one",100,100,1
"Cfap97","CFAP97","ortholog_one2one",100,98.54,1
"Htr3b","HTR3B","ortholog_one2one",100,100,1
"Eif2ak2","EIF2AK2","ortholog_one2one",100,97.08,1
"Snx25","SNX25","ortholog_one2one",100,100,1
"Ywhab","YWHAB","ortholog_one2one",100,100,1
"Tstd1","TSTD1","ortholog_one2one",75,100,1
"Cebpe","CEBPE","ortholog_one2one",100,100,1
"Bpifb3","BPIFB3","ortholog_one2one",100,100,1
"Sult6b1","SULT6B1","ortholog_one2one",100,100,1
"Depp1","DEPP1","ortholog_one2one",100,100,1
"Htr2c","HTR2C","ortholog_one2one",100,100,1
"Tpt1","TPT1","ortholog_one2one",50,100,1
"Rassf4","RASSF4","ortholog_one2one",100,100,1
"Ak5","AK5","ortholog_one2one",100,100,1
"Zmym2","ZMYM2","ortholog_one2one",100,100,1
"Rap1gap","RAP1GAP","ortholog_one2one",100,100,1
"Zzz3","ZZZ3","ortholog_one2one",100,100,1
"Sowahb","SOWAHB","ortholog_one2one",100,100,1
"Kcmf1","KCMF1","ortholog_one2one",75,100,1
"Emilin2","EMILIN2","ortholog_one2one",100,100,1
"Elmo2","ELMO2","ortholog_one2one",100,100,1
"Pfas","PFAS","ortholog_one2one",75,100,1
"Cytip","CYTIP","ortholog_one2one",100,100,1
"Il13ra2","IL13RA2","ortholog_one2one",75,100,1
"Nap1l2","NAP1L2","ortholog_one2one",100,100,1
"Ubr2","UBR2","ortholog_one2one",100,100,1
"Gtsf1","GTSF1","ortholog_one2one",100,100,1
"Dppa5a","DPPA5","ortholog_one2one",50,100,1
"Ooep","OOEP","ortholog_one2one",75,100,0
"Crat","CRAT","ortholog_one2one",100,100,1
"Ank2","ANK2","ortholog_one2one",100,100,1
"Dis3l","DIS3L","ortholog_one2one",100,100,1
"Chfr","CHFR","ortholog_one2one",75,100,1
"Lama5","LAMA5","ortholog_one2one",100,100,1
"Adamts17","ADAMTS17","ortholog_one2one",100,100,1
"Gas2l3","GAS2L3","ortholog_one2one",100,100,1
"Arid2","ARID2","ortholog_one2one",100,100,1
"Brk1","BRK1","ortholog_one2one",100,100,1
"Pabpc5","PABPC5","ortholog_one2one",100,100,1
"Nkd1","NKD1","ortholog_one2one",100,100,1
"Dolpp1","DOLPP1","ortholog_one2one",100,100,1
"Ankrd13c","ANKRD13C","ortholog_one2one",100,100,1
"Cgas","CGAS","ortholog_one2one",100,100,1
"Slc3a1","SLC3A1","ortholog_one2one",100,100,1
"Dlx3","DLX3","ortholog_one2one",100,100,1
"Prepl","PREPL","ortholog_one2one",100,100,1
"Car11","CA11","ortholog_one2one",100,100,1
"Ecd","ECD","ortholog_one2one",50,98.01,1
"Tsga10","TSGA10","ortholog_one2one",100,100,1
"Lrp8","LRP8","ortholog_one2one",100,100,1
"Mllt3","MLLT3","ortholog_one2one",100,100,1
"Mto1","MTO1","ortholog_one2one",100,100,1
"Ccdc50","CCDC50","ortholog_one2one",100,100,1
"Il2","IL2","ortholog_one2one",100,100,1
"Adad1","ADAD1","ortholog_one2one",100,100,1
"Rdh10","RDH10","ortholog_one2one",100,100,1
"Slc35c1","SLC35C1","ortholog_one2one",100,100,1
"Scaf11","SCAF11","ortholog_one2one",100,100,1
"Vhl","VHL","ortholog_one2one",100,91.82,1
"Snx20","SNX20","ortholog_one2one",100,100,1
"Ptpn18","PTPN18","ortholog_one2one",100,100,1
"B3gnt7","B3GNT7","ortholog_one2one",100,100,1
"Plxdc1","PLXDC1","ortholog_one2one",100,100,1
"Eef1a1","EEF1A1","ortholog_one2one",100,100,1
"Dusp6","DUSP6","ortholog_one2one",50,100,1
"Drp2","DRP2","ortholog_one2one",100,100,1
"Tmem72","TMEM72","ortholog_one2one",75,100,1
"Dlx4","DLX4","ortholog_one2one",100,100,1
"Mtmr6","MTMR6","ortholog_one2one",75,100,1
"Septin11","SEPTIN11","ortholog_one2one",100,100,1
"Slc17a5","SLC17A5","ortholog_one2one",100,100,1
"Rhpn1","RHPN1","ortholog_one2one",100,100,1
"Stau2","STAU2","ortholog_one2one",100,100,1
"Rcbtb2","RCBTB2","ortholog_one2one",50,100,1
"Hadh","HADH","ortholog_one2one",100,97.35,1
"Marf1","MARF1","ortholog_one2one",100,100,1
"Adam28","ADAM28","ortholog_one2one",100,100,1
"Ago4","AGO4","ortholog_one2one",100,100,1
"Sorbs1","SORBS1","ortholog_one2one",100,100,1
"Nde1","NDE1","ortholog_one2one",100,96.04,1
"Nckap1l","NCKAP1L","ortholog_one2one",100,100,1
"Bpnt1","BPNT1","ortholog_one2one",100,100,1
"E2f4","E2F4","ortholog_one2one",100,100,1
"Slc38a1","SLC38A1","ortholog_one2one",100,98.31,1
"Kdm5a","KDM5A","ortholog_one2one",50,100,1
"Baz1b","BAZ1B","ortholog_one2one",100,100,1
"Cd109","CD109","ortholog_one2one",100,100,1
"Rps21","RPS21","ortholog_one2one",100,100,1
"Pde1b","PDE1B","ortholog_one2one",75,100,1
"Cops8","COPS8","ortholog_one2one",100,100,1
"Pola1","POLA1","ortholog_one2one",100,100,1
"Kctd4","KCTD4","ortholog_one2one",100,100,1
"Gtf2f2","GTF2F2","ortholog_one2one",100,100,1
"Ccdc77","CCDC77","ortholog_one2one",75,99.38,1
"Ttyh3","TTYH3","ortholog_one2one",25,100,1
"Sec61a1","SEC61A1","ortholog_one2one",100,99.49,1
"Cables2","CABLES2","ortholog_one2one",100,100,1
"Slc38a2","SLC38A2","ortholog_one2one",100,100,1
"Amer2","AMER2","ortholog_one2one",50,100,1
"Dhx35","DHX35","ortholog_one2one",100,100,1
"Pex14","PEX14","ortholog_one2one",100,100,1
"Adam33","ADAM33","ortholog_one2one",100,99.74,1
"Zzef1","ZZEF1","ortholog_one2one",100,100,1
"Cyp2u1","CYP2U1","ortholog_one2one",100,100,1
"Rnf220","RNF220","ortholog_one2one",100,100,1
"Fam151b","FAM151B","ortholog_one2one",100,100,1
"Rbbp8nl","RBBP8NL","ortholog_one2one",100,98.4,1
"Zwint","ZWINT","ortholog_one2one",75,93.38,1
"Tmem106a","TMEM106A","ortholog_one2one",100,100,1
"Furin","FURIN","ortholog_one2one",100,100,1
"Sgms2","SGMS2","ortholog_one2one",100,100,1
"Slc38a4","SLC38A4","ortholog_one2one",100,100,1
"Ccdc191","CCDC191","ortholog_one2one",100,100,1
"Stap1","STAP1","ortholog_one2one",100,100,1
"Pabpc1l","PABPC1L","ortholog_one2one",100,100,1
"Rb1","RB1","ortholog_one2one",100,100,1
"Qtrt2","QTRT2","ortholog_one2one",100,100,1
"Col6a1","COL6A1","ortholog_one2one",100,100,1
"Elmo3","ELMO3","ortholog_one2one",100,100,1
"Znhit6","ZNHIT6","ortholog_one2one",100,100,1
"Pnrc2","PNRC2","ortholog_one2one",100,100,1
"Nufip1","NUFIP1","ortholog_one2one",75,100,1
"Hspa5","HSPA5","ortholog_one2one",75,100,1
"Pced1b","PCED1B","ortholog_one2one",100,100,1
"Arl2bp","ARL2BP","ortholog_one2one",100,100,1
"Amigo2","AMIGO2","ortholog_one2one",100,100,1
"Gata5","GATA5","ortholog_one2one",100,100,1
"Smchd1","SMCHD1","ortholog_one2one",75,100,1
"Rab12","RAB12","ortholog_one2one",75,96.34,1
"Qars","QARS1","ortholog_one2one",100,100,1
"Lxn","LXN","ortholog_one2one",100,100,1
"Gfm1","GFM1","ortholog_one2one",100,99.33,1
"Lpar6","LPAR6","ortholog_one2one",100,100,1
"Timm8a1","TIMM8A","ortholog_one2one",100,100,1
"Cldn10","CLDN10","ortholog_one2one",100,100,1
"Ints2","INTS2","ortholog_one2one",75,100,1
"Gja3","GJA3","ortholog_one2one",100,100,1
"Ttc8","TTC8","ortholog_one2one",100,98.7,1
"Slco4a1","SLCO4A1","ortholog_one2one",100,100,1
"Gjb2","GJB2","ortholog_one2one",100,100,1
"Tex36","TEX36","ortholog_one2one",100,100,0
"Elp5","ELP5","ortholog_one2one",100,100,1
"Gm11634","CCDC200","ortholog_one2one",100,100,0
"Col12a1","COL12A1","ortholog_one2one",100,100,1
"Pls3","PLS3","ortholog_one2one",0,100,1
"Rarres1","RARRES1","ortholog_one2one",100,100,1
"Pigk","PIGK","ortholog_one2one",100,95.26,1
"Aurkaip1","AURKAIP1","ortholog_one2one",100,100,1
"Dlk1","DLK1","ortholog_one2one",100,100,1
"Med13","MED13","ortholog_one2one",50,100,1
"Ctdnep1","CTDNEP1","ortholog_one2one",100,100,1
"Usp28","USP28","ortholog_one2one",100,100,1
"Rdm1","RDM1","ortholog_one2one",0,76.19,1
"Tsc2","TSC2","ortholog_one2one",100,100,1
"Dbp","DBP","ortholog_one2one",100,100,1
"Kbtbd12","KBTBD12","ortholog_one2one",100,100,1
"St6galnac5","ST6GALNAC5","ortholog_one2one",100,100,1
"Sphk2","SPHK2","ortholog_one2one",100,100,1
"Txnrd2","TXNRD2","ortholog_one2one",100,100,1
"Knstrn","KNSTRN","ortholog_one2one",100,100,1
"Irak2","IRAK2","ortholog_one2one",100,100,1
"Stab2","STAB2","ortholog_one2one",100,100,1
"Cacng5","CACNG5","ortholog_one2one",100,100,1
"Ttc37","TTC37","ortholog_one2one",100,100,1
"Rpl18","RPL18","ortholog_one2one",75,99.54,1
"Zfand1","ZFAND1","ortholog_one2one",100,100,1
"Cdx4","CDX4","ortholog_one2one",100,100,1
"Dzip1","DZIP1","ortholog_one2one",100,100,1
"Mgll","MGLL","ortholog_one2one",100,100,1
"Camkmt","CAMKMT","ortholog_one2one",100,100,1
"Chic1","CHIC1","ortholog_one2one",75,100,1
"Rpap3","RPAP3","ortholog_one2one",100,100,1
"Gdf10","GDF10","ortholog_one2one",50,100,1
"Ascl5","ASCL5","ortholog_one2one",100,100,1
"Zcchc8","ZCCHC8","ortholog_one2one",100,100,1
"Shfl","SHFL","ortholog_one2one",100,100,1
"Endou","ENDOU","ortholog_one2one",100,100,1
"Kcnb1","KCNB1","ortholog_one2one",100,100,1
"Lysmd4","LYSMD4","ortholog_one2one",100,100,1
"Dnah6","DNAH6","ortholog_one2one",75,100,1
"Gm765","MDFIC2","ortholog_one2one",100,100,1
"Slc7a8","SLC7A8","ortholog_one2one",100,100,1
"Angptl6","ANGPTL6","ortholog_one2one",100,100,1
"Ptgis","PTGIS","ortholog_one2one",100,100,1
"Gdf2","GDF2","ortholog_one2one",100,100,1
"Sox10","SOX10","ortholog_one2one",100,100,1
"Ccdc33","CCDC33","ortholog_one2one",100,100,0
"Ephx3","EPHX3","ortholog_one2one",50,100,1
"Ppp6c","PPP6C","ortholog_one2one",50,100,1
"Mef2a","MEF2A","ortholog_one2one",100,100,1
"Pcyt1b","PCYT1B","ortholog_one2one",75,100,1
"Pdzd3","PDZD3","ortholog_one2one",100,100,1
"Ahsg","AHSG","ortholog_one2one",100,100,1
"Scaper","SCAPER","ortholog_one2one",100,100,1
"Mamld1","MAMLD1","ortholog_one2one",100,98.81,0
"Nap1l4","NAP1L4","ortholog_one2one",100,100,1
"Esrrb","ESRRB","ortholog_one2one",100,97.06,1
"Snx16","SNX16","ortholog_one2one",100,100,1
"Cox7a2","COX7A2","ortholog_one2one",100,100,1
"Tsc22d1","TSC22D1","ortholog_one2one",100,100,1
"Nfam1","NFAM1","ortholog_one2one",75,100,0
"Oprk1","OPRK1","ortholog_one2one",100,100,1
"Tmem30a","TMEM30A","ortholog_one2one",100,100,1
"Cxcl12","CXCL12","ortholog_one2one",100,100,1
"Homez","HOMEZ","ortholog_one2one",100,100,1
"Cnr2","CNR2","ortholog_one2one",100,100,1
"Chmp4c","CHMP4C","ortholog_one2one",100,100,1
"Kif5a","KIF5A","ortholog_one2one",100,100,1
"Rnf212b","RNF212B","ortholog_one2one",100,100,1
"Vti1a","VTI1A","ortholog_one2one",100,100,1
"Filip1","FILIP1","ortholog_one2one",100,100,1
"Tat","TAT","ortholog_one2one",100,100,1
"Fgf12","FGF12","ortholog_one2one",100,100,1
"Ccn1","CCN1","ortholog_one2one",100,100,1
"Rrm1","RRM1","ortholog_one2one",75,100,1
"Stk4","STK4","ortholog_one2one",100,100,1
"Bpifb4","BPIFB4","ortholog_one2one",100,100,1
"Stra6","STRA6","ortholog_one2one",100,100,1
"Nr1h4","NR1H4","ortholog_one2one",100,100,1
"Ube3b","UBE3B","ortholog_one2one",100,100,1
"Tomm34","TOMM34","ortholog_one2one",100,96.72,1
"F11r","F11R","ortholog_one2one",75,100,1
"Atp5j","ATP5PF","ortholog_one2one",100,100,1
"Fuca1","FUCA1","ortholog_one2one",100,100,1
"Kdr","KDR","ortholog_one2one",100,100,1
"Mxra8","MXRA8","ortholog_one2one",100,100,1
"Csrnp3","CSRNP3","ortholog_one2one",100,100,1
"Stc1","STC1","ortholog_one2one",100,100,1
"Gabpa","GABPA","ortholog_one2one",100,100,1
"Senp6","SENP6","ortholog_one2one",100,100,1
"Ddah1","DDAH1","ortholog_one2one",100,100,1
"Arl4d","ARL4D","ortholog_one2one",100,100,1
"Ntsr1","NTSR1","ortholog_one2one",100,100,1
"Ctso","CTSO","ortholog_one2one",100,100,1
"Lrch2","LRCH2","ortholog_one2one",50,100,1
"Btk","BTK","ortholog_one2one",100,99.04,1
"Riox1","RIOX1","ortholog_one2one",100,98.97,1
"Chst4","CHST4","ortholog_one2one",100,100,1
"Edrf1","EDRF1","ortholog_one2one",100,100,1
"Six3","SIX3","ortholog_one2one",100,100,1
"Pkd1","PKD1","ortholog_one2one",100,100,1
"Rbp3","RBP3","ortholog_one2one",75,100,1
"Npbwr1","NPBWR1","ortholog_one2one",100,100,1
"Zfp488","ZNF488","ortholog_one2one",50,100,1
"Zfp511","ZNF511","ortholog_one2one",100,100,1
"Sidt2","SIDT2","ortholog_one2one",100,100,1
"Papss1","PAPSS1","ortholog_one2one",100,100,1
"Tubgcp2","TUBGCP2","ortholog_one2one",100,100,1
"Olfr547","OR52B4","ortholog_one2one",0,100,1
"Nkx2-6","NKX2-6","ortholog_one2one",100,100,1
"Etnk1","ETNK1","ortholog_one2one",100,100,1
"Fbxw2","FBXW2","ortholog_one2one",50,100,1
"Kifc2","KIFC2","ortholog_one2one",100,100,1
"Ptprb","PTPRB","ortholog_one2one",100,100,1
"Alpl","ALPL","ortholog_one2one",100,100,1
"Mrgbp","MRGBP","ortholog_one2one",100,100,1
"Cyhr1","CYHR1","ortholog_one2one",100,100,1
"Lipt1","LIPT1","ortholog_one2one",100,100,1
"Mitd1","MITD1","ortholog_one2one",100,100,1
"Dnajc3","DNAJC3","ortholog_one2one",100,100,1
"Myo18a","MYO18A","ortholog_one2one",75,100,1
"Serp2","SERP2","ortholog_one2one",100,100,1
"Fzd9","FZD9","ortholog_one2one",100,100,1
"Hmgcl","HMGCL","ortholog_one2one",100,100,1
"Arl5c","ARL5C","ortholog_one2one",100,100,1
"Ppp1r3e","PPP1R3E","ortholog_one2one",100,100,1
"Pllp","PLLP","ortholog_one2one",100,100,1
"Eprs","EPRS1","ortholog_one2one",100,100,1
"Eif2ak1","EIF2AK1","ortholog_one2one",100,100,1
"Itln1","ITLN1","ortholog_one2one",0,74.2,0
"Megf11","MEGF11","ortholog_one2one",100,100,1
"Aimp2","AIMP2","ortholog_one2one",75,100,1
"Mfsd1","MFSD1","ortholog_one2one",100,100,1
"Mb21d2","MB21D2","ortholog_one2one",100,100,1
"Olfr1256","OR4A47","ortholog_one2one",0,100,1
"Srsf11","SRSF11","ortholog_one2one",100,100,1
"D430042O09Rik","KATNIP","ortholog_one2one",100,100,1
"Ankrd61","ANKRD61","ortholog_one2one",100,100,1
"Mpo","MPO","ortholog_one2one",100,100,1
"Ccl22","CCL22","ortholog_one2one",100,100,1
"Gjb6","GJB6","ortholog_one2one",100,100,1
"Bcl10","BCL10","ortholog_one2one",100,100,1
"Trim21","TRIM21","ortholog_one2one",75,100,1
"Lgals1","LGALS1","ortholog_one2one",100,100,1
"Pla2g4e","PLA2G4E","ortholog_one2one",100,100,1
"Rabepk","RABEPK","ortholog_one2one",50,100,1
"Pgbd5","PGBD5","ortholog_one2one",100,100,1
"Nkx3-1","NKX3-1","ortholog_one2one",100,100,1
"Nod2","NOD2","ortholog_one2one",100,100,1
"2410004B18Rik","C1orf52","ortholog_one2one",100,100,1
"Wdfy3","WDFY3","ortholog_one2one",100,99.95,1
"Heatr6","HEATR6","ortholog_one2one",0,100,1
"Heatr4","HEATR4","ortholog_one2one",100,95.76,1
"Adgrl1","ADGRL1","ortholog_one2one",100,100,1
"Fdps","FDPS","ortholog_one2one",100,100,1
"Nap1l3","NAP1L3","ortholog_one2one",50,100,1
"Cxcr4","CXCR4","ortholog_one2one",75,100,1
"Srd5a3","SRD5A3","ortholog_one2one",100,98.94,1
"Dnah14","DNAH14","ortholog_one2one",100,99.85,1
"Six2","SIX2","ortholog_one2one",100,100,1
"Tdo2","TDO2","ortholog_one2one",100,100,1
"Nup155","NUP155","ortholog_one2one",100,100,1
"Gm20521","BCL2L2-PABPN1","ortholog_one2one",100,100,1
"Bcl2l2","BCL2L2","ortholog_one2one",100,100,1
"Ndc80","NDC80","ortholog_one2one",50,100,1
"Il21","IL21","ortholog_one2one",100,100,1
"Rusc1","RUSC1","ortholog_one2one",100,100,1
"Spz1","SPZ1","ortholog_one2one",100,96.49,0
"Lrrc29","LRRC29","ortholog_one2one",100,100,1
"Syngr1","SYNGR1","ortholog_one2one",100,100,1
"St6galnac3","ST6GALNAC3","ortholog_one2one",100,100,1
"Il6st","IL6ST","ortholog_one2one",100,100,1
"Osr2","OSR2","ortholog_one2one",75,100,1
"Lbr","LBR","ortholog_one2one",100,100,1
"Rapgef3","RAPGEF3","ortholog_one2one",100,100,1
"B3gnt3","B3GNT3","ortholog_one2one",25,98.56,1
"Dnpep","DNPEP","ortholog_one2one",100,98.44,1
"Nelfe","NELFE","ortholog_one2one",100,100,1
"Clspn","CLSPN","ortholog_one2one",100,100,1
"4921517D22Rik","C9orf153","ortholog_one2one",100,92.13,0
"Rpl3","RPL3","ortholog_one2one",100,100,1
"Pdk3","PDK3","ortholog_one2one",50,100,1
"Cryl1","CRYL1","ortholog_one2one",100,100,1
"Rab11a","RAB11A","ortholog_one2one",100,100,1
"Acot4","ACOT4","ortholog_one2one",100,100,1
"Thsd7b","THSD7B","ortholog_one2one",50,100,1
"Syde2","SYDE2","ortholog_one2one",75,99.32,1
"Serinc5","SERINC5","ortholog_one2one",100,100,1
"Mrps10","MRPS10","ortholog_one2one",100,100,1
"Acvr1c","ACVR1C","ortholog_one2one",100,100,1
"Slc25a37","SLC25A37","ortholog_one2one",75,100,1
"Mafb","MAFB","ortholog_one2one",100,100,1
"Polr2e","POLR2E","ortholog_one2one",100,100,1
"Fgf2","FGF2","ortholog_one2one",100,99.01,1
"Spdya","SPDYA","ortholog_one2one",50,100,1
"Pik3c2g","PIK3C2G","ortholog_one2one",100,98.72,1
"Ctc1","CTC1","ortholog_one2one",100,100,1
"Spata5","SPATA5","ortholog_one2one",100,98.94,1
"Caly","CALY","ortholog_one2one",100,100,1
"Srbd1","SRBD1","ortholog_one2one",100,100,1
"Uba6","UBA6","ortholog_one2one",100,100,1
"Uggt2","UGGT2","ortholog_one2one",100,100,1
"Itga6","ITGA6","ortholog_one2one",100,100,1
"Ptprm","PTPRM","ortholog_one2one",100,100,1
"Emb","EMB","ortholog_one2one",100,100,1
"Ptpn4","PTPN4","ortholog_one2one",100,100,1
"Pla2g4d","PLA2G4D","ortholog_one2one",100,100,1
"Mipep","MIPEP","ortholog_one2one",75,100,1
"Bbs12","BBS12","ortholog_one2one",100,100,1
"Rcn2","RCN2","ortholog_one2one",100,98.49,1
"Fam81b","FAM81B","ortholog_one2one",100,98.03,1
"Olfr552","OR52K2","ortholog_one2one",50,99.26,1
"Nudt6","NUDT6","ortholog_one2one",100,100,1
"Rrp7a","RRP7A","ortholog_one2one",100,100,1
"Olfr554","OR52M1","ortholog_one2one",100,100,1
"B4galt5","B4GALT5","ortholog_one2one",100,100,1
"Zfp637","ZNF32","ortholog_one2one",100,100,1
"Apoh","APOH","ortholog_one2one",100,100,1
"Olfr1031","OR5M8","ortholog_one2one",100,100,1
"Serhl","SERHL2","ortholog_one2one",100,100,1
"AU015836","CHCHD4","ortholog_one2one",0,0,0
"Olfr1260","OR4C5","ortholog_one2one",25,100,1
"Lrp1","LRP1","ortholog_one2one",100,100,1
"Prkca","PRKCA","ortholog_one2one",100,100,1
"Wdr63","DNAI3","ortholog_one2one",100,100,1
"Cux2","CUX2","ortholog_one2one",100,99.48,1
"Slc30a10","SLC30A10","ortholog_one2one",100,100,1
"Jam3","JAM3","ortholog_one2one",100,100,1
"Ppp1r1a","PPP1R1A","ortholog_one2one",50,100,1
"Vash1","VASH1","ortholog_one2one",100,100,1
"Plaat1","PLAAT1","ortholog_one2one",100,100,1
"Cd244a","CD244","ortholog_one2one",50,100,0
"Ogfr","OGFR","ortholog_one2one",100,100,0
"Gsg1l","GSG1L","ortholog_one2one",100,100,1
"Emp2","EMP2","ortholog_one2one",100,100,1
"Mctp1","MCTP1","ortholog_one2one",100,100,1
"Mcoln3","MCOLN3","ortholog_one2one",100,100,1
"Zfx","ZFY","ortholog_one2one",0,62.9,0
"Abl2","ABL2","ortholog_one2one",100,98.65,1
"Ly9","LY9","ortholog_one2one",75,100,1
"Caprin1","CAPRIN1","ortholog_one2one",100,100,1
"Top1","TOP1","ortholog_one2one",100,100,1
"Slc6a19","SLC6A19","ortholog_one2one",100,100,1
"Tmtc1","TMTC1","ortholog_one2one",100,100,1
"Galnt3","GALNT3","ortholog_one2one",100,100,1
"Pstpip1","PSTPIP1","ortholog_one2one",100,100,1
"Washc4","WASHC4","ortholog_one2one",100,100,1
"Bcs1l","BCS1L","ortholog_one2one",100,100,1
"Hs6st3","HS6ST3","ortholog_one2one",100,100,1
"Zw10","ZW10","ortholog_one2one",100,100,1
"Cx3cl1","CX3CL1","ortholog_one2one",100,100,1
"Gla","GLA","ortholog_one2one",100,96.89,1
"Gabarap","GABARAP","ortholog_one2one",100,100,1
"Ift88","IFT88","ortholog_one2one",100,99.68,1
"Casp12","CASP12","ortholog_one2one",75,95.87,0
"Qrich1","QRICH1","ortholog_one2one",100,100,1
"Hnrnph2","HNRNPH2","ortholog_one2one",100,100,1
"Dkk2","DKK2","ortholog_one2one",100,100,1
"Angel1","ANGEL1","ortholog_one2one",100,100,1
"Kcns1","KCNS1","ortholog_one2one",100,100,1
"Vps72","VPS72","ortholog_one2one",100,100,1
"Trim68","TRIM68","ortholog_one2one",100,100,1
"Slc17a8","SLC17A8","ortholog_one2one",100,100,1
"Gimd1","GIMD1","ortholog_one2one",100,100,1
"Cdk3","CDK3","ortholog_one2one",100,100,1
"Gnrhr","GNRHR","ortholog_one2one",100,100,1
"Gale","GALE","ortholog_one2one",100,100,1
"Mafa","MAFA","ortholog_one2one",100,100,1
"Bpifa3","BPIFA3","ortholog_one2one",100,100,1
"Lrrc30","LRRC30","ortholog_one2one",100,100,1
"Evpl","EVPL","ortholog_one2one",100,100,1
"Camta2","CAMTA2","ortholog_one2one",100,100,1
"Zfp239","ZNF239","ortholog_one2one",100,100,0
"Ece1","ECE1","ortholog_one2one",100,100,1
"Tcfl5","TCFL5","ortholog_one2one",100,100,1
"Dennd4a","DENND4A","ortholog_one2one",100,99.7,1
"Iqcj","IQCJ","ortholog_one2one",100,86.92,1
"Asic5","ASIC5","ortholog_one2one",100,100,1
"Igsf9b","IGSF9B","ortholog_one2one",100,100,1
"Ccl17","CCL17","ortholog_one2one",100,100,1
"Nlrx1","NLRX1","ortholog_one2one",100,100,1
"Ivd","IVD","ortholog_one2one",100,100,1
"Cep85","CEP85","ortholog_one2one",100,100,1
"Prkce","PRKCE","ortholog_one2one",100,100,1
"Olfr557","OR51D1","ortholog_one2one",100,100,1
"Oxgr1","OXGR1","ortholog_one2one",100,100,1
"Btbd7","BTBD7","ortholog_one2one",100,100,1
"Pla2g4f","PLA2G4F","ortholog_one2one",100,100,1
"1700113H08Rik","C12orf42","ortholog_one2one",100,100,0
"Il17d","IL17D","ortholog_one2one",100,100,1
"Slc24a1","SLC24A1","ortholog_one2one",100,98.83,1
"Mmp21","MMP21","ortholog_one2one",100,100,1
"Ccdc122","CCDC122","ortholog_one2one",100,100,1
"Impdh2","IMPDH2","ortholog_one2one",100,100,1
"Ints14","INTS14","ortholog_one2one",100,100,1
"Eef1akmt1","EEF1AKMT1","ortholog_one2one",100,100,1
"Lpo","LPO","ortholog_one2one",100,100,1
"Fetub","FETUB","ortholog_one2one",75,100,1
"Dipk2b","DIPK2B","ortholog_one2one",100,100,1
"Fuom","FUOM","ortholog_one2one",100,100,1
"Pura","PURA","ortholog_one2one",100,100,1
"Zcchc13","ZCCHC13","ortholog_one2one",75,100,1
"Igip","IGIP","ortholog_one2one",100,100,1
"Sfmbt1","SFMBT1","ortholog_one2one",100,100,1
"Spaca4","SPACA4","ortholog_one2one",100,100,1
"Tmod4","TMOD4","ortholog_one2one",75,100,1
"Fam83e","FAM83E","ortholog_one2one",100,100,1
"Armcx4","ARMCX4","ortholog_one2one",100,96.95,1
"Ndufaf3","NDUFAF3","ortholog_one2one",100,100,1
"Hpx","HPX","ortholog_one2one",100,100,1
"Mcoln2","MCOLN2","ortholog_one2one",75,100,1
"Ccdc30","CCDC30","ortholog_one2one",100,92.11,0
"Blm","BLM","ortholog_one2one",100,100,1
"Enah","ENAH","ortholog_one2one",75,100,1
"Slc48a1","SLC48A1","ortholog_one2one",100,100,1
"Tesk1","TESK1","ortholog_one2one",100,100,1
"Scyl2","SCYL2","ortholog_one2one",100,100,1
"Wdr6","WDR6","ortholog_one2one",100,100,1
"Cdk20","CDK20","ortholog_one2one",0,100,1
"Zc3h7b","ZC3H7B","ortholog_one2one",100,100,1
"Dalrd3","DALRD3","ortholog_one2one",100,100,1
"Fkbp6","FKBP6","ortholog_one2one",100,100,1
"Hdac7","HDAC7","ortholog_one2one",100,99.94,1
"Tor3a","TOR3A","ortholog_one2one",100,100,1
"Cd72","CD72","ortholog_one2one",100,100,1
"Cog2","COG2","ortholog_one2one",100,100,1
"Rangap1","RANGAP1","ortholog_one2one",100,100,1
"Lrrc74a","LRRC74A","ortholog_one2one",100,99.17,1
"Trabd2b","TRABD2B","ortholog_one2one",100,100,1
"Olfr558","OR51E1","ortholog_one2one",100,100,1
"P4htm","P4HTM","ortholog_one2one",100,100,1
"Tmprss11d","TMPRSS11D","ortholog_one2one",100,100,1
"Slc24a5","SLC24A5","ortholog_one2one",100,100,1
"Gucy1b1","GUCY1B1","ortholog_one2one",100,100,1
"Agt","AGT","ortholog_one2one",100,100,1
"Hcn1","HCN1","ortholog_one2one",100,98.95,1
"Mtm1","MTM1","ortholog_one2one",100,100,1
"Golga3","GOLGA3","ortholog_one2one",100,100,1
"Zc3h3","ZC3H3","ortholog_one2one",100,100,1
"Ralyl","RALYL","ortholog_one2one",100,100,1
"Tmem165","TMEM165","ortholog_one2one",100,100,1
"Mbnl2","MBNL2","ortholog_one2one",100,100,1
"Mreg","MREG","ortholog_one2one",100,100,1
"Phf23","PHF23","ortholog_one2one",100,100,1
"Abca4","ABCA4","ortholog_one2one",100,100,1
"Capn9","CAPN9","ortholog_one2one",100,100,1
"Arih2","ARIH2","ortholog_one2one",100,100,1
"Sox5","SOX5","ortholog_one2one",100,100,1
"Des","DES","ortholog_one2one",100,100,1
"Mapk13","MAPK13","ortholog_one2one",100,100,1
"Acot6","ACOT6","ortholog_one2one",100,100,1
"Armcx1","ARMCX1","ortholog_one2one",100,100,1
"Olfr1038-ps","OR5R1","ortholog_one2one",100,100,1
"Kcnmb4","KCNMB4","ortholog_one2one",100,100,1
"Thbs4","THBS4","ortholog_one2one",100,99.94,1
"C2","C2","ortholog_one2one",100,100,1
"Dop1b","DOP1B","ortholog_one2one",100,100,1
"Mapre3","MAPRE3","ortholog_one2one",100,100,1
"Pecr","PECR","ortholog_one2one",100,100,1
"Slc25a20","SLC25A20","ortholog_one2one",100,100,1
"Irf2bpl","IRF2BPL","ortholog_one2one",100,100,1
"5730409E04Rik","C1orf216","ortholog_one2one",100,100,1
"Cnst","CNST","ortholog_one2one",100,100,1
"Rsrc2","RSRC2","ortholog_one2one",100,100,1
"Col6a3","COL6A3","ortholog_one2one",100,98.97,1
"Tut7","TUT7","ortholog_one2one",100,100,1
"Prkar2a","PRKAR2A","ortholog_one2one",100,100,1
"Plcz1","PLCZ1","ortholog_one2one",100,100,1
"Tmem208","TMEM208","ortholog_one2one",100,100,1
"Rfx2","RFX2","ortholog_one2one",25,99.89,1
"Slc9a8","SLC9A8","ortholog_one2one",100,100,1
"Lmtk3","LMTK3","ortholog_one2one",100,100,1
"Cystm1","CYSTM1","ortholog_one2one",100,100,1
"Capza3","CAPZA3","ortholog_one2one",100,100,1
"Hnf1b","HNF1B","ortholog_one2one",50,100,1
"Dffa","DFFA","ortholog_one2one",100,100,1
"Fhod1","FHOD1","ortholog_one2one",100,99.42,1
"Morc3","MORC3","ortholog_one2one",100,100,1
"Sult2b1","SULT2B1","ortholog_one2one",75,95.42,1
"Mtx3","MTX3","ortholog_one2one",100,100,1
"Pfdn1","PFDN1","ortholog_one2one",100,100,1
"Rb1cc1","RB1CC1","ortholog_one2one",100,100,1
"Crtc3","CRTC3","ortholog_one2one",75,100,1
"Gucy1a1","GUCY1A1","ortholog_one2one",100,100,1
"Lrrc40","LRRC40","ortholog_one2one",100,100,1
"Relb","RELB","ortholog_one2one",100,100,1
"Foxd2","FOXD2","ortholog_one2one",100,100,1
"Ip6k2","IP6K2","ortholog_one2one",100,100,1
"Asf1b","ASF1B","ortholog_one2one",100,100,1
"Brd4","BRD4","ortholog_one2one",100,100,1
"Tmprss11a","TMPRSS11A","ortholog_one2one",75,99.17,1
"Ankle2","ANKLE2","ortholog_one2one",100,100,1
"Ddi1","DDI1","ortholog_one2one",100,100,1
"Pdgfd","PDGFD","ortholog_one2one",100,100,1
"Hacd3","HACD3","ortholog_one2one",100,96.63,1
"Foxe3","FOXE3","ortholog_one2one",100,99.54,1
"Nckipsd","NCKIPSD","ortholog_one2one",100,100,1
"Myo6","MYO6","ortholog_one2one",100,100,1
"Dido1","DIDO1","ortholog_one2one",100,100,1
"Lyg2","LYG2","ortholog_one2one",100,100,1
"Zbtb12","ZBTB12","ortholog_one2one",100,100,1
"Lyg1","LYG1","ortholog_one2one",100,100,1
"Rap2a","RAP2A","ortholog_one2one",100,100,1
"Spata19","SPATA19","ortholog_one2one",100,100,1
"Vps13b","VPS13B","ortholog_one2one",100,100,1
"Prkaca","PRKACA","ortholog_one2one",100,100,1
"Celsr3","CELSR3","ortholog_one2one",100,100,1
"Poldip3","POLDIP3","ortholog_one2one",75,100,1
"Hnrnpf","HNRNPF","ortholog_one2one",100,100,1
"Epb41l1","EPB41L1","ortholog_one2one",100,100,1
"Hbegf","HBEGF","ortholog_one2one",100,100,1
"Mybphl","MYBPHL","ortholog_one2one",100,100,1
"Psmb2","PSMB2","ortholog_one2one",100,100,1
"Echs1","ECHS1","ortholog_one2one",100,100,1
"Cox6c","COX6C","ortholog_one2one",100,100,1
"Guca1b","GUCA1B","ortholog_one2one",75,100,1
"Chst7","CHST7","ortholog_one2one",100,100,1
"Cars","CARS1","ortholog_one2one",100,100,1
"Nlrc3","NLRC3","ortholog_one2one",100,100,1
"Catsper4","CATSPER4","ortholog_one2one",100,99.24,1
"Cmya5","CMYA5","ortholog_one2one",100,95.72,1
"Bpifa5","BPIFA1","ortholog_one2one",100,100,1
"Cort","CORT","ortholog_one2one",100,100,1
"Srp68","SRP68","ortholog_one2one",100,100,1
"Tfap2e","TFAP2E","ortholog_one2one",100,100,1
"Trim50","TRIM50","ortholog_one2one",100,100,1
"Nsmf","NSMF","ortholog_one2one",100,100,1
"Clock","CLOCK","ortholog_one2one",100,100,1
"Guca1a","GUCA1A","ortholog_one2one",100,100,1
"Ipo5","IPO5","ortholog_one2one",100,99.43,1
"2310022B05Rik","C1orf198","ortholog_one2one",100,100,1
"AI661453","C6orf132","ortholog_one2one",75,99.47,1
"Slc26a6","SLC26A6","ortholog_one2one",100,98.76,1
"Slc16a2","SLC16A2","ortholog_one2one",0,100,1
"Brpf3","BRPF3","ortholog_one2one",100,100,1
"Ipo8","IPO8","ortholog_one2one",75,99.87,1
"Coq9","COQ9","ortholog_one2one",100,100,1
"Tspan3","TSPAN3","ortholog_one2one",100,100,1
"Rpl19","RPL19","ortholog_one2one",100,100,1
"Bpifb1","BPIFB1","ortholog_one2one",100,100,1
"Tmprss11f","TMPRSS11F","ortholog_one2one",50,100,1
"Scnm1","SCNM1","ortholog_one2one",100,100,1
"Cacnb1","CACNB1","ortholog_one2one",100,100,1
"Cmpk1","CMPK1","ortholog_one2one",100,100,1
"Myl2","MYL2","ortholog_one2one",100,100,1
"Lpar3","LPAR3","ortholog_one2one",100,100,1
"Ciapin1","CIAPIN1","ortholog_one2one",100,100,1
"Fezf2","FEZF2","ortholog_one2one",100,100,1
"Epas1","EPAS1","ortholog_one2one",100,100,1
"Actr6","ACTR6","ortholog_one2one",100,100,1
"Cipc","CIPC","ortholog_one2one",75,100,1
"Pxmp2","PXMP2","ortholog_one2one",100,91.04,0
"Tmem89","TMEM89","ortholog_one2one",100,100,1
"Peak1","PEAK1","ortholog_one2one",100,100,1
"Pgam5","PGAM5","ortholog_one2one",100,100,1
"Mks1","MKS1","ortholog_one2one",100,100,1
"Dpp8","DPP8","ortholog_one2one",100,100,1
"Map9","MAP9","ortholog_one2one",100,100,1
"Uqcrc1","UQCRC1","ortholog_one2one",100,100,1
"Taf8","TAF8","ortholog_one2one",100,94.93,1
"Siglec1","SIGLEC1","ortholog_one2one",100,100,1
"Tmem169","TMEM169","ortholog_one2one",100,100,1
"Tmem247","TMEM247","ortholog_one2one",100,100,1
"Olfr52","OR8U1","ortholog_one2one",100,100,1
"Atp13a5","ATP13A5","ortholog_one2one",100,100,1
"Il17ra","IL17RA","ortholog_one2one",50,100,1
"Rnf114","RNF114","ortholog_one2one",100,100,1
"Olfr1046","OR8K1","ortholog_one2one",75,100,1
"Rps6kb1","RPS6KB1","ortholog_one2one",75,100,1
"Tmem121b","TMEM121B","ortholog_one2one",50,100,1
"Cnksr1","CNKSR1","ortholog_one2one",100,100,1
"Mbd6","MBD6","ortholog_one2one",75,100,1
"Fcho1","FCHO1","ortholog_one2one",50,99.75,1
"Spata2","SPATA2","ortholog_one2one",100,100,1
"Hdhd5","HDHD5","ortholog_one2one",100,100,1
"Lrp1b","LRP1B","ortholog_one2one",50,100,1
"Atp6v1e2","ATP6V1E2","ortholog_one2one",100,100,1
"Ncdn","NCDN","ortholog_one2one",100,100,1
"Farp1","FARP1","ortholog_one2one",100,99.06,1
"Med12","MED12","ortholog_one2one",100,100,1
"Galr2","GALR2","ortholog_one2one",100,100,1
"Rhoq","RHOQ","ortholog_one2one",100,100,1
"Psrc1","PSRC1","ortholog_one2one",100,99.95,1
"Xrcc5","XRCC5","ortholog_one2one",100,100,1
"Pigf","PIGF","ortholog_one2one",100,100,1
"Dctn2","DCTN2","ortholog_one2one",100,100,1
"Cacna1s","CACNA1S","ortholog_one2one",100,100,1
"Tab1","TAB1","ortholog_one2one",100,100,1
"Rnft1","RNFT1","ortholog_one2one",50,100,1
"Epx","EPX","ortholog_one2one",100,100,1
"Dhx8","DHX8","ortholog_one2one",100,99.29,1
"Exoc7","EXOC7","ortholog_one2one",100,100,1
"Tent2","TENT2","ortholog_one2one",100,100,1
"Il31ra","IL31RA","ortholog_one2one",100,99.04,1
"Fam240b","FAM240B","ortholog_one2one",50,100,1
"Olfr1264","OR4C3","ortholog_one2one",75,100,1
"Stk24","STK24","ortholog_one2one",100,100,1
"1700067K01Rik","C19orf67","ortholog_one2one",100,100,1
"Trim3","TRIM3","ortholog_one2one",100,100,1
"Ucn2","UCN2","ortholog_one2one",100,100,1
"Ascl1","ASCL1","ortholog_one2one",100,100,1
"Tsks","TSKS","ortholog_one2one",100,100,1
"Loxl2","LOXL2","ortholog_one2one",75,100,1
"Ccni","CCNI","ortholog_one2one",100,100,1
"Pfkfb4","PFKFB4","ortholog_one2one",100,100,1
"Slc15a1","SLC15A1","ortholog_one2one",100,100,1
"Zdhhc23","ZDHHC23","ortholog_one2one",100,99.83,1
"Slamf7","SLAMF7","ortholog_one2one",100,100,0
"Bahd1","BAHD1","ortholog_one2one",100,100,1
"Eri3","ERI3","ortholog_one2one",100,100,1
"Cyb5r3","CYB5R3","ortholog_one2one",100,100,1
"Slc4a1","SLC4A1","ortholog_one2one",100,100,1
"Olfr78","OR51E2","ortholog_one2one",100,100,1
"Chst14","CHST14","ortholog_one2one",100,100,1
"Foxh1","FOXH1","ortholog_one2one",100,100,1
"Nsun5","NSUN5","ortholog_one2one",75,100,1
"Nlgn3","NLGN3","ortholog_one2one",100,100,1
"Olfr560","OR51C1P","ortholog_one2one",100,100,1
"Appl2","APPL2","ortholog_one2one",100,100,1
"Iqgap1","IQGAP1","ortholog_one2one",50,100,1
"Rlim","RLIM","ortholog_one2one",75,100,1
"Olfr1268-ps1","OR4X1","ortholog_one2one",75,100,1
"Hhla1","HHLA1","ortholog_one2one",100,100,0
"Abtb1","ABTB1","ortholog_one2one",100,99.95,1
"Mtmr1","MTMR1","ortholog_one2one",100,100,1
"Tmprss11e","TMPRSS11E","ortholog_one2one",25,100,1
"Mrps30","MRPS30","ortholog_one2one",100,100,1
"Ythdc1","YTHDC1","ortholog_one2one",25,100,1
"Hrg","HRG","ortholog_one2one",75,100,1
"Eif3g","EIF3G","ortholog_one2one",100,100,1
"Cebpzos","CEBPZOS","ortholog_one2one",100,100,1
"Igdcc4","IGDCC4","ortholog_one2one",100,100,1
"Ssx2ip","SSX2IP","ortholog_one2one",100,100,1
"Mlph","MLPH","ortholog_one2one",100,100,1
"Tekt5","TEKT5","ortholog_one2one",100,95.08,1
"Cebpz","CEBPZ","ortholog_one2one",100,100,1
"Dhx32","DHX32","ortholog_one2one",100,100,1
"Pah","PAH","ortholog_one2one",100,100,1
"Speg","SPEG","ortholog_one2one",100,100,1
"Amer3","AMER3","ortholog_one2one",100,100,1
"Cenps","CENPS","ortholog_one2one",100,100,1
"Gm34653","B3GNT10","ortholog_one2one",50,100,1
"Ghrl","GHRL","ortholog_one2one",100,100,1
"Slc9a5","SLC9A5","ortholog_one2one",100,100,1
"Pnma1","PNMA1","ortholog_one2one",100,100,1
"Dnal1","DNAL1","ortholog_one2one",100,100,1
"Npat","NPAT","ortholog_one2one",100,100,1
"Fam20b","FAM20B","ortholog_one2one",75,100,1
"Marchf4","MARCHF4","ortholog_one2one",100,100,1
"Prlh","PRLH","ortholog_one2one",100,100,1
"Gpx4","GPX4","ortholog_one2one",100,100,1
"Uros","UROS","ortholog_one2one",100,99.56,1
"Nipa1","NIPA1","ortholog_one2one",50,100,1
"Rnf25","RNF25","ortholog_one2one",100,100,1
"Olfr1052","OR5J2","ortholog_one2one",0,100,1
"Cd48","CD48","ortholog_one2one",100,100,0
"Parp6","PARP6","ortholog_one2one",100,100,1
"Stpg2","STPG2","ortholog_one2one",100,98.15,0
"Misp3","MISP3","ortholog_one2one",100,100,0
"Kcnq3","KCNQ3","ortholog_one2one",100,100,1
"Ddx52","DDX52","ortholog_one2one",75,100,1
"Xpo6","XPO6","ortholog_one2one",75,100,1
"Pcbp3","PCBP3","ortholog_one2one",100,100,1
"Lysmd1","LYSMD1","ortholog_one2one",100,100,1
"Zdhhc22","ZDHHC22","ortholog_one2one",100,100,1
"Tnfaip8l2","TNFAIP8L2","ortholog_one2one",75,100,1
"Aurkb","AURKB","ortholog_one2one",100,100,1
"Abcg4","ABCG4","ortholog_one2one",100,100,1
"Shisa5","SHISA5","ortholog_one2one",100,100,1
"Bccip","BCCIP","ortholog_one2one",100,91.65,1
"Ndufaf7","NDUFAF7","ortholog_one2one",100,100,1
"Pafah1b2","PAFAH1B2","ortholog_one2one",100,100,1
"Fank1","FANK1","ortholog_one2one",100,100,1
"Akap8","AKAP8","ortholog_one2one",100,100,1
"Tbc1d31","TBC1D31","ortholog_one2one",100,100,1
"Pdcl2","PDCL2","ortholog_one2one",100,100,1
"Dmap1","DMAP1","ortholog_one2one",100,100,1
"Zfp593","ZNF593","ortholog_one2one",100,100,1
"Apex2","APEX2","ortholog_one2one",75,100,1
"Lypla2","LYPLA2","ortholog_one2one",100,100,1
"Dvl2","DVL2","ortholog_one2one",100,100,1
"Zscan2","ZSCAN2","ortholog_one2one",50,100,1
"Nmu","NMU","ortholog_one2one",100,100,1
"Acat1","ACAT1","ortholog_one2one",100,95.51,1
"Dvl1","DVL1","ortholog_one2one",100,100,1
"Impg1","IMPG1","ortholog_one2one",100,100,1
"Pfkfb1","PFKFB1","ortholog_one2one",75,100,1
"Plekhg4","PLEKHG4","ortholog_one2one",100,100,1
"Pdha2","PDHA2","ortholog_one2one",100,100,1
"Psmd5","PSMD5","ortholog_one2one",100,100,1
"Cyld","CYLD","ortholog_one2one",100,100,1
"Kctd19","KCTD19","ortholog_one2one",100,100,1
"Acadvl","ACADVL","ortholog_one2one",100,98.29,1
"Mtg1","MTG1","ortholog_one2one",100,100,1
"Tas1r3","TAS1R3","ortholog_one2one",100,100,1
"Gprin2","GPRIN2","ortholog_one2one",75,100,1
"Unc5c","UNC5C","ortholog_one2one",100,100,1
"Alas2","ALAS2","ortholog_one2one",75,100,1
"Borcs6","BORCS6","ortholog_one2one",100,100,1
"Sprn","SPRN","ortholog_one2one",100,100,1
"Osbpl5","OSBPL5","ortholog_one2one",100,100,1
"Gramd1c","GRAMD1C","ortholog_one2one",100,100,1
"Alkal1","ALKAL1","ortholog_one2one",100,100,1
"Slamf1","SLAMF1","ortholog_one2one",100,100,0
"Npy2r","NPY2R","ortholog_one2one",100,100,1
"Anapc5","ANAPC5","ortholog_one2one",100,100,1
"Kirrel2","KIRREL2","ortholog_one2one",100,100,1
"Pdk1","PDK1","ortholog_one2one",100,100,1
"Tcp11","TCP11","ortholog_one2one",100,93.65,1
"Htr1b","HTR1B","ortholog_one2one",100,100,1
"Gjb1","GJB1","ortholog_one2one",100,100,1
"A4galt","A4GALT","ortholog_one2one",100,100,1
"Lama1","LAMA1","ortholog_one2one",100,100,1
"Mgat3","MGAT3","ortholog_one2one",100,100,1
"Mei4","MEI4","ortholog_one2one",100,100,1
"Stat6","STAT6","ortholog_one2one",100,99.25,1
"Cript","CRIPT","ortholog_one2one",100,100,1
"Il27ra","IL27RA","ortholog_one2one",100,95.61,1
"Ccnd3","CCND3","ortholog_one2one",100,100,1
"Igdcc3","IGDCC3","ortholog_one2one",100,99.47,1
"Nemp1","NEMP1","ortholog_one2one",100,100,1
"Socs5","SOCS5","ortholog_one2one",100,100,1
"Palm3","PALM3","ortholog_one2one",100,100,1
"Irak1bp1","IRAK1BP1","ortholog_one2one",100,100,1
"Prkd3","PRKD3","ortholog_one2one",100,100,1
"Sgms1","SGMS1","ortholog_one2one",0,100,1
"Caprin2","CAPRIN2","ortholog_one2one",50,100,1
"Pole","POLE","ortholog_one2one",100,100,1
"Neurog2","NEUROG2","ortholog_one2one",100,100,1
"Hmg20a","HMG20A","ortholog_one2one",75,100,1
"Rab17","RAB17","ortholog_one2one",100,100,1
"Nab2","NAB2","ortholog_one2one",100,100,1
"Stil","STIL","ortholog_one2one",100,100,1
"Phip","PHIP","ortholog_one2one",100,100,1
"Parp16","PARP16","ortholog_one2one",100,100,1
"Pklr","PKLR","ortholog_one2one",100,100,1
"Tcf7l2","TCF7L2","ortholog_one2one",100,100,1
"Acsbg2","ACSBG2","ortholog_one2one",0,99.3,1
"Bysl","BYSL","ortholog_one2one",100,100,1
"Leprotl1","LEPROTL1","ortholog_one2one",100,78.92,1
"Pgd","PGD","ortholog_one2one",100,100,1
"Sccpdh","SCCPDH","ortholog_one2one",75,100,1
"Cd84","CD84","ortholog_one2one",100,98.88,1
"Cilp","CILP","ortholog_one2one",100,100,1
"Zbtb49","ZBTB49","ortholog_one2one",100,100,1
"Uhrf1bp1l","UHRF1BP1L","ortholog_one2one",100,100,1
"Arfgap3","ARFGAP3","ortholog_one2one",100,100,1
"Cecr2","CECR2","ortholog_one2one",100,99.48,1
"Hcn3","HCN3","ortholog_one2one",100,100,1
"Stac2","STAC2","ortholog_one2one",100,100,1
"Ccng2","CCNG2","ortholog_one2one",100,100,1
"Cdk5rap1","CDK5RAP1","ortholog_one2one",100,99.05,1
"App","APP","ortholog_one2one",100,100,1
"Xpo4","XPO4","ortholog_one2one",100,100,1
"Lrrc6","LRRC6","ortholog_one2one",100,100,1
"Snai1","SNAI1","ortholog_one2one",100,100,1
"Clpx","CLPX","ortholog_one2one",100,100,1
"Kif21b","KIF21B","ortholog_one2one",100,100,1
"Nexmif","NEXMIF","ortholog_one2one",50,100,1
"Celsr2","CELSR2","ortholog_one2one",100,100,1
"Hmgn3","HMGN3","ortholog_one2one",100,100,1
"Olfr464","OR4D1","ortholog_one2one",100,100,1
"Tvp23a","TVP23A","ortholog_one2one",100,100,1
"Mllt1","MLLT1","ortholog_one2one",75,100,1
"Wdr73","WDR73","ortholog_one2one",50,100,1
"Dynll2","DYNLL2","ortholog_one2one",100,100,1
"Nubp1","NUBP1","ortholog_one2one",100,100,1
"Saraf","SARAF","ortholog_one2one",75,100,1
"Fbxo3","FBXO3","ortholog_one2one",100,100,1
"Cebpb","CEBPB","ortholog_one2one",100,100,1
"Pdcd7","PDCD7","ortholog_one2one",100,100,1
"Ccdc32","CCDC32","ortholog_one2one",100,85.38,1
"Rpl10l","RPL10L","ortholog_one2one",100,100,1
"Mrgprg","MRGPRG","ortholog_one2one",75,100,1
"Slx4","SLX4","ortholog_one2one",100,100,1
"Kntc1","KNTC1","ortholog_one2one",100,100,1
"Sec13","SEC13","ortholog_one2one",100,100,1
"Atrip","ATRIP","ortholog_one2one",100,100,1
"Mrgpre","MRGPRE","ortholog_one2one",50,100,1
"Ubap1l","UBAP1L","ortholog_one2one",100,98.4,1
"Klf17","KLF17","ortholog_one2one",100,94.31,0
"Rpusd2","RPUSD2","ortholog_one2one",100,100,1
"Slamf6","SLAMF6","ortholog_one2one",100,97.66,0
"Tmem177","TMEM177","ortholog_one2one",100,100,1
"Kbtbd13","KBTBD13","ortholog_one2one",100,100,1
"Mcfd2","MCFD2","ortholog_one2one",100,100,1
"Akap8l","AKAP8L","ortholog_one2one",100,100,1
"Zfp334","ZNF334","ortholog_one2one",100,99.53,1
"Mcu","MCU","ortholog_one2one",100,100,1
"Trex1","TREX1","ortholog_one2one",100,100,1
"Lca5","LCA5","ortholog_one2one",100,100,1
"Acvr1","ACVR1","ortholog_one2one",100,100,1
"Cfap221","CFAP221","ortholog_one2one",100,100,1
"Rasl12","RASL12","ortholog_one2one",100,100,1
"Tma7","TMA7","ortholog_one2one",100,100,1
"Rln3","RLN3","ortholog_one2one",100,100,1
"Plcg1","PLCG1","ortholog_one2one",100,99.76,1
"Slc51b","SLC51B","ortholog_one2one",100,100,1
"Ccdc51","CCDC51","ortholog_one2one",100,100,1
"Sun2","SUN2","ortholog_one2one",100,100,1
"Mtfmt","MTFMT","ortholog_one2one",100,100,1
"Nmb","NMB","ortholog_one2one",100,100,1
"Hinfp","HINFP","ortholog_one2one",100,100,1
"Sec11a","SEC11A","ortholog_one2one",100,100,1
"Srsf1","SRSF1","ortholog_one2one",100,100,1
"Plxnb1","PLXNB1","ortholog_one2one",100,100,1
"Cyth2","CYTH2","ortholog_one2one",100,100,1
"Sh3bgrl2","SH3BGRL2","ortholog_one2one",100,100,1
"Gng12","GNG12","ortholog_one2one",50,100,1
"Tro","TRO","ortholog_one2one",100,91.7,0
"Ppp1r16a","PPP1R16A","ortholog_one2one",100,100,1
"Elovl4","ELOVL4","ortholog_one2one",100,100,1
"Ctbs","CTBS","ortholog_one2one",100,100,1
"Ahctf1","AHCTF1","ortholog_one2one",50,100,1
"Enpp2","ENPP2","ortholog_one2one",100,100,1
"Spata1","SPATA1","ortholog_one2one",100,100,1
"Ttk","TTK","ortholog_one2one",100,100,1
"Lmo2","LMO2","ortholog_one2one",100,100,1
"Eif4g3","EIF4G3","ortholog_one2one",100,100,1
"Lpin3","LPIN3","ortholog_one2one",100,100,1
"Acer1","ACER1","ortholog_one2one",50,100,1
"AU040320","KIAA0319L","ortholog_one2one",100,99.85,1
"Abcb7","ABCB7","ortholog_one2one",100,100,1
"Cd99l2","CD99L2","ortholog_one2one",100,95.44,1
"Shld2","SHLD2","ortholog_one2one",50,100,1
"Sbk1","SBK1","ortholog_one2one",50,100,1
"Wnk2","WNK2","ortholog_one2one",100,99.28,1
"Rfx1","RFX1","ortholog_one2one",100,100,1
"Chaf1b","CHAF1B","ortholog_one2one",100,100,1
"Uprt","UPRT","ortholog_one2one",100,100,1
"Gclm","GCLM","ortholog_one2one",100,100,1
"Zdhhc15","ZDHHC15","ortholog_one2one",100,100,1
"Hip1","HIP1","ortholog_one2one",75,100,1
"Zhx3","ZHX3","ortholog_one2one",100,100,1
"Magee2","MAGEE2","ortholog_one2one",100,100,1
"Tmem71","TMEM71","ortholog_one2one",100,100,1
"Lingo1","LINGO1","ortholog_one2one",50,100,1
"Bcar3","BCAR3","ortholog_one2one",75,100,1
"Alpk1","ALPK1","ortholog_one2one",100,100,1
"Armcx6","ARMCX6","ortholog_one2one",100,100,1
"Trap1","TRAP1","ortholog_one2one",100,100,1
"Cep112","CEP112","ortholog_one2one",100,100,1
"Pacsin2","PACSIN2","ortholog_one2one",100,100,1
"Armcx3","ARMCX3","ortholog_one2one",100,100,1
"Bckdhb","BCKDHB","ortholog_one2one",100,100,1
"Dnttip2","DNTTIP2","ortholog_one2one",100,100,1
"Ttc7","TTC7A","ortholog_one2one",100,100,1
"Dnase1","DNASE1","ortholog_one2one",100,100,1
"Tifa","TIFA","ortholog_one2one",100,100,1
"Aar2","AAR2","ortholog_one2one",100,100,1
"Ap1ar","AP1AR","ortholog_one2one",100,100,1
"Snta1","SNTA1","ortholog_one2one",100,100,1
"Enox1","ENOX1","ortholog_one2one",100,100,1
"Arhgef4","SMIM39","ortholog_one2one",100,100,1
"Cul5","CUL5","ortholog_one2one",100,100,1
"Tent5a","TENT5A","ortholog_one2one",100,100,1
"Fam168b","FAM168B","ortholog_one2one",75,98.17,1
"Mecp2","MECP2","ortholog_one2one",100,100,1
"Srp9","SRP9","ortholog_one2one",50,100,1
"Lat","LAT","ortholog_one2one",50,100,1
"Mfsd14b","MFSD14B","ortholog_one2one",0,100,1
"Ankdd1a","ANKDD1A","ortholog_one2one",100,97.81,1
"Spg21","SPG21","ortholog_one2one",100,100,1
"Zmym4","ZMYM4","ortholog_one2one",100,100,1
"Mief1","MIEF1","ortholog_one2one",100,100,1
"Ibtk","IBTK","ortholog_one2one",100,100,1
"Minpp1","MINPP1","ortholog_one2one",50,100,1
"Ocstamp","OCSTAMP","ortholog_one2one",100,100,1
"Knl1","KNL1","ortholog_one2one",100,97.2,1
"Qpct","QPCT","ortholog_one2one",100,100,1
"Plekho2","PLEKHO2","ortholog_one2one",100,100,1
"Frs3","FRS3","ortholog_one2one",100,100,1
"Arhgap28","ARHGAP28","ortholog_one2one",100,100,1
"Atp6v1a","ATP6V1A","ortholog_one2one",100,100,1
"Sall1","SALL1","ortholog_one2one",100,100,1
"Slc25a18","SLC25A18","ortholog_one2one",100,100,1
"AC140267.1","AL022312.1","ortholog_one2one",100,100,1
"Tomm6","TOMM6","ortholog_one2one",100,100,1
"Tox3","TOX3","ortholog_one2one",100,100,1
"Gid8","GID8","ortholog_one2one",100,100,1
"Clpp","CLPP","ortholog_one2one",100,100,1
"Maged2","MAGED2","ortholog_one2one",100,100,1
"R3hcc1","R3HCC1","ortholog_one2one",100,100,1
"Spink8","SPINK8","ortholog_one2one",100,100,0
"Cdc42ep3","CDC42EP3","ortholog_one2one",100,100,1
"Vdr","VDR","ortholog_one2one",100,100,1
"Armcx2","ARMCX2","ortholog_one2one",100,95.19,1
"Tssk4","TSSK4","ortholog_one2one",100,100,1
"Rab39","RAB39A","ortholog_one2one",100,100,1
"Brat1","BRAT1","ortholog_one2one",25,100,1
"Usp49","USP49","ortholog_one2one",100,100,1
"Lrrc36","LRRC36","ortholog_one2one",100,100,1
"Nme6","NME6","ortholog_one2one",100,100,1
"Slc13a3","SLC13A3","ortholog_one2one",100,100,1
"Sars","SARS1","ortholog_one2one",100,100,1
"Chmp7","CHMP7","ortholog_one2one",100,100,1
"Tpbg","TPBG","ortholog_one2one",100,100,1
"Rpf1","RPF1","ortholog_one2one",100,100,1
"Slc17a9","SLC17A9","ortholog_one2one",100,100,1
"Foxn3","FOXN3","ortholog_one2one",100,100,1
"Ube2cbp","UBE3D","ortholog_one2one",100,100,1
"Pif1","PIF1","ortholog_one2one",100,99.97,1
"Odf3l1","ODF3L1","ortholog_one2one",50,100,1
"Camp","CAMP","ortholog_one2one",100,100,1
"Tmem106c","TMEM106C","ortholog_one2one",100,99.12,1
"Lrrc7","LRRC7","ortholog_one2one",100,100,1
"Cdc25a","CDC25A","ortholog_one2one",100,100,1
"Ctxn2","CTXN2","ortholog_one2one",100,100,1
"Vangl2","VANGL2","ortholog_one2one",100,100,1
"C4bp","C4BPA","ortholog_one2one",50,91.06,0
"Inca1","INCA1","ortholog_one2one",100,100,1
"Nadsyn1","NADSYN1","ortholog_one2one",50,99.96,1
"Slc35f2","SLC35F2","ortholog_one2one",75,100,1
"Ttll1","TTLL1","ortholog_one2one",100,100,1
"Spry1","SPRY1","ortholog_one2one",100,100,1
"Tex33","TEX33","ortholog_one2one",75,100,1
"Nxn","NXN","ortholog_one2one",100,100,1
"Cyp1b1","CYP1B1","ortholog_one2one",100,100,1
"Agxt2","AGXT2","ortholog_one2one",100,100,1
"Fbxl20","FBXL20","ortholog_one2one",100,100,1
"Zfp592","ZNF592","ortholog_one2one",100,100,1
"Bhlhe23","BHLHE23","ortholog_one2one",100,98.9,1
"Bmpr1b","BMPR1B","ortholog_one2one",75,100,1
"Hcar1","HCAR1","ortholog_one2one",100,100,1
"Alkbh7","ALKBH7","ortholog_one2one",100,100,1
"Rbm46","RBM46","ortholog_one2one",100,100,1
"Hmgb3","HMGB3","ortholog_one2one",100,100,1
"Dnase2b","DNASE2B","ortholog_one2one",100,100,1
"Dnajc15","DNAJC15","ortholog_one2one",100,100,1
"Pgm3","PGM3","ortholog_one2one",100,100,1
"P2rx2","P2RX2","ortholog_one2one",100,100,1
"Nthl1","NTHL1","ortholog_one2one",100,100,1
"Tex28","TEX28","ortholog_one2one",100,99.13,1
"Fam241a","FAM241A","ortholog_one2one",100,100,1
"Fbxo28","FBXO28","ortholog_one2one",75,100,1
"Epsti1","EPSTI1","ortholog_one2one",100,100,1
"Vps39","VPS39","ortholog_one2one",100,100,1
"Stpg4","STPG4","ortholog_one2one",100,100,1
"Khsrp","KHSRP","ortholog_one2one",100,99.97,1
"Dnhd1","DNHD1","ortholog_one2one",100,100,1
"1700013F07Rik","C1orf194","ortholog_one2one",100,100,1
"Cspg4","CSPG4","ortholog_one2one",75,100,1
"Lrrfip1","LRRFIP1","ortholog_one2one",100,97.03,1
"5330417C22Rik","ELAPOR1","ortholog_one2one",100,100,1
"Atf4","ATF4","ortholog_one2one",100,100,1
"Dock9","DOCK9","ortholog_one2one",100,100,1
"Tst","TST","ortholog_one2one",50,100,1
"Dop1a","DOP1A","ortholog_one2one",100,100,1
"Prrg1","PRRG1","ortholog_one2one",50,100,1
"Arfip2","ARFIP2","ortholog_one2one",100,100,1
"Calm2","CALM2","ortholog_one2one",100,100,1
"Il12a","IL12A","ortholog_one2one",100,100,1
"Ube4a","UBE4A","ortholog_one2one",100,100,1
"Fam216b","FAM216B","ortholog_one2one",100,100,1
"Cbfa2t2","CBFA2T2","ortholog_one2one",100,97.94,1
"Ythdf1","YTHDF1","ortholog_one2one",100,100,1
"Ptpn1","PTPN1","ortholog_one2one",100,100,1
"Col18a1","COL18A1","ortholog_one2one",100,100,1
"Etv4","ETV4","ortholog_one2one",100,100,1
"Birc7","BIRC7","ortholog_one2one",100,100,1
"Sinhcaf","SINHCAF","ortholog_one2one",50,100,1
"Triobp","TRIOBP","ortholog_one2one",100,99.82,1
"Rwdd2a","RWDD2A","ortholog_one2one",100,100,1
"Tnfsf11","TNFSF11","ortholog_one2one",100,100,1
"Rhobtb2","RHOBTB2","ortholog_one2one",100,99.31,1
"Depdc1a","DEPDC1","ortholog_one2one",100,100,1
"Me1","ME1","ortholog_one2one",100,100,1
"Samd13","SAMD13","ortholog_one2one",100,100,1
"Ccdc62","CCDC62","ortholog_one2one",100,100,1
"Denr","DENR","ortholog_one2one",100,100,1
"Snx33","SNX33","ortholog_one2one",100,100,1
"Prss35","PRSS35","ortholog_one2one",100,100,1
"Vezf1","VEZF1","ortholog_one2one",100,100,1
"Epcam","EPCAM","ortholog_one2one",100,93.39,1
"Pebp4","PEBP4","ortholog_one2one",100,100,0
"Imp3","IMP3","ortholog_one2one",100,100,1
"Pbdc1","PBDC1","ortholog_one2one",100,100,1
"Slc2a10","SLC2A10","ortholog_one2one",100,99.8,1
"Slc19a1","SLC19A1","ortholog_one2one",100,98.72,1
"Col2a1","COL2A1","ortholog_one2one",100,100,1
"Elmod1","ELMOD1","ortholog_one2one",50,100,1
"Tktl1","TKTL1","ortholog_one2one",100,100,1
"Igf1","IGF1","ortholog_one2one",100,100,1
"Rps19bp1","RPS19BP1","ortholog_one2one",100,100,1
"Alpk3","ALPK3","ortholog_one2one",100,100,1
"Egr3","EGR3","ortholog_one2one",100,100,1
"Upp2","UPP2","ortholog_one2one",100,96.34,1
"Timm22","TIMM22","ortholog_one2one",100,100,1
"Eya2","EYA2","ortholog_one2one",100,100,1
"Snupn","SNUPN","ortholog_one2one",100,100,1
"Dlgap4","DLGAP4","ortholog_one2one",100,100,1
"Magee1","MAGEE1","ortholog_one2one",100,100,1
"Slc28a1","SLC28A1","ortholog_one2one",75,100,1
"Ptpn9","PTPN9","ortholog_one2one",100,100,1
"Tppp3","TPPP3","ortholog_one2one",100,100,1
"Trp53bp2","TP53BP2","ortholog_one2one",100,100,1
"Ripor3","RIPOR3","ortholog_one2one",100,99.96,1
"Lrcol1","LRCOL1","ortholog_one2one",100,100,0
"Sbno2","SBNO2","ortholog_one2one",100,100,1
"Akap11","AKAP11","ortholog_one2one",100,100,1
"Ska3","SKA3","ortholog_one2one",100,100,1
"Ccar2","CCAR2","ortholog_one2one",100,100,1
"Nhlh1","NHLH1","ortholog_one2one",100,100,1
"Gpr50","GPR50","ortholog_one2one",100,100,1
"Olfr568","OR51F2","ortholog_one2one",100,100,1
"Nkain4","NKAIN4","ortholog_one2one",100,100,1
"Slc12a7","SLC12A7","ortholog_one2one",100,100,1
"Gpt","GPT","ortholog_one2one",100,100,1
"Zmym3","ZMYM3","ortholog_one2one",100,100,1
"Bin3","BIN3","ortholog_one2one",100,100,1
"Olfr571","OR51S1","ortholog_one2one",75,100,1
"L3mbtl4","L3MBTL4","ortholog_one2one",100,99.4,1
"Fgf10","FGF10","ortholog_one2one",100,100,1
"Msh2","MSH2","ortholog_one2one",100,99.83,1
"Pkm","PKM","ortholog_one2one",100,100,1
"Vma21","VMA21","ortholog_one2one",100,100,1
"Bid","BID","ortholog_one2one",100,95.11,1
"Olfr574","OR51T1","ortholog_one2one",100,100,1
"Bcl2l13","BCL2L13","ortholog_one2one",100,98.45,1
"Olfr576","OR51A7","ortholog_one2one",100,100,1
"Zdhhc1","ZDHHC1","ortholog_one2one",100,100,1
"Slc22a17","SLC22A17","ortholog_one2one",100,100,1
"Olfr577","OR51G2","ortholog_one2one",75,100,1
"Pard6b","PARD6B","ortholog_one2one",100,100,1
"Olfr578","OR51G1","ortholog_one2one",50,100,1
"Pde8a","PDE8A","ortholog_one2one",50,100,1
"Pithd1","PITHD1","ortholog_one2one",100,100,1
"Ccdc148","CCDC148","ortholog_one2one",100,100,1
"Tmem167b","TMEM167B","ortholog_one2one",100,100,0
"Snap91","SNAP91","ortholog_one2one",100,100,1
"Homer1","HOMER1","ortholog_one2one",100,100,1
"Adnp","ADNP","ortholog_one2one",100,100,1
"Plekhb2","PLEKHB2","ortholog_one2one",50,73.37,0
"Smarcc1","SMARCC1","ortholog_one2one",100,100,1
"Kcnk12","KCNK12","ortholog_one2one",100,100,1
"Sik3","SIK3","ortholog_one2one",100,100,1
"Fgf16","FGF16","ortholog_one2one",100,100,1
"Ncstn","NCSTN","ortholog_one2one",100,100,1
"Cacna1i","CACNA1I","ortholog_one2one",100,99.81,1
"Gmppa","GMPPA","ortholog_one2one",100,100,1
"Slc9a3r2","SLC9A3R2","ortholog_one2one",100,100,1
"Copa","COPA","ortholog_one2one",100,100,1
"Fgg","FGG","ortholog_one2one",100,100,1
"Lrat","LRAT","ortholog_one2one",100,100,1
"Herc2","HERC2","ortholog_one2one",50,99.97,1
"Yod1","YOD1","ortholog_one2one",100,100,1
"Taf13","TAF13","ortholog_one2one",100,100,1
"Dhx30","DHX30","ortholog_one2one",100,100,1
"Fbxo11","FBXO11","ortholog_one2one",100,100,1
"Mageb16","MAGEB16","ortholog_one2one",75,96.3,0
"Recql4","RECQL4","ortholog_one2one",100,100,1
"Capn2","CAPN2","ortholog_one2one",100,100,1
"Dennd5b","DENND5B","ortholog_one2one",50,98.24,1
"Mfsd3","MFSD3","ortholog_one2one",100,100,1
"Nnt","NNT","ortholog_one2many",100,92.95,1
"Necab3","NECAB3","ortholog_one2one",100,100,1
"Msh6","MSH6","ortholog_one2one",100,100,1
"Mpst","MPST","ortholog_one2one",100,100,1
"Tmem200c","TMEM200C","ortholog_one2one",100,100,1
"Lrrcc1","LRRCC1","ortholog_one2one",100,100,1
"Spns1","SPNS1","ortholog_one2one",75,100,1
"Tnfaip8l3","TNFAIP8L3","ortholog_one2one",50,93.61,1
"Zmat1","ZMAT1","ortholog_one2one",75,100,1
"Tinf2","TINF2","ortholog_one2one",100,100,1
"Atl2","ATL2","ortholog_one2one",100,100,1
"Rpe65","RPE65","ortholog_one2one",75,100,1
"1700003F12Rik","C20orf144","ortholog_one2one",100,100,0
"Pgc","PGC","ortholog_one2one",100,100,1
"Gmpr2","GMPR2","ortholog_one2one",100,100,1
"Rundc3a","RUNDC3A","ortholog_one2one",100,100,1
"Naa50","NAA50","ortholog_one2one",100,100,1
"1700093K21Rik","C2orf74","ortholog_one2one",100,100,1
"Nedd8","NEDD8","ortholog_one2one",100,100,1
"C2cd2l","C2CD2L","ortholog_one2one",100,100,1
"Eloa","ELOA","ortholog_one2one",100,100,1
"Man2c1","MAN2C1","ortholog_one2one",100,100,1
"Cspg5","CSPG5","ortholog_one2one",100,100,1
"Spindoc","SPINDOC","ortholog_one2one",100,100,1
"Ptk2b","PTK2B","ortholog_one2one",100,100,1
"Bcat1","BCAT1","ortholog_one2one",100,100,1
"Fnbp1l","FNBP1L","ortholog_one2one",50,100,1
"Tef","TEF","ortholog_one2one",100,100,1
"Clptm1","CLPTM1","ortholog_one2one",100,100,1
"Elp6","ELP6","ortholog_one2one",100,100,1
"Wls","WLS","ortholog_one2one",50,98.01,1
"Ripply2","RIPPLY2","ortholog_one2one",100,100,1
"Prrg3","PRRG3","ortholog_one2one",100,100,1
"2700081O15Rik","C11orf95","ortholog_one2one",100,100,1
"Cyb5r4","CYB5R4","ortholog_one2one",100,100,1
"Wdr47","WDR47","ortholog_one2one",100,100,1
"Cnot2","CNOT2","ortholog_one2one",100,100,1
"Scap","SCAP","ortholog_one2one",100,100,1
"Rtn3","RTN3","ortholog_one2one",100,100,1
"Fate1","FATE1","ortholog_one2one",100,100,0
"Fam83a","FAM83A","ortholog_one2one",100,100,1
"Efs","EFS","ortholog_one2one",100,100,1
"Sin3a","SIN3A","ortholog_one2one",100,100,1
"Fga","FGA","ortholog_one2one",100,98.86,1
"Mrap2","MRAP2","ortholog_one2one",100,100,1
"Cnga2","CNGA2","ortholog_one2one",100,100,1
"Myl9","MYL9","ortholog_one2one",100,100,1
"Ptpn23","PTPN23","ortholog_one2one",100,98.96,1
"Il25","IL25","ortholog_one2one",100,100,1
"Cd3g","CD3G","ortholog_one2one",100,100,1
"E2f1","E2F1","ortholog_one2one",100,100,1
"Fgb","FGB","ortholog_one2one",100,100,1
"5830411N06Rik","SCART1","ortholog_one2one",100,0,0
"Klhl18","KLHL18","ortholog_one2one",100,100,1
"Atp2b2","ATP2B2","ortholog_one2one",100,100,1
"Senp1","SENP1","ortholog_one2one",100,100,1
"Slc25a41","SLC25A41","ortholog_one2one",100,96.98,1
"Gabre","GABRE","ortholog_one2one",100,95.95,0
"Cmtm5","CMTM5","ortholog_one2one",100,100,1
"Cplane1","CPLANE1","ortholog_one2one",100,99.27,1
"Kif9","KIF9","ortholog_one2one",100,98.46,1
"Pfkm","PFKM","ortholog_one2one",100,100,1
"Myh6","MYH6","ortholog_one2one",100,100,1
"Lmtk2","LMTK2","ortholog_one2one",50,100,1
"Dennd1c","DENND1C","ortholog_one2one",100,99.53,1
"Fbrsl1","FBRSL1","ortholog_one2one",100,100,1
"Enthd1","ENTHD1","ortholog_one2one",100,100,1
"Cep162","CEP162","ortholog_one2one",100,100,1
"Tmem214","TMEM214","ortholog_one2one",100,100,1
"Slc25a23","SLC25A23","ortholog_one2one",100,100,1
"Prkacb","PRKACB","ortholog_one2one",100,100,1
"Tbx18","TBX18","ortholog_one2one",100,100,1
"Zhx1","ZHX1","ortholog_one2one",100,100,1
"Crb3","CRB3","ortholog_one2one",100,100,1
"Npw","NPW","ortholog_one2one",100,100,1
"Gls","GLS","ortholog_one2one",100,100,1
"Bhlha15","BHLHA15","ortholog_one2one",100,100,1
"Ccl24","CCL24","ortholog_one2one",100,100,1
"Clcc1","CLCC1","ortholog_one2one",100,98.77,1
"Nt5e","NT5E","ortholog_one2one",100,100,1
"Celsr1","CELSR1","ortholog_one2one",100,100,1
"Ciita","CIITA","ortholog_one2one",100,100,1
"Tgif2","TGIF2","ortholog_one2one",100,100,1
"Rbpms2","RBPMS2","ortholog_one2one",100,100,1
"Asb8","ASB8","ortholog_one2one",75,100,1
"Zfp598","ZNF598","ortholog_one2one",100,100,1
"Cyyr1","CYYR1","ortholog_one2one",100,100,1
"Cd3d","CD3D","ortholog_one2one",100,100,1
"Plrg1","PLRG1","ortholog_one2one",100,100,1
"Gpsm2","GPSM2","ortholog_one2one",100,98.46,1
"Ccdc184","CCDC184","ortholog_one2one",75,100,1
"Sla2","SLA2","ortholog_one2one",100,100,1
"Ankrd50","ANKRD50","ortholog_one2one",100,100,0
"Sh3kbp1","SH3KBP1","ortholog_one2one",100,100,1
"Magea10","MAGEA10","ortholog_one2one",100,100,0
"Apoc4","APOC4","ortholog_one2one",100,100,1
"Gnl3l","GNL3L","ortholog_one2one",100,100,1
"Usf3","USF3","ortholog_one2one",100,100,1
"Tfeb","TFEB","ortholog_one2one",100,99.75,1
"Setd2","SETD2","ortholog_one2one",100,100,1
"Cd3e","CD3E","ortholog_one2one",100,100,1
"Rhbdd2","RHBDD2","ortholog_one2one",100,100,1
"Agbl3","AGBL3","ortholog_one2one",75,100,1
"Dexi","DEXI","ortholog_one2one",100,100,1
"Tgm1","TGM1","ortholog_one2one",100,100,1
"Pnpla1","PNPLA1","ortholog_one2one",100,98.15,1
"Nfatc2ip","NFATC2IP","ortholog_one2one",100,100,1
"Med1","MED1","ortholog_one2one",100,100,1
"Oaz2","OAZ2","ortholog_one2one",100,100,1
"Dchs2","DCHS2","ortholog_one2one",100,99.99,1
"Cyp19a1","CYP19A1","ortholog_one2one",50,100,1
"Camk1g","CAMK1G","ortholog_one2one",100,100,1
"Syncrip","SYNCRIP","ortholog_one2one",50,100,1
"Bnip5","BNIP5","ortholog_one2one",100,100,0
"B4galt2","B4GALT2","ortholog_one2one",100,100,1
"Bik","BIK","ortholog_one2one",100,100,0
"Pde5a","PDE5A","ortholog_one2one",50,100,1
"Nbeal2","NBEAL2","ortholog_one2one",100,100,1
"Myo1a","MYO1A","ortholog_one2one",100,100,1
"Zfp609","ZNF609","ortholog_one2one",100,100,1
"Gldn","GLDN","ortholog_one2one",75,100,1
"Ccdc24","CCDC24","ortholog_one2one",100,100,1
"Mcat","MCAT","ortholog_one2one",100,100,1
"Tspo","TSPO","ortholog_one2one",100,100,1
"Kctd17","KCTD17","ortholog_one2one",100,100,1
"Hnrnpll","HNRNPLL","ortholog_one2one",100,97.74,1
"Tecpr1","TECPR1","ortholog_one2one",100,100,1
"0610010F05Rik","KIAA1841","ortholog_one2one",100,100,1
"Slc6a9","SLC6A9","ortholog_one2one",100,100,1
"Fgd1","FGD1","ortholog_one2one",100,100,1
"Hsd11b2","HSD11B2","ortholog_one2one",100,100,1
"Dnal4","DNAL4","ortholog_one2one",100,100,1
"Tsr2","TSR2","ortholog_one2one",100,100,1
"Ccdc12","CCDC12","ortholog_one2one",100,100,1
"Smpd4","SMPD4","ortholog_one2one",25,100,1
"Galm","GALM","ortholog_one2one",100,100,1
"Pxt1","PXT1","ortholog_one2one",100,100,0
"Sfrp2","SFRP2","ortholog_one2one",100,100,1
"Cuedc1","CUEDC1","ortholog_one2one",100,100,1
"Myl3","MYL3","ortholog_one2one",100,100,1
"Trip4","TRIP4","ortholog_one2one",100,100,1
"Adamts1","ADAMTS1","ortholog_one2one",75,100,1
"Sit1","SIT1","ortholog_one2one",100,100,1
"Pth1r","PTH1R","ortholog_one2one",100,100,1
"Snx14","SNX14","ortholog_one2one",100,100,1
"Apoc1","APOC1","ortholog_one2one",100,100,0
"Hs6st1","HS6ST1","ortholog_one2one",25,100,1
"Flna","FLNA","ortholog_one2one",100,100,1
"Pdlim5","PDLIM5","ortholog_one2one",50,100,1
"Ccdc107","CCDC107","ortholog_one2one",100,100,1
"Tac2","TAC3","ortholog_one2one",100,100,1
"Pxmp4","PXMP4","ortholog_one2one",100,100,1
"Atp13a4","ATP13A4","ortholog_one2one",100,100,1
"Prss45","PRSS45P","ortholog_one2one",100,100,1
"Chd9","CHD9","ortholog_one2one",100,100,1
"Dpagt1","DPAGT1","ortholog_one2one",100,100,1
"Tlr2","TLR2","ortholog_one2one",100,100,1
"Pus10","PUS10","ortholog_one2one",100,100,1
"Fat4","FAT4","ortholog_one2one",100,100,1
"Gabra3","GABRA3","ortholog_one2one",100,100,1
"Pex13","PEX13","ortholog_one2one",100,100,1
"Gm20537","AL589666.1","ortholog_one2one",75,100,1
"Kctd20","KCTD20","ortholog_one2one",100,100,1
"H1f7","H1-7","ortholog_one2one",0,88.88,0
"Als2cl","ALS2CL","ortholog_one2one",100,100,1
"Zfp641","ZNF641","ortholog_one2one",25,100,1
"Zfp341","ZNF341","ortholog_one2one",100,100,1
"Lamb1","LAMB1","ortholog_one2one",50,100,1
"Olfr285","OR8S1","ortholog_one2one",0,0,0
"Kif1b","KIF1B","ortholog_one2one",100,100,1
"H2ax","H2AX","ortholog_one2one",100,100,1
"Gabrq","GABRQ","ortholog_one2one",100,100,1
"Tmie","TMIE","ortholog_one2one",100,100,1
"Mpzl3","MPZL3","ortholog_one2one",100,100,1
"Mpzl2","MPZL2","ortholog_one2one",100,100,1
"Fam240a","FAM240A","ortholog_one2one",100,94.36,1
"Tdgf1","TDGF1","ortholog_one2one",100,97.67,1
"Hmbs","HMBS","ortholog_one2one",100,100,1
"Fabp2","FABP2","ortholog_one2one",75,100,1
"Lrrc2","LRRC2","ortholog_one2one",100,100,1
"Grap2","GRAP2","ortholog_one2one",100,100,1
"Tubb4a","TUBB4A","ortholog_one2one",100,100,1
"Ubac2","UBAC2","ortholog_one2one",100,100,1
"1810037I17Rik","C4orf3","ortholog_one2one",100,69.33,0
"Adamts5","ADAMTS5","ortholog_one2one",75,100,1
"Rtp3","RTP3","ortholog_one2one",100,73.76,0
"Entpd8","ENTPD8","ortholog_one2one",100,100,1
"Gpr183","GPR183","ortholog_one2one",100,100,1
"Gpr182","GPR182","ortholog_one2one",100,100,1
"Gpr18","GPR18","ortholog_one2one",100,100,1
"Zbtb39","ZBTB39","ortholog_one2one",100,100,1
"Tnfsf9","TNFSF9","ortholog_one2one",100,90.67,0
"Pdlim2","PDLIM2","ortholog_one2one",100,100,0
"Cd70","CD70","ortholog_one2one",100,86.84,0
"Ltf","LTF","ortholog_one2one",75,100,1
"Tnfsf14","TNFSF14","ortholog_one2one",100,100,1
"Noxa1","NOXA1","ortholog_one2one",100,100,1
"Baiap2l1","BAIAP2L1","ortholog_one2one",100,100,1
"Bri3","BRI3","ortholog_one2one",100,100,1
"Ndrg3","NDRG3","ortholog_one2one",100,100,1
"Wnk3","WNK3","ortholog_one2one",100,99.77,1
"Efcab11","EFCAB11","ortholog_one2one",100,100,1
"OR5BS1P","OR5BS1P","ortholog_one2one",75,100,1
"Ccrl2","CCRL2","ortholog_one2one",50,100,0
"Lalba","LALBA","ortholog_one2one",50,100,1
"Aknad1","AKNAD1","ortholog_one2one",100,97.4,0
"Fam120c","FAM120C","ortholog_one2one",100,100,1
"Mocs3","MOCS3","ortholog_one2one",100,100,1
"Kcng1","KCNG1","ortholog_one2one",100,100,1
"Slc4a9","SLC4A9","ortholog_one2one",100,100,1
"Kansl2","KANSL2","ortholog_one2one",100,99.05,1
"Lrrfip2","LRRFIP2","ortholog_one2one",50,100,1
"Mdfi","MDFI","ortholog_one2one",100,100,1
"Ttll12","TTLL12","ortholog_one2one",100,100,1
"Pkp4","PKP4","ortholog_one2one",100,100,1
"Etfbkmt","ETFBKMT","ortholog_one2one",100,100,1
"Tm9sf2","TM9SF2","ortholog_one2one",100,100,1
"Pex19","PEX19","ortholog_one2one",100,100,1
"Hip1r","HIP1R","ortholog_one2one",100,100,1
"Clybl","CLYBL","ortholog_one2one",100,100,1
"Ccnt1","CCNT1","ortholog_one2one",100,100,1
"Cyren","CYREN","ortholog_one2one",100,100,1
"Zic5","ZIC5","ortholog_one2one",100,100,1
"C3","C3","ortholog_one2one",100,100,1
"Chmp4b","CHMP4B","ortholog_one2one",75,100,1
"Rbm44","RBM44","ortholog_one2one",100,100,1
"Tmem140","TMEM140","ortholog_one2one",100,100,1
"Vps37b","VPS37B","ortholog_one2one",100,100,1
"Cetn2","CETN2","ortholog_one2one",100,100,1
"Gfer","GFER","ortholog_one2one",100,100,1
"Apoe","APOE","ortholog_one2one",100,100,1
"Phf8","PHF8","ortholog_one2one",100,100,1
"Mrps23","MRPS23","ortholog_one2one",100,100,1
"Por","POR","ortholog_one2one",100,100,1
"Stxbp3","STXBP3","ortholog_one2one",100,100,1
"Dsn1","DSN1","ortholog_one2one",100,100,1
"Asic4","ASIC4","ortholog_one2one",100,100,1
"Capn3","CAPN3","ortholog_one2one",100,100,1
"Atl3","ATL3","ortholog_one2one",100,100,1
"4930415O20Rik","TEX49","ortholog_one2one",100,100,1
"Mlh1","MLH1","ortholog_one2one",75,100,1
"Usp53","USP53","ortholog_one2one",100,100,1
"Cd19","CD19","ortholog_one2one",100,100,1
"Nkd2","NKD2","ortholog_one2one",100,100,1
"Epm2aip1","EPM2AIP1","ortholog_one2one",100,100,1
"Lrrc24","LRRC24","ortholog_one2one",100,100,1
"C030006K11Rik","C8orf82","ortholog_one2one",100,100,1
"Trank1","TRANK1","ortholog_one2one",100,98.92,1
"Lrrc14","LRRC14","ortholog_one2one",100,100,1
"Adcy6","ADCY6","ortholog_one2one",100,100,1
"Dclk3","DCLK3","ortholog_one2one",100,100,1
"Gm14214","RPL7A","ortholog_one2one",0,0,0
"Slc6a11","SLC6A11","ortholog_one2one",100,100,1
"Nsdhl","NSDHL","ortholog_one2one",100,100,1
"Scn2b","SCN2B","ortholog_one2one",100,100,1
"Stac","STAC","ortholog_one2one",100,100,1
"Zfp185","ZNF185","ortholog_one2one",100,94.47,0
"Emd","EMD","ortholog_one2one",100,100,1
"Zic2","ZIC2","ortholog_one2one",100,100,1
"Scube1","SCUBE1","ortholog_one2one",100,100,1
"Ripor2","RIPOR2","ortholog_one2one",100,100,1
"Cacnb3","CACNB3","ortholog_one2one",100,100,1
"Gpr108","GPR108","ortholog_one2one",100,100,1
"Pdha1","PDHA1","ortholog_one2one",100,98.22,1
"Pea15a","PEA15","ortholog_one2one",100,100,1
"Map3k15","MAP3K15","ortholog_one2one",100,100,1
"Dcaf8","DCAF8","ortholog_one2one",100,100,1
"Gramd4","GRAMD4","ortholog_one2one",100,100,1
"Arpp21","ARPP21","ortholog_one2one",100,100,1
"Pnma5","PNMA5","ortholog_one2one",100,100,0
"Rabggta","RABGGTA","ortholog_one2one",100,100,1
"Cerk","CERK","ortholog_one2one",100,100,1
"Pnma3","PNMA3","ortholog_one2one",75,100,1
"Csnk1g1","CSNK1G1","ortholog_one2one",100,100,1
"Tbc1d22a","TBC1D22A","ortholog_one2one",100,100,1
"Foxp4","FOXP4","ortholog_one2one",75,100,1
"Ddx23","DDX23","ortholog_one2one",100,100,1
"Minar1","MINAR1","ortholog_one2one",100,100,1
"Tafa5","TAFA5","ortholog_one2one",100,89.68,1
"Rnd1","RND1","ortholog_one2one",100,100,1
"Tmed3","TMED3","ortholog_one2one",100,100,1
"Ankrd34c","ANKRD34C","ortholog_one2one",100,100,1
"Ccdc65","CCDC65","ortholog_one2one",100,98.01,1
"Tmem87a","TMEM87A","ortholog_one2one",100,100,1
"Tln2","TLN2","ortholog_one2one",100,100,1
"Fkbp11","FKBP11","ortholog_one2one",100,100,1
"Arf3","ARF3","ortholog_one2one",100,100,1
"Rasgrf1","RASGRF1","ortholog_one2one",100,99.71,1
"Wnt10b","WNT10B","ortholog_one2one",100,100,1
"Wnt1","WNT1","ortholog_one2one",100,100,1
"Brd1","BRD1","ortholog_one2one",100,100,1
"Ddn","DDN","ortholog_one2one",100,100,1
"Prkag1","PRKAG1","ortholog_one2one",100,100,1
"Myoz2","MYOZ2","ortholog_one2one",100,100,1
"Ctsh","CTSH","ortholog_one2one",100,100,1
"Slc25a39","SLC25A39","ortholog_one2one",100,100,1
"Synpo2","SYNPO2","ortholog_one2one",100,100,1
"Ggact","GGACT","ortholog_one2one",100,100,1
"Morf4l1","MORF4L1","ortholog_one2one",75,100,1
"Adgrg2","ADGRG2","ortholog_one2one",100,100,1
"Pcca","PCCA","ortholog_one2one",100,100,1
"Soga1","SOGA1","ortholog_one2one",100,100,1
"Tldc2","TLDC2","ortholog_one2one",100,100,1
"Scn4b","SCN4B","ortholog_one2one",100,100,1
"Tmtc4","TMTC4","ortholog_one2one",100,100,1
"Trip10","TRIP10","ortholog_one2one",100,100,1
"Myh7","MYH7","ortholog_one2one",100,100,1
"Mpped1","MPPED1","ortholog_one2one",100,100,1
"Kmt2d","KMT2D","ortholog_one2one",100,99.67,1
"Snx22","SNX22","ortholog_one2one",100,100,1
"Ppib","PPIB","ortholog_one2one",100,100,1
"Fndc7","FNDC7","ortholog_one2one",100,100,1
"Tomm40","TOMM40","ortholog_one2one",100,99.93,1
"Huwe1","HUWE1","ortholog_one2one",100,100,1
"Nectin2","NECTIN2","ortholog_one2one",100,100,1
"Taz","TAZ","ortholog_one2one",100,98.59,1
"Adamts7","ADAMTS7","ortholog_one2one",50,100,1
"Wdr91","WDR91","ortholog_one2one",75,100,1
"Nono","NONO","ortholog_one2one",100,97.31,1
"Casq1","CASQ1","ortholog_one2one",100,100,1
"Plaat3","PLAAT3","ortholog_one2one",100,100,1
"Tbc1d2b","TBC1D2B","ortholog_one2one",0,100,1
"Nrarp","NRARP","ortholog_one2one",100,100,1
"Arhgef39","ARHGEF39","ortholog_one2one",100,100,1
"Srsf7","SRSF7","ortholog_one2one",100,100,1
"Dnase1l1","DNASE1L1","ortholog_one2one",100,99.06,1
"Dhh","DHH","ortholog_one2one",100,100,1
"Clasp2","CLASP2","ortholog_one2one",100,99.97,1
"Rhebl1","RHEBL1","ortholog_one2one",100,100,1
"Henmt1","HENMT1","ortholog_one2one",100,97.59,1
"Tor4a","TOR4A","ortholog_one2one",100,100,1
"Dld","DLD","ortholog_one2one",75,100,1
"Rel","REL","ortholog_one2one",100,98.31,1
"Sec24d","SEC24D","ortholog_one2one",100,100,1
"Lgals12","LGALS12","ortholog_one2one",100,100,1
"Mettl14","METTL14","ortholog_one2one",100,100,1
"Trim35","TRIM35","ortholog_one2one",100,100,1
"a","ASIP","ortholog_one2one",75,100,1
"Dhrs1","DHRS1","ortholog_one2one",100,100,1
"Plxna2","PLXNA2","ortholog_one2one",100,100,1
"Raly","RALY","ortholog_one2one",75,100,1
"Car9","CA9","ortholog_one2one",100,100,1
"Gemin6","GEMIN6","ortholog_one2one",100,100,1
"Itgb1bp2","ITGB1BP2","ortholog_one2one",100,100,1
"Ptprk","PTPRK","ortholog_one2one",100,100,1
"Gbp5","GBP5","ortholog_one2one",50,100,1
"Zbed4","ZBED4","ortholog_one2one",100,100,1
"Eif2s2","EIF2S2","ortholog_one2one",75,100,1
"Vps13c","VPS13C","ortholog_one2one",100,99.98,1
"Snx1","SNX1","ortholog_one2one",100,100,1
"Coq8a","COQ8A","ortholog_one2one",75,100,1
"Stra8","STRA8","ortholog_one2one",100,100,1
"Ciao2a","CIAO2A","ortholog_one2one",100,100,1
"Cbx6","CBX6","ortholog_one2one",100,100,1
"Armh2","ARMH2","ortholog_one2one",100,100,1
"Plaat5","PLAAT5","ortholog_one2one",100,100,1
"Efcab6","EFCAB6","ortholog_one2one",100,100,1
"Nptxr","NPTXR","ortholog_one2one",100,100,1
"Alg12","ALG12","ortholog_one2one",100,100,1
"Bcam","BCAM","ortholog_one2one",100,100,1
"Dapk2","DAPK2","ortholog_one2one",100,100,1
"Zmynd8","ZMYND8","ortholog_one2one",100,99.89,1
"Cdc42bpa","CDC42BPA","ortholog_one2one",50,100,1
"Creld2","CRELD2","ortholog_one2one",100,97.06,1
"Eif4ebp3","EIF4EBP3","ortholog_one2one",100,100,1
"Pim3","PIM3","ortholog_one2one",100,100,1
"Rora","RORA","ortholog_one2one",100,99.21,1
"Hsd17b10","HSD17B10","ortholog_one2one",100,100,1
"Ribc1","RIBC1","ortholog_one2one",100,100,1
"Sult4a1","SULT4A1","ortholog_one2one",100,100,1
"Phka2","PHKA2","ortholog_one2one",100,100,1
"Dmxl2","DMXL2","ortholog_one2one",50,100,1
"Nelfb","NELFB","ortholog_one2one",100,100,1
"Pnpla5","PNPLA5","ortholog_one2one",100,100,1
"Smc1a","SMC1A","ortholog_one2one",100,100,1
"Papolg","PAPOLG","ortholog_one2one",100,100,1
"Nalcn","NALCN","ortholog_one2one",100,100,1
"Cblc","CBLC","ortholog_one2one",100,100,1
"Ttll8","TTLL8","ortholog_one2one",100,94.87,1
"Dhx57","DHX57","ortholog_one2one",100,100,1
"Pnpla3","PNPLA3","ortholog_one2one",100,92.83,1
"Ice2","ICE2","ortholog_one2one",100,99.42,1
"Stpg3","STPG3","ortholog_one2one",100,100,0
"Samm50","SAMM50","ortholog_one2one",100,100,1
"Ppef1","PPEF1","ortholog_one2one",100,100,1
"Herc1","HERC1","ortholog_one2one",100,100,1
"Fam166a","FAM166A","ortholog_one2one",100,100,1
"Tubb4b","TUBB4B","ortholog_one2one",100,100,1
"Morn2","MORN2","ortholog_one2one",100,100,0
"Rps17","RPS17","ortholog_one2one",50,95.15,1
"Gja6","GJA1","ortholog_one2one",0,0,0
"Fbxl22","FBXL22","ortholog_one2one",100,100,0
"Cdkl5","CDKL5","ortholog_one2one",100,98.27,1
"Cd34","CD34","ortholog_one2one",100,100,1
"Tmprss6","TMPRSS6","ortholog_one2one",100,100,1
"Atp6v0d1","ATP6V0D1","ortholog_one2one",100,100,1
"Iqsec2","IQSEC2","ortholog_one2one",100,100,1
"Galnt9","GALNT9","ortholog_one2one",100,100,1
"Rs1","RS1","ortholog_one2one",100,100,1
"Cd46","CD46","ortholog_one2one",100,97.86,0
"Ctcf","CTCF","ortholog_one2one",100,100,1
"Agrp","AGRP","ortholog_one2one",100,100,1
"Stmn4","STMN4","ortholog_one2one",100,100,1
"Itgbl1","ITGBL1","ortholog_one2one",75,100,1
"Ripor1","RIPOR1","ortholog_one2one",100,100,1
"Cpeb1","CPEB1","ortholog_one2one",50,96.61,1
"Parvb","PARVB","ortholog_one2one",100,86.88,1
"Foxb1","FOXB1","ortholog_one2one",100,100,1
"Tmprss4","TMPRSS4","ortholog_one2one",100,100,1
"Bnip2","BNIP2","ortholog_one2one",100,99.03,1
"Fgf14","FGF14","ortholog_one2one",50,100,1
"BC049352","SMIM35","ortholog_one2one",100,100,1
"Arhgef33","ARHGEF33","ortholog_one2one",100,100,1
"Nop9","NOP9","ortholog_one2one",100,100,1
"Sos1","SOS1","ortholog_one2one",100,100,1
"Noc4l","NOC4L","ortholog_one2one",100,100,1
"Cideb","CIDEB","ortholog_one2one",100,100,1
"Mlc1","MLC1","ortholog_one2one",100,100,1
"Adra1a","ADRA1A","ortholog_one2one",100,97.31,1
"Sfpq","SFPQ","ortholog_one2one",100,100,1
"Sh2d7","SH2D7","ortholog_one2one",50,100,0
"Samhd1","SAMHD1","ortholog_one2one",100,100,1
"Cib2","CIB2","ortholog_one2one",50,100,1
"Mov10l1","MOV10L1","ortholog_one2one",100,97.62,1
"Cdkl4","CDKL4","ortholog_one2one",100,100,1
"Zmym1","ZMYM1","ortholog_one2one",100,98.64,1
"Scml2","SCML2","ortholog_one2one",100,82,0
"Rapgef4","RAPGEF4","ortholog_one2one",100,100,1
"Ubp1","UBP1","ortholog_one2one",100,100,1
"Gtf2a2","GTF2A2","ortholog_one2one",100,100,1
"Trabd","TRABD","ortholog_one2one",100,100,1
"Fbxl2","FBXL2","ortholog_one2one",100,100,1
"Sulf2","SULF2","ortholog_one2one",100,99.29,1
"Panx2","PANX2","ortholog_one2one",100,100,1
"Susd5","SUSD5","ortholog_one2one",75,100,1
"Vav1","VAV1","ortholog_one2one",75,100,1
"Gcnt3","GCNT3","ortholog_one2one",100,100,1
"Rai2","RAI2","ortholog_one2one",100,100,1
"Crtap","CRTAP","ortholog_one2one",75,100,1
"Fam81a","FAM81A","ortholog_one2one",100,100,1
"Ncoa3","NCOA3","ortholog_one2one",100,98.65,1
"Glb1","GLB1","ortholog_one2one",100,100,1
"Nhs","NHS","ortholog_one2one",100,100,1
"Myo1e","MYO1E","ortholog_one2one",100,99.97,1
"Cr1l","CR1","ortholog_one2one",75,72.47,0
"Tmppe","TMPPE","ortholog_one2one",100,100,1
"Ccr4","CCR4","ortholog_one2one",75,100,1
"Jmy","JMY","ortholog_one2one",100,100,1
"Trim71","TRIM71","ortholog_one2one",100,100,1
"Reps2","REPS2","ortholog_one2one",100,100,1
"Ddx51","DDX51","ortholog_one2one",100,98.3,1
"Cnot10","CNOT10","ortholog_one2one",100,100,1
"Idh3a","IDH3A","ortholog_one2one",100,100,1
"Ccnb2","CCNB2","ortholog_one2one",75,100,1
"Atp5d","ATP5F1D","ortholog_one2one",100,100,1
"Tubgcp6","TUBGCP6","ortholog_one2one",100,99.49,1
"Stk11","STK11","ortholog_one2one",100,100,1
"Selenoo","SELENOO","ortholog_one2one",100,100,1
"Dpysl2","DPYSL2","ortholog_one2one",100,99.88,1
"Rnf111","RNF111","ortholog_one2one",100,100,1
"Cbarp","CBARP","ortholog_one2one",100,99.08,1
"Map4k3","MAP4K3","ortholog_one2one",100,100,1
"Dync1li1","DYNC1LI1","ortholog_one2one",100,100,1
"Cmtm6","CMTM6","ortholog_one2one",100,100,1
"Cmtm7","CMTM7","ortholog_one2one",100,100,1
"Pnma2","PNMA2","ortholog_one2one",100,100,1
"Acd","ACD","ortholog_one2one",100,100,0
"Cmtm8","CMTM8","ortholog_one2one",100,100,1
"Acsbg1","ACSBG1","ortholog_one2one",100,100,1
"Gpd1l","GPD1L","ortholog_one2one",100,100,1
"Carmil2","CARMIL2","ortholog_one2one",100,100,1
"Kyat3","KYAT3","ortholog_one2one",100,100,1
"Rbbp7","RBBP7","ortholog_one2one",100,100,1
"Osbpl10","OSBPL10","ortholog_one2one",100,100,1
"Abr","ABR","ortholog_one2one",100,100,1
"Stt3b","STT3B","ortholog_one2one",100,100,1
"Txlng","TXLNG","ortholog_one2one",100,100,1
"Gadl1","GADL1","ortholog_one2one",100,99.31,1
"Cr2","CR2","ortholog_one2one",50,100,1
"Tgfbr2","TGFBR2","ortholog_one2one",100,100,1
"Bnip3l","BNIP3L","ortholog_one2one",100,100,1
"Sltm","SLTM","ortholog_one2one",100,100,1
"Tmem178","TMEM178A","ortholog_one2one",100,100,1
"Gtf2b","GTF2B","ortholog_one2one",100,100,1
"Dnaja4","DNAJA4","ortholog_one2one",100,100,1
"Syap1","SYAP1","ortholog_one2one",75,100,1
"Wdr61","WDR61","ortholog_one2one",100,100,1
"Mindy2","MINDY2","ortholog_one2one",75,100,1
"Rbms3","RBMS3","ortholog_one2one",100,100,1
"Bhmt2","BHMT2","ortholog_one2one",100,100,1
"Thumpd2","THUMPD2","ortholog_one2one",100,100,1
"Ogt","OGT","ortholog_one2one",75,100,1
"S100g","S100G","ortholog_one2one",100,100,1
"Ctps2","CTPS2","ortholog_one2one",100,100,1
"Slc8a1","SLC8A1","ortholog_one2one",100,100,1
"Ppp2r2a","PPP2R2A","ortholog_one2one",100,100,1
"Cxcr3","CXCR3","ortholog_one2one",75,100,1
"Pkdcc","PKDCC","ortholog_one2one",100,100,1
"Pkn2","PKN2","ortholog_one2one",100,100,1
"Nhsl2","NHSL2","ortholog_one2one",75,100,1
"Rtl5","RTL5","ortholog_one2one",50,100,1
"Crabp1","CRABP1","ortholog_one2one",100,100,1
"Ap3b2","AP3B2","ortholog_one2one",100,100,1
"Mical3","MICAL3","ortholog_one2one",100,100,1
"Prss12","PRSS12","ortholog_one2one",100,99.9,1
"Ltb4r2","LTB4R2","ortholog_one2one",100,100,1
"Il10ra","IL10RA","ortholog_one2one",100,100,1
"Adgre1","ADGRE1","ortholog_one2one",50,94.57,1
"Tmprss13","TMPRSS13","ortholog_one2one",100,100,1
"Il2rb","IL2RB","ortholog_one2one",100,100,1
"Adam10","ADAM10","ortholog_one2one",100,100,1
"Rbl1","RBL1","ortholog_one2one",100,100,1
"Lipc","LIPC","ortholog_one2one",100,100,1
"Nab1","NAB1","ortholog_one2one",100,100,1
"Grpr","GRPR","ortholog_one2one",75,100,1
"Aqp9","AQP9","ortholog_one2one",100,93.42,1
"Dmgdh","DMGDH","ortholog_one2one",100,100,1
"Ndst3","NDST3","ortholog_one2one",100,100,1
"Ap1s2","AP1S2","ortholog_one2one",75,100,1
"Fxyd6","FXYD6","ortholog_one2one",100,100,1
"Ep400","EP400","ortholog_one2one",100,99.78,1
"C1qtnf6","C1QTNF6","ortholog_one2one",100,100,1
"Hdac10","HDAC10","ortholog_one2one",100,100,1
"Mroh8","MROH8","ortholog_one2one",100,100,0
"Rpn2","RPN2","ortholog_one2one",100,100,1
"Car5b","CA5B","ortholog_one2one",75,100,1
"Aldh1a2","ALDH1A2","ortholog_one2one",100,100,1
"Uaca","UACA","ortholog_one2one",100,100,1
"Polr2m","POLR2M","ortholog_one2one",100,100,1
"Adcy4","ADCY4","ortholog_one2one",100,100,1
"Plp1","PLP1","ortholog_one2one",75,100,1
"Ace2","ACE2","ortholog_one2one",100,100,1
"Sstr3","SSTR3","ortholog_one2one",100,100,1
"Xrcc6","XRCC6","ortholog_one2one",100,100,1
"Zmym6","ZMYM6","ortholog_one2one",100,99.98,1
"Tmem35b","TMEM35B","ortholog_one2one",100,100,1
"Pard6a","PARD6A","ortholog_one2one",100,100,1
"Tram1l1","TRAM1L1","ortholog_one2one",100,100,1
"Desi1","DESI1","ortholog_one2one",75,100,1
"Atp6ap1","ATP6AP1","ortholog_one2one",100,100,1
"Arsb","ARSB","ortholog_one2one",100,100,1
"Mapk12","MAPK12","ortholog_one2one",100,100,1
"Tdrd3","TDRD3","ortholog_one2one",100,100,1
"Bmx","BMX","ortholog_one2one",100,99.12,1
"Enkd1","ENKD1","ortholog_one2one",100,100,1
"Rab9b","RAB9B","ortholog_one2one",75,100,1
"4933405L10Rik","C16orf86","ortholog_one2one",100,100,1
"Cgnl1","CGNL1","ortholog_one2one",100,100,1
"Nemp2","NEMP2","ortholog_one2one",100,100,1
"Nudt12","NUDT12","ortholog_one2one",50,100,1
"Pir","PIR","ortholog_one2one",100,100,1
"Mapk11","MAPK11","ortholog_one2one",100,100,1
"Ripk3","RIPK3","ortholog_one2one",100,100,1
"Vegfd","VEGFD","ortholog_one2one",100,100,1
"Piga","PIGA","ortholog_one2one",100,100,1
"Slc25a53","SLC25A53","ortholog_one2one",75,100,1
"Plxnb2","PLXNB2","ortholog_one2one",100,100,1
"Asb11","ASB11","ortholog_one2one",100,100,1
"Pcdh9","PCDH9","ortholog_one2one",100,100,1
"Asb9","ASB9","ortholog_one2one",100,100,1
"Ghrh","GHRH","ortholog_one2one",100,100,1
"Eef1a2","EEF1A2","ortholog_one2one",100,100,1
"Mospd2","MOSPD2","ortholog_one2one",100,100,1
"Snu13","SNU13","ortholog_one2one",75,86.74,0
"Cmc1","CMC1","ortholog_one2one",75,100,1
"Gdi1","GDI1","ortholog_one2one",100,100,1
"Fam199x","FAM199X","ortholog_one2one",100,100,1
"Azi2","AZI2","ortholog_one2one",100,100,1
"Ppdpf","PPDPF","ortholog_one2one",100,100,1
"Manbal","MANBAL","ortholog_one2one",100,100,1
"Fancb","FANCB","ortholog_one2one",100,100,0
"Rac2","RAC2","ortholog_one2one",100,100,1
"Efna5","EFNA5","ortholog_one2one",50,100,1
"Glra2","GLRA2","ortholog_one2one",100,100,1
"Ptk6","PTK6","ortholog_one2one",100,100,1
"Ndst4","NDST4","ortholog_one2one",100,100,1
"Eomes","EOMES","ortholog_one2one",50,100,1
"Gemin8","GEMIN8","ortholog_one2one",100,100,1
"Srms","SRMS","ortholog_one2one",100,100,1
"Fam50a","FAM50A","ortholog_one2one",100,100,1
"Esx1","ESX1","ortholog_one2one",100,61.01,0
"Golga4","GOLGA4","ortholog_one2one",50,100,1
"Dennd6b","DENND6B","ortholog_one2one",100,100,1
"Nfatc4","NFATC4","ortholog_one2one",100,100,1
"Fndc11","FNDC11","ortholog_one2one",100,100,1
"Il1rapl2","IL1RAPL2","ortholog_one2one",100,100,1
"Ctdspl","CTDSPL","ortholog_one2one",100,100,1
"Gpm6b","GPM6B","ortholog_one2one",100,100,1
"Klhl1","KLHL1","ortholog_one2one",100,100,1
"Itga9","ITGA9","ortholog_one2one",50,100,1
"Fbxl17","FBXL17","ortholog_one2one",100,100,1
"Dach1","DACH1","ortholog_one2one",100,100,1
"Src","SRC","ortholog_one2one",100,100,1
"Vill","VILL","ortholog_one2one",100,100,1
"Helz2","HELZ2","ortholog_one2one",100,100,1
"Nrk","NRK","ortholog_one2one",100,100,1
"Plcd1","PLCD1","ortholog_one2one",100,100,1
"Dscaml1","DSCAML1","ortholog_one2one",100,100,1
"Mei1","MEI1","ortholog_one2one",100,100,1
"Dlec1","DLEC1","ortholog_one2one",75,100,1
"Ugt8a","UGT8","ortholog_one2one",100,100,1
"Serpina7","SERPINA7","ortholog_one2one",100,100,1
"Gmeb2","GMEB2","ortholog_one2one",100,100,1
"Oxsr1","OXSR1","ortholog_one2one",100,100,1
"Mzt1","MZT1","ortholog_one2one",100,100,1
"Pwwp3b","PWWP3B","ortholog_one2one",100,100,1
"Bora","BORA","ortholog_one2one",100,100,1
"Xylb","XYLB","ortholog_one2one",50,94.67,1
"Stmn3","STMN3","ortholog_one2one",100,100,1
"Slc22a14","SLC22A14","ortholog_one2one",50,100,1
"Radx","RADX","ortholog_one2one",100,100,1
"Myd88","MYD88","ortholog_one2one",75,100,1
"Acvr2b","ACVR2B","ortholog_one2one",50,100,1
"Exog","EXOG","ortholog_one2one",100,100,1
"Pibf1","PIBF1","ortholog_one2one",100,100,1
"Dis3","DIS3","ortholog_one2one",100,100,1
"Scn5a","SCN5A","ortholog_one2one",100,100,1
"Rnf128","RNF128","ortholog_one2one",100,100,1
"Ccdc134","CCDC134","ortholog_one2one",100,100,1
"Scn10a","SCN10A","ortholog_one2one",100,100,1
"Tbc1d8b","TBC1D8B","ortholog_one2one",100,100,1
"Klf5","KLF5","ortholog_one2one",100,100,1
"Ripply1","RIPPLY1","ortholog_one2one",75,100,0
"Scn11a","SCN11A","ortholog_one2one",100,100,1
"Cldn2","CLDN2","ortholog_one2one",75,100,1
"Ppp6r2","PPP6R2","ortholog_one2one",100,100,1
"Klf12","KLF12","ortholog_one2one",100,100,1
"Trappc2","TRAPPC2","ortholog_one2one",100,100,1
"Srebf2","SREBF2","ortholog_one2one",100,100,1
"Ofd1","OFD1","ortholog_one2one",100,100,1
"Rab9","RAB9A","ortholog_one2one",100,100,1
"Tceanc","TCEANC","ortholog_one2one",75,96.99,1
"Egfl6","EGFL6","ortholog_one2one",50,100,1
"Ttc21a","TTC21A","ortholog_one2one",100,100,1
"Morc4","MORC4","ortholog_one2one",75,100,1
"Tmsb4x","TMSB4X","ortholog_one2one",50,100,1
"Tlr8","TLR8","ortholog_one2one",75,99.67,1
"Wdr48","WDR48","ortholog_one2one",100,100,1
"Tlr7","TLR7","ortholog_one2one",100,99.97,1
"Prps2","PRPS2","ortholog_one2one",100,100,1
"Xirp1","XIRP1","ortholog_one2one",100,100,0
"Gorasp1","GORASP1","ortholog_one2one",100,100,1
"Cx3cr1","CX3CR1","ortholog_one2one",0,100,1
"Tcf12","TCF12","ortholog_one2one",100,100,1
"Csrnp1","CSRNP1","ortholog_one2one",100,100,1
"Ccr8","CCR8","ortholog_one2one",100,100,1
"Slc25a38","SLC25A38","ortholog_one2one",100,99.91,1
"Rpsa","RPSA","ortholog_one2one",100,99.73,1
"Mobp","MOBP","ortholog_one2one",100,100,1
"Myrip","MYRIP","ortholog_one2one",100,100,1
"Eif1b","EIF1B","ortholog_one2one",100,100,1
"Entpd3","ENTPD3","ortholog_one2one",100,100,1
"Ulk4","ULK4","ortholog_one2one",100,100,1
"Ctnnb1","CTNNB1","ortholog_one2one",100,100,1
"Frmpd4","FRMPD4","ortholog_one2one",100,100,1
"Amelx","AMELX","ortholog_one2one",100,98.31,1
"Hccs","HCCS","ortholog_one2one",50,100,1
"Arhgap6","ARHGAP6","ortholog_one2one",100,100,1
"Sbf1","SBF1","ortholog_one2one",100,100,1
"Mid1","MID1","ortholog_one2one",50,97.88,1
"Asmt","ASMT","ortholog_one2one",0,25.45,0
"Adm2","ADM2","ortholog_one2one",100,100,1
"Miox","MIOX","ortholog_one2one",100,100,1
"Lmf2","LMF2","ortholog_one2one",100,100,1
"Tex9","TEX9","ortholog_one2one",100,100,1
"Mns1","MNS1","ortholog_one2one",100,100,1
"Sco2","SCO2","ortholog_one2one",100,100,1
"Ncaph2","NCAPH2","ortholog_one2one",100,100,1
"Tymp","TYMP","ortholog_one2one",100,100,1
"Odf3b","ODF3B","ortholog_one2one",100,100,0
"Klhdc7b","KLHDC7B","ortholog_one2one",100,100,0
"Syce3","SYCE3","ortholog_one2one",100,100,1
"Cpt1b","CPT1B","ortholog_one2one",100,100,1
"Chkb","CHKB","ortholog_one2one",100,100,1
"Rfx7","RFX7","ortholog_one2one",100,100,1
"Nedd4","NEDD4","ortholog_one2one",100,98.03,0
"Mapk8ip2","MAPK8IP2","ortholog_one2one",100,100,1
"Arsa","ARSA","ortholog_one2one",100,100,1
"Prtg","PRTG","ortholog_one2one",100,100,1
"Pygo1","PYGO1","ortholog_one2one",100,100,1
"Pigbos1","PIGBOS1","ortholog_one2one",100,100,1
"Ccpg1","CCPG1","ortholog_one2one",100,100,1
"Ccpg1os","C15orf65","ortholog_one2one",100,100,1
"Pigb","PIGB","ortholog_one2one",100,97.27,1
"Shank3","SHANK3","ortholog_one2one",100,99.94,1
"Acr","ACR","ortholog_one2one",75,100,1
"Syt10","SYT10","ortholog_one2one",50,100,1
"Rab27a","RAB27A","ortholog_one2one",100,100,1
"Tle3","TLE3","ortholog_one2one",100,100,1
"Prr30","PRR30","ortholog_one2one",0,100,1
"Rbm41","RBM41","ortholog_one2one",100,100,1
"Shisa8","SHISA8","ortholog_one2one",100,100,1
"Tnfrsf13c","TNFRSF13C","ortholog_one2one",100,100,0
"Nup62cl","NUP62CL","ortholog_one2one",100,100,0
"Tbc1d4","TBC1D4","ortholog_one2one",100,100,1
"Frmpd3","FRMPD3","ortholog_one2one",100,100,1
"Cenpm","CENPM","ortholog_one2one",100,100,1
"Zgpat","ZGPAT","ortholog_one2one",100,100,1
"Arfrp1","ARFRP1","ortholog_one2one",100,100,1
"Commd6","COMMD6","ortholog_one2one",100,100,1
"Tsc22d3","TSC22D3","ortholog_one2one",100,100,1
"Mid2","MID2","ortholog_one2one",100,100,1
"Vsig1","VSIG1","ortholog_one2one",100,100,1
"Psmd10","PSMD10","ortholog_one2one",100,100,1
"Zbtb46","ZBTB46","ortholog_one2one",100,100,1
"Abhd16b","ABHD16B","ortholog_one2one",100,100,1
"Kif23","KIF23","ortholog_one2one",100,100,1
"Septin3","SEPTIN3","ortholog_one2one",100,100,0
"Lmo7","LMO7","ortholog_one2one",100,98.38,1
"Tpd52l2","TPD52L2","ortholog_one2one",100,100,1
"Paqr5","PAQR5","ortholog_one2one",100,100,1
"Glce","GLCE","ortholog_one2one",100,100,1
"Wbp2nl","WBP2NL","ortholog_one2one",100,97.14,1
"Spesp1","SPESP1","ortholog_one2one",100,98.13,0
"Col4a6","COL4A6","ortholog_one2one",100,100,1
"Kctd12","KCTD12","ortholog_one2one",100,100,1
"Acod1","ACOD1","ortholog_one2one",100,100,1
"Dnajc5","DNAJC5","ortholog_one2one",100,100,1
"Fbxl3","FBXL3","ortholog_one2one",100,100,1
"Naga","NAGA","ortholog_one2one",100,99.96,1
"Coro2b","CORO2B","ortholog_one2one",100,100,1
"Col4a5","COL4A5","ortholog_one2one",100,100,1
"Uckl1","UCKL1","ortholog_one2one",100,100,1
"Zfp512b","ZNF512B","ortholog_one2one",75,100,1
"Prpf6","PRPF6","ortholog_one2one",100,100,1
"Samd10","SAMD10","ortholog_one2one",100,100,1
"Irs4","IRS4","ortholog_one2one",100,100,1
"Pheta2","PHETA2","ortholog_one2one",100,100,1
"Smdt1","SMDT1","ortholog_one2one",100,100,1
"Tmlhe","TMLHE","ortholog_one2one",50,98.83,1
"n-R5-8s1","5_8S_rRNA","ortholog_one2many",NA,NA,0
"Gm23378","RNU6-723P","ortholog_one2one",NA,NA,0
"Gm25008","RNU6-553P","ortholog_one2one",NA,NA,0
"Gm25937","RNU6-658P","ortholog_one2one",NA,NA,0
"Gm22229","RNU6-527P","ortholog_one2one",NA,NA,0
"Gm22867","RNU6-1291P","ortholog_one2one",NA,NA,0
"Mir326","MIR326","ortholog_one2one",NA,NA,0
"Mir301b","MIR301B","ortholog_one2one",NA,NA,0
"Mir582","MIR582","ortholog_one2one",NA,NA,0
"Mir490","MIR490","ortholog_one2one",NA,NA,0
"Snora16a","SNORA16A","ortholog_one2one",NA,NA,0
"Gm27572","AC109486.3","ortholog_one2one",NA,NA,0
"Mir192","MIR192","ortholog_one2one",NA,NA,0
"Mir541","MIR541","ortholog_one2one",NA,NA,0
"Gm23889","RNU6-402P","ortholog_one2one",NA,NA,0
"Mir330","MIR330","ortholog_one2one",NA,NA,0
"Mir23a","MIR23A","ortholog_one2one",NA,NA,0
"Mir491","MIR491","ortholog_one2one",NA,NA,0
"Snora20","SNORA20","ortholog_one2one",NA,NA,0
"Gm24296","RNU6-897P","ortholog_one2one",NA,NA,0
"Gm23212","AL138691.1","ortholog_one2one",NA,NA,0
"Gm24839","RNU6-125P","ortholog_one2one",NA,NA,0
"Gm24565","RNU6-25P","ortholog_one2one",NA,NA,0
"Gm22576","RNU6-1233P","ortholog_one2one",NA,NA,0
"Gm24164","RNU6-163P","ortholog_one2one",NA,NA,0
"Gm24448","RNU6-29P","ortholog_one2one",NA,NA,0
"Gm24646","RNU6-1099P","ortholog_one2one",NA,NA,0
"Gm25142","RNU6-268P","ortholog_one2one",NA,NA,0
"Gm25060","RNU1-73P","ortholog_one2one",NA,NA,0
"Mir138-2","MIR138-2","ortholog_one2one",NA,NA,0
"Snora5c","SNORA5C","ortholog_one2one",NA,NA,0
"Snord73a","SNORD73A","ortholog_one2one",NA,NA,0
"Mir148b","MIR148B","ortholog_one2one",NA,NA,0
"Gm25260","RNU1-131P","ortholog_one2one",NA,NA,0
"Gm25945","SNORA80E","ortholog_one2one",NA,NA,0
"Gm22838","RNU6-1124P","ortholog_one2one",NA,NA,0
"Gm23846","RNU6-172P","ortholog_one2one",NA,NA,0
"Snord34","SNORD34","ortholog_one2one",NA,NA,0
"Gm26158","AL355598.1","ortholog_one2one",NA,NA,0
"Gm22152","SNORD3J","ortholog_one2one",NA,NA,0
"Snord107","SNORD107","ortholog_one2one",NA,NA,0
"Gm23941","RNU6-602P","ortholog_one2one",NA,NA,0
"Gm26204","RNU6-26P","ortholog_one2one",NA,NA,0
"Gm26079","SNORA49","ortholog_one2one",NA,NA,0
"Mir216a","MIR216A","ortholog_one2one",NA,NA,0
"Snord15b","SNORD15B","ortholog_one2one",NA,NA,0
"Mir10a","MIR10A","ortholog_one2one",NA,NA,0
"Gm22710","AC004381.2","ortholog_one2one",NA,NA,0
"Snora9","SNORA9B","ortholog_one2one",NA,NA,0
"Spry3","SPRY3","ortholog_one2one",50,100,1
"Gm47290","RNU6-102P","ortholog_one2one",NA,NA,0
"Gm24833","RNU6ATAC19P","ortholog_one2one",NA,NA,0
"Mir99a","MIR99A","ortholog_one2one",NA,NA,0
"Gm24477","RNU6-640P","ortholog_one2one",NA,NA,0
"Gm27882","Z99774.2","ortholog_one2one",NA,NA,0
"Gm22965","RNU6-108P","ortholog_one2one",NA,NA,0
"Mir542","MIR542","ortholog_one2one",NA,NA,0
"Gm27366","AC007351.4","ortholog_one2one",NA,NA,0
"Gm22850","RNU2-45P","ortholog_one2one",NA,NA,0
"Snord53","SNORD53","ortholog_one2one",NA,NA,0
"Gm26224","AC126172.1","ortholog_one2one",NA,NA,0
"Gm27624","AC004542.3","ortholog_one2one",NA,NA,0
"Mir323","MIR323A","ortholog_one2one",NA,NA,0
"Mir199b","MIR199B","ortholog_one2one",NA,NA,0
"Gm24805","RNU6-1023P","ortholog_one2one",NA,NA,0
"Mir29b-2","MIR29B2","ortholog_one2one",NA,NA,0
"Gm24947","RNU6-679P","ortholog_one2one",NA,NA,0
"Mir450b","MIR450B","ortholog_one2one",NA,NA,0
"Gm24616","SNORA4","ortholog_one2one",NA,NA,0
"Mir450-2","MIR450A2","ortholog_one2one",NA,NA,0
"Actl10","ACTL10","ortholog_one2many",100,100,1
"Mir221","MIR221","ortholog_one2one",NA,NA,0
"Mir29b-1","MIR29B1","ortholog_one2one",NA,NA,0
"Gm24775","RNU6-129P","ortholog_one2one",NA,NA,0
"Mir671","MIR671","ortholog_one2one",NA,NA,0
"Gm25879","RNU6-853P","ortholog_one2one",NA,NA,0
"Gm23587","RNU6-336P","ortholog_one2one",NA,NA,0
"Gm23738","RNU1-18P","ortholog_one2one",NA,NA,0
"Gm22573","RNU6-374P","ortholog_one2one",NA,NA,0
"Mir433","MIR433","ortholog_one2one",NA,NA,0
"Gm25651","AL162740.1","ortholog_one2one",NA,NA,0
"Mir708","MIR708","ortholog_one2one",NA,NA,0
"Mir431","MIR431","ortholog_one2one",NA,NA,0
"Mir186","MIR186","ortholog_one2one",NA,NA,0
"Mir218-2","MIR218-2","ortholog_one2one",NA,NA,0
"Gm24384","RNU6-965P","ortholog_one2one",NA,NA,0
"Gm22205","AL132709.1","ortholog_one2one",NA,NA,0
"Gm22783","RNU6-915P","ortholog_one2one",NA,NA,0
"Snora23","SNORA23","ortholog_one2one",NA,NA,0
"Gm23787","SNORD114-19","ortholog_one2one",NA,NA,0
"Gm22067","RNU6-687P","ortholog_one2one",NA,NA,0
"Mirlet7c-2","MIRLET7A3","ortholog_one2one",NA,NA,0
"Mir488","MIR488","ortholog_one2one",NA,NA,0
"Mir106b","MIR106B","ortholog_one2one",NA,NA,0
"Gm26378","RNU6-61P","ortholog_one2one",NA,NA,0
"Gm22236","RNU6-1012P","ortholog_one2one",NA,NA,0
"Gm23201","SNORD12B","ortholog_one2one",NA,NA,0
"Gm25014","RNU6-1237P","ortholog_one2one",NA,NA,0
"Snord89","SNORD89","ortholog_one2one",NA,NA,0
"Gm23040","RNU1-15P","ortholog_one2one",NA,NA,0
"CAAA01019125.1","RNU6-678P","ortholog_one2one",NA,NA,0
"Gm27617","AC022028.3","ortholog_one2one",NA,NA,0
"Gm22193","SNORD111B","ortholog_one2one",NA,NA,0
"Mir30c-2","MIR30C2","ortholog_one2one",NA,NA,0
"Gm23543","RNU6-1191P","ortholog_one2one",NA,NA,0
"Gm23448","RNU6-622P","ortholog_one2one",NA,NA,0
"Gm23712","RNU6-969P","ortholog_one2one",NA,NA,0
"Gm26143","RNU6-58P","ortholog_one2one",NA,NA,0
"Snord23","SNORD23","ortholog_one2one",NA,NA,0
"Gm27326","SNORA21B","ortholog_one2one",NA,NA,0
"Gm27580","AL354709.2","ortholog_one2one",NA,NA,0
"Gm23622","RNU6-923P","ortholog_one2one",NA,NA,0
"Gm25878","SNORD12C","ortholog_one2one",NA,NA,0
"Gm22392","RNU6-680P","ortholog_one2one",NA,NA,0
"Gm24457","RNU6-14P","ortholog_one2one",NA,NA,0
"Gm22486","SNORD94","ortholog_one2one",NA,NA,0
"Gm23504","RNU6-700P","ortholog_one2one",NA,NA,0
"Mir185","MIR185","ortholog_one2one",NA,NA,0
"Mir133a-1","MIR133A1","ortholog_one2one",NA,NA,0
"Gm24211","RNU6-1308P","ortholog_one2one",NA,NA,0
"Gm25394","SNORA84","ortholog_one2one",NA,NA,0
"Gm23330","RNVU1-32","ortholog_one2one",NA,NA,0
"Snord15a","SNORD15A","ortholog_one2one",NA,NA,0
"Gm25783","RNU2-66P","ortholog_one2one",NA,NA,0
"Mir124a-2","MIR124-2","ortholog_one2one",NA,NA,0
"Gm28006","AP000944.4","ortholog_one2one",NA,NA,0
"Mir208b","MIR208B","ortholog_one2one",NA,NA,0
"Mir342","MIR342","ortholog_one2one",NA,NA,0
"Gm22087","RNU6-663P","ortholog_one2one",NA,NA,0
"Gm27640","AC004542.5","ortholog_one2one",NA,NA,0
"Gm25637","RNU6-717P","ortholog_one2one",NA,NA,0
"Mir19a","MIR19A","ortholog_one2one",NA,NA,0
"Gm22345","RNU6-1282P","ortholog_one2one",NA,NA,0
"Gm26040","AC106037.1","ortholog_one2one",NA,NA,0
"Mir365-1","MIR365A","ortholog_one2one",NA,NA,0
"Mir181b-1","MIR181B1","ortholog_one2one",NA,NA,0
"Gm26335","RNU6-263P","ortholog_one2one",NA,NA,0
"Gm24313","SNORA5A","ortholog_one2one",NA,NA,0
"Mir652","MIR652","ortholog_one2one",NA,NA,0
"Mir29a","MIR29A","ortholog_one2one",NA,NA,0
"Gm22055","RNU6-1326P","ortholog_one2one",NA,NA,0
"Gm25969","AC021863.1","ortholog_one2one",NA,NA,0
"Gm24083","MIR191","ortholog_one2one",NA,NA,0
"Mir511","MIR511","ortholog_one2one",NA,NA,0
"Mir34a","MIR34A","ortholog_one2one",NA,NA,0
"Mir377","MIR377","ortholog_one2one",NA,NA,0
"Gm26265","SNORA50A","ortholog_one2one",NA,NA,0
"Snord57","SNORD57","ortholog_one2one",NA,NA,0
"Gm25128","SNORD117","ortholog_one2one",NA,NA,0
"Mir216b","MIR216B","ortholog_one2one",NA,NA,0
"Mir129b","MIR129-2","ortholog_one2one",NA,NA,0
"Gm22394","AP001065.1","ortholog_one2one",NA,NA,0
"Snord61","SNORD61","ortholog_one2one",NA,NA,0
"Gm25744","SNORD48","ortholog_one2one",NA,NA,0
"Mir206","MIR206","ortholog_one2one",NA,NA,0
"Gm24494","SNORD45A","ortholog_one2one",NA,NA,0
"Gm27899","AL132655.7","ortholog_one2one",NA,NA,0
"Mirlet7g","MIRLET7G","ortholog_one2one",NA,NA,0
"Gm22435","AC073065.2","ortholog_one2one",NA,NA,0
"Gm22675","RNU6-702P","ortholog_one2one",NA,NA,0
"Gm23650","SNORD56","ortholog_one2one",NA,NA,0
"Gm25204","RNU6-800P","ortholog_one2one",NA,NA,0
"Gm25064","RNU6-1","ortholog_one2one",NA,NA,0
"Gm25814","RNU6-1147P","ortholog_one2one",NA,NA,0
"Mir346","MIR346","ortholog_one2one",NA,NA,0
"Gm27869","AL132655.4","ortholog_one2one",NA,NA,0
"Gm27993","AC093298.1","ortholog_one2one",NA,NA,0
"Mir410","MIR410","ortholog_one2one",NA,NA,0
"Rn7s1","RN7SL1","ortholog_one2one",NA,NA,0
"Gm27285","AC004386.3","ortholog_one2one",NA,NA,0
"Gm22259","RNU6-137P","ortholog_one2one",NA,NA,0
"Gm23247","RNU6-1067P","ortholog_one2one",NA,NA,0
"Gm26461","RN7SL128P","ortholog_one2one",NA,NA,0
"Gm27853","RN7SL446P","ortholog_one2one",NA,NA,0
"Gm23958","RNU6-101P","ortholog_one2one",NA,NA,0
"Gm23864","RNU6-1037P","ortholog_one2one",NA,NA,0
"Gm26164","RNU6-558P","ortholog_one2one",NA,NA,0
"Snord49b","SNORD49B","ortholog_one2one",NA,NA,0
"Gm23730","RNU6-492P","ortholog_one2one",NA,NA,0
"Gm25187","SNORA71E","ortholog_one2one",NA,NA,0
"Gm22980","SNORD38B","ortholog_one2one",NA,NA,0
"Gm25163","RNU6-1129P","ortholog_one2one",NA,NA,0
"Gm27365","AC106873.2","ortholog_one2one",NA,NA,0
"Gm25855","SNORD25","ortholog_one2one",NA,NA,0
"Gm24131","RNU6-994P","ortholog_one2one",NA,NA,0
"Mirlet7i","MIRLET7I","ortholog_one2one",NA,NA,0
"Gm26022","RNU6-883P","ortholog_one2one",NA,NA,0
"Gm24705","RNU6-242P","ortholog_one2one",NA,NA,0
"Mir532","MIR532","ortholog_one2one",NA,NA,0
"Gm27443","AC012531.7","ortholog_one2one",NA,NA,0
"Gm25091","SNORD102","ortholog_one2one",NA,NA,0
"Gm23593","AL133229.1","ortholog_one2one",NA,NA,0
"Gm22336","RNU6-1321P","ortholog_one2one",NA,NA,0
"Snord55","SNORD55","ortholog_one2one",NA,NA,0
"Gm24119","SNORA53","ortholog_one2one",NA,NA,0
"Mir21a","MIR21","ortholog_one2one",NA,NA,0
"Mir129-1","MIR129-1","ortholog_one2one",NA,NA,0
"Gm24016","SNORD54","ortholog_one2one",NA,NA,0
"Gm27905","AC004774.3","ortholog_one2one",NA,NA,0
"Snora65","SNORA65","ortholog_one2one",NA,NA,0
"Gm23253","RNU6-972P","ortholog_one2one",NA,NA,0
"Gm27605","AC091179.3","ortholog_one2one",NA,NA,0
"Gm22887","RNU6-556P","ortholog_one2one",NA,NA,0
"Mir873b","MIR873","ortholog_one2one",NA,NA,0
"Gm24533","RNU105C","ortholog_one2one",NA,NA,0
"Mir489","MIR489","ortholog_one2one",NA,NA,0
"Gm25384","RNU6-993P","ortholog_one2one",NA,NA,0
"Gm22021","RNU6-837P","ortholog_one2one",NA,NA,0
"Mir16-2","MIR16-2","ortholog_one2one",NA,NA,0
"Mir103-2","MIR103A2","ortholog_one2one",NA,NA,0
"Gm24840","RNU2-13P","ortholog_one2one",NA,NA,0
"Gm24438","Z95327.1","ortholog_one2one",NA,NA,0
"Mir28a","MIR28","ortholog_one2one",NA,NA,0
"Mir218-1","MIR218-1","ortholog_one2one",NA,NA,0
"Mir143","MIR143","ortholog_one2one",NA,NA,0
"Mir187","MIR187","ortholog_one2one",NA,NA,0
"Gm22200","SNORD63B","ortholog_one2one",NA,NA,0
"Gm22381","RNU6-1153P","ortholog_one2one",NA,NA,0
"Mir1949","SNORA74D","ortholog_one2one",NA,NA,0
"Gm22747","RNU6-611P","ortholog_one2one",NA,NA,0
"Mir26a-2","MIR26A2","ortholog_one2one",NA,NA,0
"Mir147","MIR147B","ortholog_one2one",NA,NA,0
"Gm23025","RNU6-28P","ortholog_one2one",NA,NA,0
"Gm25200","AC078843.1","ortholog_one2one",NA,NA,0
"Mir9-2","MIR9-2","ortholog_one2one",NA,NA,0
"Mir214","MIR214","ortholog_one2one",NA,NA,0
"Gm24378","RNU6-1213P","ortholog_one2one",NA,NA,0
"Mir34c","MIR34C","ortholog_one2one",NA,NA,0
"Mir302d","MIR302D","ortholog_one2one",NA,NA,0
"Mir15b","MIR15B","ortholog_one2one",NA,NA,0
"Gm25007","RNU2-46P","ortholog_one2one",NA,NA,0
"Mir127","MIR127","ortholog_one2one",NA,NA,0
"Gm26083","SCARNA16","ortholog_one2one",NA,NA,0
"Gm25581","RNU1-125P","ortholog_one2one",NA,NA,0
"Tsr3","TSR3","ortholog_one2one",100,100,1
"Mir200b","MIR200B","ortholog_one2one",NA,NA,0
"Gm25107","SNORA35B","ortholog_one2one",NA,NA,0
"Mir675","MIR675","ortholog_one2one",NA,NA,0
"Gnptg","GNPTG","ortholog_one2one",100,100,1
"Mir1251","MIR1251","ortholog_one2one",NA,NA,0
"Gm24452","SNORD27","ortholog_one2one",NA,NA,0
"Mir133a-2","MIR133A2","ortholog_one2one",NA,NA,0
"Gm24391","RNU6-1292P","ortholog_one2one",NA,NA,0
"Snord96a","SNORD96A","ortholog_one2one",NA,NA,0
"Mir135a-1","MIR135A1","ortholog_one2one",NA,NA,0
"Snora21","SNORA21","ortholog_one2one",NA,NA,0
"Mirlet7c-1","MIRLET7C","ortholog_one2one",NA,NA,0
"Gm23231","RNU6-815P","ortholog_one2one",NA,NA,0
"Mir132","MIR132","ortholog_one2one",NA,NA,0
"Gm27373","AC006127.1","ortholog_one2one",NA,NA,0
"Gm25797","RNU6-505P","ortholog_one2one",NA,NA,0
"Gm25129","SNORA60","ortholog_one2one",NA,NA,0
"Gm23940","RNU6-230P","ortholog_one2one",NA,NA,0
"Gm26055","RNU6-27P","ortholog_one2one",NA,NA,0
"Gm26355","RNU6-218P","ortholog_one2one",NA,NA,0
"Mir31","MIR31","ortholog_one2one",NA,NA,0
"Gm24060","RNU6-638P","ortholog_one2one",NA,NA,0
"Mir200c","MIR200C","ortholog_one2one",NA,NA,0
"Snord2","SNORD2","ortholog_one2one",NA,NA,0
"Gm23349","RNU6-1140P","ortholog_one2one",NA,NA,0
"Gm24499","RNU6-254P","ortholog_one2one",NA,NA,0
"Gm25834","RNU6-935P","ortholog_one2one",NA,NA,0
"Mir199a-1","MIR199A1","ortholog_one2one",NA,NA,0
"Mir9-1","MIR9-1","ortholog_one2one",NA,NA,0
"Gm24602","RNU6-840P","ortholog_one2one",NA,NA,0
"Gm24608","SNORA58B","ortholog_one2one",NA,NA,0
"Mir486","MIR486-1","ortholog_one2one",NA,NA,0
"Rn7s2","RN7SL2","ortholog_one2one",NA,NA,0
"Mir374b","MIR374B","ortholog_one2one",NA,NA,0
"Gm23839","AC011774.1","ortholog_one2one",NA,NA,0
"Gm24254","RNU6-765P","ortholog_one2one",NA,NA,0
"Mir1a-2","MIR1-2","ortholog_one2one",NA,NA,0
"Gm24540","RNU6-4P","ortholog_one2one",NA,NA,0
"Snord8","SNORD8","ortholog_one2one",NA,NA,0
"Gm27406","AC023509.4","ortholog_one2one",NA,NA,0
"Gm23124","RNU6-302P","ortholog_one2one",NA,NA,0
"Gm24861","RNU6-842P","ortholog_one2one",NA,NA,0
"Mir134","MIR134","ortholog_one2one",NA,NA,0
"Gm23130","SNORD101","ortholog_one2one",NA,NA,0
"Gm27820","AC098588.1","ortholog_one2one",NA,NA,0
"Snord19","SNORD19","ortholog_one2one",NA,NA,0
"Mir1224","MIR1224","ortholog_one2one",NA,NA,0
"Gm22591","RNU6-229P","ortholog_one2one",NA,NA,0
"Gm22059","SNORD124","ortholog_one2one",NA,NA,0
"Snord35a","SNORD35A","ortholog_one2one",NA,NA,0
"Mir130a","MIR130A","ortholog_one2one",NA,NA,0
"Snord83b","SNORD83B","ortholog_one2one",NA,NA,0
"Mir412","MIR412","ortholog_one2one",NA,NA,0
"Mir19b-2","MIR19B2","ortholog_one2one",NA,NA,0
"Gm22979","RNU1-24P","ortholog_one2one",NA,NA,0
"Mir874","MIR874","ortholog_one2one",NA,NA,0
"Gm23714","RNU6-40P","ortholog_one2one",NA,NA,0
"Gm26251","AL139281.2","ortholog_one2one",NA,NA,0
"Gm22491","RNU6-438P","ortholog_one2one",NA,NA,0
"Mir302c","MIR302C","ortholog_one2one",NA,NA,0
"Gm22620","AC004125.1","ortholog_one2one",NA,NA,0
"Gm23041","RNU6-880P","ortholog_one2one",NA,NA,0
"Gm26435","RNU6-36P","ortholog_one2one",NA,NA,0
"Gm22767","SCARNA1","ortholog_one2one",NA,NA,0
"Gm23510","RNU1-77P","ortholog_one2one",NA,NA,0
"Gm24283","RNU6-524P","ortholog_one2one",NA,NA,0
"Gm23545","RNU6-147P","ortholog_one2one",NA,NA,0
"Gm25663","SCARNA18B","ortholog_one2one",NA,NA,0
"Gm25784","RNU6-975P","ortholog_one2one",NA,NA,0
"Snord82","SNORD82","ortholog_one2one",NA,NA,0
"Gm25453","RNU6-73P","ortholog_one2one",NA,NA,0
"Snord14e","SNORD14E","ortholog_one2one",NA,NA,0
"Snord37","SNORD37","ortholog_one2one",NA,NA,0
"Gm22876","RN7SL766P","ortholog_one2one",NA,NA,0
"Mir146b","MIR146B","ortholog_one2one",NA,NA,0
"Gm27717","LINC00901","ortholog_one2one",NA,NA,0
"Gm23469","RNU6-384P","ortholog_one2one",NA,NA,0
"Gm25777","AL096855.1","ortholog_one2one",NA,NA,0
"Gm27357","Z99774.5","ortholog_one2one",NA,NA,0
"Mir137","MIR137","ortholog_one2one",NA,NA,0
"Gm24925","RNU6-841P","ortholog_one2one",NA,NA,0
"Mir30a","MIR30A","ortholog_one2one",NA,NA,0
"Mir204","MIR204","ortholog_one2one",NA,NA,0
"Mir124a-3","MIR124-3","ortholog_one2one",NA,NA,0
"Gm23516","RNU6-710P","ortholog_one2one",NA,NA,0
"Mirlet7a-1","MIRLET7A1","ortholog_one2one",NA,NA,0
"Poll","POLL","ortholog_one2one",100,100,1
"Gm26287","SNORD11B","ortholog_one2one",NA,NA,0
"Mir20a","MIR20A","ortholog_one2one",NA,NA,0
"Mir425","MIR425","ortholog_one2one",NA,NA,0
"Snora35","SNORA35","ortholog_one2one",NA,NA,0
"Mir140","MIR140","ortholog_one2one",NA,NA,0
"Gm27337","AC012531.5","ortholog_one2one",NA,NA,0
"Gm27457","AC011375.1","ortholog_one2one",NA,NA,0
"Gm27884","AL731566.1","ortholog_one2one",NA,NA,0
"Gm27975","RNU6-1313P","ortholog_one2one",NA,NA,0
"Mir504","MIR504","ortholog_one2one",NA,NA,0
"Snora74a","SNORA74A","ortholog_one2one",NA,NA,0
"Gm23431","RNU6-307P","ortholog_one2one",NA,NA,0
"Mir30d","MIR30D","ortholog_one2one",NA,NA,0
"Gm22953","MIR1282","ortholog_one2one",NA,NA,0
"Gm23735","RNU1-105P","ortholog_one2one",NA,NA,0
"Mir501","MIR501","ortholog_one2one",NA,NA,0
"Gm23097","RNU6-312P","ortholog_one2one",NA,NA,0
"Gm22084","RNU6-1261P","ortholog_one2one",NA,NA,0
"Gm27353","MIR628","ortholog_one2one",NA,NA,0
"Gm24651","RNU6-1194P","ortholog_one2one",NA,NA,0
"Snord45c","AC011399.1","ortholog_one2one",NA,NA,0
"Gm23969","SNORD24","ortholog_one2one",NA,NA,0
"Snora33","SNORA33","ortholog_one2one",NA,NA,0
"Mir203","MIR203B","ortholog_one2one",NA,NA,0
"Gm24776","RNU6-439P","ortholog_one2one",NA,NA,0
"Gm24552","RNU6-293P","ortholog_one2one",NA,NA,0
"Gm24319","RNU6-173P","ortholog_one2one",NA,NA,0
"Gm27610","AC012354.5","ortholog_one2one",NA,NA,0
"Gm23187","SNORD86","ortholog_one2one",NA,NA,0
"Snora47","SNORA47","ortholog_one2one",NA,NA,0
"Gm22929","RNU6-304P","ortholog_one2one",NA,NA,0
"Mir455","MIR455","ortholog_one2one",NA,NA,0
"Gm22911","RNU6-708P","ortholog_one2one",NA,NA,0
"Gm22879","SNORD36B","ortholog_one2one",NA,NA,0
"Mir27a","MIR27A","ortholog_one2one",NA,NA,0
"Snord49a","SNORD49A","ortholog_one2one",NA,NA,0
"Gm22302","RNU6-317P","ortholog_one2one",NA,NA,0
"Mir196a-2","MIR196A2","ortholog_one2one",NA,NA,0
"Gm22192","SNORD62A","ortholog_one2one",NA,NA,0
"Snord99","SNORD99","ortholog_one2one",NA,NA,0
"Snord66","SNORD66","ortholog_one2one",NA,NA,0
"Gm27636","AL049692.3","ortholog_one2one",NA,NA,0
"Mir374c","MIR374A","ortholog_one2one",NA,NA,0
"Scarna8","SCARNA8","ortholog_one2one",NA,NA,0
"Gm24678","RNU6-143P","ortholog_one2one",NA,NA,0
"Gm22749","RNU6-517P","ortholog_one2one",NA,NA,0
"Gm27369","AC091825.2","ortholog_one2one",NA,NA,0
"Gm26263","RNU1-17P","ortholog_one2one",NA,NA,0
"Snord21","SNORD21","ortholog_one2one",NA,NA,0
"Gm26371","RNU6-833P","ortholog_one2one",NA,NA,0
"Gm25810","RNU6-766P","ortholog_one2one",NA,NA,0
"Mir151","MIR151A","ortholog_one2one",NA,NA,0
"Gm22808","RNU6-952P","ortholog_one2one",NA,NA,0
"Gm22943","RNU6-864P","ortholog_one2one",NA,NA,0
"Mir592","MIR592","ortholog_one2one",NA,NA,0
"Gm24099","RNU6-742P","ortholog_one2one",NA,NA,0
"Gm24067","SNORD105","ortholog_one2one",NA,NA,0
"Snord52","SNORD52","ortholog_one2one",NA,NA,0
"Mir150","MIR150","ortholog_one2one",NA,NA,0
"Gm23751","SCARNA11","ortholog_one2one",NA,NA,0
"Gm24430","RNU6-657P","ortholog_one2one",NA,NA,0
"Gm25054","RNU6-581P","ortholog_one2one",NA,NA,0
"Fam122a","FAM122A","ortholog_one2one",100,100,1
"Gm23344","SNORD18","ortholog_one2one",NA,NA,0
"Gm22448","RNU6-1179P","ortholog_one2one",NA,NA,0
"Mir100","MIR100","ortholog_one2one",NA,NA,0
"Mir190a","MIR190A","ortholog_one2one",NA,NA,0
"Gm25801","RNU6-582P","ortholog_one2one",NA,NA,0
"Mir876","MIR876","ortholog_one2one",NA,NA,0
"Snora64","SNORA64","ortholog_one2one",NA,NA,0
"Gm22455","SNORD18C","ortholog_one2one",NA,NA,0
"Snord71","SNORD71","ortholog_one2one",NA,NA,0
"Gm22009","SCARNA7","ortholog_one2one",NA,NA,0
"Mir668","MIR668","ortholog_one2one",NA,NA,0
"Gm24899","SNORD113-9","ortholog_one2one",NA,NA,0
"Gtf2f1","GTF2F1","ortholog_one2one",100,100,1
"Mir26a-1","MIR26A1","ortholog_one2one",NA,NA,0
"Gm24686","RNU6-1062P","ortholog_one2one",NA,NA,0
"Gm25101","RNU6-487P","ortholog_one2one",NA,NA,0
"Mir19b-1","MIR19B1","ortholog_one2one",NA,NA,0
"Gm25964","RNU6-1137P","ortholog_one2one",NA,NA,0
"Mir24-1","MIR24-1","ortholog_one2one",NA,NA,0
"Mir96","MIR96","ortholog_one2one",NA,NA,0
"Gm23185","RNU6-273P","ortholog_one2one",NA,NA,0
"Gm22766","RNU6-1226P","ortholog_one2one",NA,NA,0
"Mir598","MIR598","ortholog_one2one",NA,NA,0
"Gm23202","SNORA27","ortholog_one2one",NA,NA,0
"Gm23262","SNORD97","ortholog_one2one",NA,NA,0
"Gm24764","RNU2-7P","ortholog_one2one",NA,NA,0
"Gm27275","AC012354.4","ortholog_one2one",NA,NA,0
"Gm25852","SNORA63E","ortholog_one2one",NA,NA,0
"Mir205","MIR205","ortholog_one2one",NA,NA,0
"Gm23640","RNU6-1205P","ortholog_one2one",NA,NA,0
"Mir30e","MIR30E","ortholog_one2one",NA,NA,0
"Gm23008","SNORD105B","ortholog_one2one",NA,NA,0
"Gm24762","RNU6-1228P","ortholog_one2one",NA,NA,0
"Gm24898","RNU6-1134P","ortholog_one2one",NA,NA,0
"Gm25522","RNU6-46P","ortholog_one2one",NA,NA,0
"Gm22827","RNU6-1130P","ortholog_one2one",NA,NA,0
"Gm26387","SNORA66","ortholog_one2one",NA,NA,0
"Gm23032","RNU6-895P","ortholog_one2one",NA,NA,0
"Gm23275","RNU6-161P","ortholog_one2one",NA,NA,0
"Mir139","MIR139","ortholog_one2one",NA,NA,0
"Gm26207","RNU6-1039P","ortholog_one2one",NA,NA,0
"Gm26063","RNU6-422P","ortholog_one2one",NA,NA,0
"Gm27976","AL157858.2","ortholog_one2one",NA,NA,0
"Mir340","MIR340","ortholog_one2one",NA,NA,0
"Mir194-1","MIR194-1","ortholog_one2one",NA,NA,0
"Gm26099","RNU6-1297P","ortholog_one2one",NA,NA,0
"Gm22958","RNU2-55P","ortholog_one2one",NA,NA,0
"Gm25317","MIR1302-6","ortholog_one2one",NA,NA,0
"Gm24763","RNU2-47P","ortholog_one2one",NA,NA,0
"Gm27999","AC018659.5","ortholog_one2one",NA,NA,0
"Mir181b-2","MIR181B2","ortholog_one2one",NA,NA,0
"Gm27702","AP000769.3","ortholog_one2one",NA,NA,0
"Gm22452","RNU6-365P","ortholog_one2one",NA,NA,0
"Mir500","MIR502","ortholog_one2one",NA,NA,0
"Gm23246","SNORD31B","ortholog_one2one",NA,NA,0
"Mir33","MIR33A","ortholog_one2one",NA,NA,0
"Gm22123","MIR4657","ortholog_one2one",NA,NA,0
"Gm23445","RNU6-654P","ortholog_one2one",NA,NA,0
"Gm27611","AC117415.2","ortholog_one2one",NA,NA,0
"Snord38a","SNORD38A","ortholog_one2one",NA,NA,0
"Gm24044","SNORA6","ortholog_one2one",NA,NA,0
"Gm27404","AC009951.1","ortholog_one2one",NA,NA,0
"Mir770","MIR770","ortholog_one2one",NA,NA,0
"Gm25819","RNU6-168P","ortholog_one2one",NA,NA,0
"Gm24536","RNU6-84P","ortholog_one2one",NA,NA,0
"Mir381","MIR381","ortholog_one2one",NA,NA,0
"Gm25881","RNU6-561P","ortholog_one2one",NA,NA,0
"Gm25047","RNU6-1232P","ortholog_one2one",NA,NA,0
"Gm22764","RNU6-933P","ortholog_one2one",NA,NA,0
"Mir335","MIR335","ortholog_one2one",NA,NA,0
"Scarna6","SCARNA6","ortholog_one2one",NA,NA,0
"Gm24453","SNORD28","ortholog_one2one",NA,NA,0
"Gm23851","RNU6-740P","ortholog_one2one",NA,NA,0
"Mir142","MIR142","ortholog_one2one",NA,NA,0
"Snord98","SNORD98","ortholog_one2one",NA,NA,0
"Mir370","MIR370","ortholog_one2one",NA,NA,0
"Gm24042","RNU6-812P","ortholog_one2one",NA,NA,0
"Gm26293","SNORD70B","ortholog_one2one",NA,NA,0
"Gm22858","SNORD53B","ortholog_one2one",NA,NA,0
"Gm27980","AC003657.1","ortholog_one2one",NA,NA,0
"Gm22054","RNU1-45P","ortholog_one2one",NA,NA,0
"Gm23412","RNU6-1103P","ortholog_one2one",NA,NA,0
"Snord60","SNORD60","ortholog_one2one",NA,NA,0
"Gm23848","RNU6-79P","ortholog_one2one",NA,NA,0
"Gm23318","RNU6-564P","ortholog_one2one",NA,NA,0
"Mir345","MIR345","ortholog_one2one",NA,NA,0
"Mir361","MIR361","ortholog_one2one",NA,NA,0
"Snord7","SNORD7","ortholog_one2one",NA,NA,0
"Gm23297","SNORA54","ortholog_one2one",NA,NA,0
"Gm26397","SNORA14A","ortholog_one2one",NA,NA,0
"Gm25920","RNU6-153P","ortholog_one2one",NA,NA,0
"Gm23173","RNU1-46P","ortholog_one2one",NA,NA,0
"Gm23118","RNU2-54P","ortholog_one2one",NA,NA,0
"Gm24582","RNU6-893P","ortholog_one2one",NA,NA,0
"Gm24086","RNU6-262P","ortholog_one2one",NA,NA,0
"Gm24589","MIR1225","ortholog_one2one",NA,NA,0
"Gm23350","RNU6-838P","ortholog_one2one",NA,NA,0
"Mir29c","MIR29C","ortholog_one2one",NA,NA,0
"Mir10b","MIR10B","ortholog_one2one",NA,NA,0
"Gm26038","RNU6-278P","ortholog_one2one",NA,NA,0
"Gm26061","RNU6-670P","ortholog_one2one",NA,NA,0
"Gm23567","RNU6-757P","ortholog_one2one",NA,NA,0
"Gm27538","AL049692.2","ortholog_one2one",NA,NA,0
"Gm27545","AL359751.1","ortholog_one2one",NA,NA,0
"Gm27522","AC007938.6","ortholog_one2one",NA,NA,0
"Gm22384","RNU6-940P","ortholog_one2one",NA,NA,0
"Gm22580","RNU6-5P","ortholog_one2one",NA,NA,0
"Gm25322","RNU6-390P","ortholog_one2one",NA,NA,0
"Gm22748","SNORA80B","ortholog_one2one",NA,NA,0
"Gm27659","RNU6-410P","ortholog_one2one",NA,NA,0
"Mir154","MIR154","ortholog_one2one",NA,NA,0
"Gm28032","AC004080.7","ortholog_one2one",NA,NA,0
"Gm22077","SNORD83A","ortholog_one2one",NA,NA,0
"Gm23754","RNU6-107P","ortholog_one2one",NA,NA,0
"Gm23725","RNU6-188P","ortholog_one2one",NA,NA,0
"Gm25970","SNORD127","ortholog_one2one",NA,NA,0
"Gm27645","AC009951.3","ortholog_one2one",NA,NA,0
"Gm24400","RNU6-1197P","ortholog_one2one",NA,NA,0
"Gm27528","AL117190.5","ortholog_one2one",NA,NA,0
"Mir7-1","MIR7-1","ortholog_one2one",NA,NA,0
"Gm26139","RNU6-480P","ortholog_one2one",NA,NA,0
"Gm25876","AP001610.1","ortholog_one2one",NA,NA,0
"Mir1306","MIR1306","ortholog_one2one",NA,NA,0
"Gm22571","AC116913.2","ortholog_one2one",NA,NA,0
"Mir450-1","MIR450A1","ortholog_one2one",NA,NA,0
"Snora44","SNORA44","ortholog_one2one",NA,NA,0
"Snord14d","SNORD14D","ortholog_one2one",NA,NA,0
"Gm25827","RNU6-1203P","ortholog_one2one",NA,NA,0
"Mir23b","MIR23B","ortholog_one2one",NA,NA,0
"Snord92","SNORD92","ortholog_one2one",NA,NA,0
"Gm26084","RNU6-1294P","ortholog_one2one",NA,NA,0
"Gm24234","RNU6-525P","ortholog_one2one",NA,NA,0
"Snora24","SNORA24","ortholog_one2one",NA,NA,0
"Gm25258","RNU6-16P","ortholog_one2one",NA,NA,0
"Gm27761","AC009951.2","ortholog_one2one",NA,NA,0
"Gm23039","RNU1-94P","ortholog_one2one",NA,NA,0
"Snora28","SNORA28","ortholog_one2one",NA,NA,0
"Gm28016","AC109486.2","ortholog_one2one",NA,NA,0
"Mir337","MIR337","ortholog_one2one",NA,NA,0
"Gm25895","RNU6-72P","ortholog_one2one",NA,NA,0
"Gm27444","AC002542.5","ortholog_one2one",NA,NA,0
"Gm26034","RNU6-1015P","ortholog_one2one",NA,NA,0
"Mir196b","MIR196B","ortholog_one2one",NA,NA,0
"Gm23038","RNU6-1169P","ortholog_one2one",NA,NA,0
"Gm23547","SCARNA12","ortholog_one2one",NA,NA,0
"Mir375","MIR375","ortholog_one2one",NA,NA,0
"Gm27421","AC007435.1","ortholog_one2one",NA,NA,0
"Gm24564","SNORD113-3","ortholog_one2one",NA,NA,0
"Gm22768","RNU2-30P","ortholog_one2one",NA,NA,0
"Gm24340","RNU6-914P","ortholog_one2one",NA,NA,0
"Gm27941","AC005045.2","ortholog_one2one",NA,NA,0
"Snora34","SNORA2C","ortholog_one2one",NA,NA,0
"Snord100","SNORD100","ortholog_one2one",NA,NA,0
"Snord104","SNORD104","ortholog_one2one",NA,NA,0
"Gm26412","RNU6-907P","ortholog_one2one",NA,NA,0
"Gm27280","AC004080.9","ortholog_one2one",NA,NA,0
"Mir449a","MIR449A","ortholog_one2one",NA,NA,0
"Mir133b","MIR133B","ortholog_one2one",NA,NA,0
"Gm22950","RNU6-916P","ortholog_one2one",NA,NA,0
"Gm22940","RNU1-138P","ortholog_one2one",NA,NA,0
"Mir505","MIR505","ortholog_one2one",NA,NA,0
"Gm24129","RNU6-383P","ortholog_one2one",NA,NA,0
"Gm22888","SNORD121B","ortholog_one2one",NA,NA,0
"Mir181a-1","MIR181A1","ortholog_one2one",NA,NA,0
"Gm25705","RNU6-284P","ortholog_one2one",NA,NA,0
"Gm22451","RNU2-34P","ortholog_one2one",NA,NA,0
"Gm24707","RNU6-1005P","ortholog_one2one",NA,NA,0
"Gm27987","AC004386.2","ortholog_one2one",NA,NA,0
"Gm27587","AC108713.1","ortholog_one2one",NA,NA,0
"Mir122","MIR122","ortholog_one2one",NA,NA,0
"Mirlet7f-2","MIRLET7F2","ortholog_one2one",NA,NA,0
"Gm22359","RNU6-1167P","ortholog_one2one",NA,NA,0
"Gm27698","AC009014.4","ortholog_one2one",NA,NA,0
"Reep2","REEP2","ortholog_one2one",100,100,1
"Mir155","MIR155","ortholog_one2one",NA,NA,0
"Mir339","MIR339","ortholog_one2one",NA,NA,0
"Mir711","MIR711","ortholog_one2one",NA,NA,0
"Mir448","MIR448","ortholog_one2one",NA,NA,0
"Scarna2","SCARNA2","ortholog_one2one",NA,NA,0
"Fbxl15","FBXL15","ortholog_one2one",100,100,1
"Mir382","MIR382","ortholog_one2one",NA,NA,0
"Gm27505","AP000944.3","ortholog_one2one",NA,NA,0
"Mir152","MIR152","ortholog_one2one",NA,NA,0
"Gm22847","RNU1-64P","ortholog_one2one",NA,NA,0
"Gm25160","RNU6-652P","ortholog_one2one",NA,NA,0
"Gm26468","RNU6-794P","ortholog_one2one",NA,NA,0
"Gm25409","SNORA41B","ortholog_one2one",NA,NA,0
"Gm25039","RNU6-189P","ortholog_one2one",NA,NA,0
"Gm27803","AC021424.4","ortholog_one2one",NA,NA,0
"Mir126a","MIR126","ortholog_one2one",NA,NA,0
"Gm23928","RNU1-63P","ortholog_one2one",NA,NA,0
"Gm22589","SNORD84","ortholog_one2one",NA,NA,0
"Snord69","SNORD69","ortholog_one2one",NA,NA,0
"Gm27520","AL353804.7","ortholog_one2one",NA,NA,0
"Gm24410","RNU6-546P","ortholog_one2one",NA,NA,0
"Gm24508","RNU6-47P","ortholog_one2one",NA,NA,0
"Gm26314","RNU6-1164P","ortholog_one2one",NA,NA,0
"Mir128-1","MIR128-1","ortholog_one2one",NA,NA,0
"Gm24572","MIR3618","ortholog_one2one",NA,NA,0
"Mirlet7e","MIRLET7E","ortholog_one2one",NA,NA,0
"Gm24796","RNU6-629P","ortholog_one2one",NA,NA,0
"Gm27265","AL138834.1","ortholog_one2one",NA,NA,0
"Gm25835","SNORD10","ortholog_one2one",NA,NA,0
"Gm26255","RNU6-1031P","ortholog_one2one",NA,NA,0
"Gm24697","RNU6-1257P","ortholog_one2one",NA,NA,0
"Gm24201","SNORA63B","ortholog_one2one",NA,NA,0
"Mir1839","SCARNA15","ortholog_one2one",NA,NA,0
"Gm22739","RNU1-148P","ortholog_one2one",NA,NA,0
"Mir1a-1","MIR1-1","ortholog_one2one",NA,NA,0
"Gm24863","RNU6-31P","ortholog_one2one",NA,NA,0
"Snord65","SNORD65","ortholog_one2one",NA,NA,0
"Gm22543","RNU6-762P","ortholog_one2one",NA,NA,0
"Gm24507","SCARNA18","ortholog_one2one",NA,NA,0
"Gm24225","RNU6-764P","ortholog_one2one",NA,NA,0
"Nron","NRON","ortholog_one2one",NA,NA,0
"Mir484","MIR484","ortholog_one2one",NA,NA,0
"Mir183","MIR183","ortholog_one2one",NA,NA,0
"Gm23463","RNU6-1299P","ortholog_one2one",NA,NA,0
"Mir193a","MIR193A","ortholog_one2one",NA,NA,0
"Snord1a","SNORD1A","ortholog_one2one",NA,NA,0
"Mir34b","MIR34B","ortholog_one2one",NA,NA,0
"Mir761","MIR761","ortholog_one2one",NA,NA,0
"Snord87","SNORD87","ortholog_one2one",NA,NA,0
"Mirlet7d","MIRLET7D","ortholog_one2one",NA,NA,0
"Gm23570","RNU6-171P","ortholog_one2one",NA,NA,0
"Mir496a","MIR496","ortholog_one2one",NA,NA,0
"Gm24498","RNU6-753P","ortholog_one2one",NA,NA,0
"Mir200a","MIR200A","ortholog_one2one",NA,NA,0
"Mir222","MIR222","ortholog_one2one",NA,NA,0
"Gm27492","AC004080.14","ortholog_one2one",NA,NA,0
"Mir22","MIR22","ortholog_one2one",NA,NA,0
"Mir299a","MIR299","ortholog_one2one",NA,NA,0
"Mir188","MIR188","ortholog_one2one",NA,NA,0
"Gm27390","AC007383.3","ortholog_one2one",NA,NA,0
"Snord67","SNORD67","ortholog_one2one",NA,NA,0
"Mir331","MIR331","ortholog_one2one",NA,NA,0
"Gm27928","AL137060.1","ortholog_one2one",NA,NA,0
"Gm23852","AC104446.3","ortholog_one2one",NA,NA,0
"Mir363","MIR363","ortholog_one2one",NA,NA,0
"Snord33","SNORD33","ortholog_one2one",NA,NA,0
"Gm22532","Z69713.1","ortholog_one2one",NA,NA,0
"Mir125a","MIR125A","ortholog_one2one",NA,NA,0
"Mir223","MIR223","ortholog_one2one",NA,NA,0
"Snord59a","SNORD59A","ortholog_one2one",NA,NA,0
"Mir25","MIR25","ortholog_one2one",NA,NA,0
"Gm23815","RNU6-698P","ortholog_one2one",NA,NA,0
"Gm27680","AL031591.2","ortholog_one2one",NA,NA,0
"Mir9-3","MIR9-3","ortholog_one2one",NA,NA,0
"Snord16a","SNORD16","ortholog_one2one",NA,NA,0
"Mir135a-2","MIR135A2","ortholog_one2one",NA,NA,0
"Gm22474","RNU6-318P","ortholog_one2one",NA,NA,0
"Gm27695","AC004080.8","ortholog_one2one",NA,NA,0
"Gm23308","RNU6-100P","ortholog_one2one",NA,NA,0
"Gm22951","RNU6-738P","ortholog_one2one",NA,NA,0
"Mir125b-1","MIR125B1","ortholog_one2one",NA,NA,0
"Mir322","MIR424","ortholog_one2one",NA,NA,0
"Mir181c","MIR181C","ortholog_one2one",NA,NA,0
"Gm26226","RNU6-1028P","ortholog_one2one",NA,NA,0
"Mir378a","MIR378A","ortholog_one2one",NA,NA,0
"Snord111","SNORD111","ortholog_one2one",NA,NA,0
"Snord72","SNORD72","ortholog_one2one",NA,NA,0
"Mir199a-2","MIR199A2","ortholog_one2one",NA,NA,0
"Snord12","SNORD12","ortholog_one2one",NA,NA,0
"Gm22843","SNORA25B","ortholog_one2one",NA,NA,0
"Snord17","SNORD17","ortholog_one2one",NA,NA,0
"Gm23531","AL158154.1","ortholog_one2one",NA,NA,0
"Mir497","MIR497","ortholog_one2one",NA,NA,0
"Gm26487","RNU6-769P","ortholog_one2one",NA,NA,0
"Snord123","SNORD123","ortholog_one2one",NA,NA,0
"Gm24595","SNORA11G","ortholog_one2one",NA,NA,0
"Mir665","MIR665","ortholog_one2one",NA,NA,0
"Gm23121","RNU1-104P","ortholog_one2one",NA,NA,0
"Gm25894","SNORD26","ortholog_one2one",NA,NA,0
"Gm27401","AC005837.3","ortholog_one2one",NA,NA,0
"Gm26159","RNU6-575P","ortholog_one2one",NA,NA,0
"Snora36b","SNORA36B","ortholog_one2one",NA,NA,0
"Mir26b","MIR26B","ortholog_one2one",NA,NA,0
"Gm27793","AC108726.1","ortholog_one2one",NA,NA,0
"Gm25207","RNU6-381P","ortholog_one2one",NA,NA,0
"Gm24150","RNU6-867P","ortholog_one2one",NA,NA,0
"Gm25493","RNU6-395P","ortholog_one2one",NA,NA,0
"Snord110","SNORD110","ortholog_one2one",NA,NA,0
"Gm23588","RNU6-1055P","ortholog_one2one",NA,NA,0
"Gm23897","AC126773.1","ortholog_one2one",NA,NA,0
"Mir99b","MIR99B","ortholog_one2one",NA,NA,0
"Gm27699","AC004774.1","ortholog_one2one",NA,NA,0
"Gm23819","RNU6-32P","ortholog_one2one",NA,NA,0
"Gm24148","SNORD20","ortholog_one2one",NA,NA,0
"Gm23428","RNU6-257P","ortholog_one2one",NA,NA,0
"Mir193b","MIR193B","ortholog_one2one",NA,NA,0
"Mir30c-1","MIR30C1","ortholog_one2one",NA,NA,0
"Gm25854","SNORD114-10","ortholog_one2one",NA,NA,0
"Gm25839","RNU6-1196P","ortholog_one2one",NA,NA,0
"Gm27435","AC012354.2","ortholog_one2one",NA,NA,0
"Gm23981","RNU6-138P","ortholog_one2one",NA,NA,0
"Mir17","MIR17","ortholog_one2one",NA,NA,0
"Vamp7","VAMP7","ortholog_one2one",50,100,1
"Gm25506","SNORD41","ortholog_one2one",NA,NA,0
"Mir145a","MIR145","ortholog_one2one",NA,NA,0
"Gm23042","RNU6-1195P","ortholog_one2one",NA,NA,0
"Mir18","MIR18A","ortholog_one2one",NA,NA,0
"Gm24388","RNU6-572P","ortholog_one2one",NA,NA,0
"Gm24768","RNU6-943P","ortholog_one2one",NA,NA,0
"Mir15a","MIR15A","ortholog_one2one",NA,NA,0
"Snord45b","SNORD45B","ortholog_one2one",NA,NA,0
"Gm27762","AC106873.7","ortholog_one2one",NA,NA,0
"Gm26109","SNORD63","ortholog_one2one",NA,NA,0
"Mir208a","MIR208A","ortholog_one2one",NA,NA,0
"Snord4a","SNORD4A","ortholog_one2one",NA,NA,0
"Mir494","MIR494","ortholog_one2one",NA,NA,0
"Gm25968","RNU6-485P","ortholog_one2one",NA,NA,0
"Mir219a-2","MIR219A2","ortholog_one2one",NA,NA,0
"Gm24592","RNU6-544P","ortholog_one2one",NA,NA,0
"Gm25130","RNU1-141P","ortholog_one2one",NA,NA,0
"Mir32","MIR32","ortholog_one2one",NA,NA,0
"Gm25326","RNU6-633P","ortholog_one2one",NA,NA,0
"Gm26008","RNU6-979P","ortholog_one2one",NA,NA,0
"Gm27937","AC004542.4","ortholog_one2one",NA,NA,0
"Gm26101","RNU6-944P","ortholog_one2one",NA,NA,0
"Mir98","MIR98","ortholog_one2one",NA,NA,0
"Gm23858","RNU6-628P","ortholog_one2one",NA,NA,0
"Gm25524","RNU6-744P","ortholog_one2one",NA,NA,0
"Snord35b","SNORD35B","ortholog_one2one",NA,NA,0
"Mir101a","MIR101-1","ortholog_one2one",NA,NA,0
"Gm22113","RNU6-24P","ortholog_one2one",NA,NA,0
"Mir27b","MIR27B","ortholog_one2one",NA,NA,0
"Gm23390","RNU6-904P","ortholog_one2one",NA,NA,0
"Gm24661","RNU6-167P","ortholog_one2one",NA,NA,0
"Mir124a-1","MIR124-1","ortholog_one2one",NA,NA,0
"Snord11","SNORD11","ortholog_one2one",NA,NA,0
"Snord42a","SNORD42A","ortholog_one2one",NA,NA,0
"Gm24958","SNORD125","ortholog_one2one",NA,NA,0
"Rmrp","RMRPP5","ortholog_one2one",NA,NA,0
"Gm26285","RNU6-393P","ortholog_one2one",NA,NA,0
"Snord68","SNORD68","ortholog_one2one",NA,NA,0
"Mir877","MIR877","ortholog_one2one",NA,NA,0
"Rnu73b","SNORD73B","ortholog_one2one",NA,NA,0
"Mir144","MIR144","ortholog_one2one",NA,NA,0
"Gm24753","RNU6-9","ortholog_one2one",NA,NA,0
"Gm50452","SNORD79","ortholog_one2one",NA,NA,0
"Gm22779","RNU6-509P","ortholog_one2one",NA,NA,0
"Gm24299","SNORD5","ortholog_one2one",NA,NA,0
"Mir744","MIR744","ortholog_one2one",NA,NA,0
"Gm22935","RNU6-693P","ortholog_one2one",NA,NA,0
"Gm26128","RNU6-12P","ortholog_one2one",NA,NA,0
"Gm26420","RNU6-967P","ortholog_one2one",NA,NA,0
"Snord90","SNORD90","ortholog_one2one",NA,NA,0
"Mir7-2","MIR7-3","ortholog_one2one",NA,NA,0
"Gm26108","RNU2-14P","ortholog_one2one",NA,NA,0
"Gm25367","RNU6-80P","ortholog_one2one",NA,NA,0
"Gm26105","RNU2-65P","ortholog_one2one",NA,NA,0
"Mir195a","MIR195","ortholog_one2one",NA,NA,0
"Mir103-1","MIR103A1","ortholog_one2one",NA,NA,0
"Gm24531","RNU6-387P","ortholog_one2one",NA,NA,0
"Gm24537","RNU6-910P","ortholog_one2one",NA,NA,0
"Gm27283","AC012354.8","ortholog_one2one",NA,NA,0
"Gm23663","AC005722.2","ortholog_one2one",NA,NA,0
