"human.gene.name","gene.name","human.homology.type","human.gene.order.conservation.score","human.whole.genome.alignment.coverage","human.orthology.confidence..0.low..1.high."
"MT-ND1","mt-Nd1","ortholog_one2one",50,100,1
"MT-ND2","mt-Nd2","ortholog_one2one",75,100,1
"MT-CO1","mt-Co1","ortholog_one2one",100,100,1
"MT-CO2","mt-Co2","ortholog_one2one",100,100,1
"MT-ATP8","mt-Atp8","ortholog_one2one",100,100,0
"MT-ATP6","mt-Atp6","ortholog_one2one",100,100,1
"MT-CO3","mt-Co3","ortholog_one2one",100,100,1
"MT-ND3","mt-Nd3","ortholog_one2one",100,100,1
"MT-ND4L","mt-Nd4l","ortholog_one2one",100,100,1
"MT-ND4","mt-Nd4","ortholog_one2one",100,100,1
"MT-ND5","mt-Nd5","ortholog_one2one",100,100,1
"MT-ND6","mt-Nd6","ortholog_one2one",75,100,1
"MT-CYB","mt-Cytb","ortholog_one2one",50,100,1
"STC2","Stc2","ortholog_one2one",50,100,1
"HDHD3","Hdhd3","ortholog_one2one",100,100,1
"IBA57","Iba57","ortholog_one2one",100,100,1
"KCNJ14","Kcnj14","ortholog_one2one",100,100,1
"TRIM60","Trim60","ortholog_one2one",75,100,1
"NCS1","Ncs1","ortholog_one2one",100,100,1
"GFOD2","Gfod2","ortholog_one2one",100,100,1
"NUDT14","Nudt14","ortholog_one2one",100,100,1
"RLBP1","Rlbp1","ortholog_one2one",100,100,1
"THEMIS","Themis","ortholog_one2one",100,98.38,1
"FBP2","Fbp2","ortholog_one2one",50,100,1
"ZNHIT2","Znhit2","ortholog_one2one",100,100,1
"RNF182","Rnf182","ortholog_one2one",100,100,1
"MACC1","Macc1","ortholog_one2one",50,100,1
"TRIM61","Trim61","ortholog_one2one",0,100,1
"SLC25A4","Slc25a4","ortholog_one2one",100,100,1
"ECHDC3","Echdc3","ortholog_one2one",100,100,1
"SMO","Smo","ortholog_one2one",100,100,1
"DCAF15","Dcaf15","ortholog_one2one",100,100,1
"TTC13","Ttc13","ortholog_one2one",100,98.88,1
"FKBP1B","Fkbp1b","ortholog_one2one",100,100,1
"FSD2","Fsd2","ortholog_one2one",100,98.46,1
"CC2D2A","Cc2d2a","ortholog_one2one",100,100,1
"SMYD5","Smyd5","ortholog_one2one",100,100,1
"MBD2","Mbd2","ortholog_one2one",100,100,1
"MBOAT1","Mboat1","ortholog_one2one",50,100,1
"GJC2","Gjc2","ortholog_one2one",100,100,1
"SNRNP48","Snrnp48","ortholog_one2one",100,100,1
"REV3L","Rev3l","ortholog_one2one",100,100,1
"FXR2","Fxr2","ortholog_one2one",75,100,1
"ARHGAP24","Arhgap24","ortholog_one2one",100,100,1
"CFAP73","Cfap73","ortholog_one2one",100,100,1
"PUS1","Pus1","ortholog_one2one",75,98.24,1
"RELN","Reln","ortholog_one2one",100,100,1
"TAPBPL","Tapbpl","ortholog_one2one",100,97.11,1
"DDX54","Ddx54","ortholog_one2one",100,100,1
"DNAJA3","Dnaja3","ortholog_one2one",100,100,1
"CCDC182","Ccdc182","ortholog_one2one",100,100,1
"GMNN","Gmnn","ortholog_one2one",100,100,1
"LGI4","Lgi4","ortholog_one2one",100,100,1
"ZNF398","Zfp398","ortholog_one2one",100,100,1
"PMCH","Pmch","ortholog_one2one",100,100,1
"VAMP1","Vamp1","ortholog_one2one",100,100,1
"TSC1","Tsc1","ortholog_one2one",100,100,1
"USP6NL","Usp6nl","ortholog_one2one",100,100,1
"SLC4A2","Slc4a2","ortholog_one2one",100,100,1
"CHST1","Chst1","ortholog_one2one",100,100,1
"MBTD1","Mbtd1","ortholog_one2one",100,100,1
"LDAH","Ldah","ortholog_one2one",100,100,1
"PARPBP","Parpbp","ortholog_one2one",100,100,1
"MYO15A","Myo15","ortholog_one2one",100,100,1
"RBIS","Rbis","ortholog_one2one",100,100,1
"OR2K2","Olfr267","ortholog_one2one",100,100,1
"NLRP12","Nlrp12","ortholog_one2one",50,100,1
"DOCK7","Dock7","ortholog_one2one",100,100,1
"TAC4","Tac4","ortholog_one2one",100,96.99,0
"TAL1","Tal1","ortholog_one2one",100,100,1
"ABCA2","Abca2","ortholog_one2one",75,99.55,1
"AK4","Ak4","ortholog_one2one",100,100,1
"IL22RA2","Il22ra2","ortholog_one2one",100,95.62,1
"E2F5","E2f5","ortholog_one2one",100,100,1
"DYRK1B","Dyrk1b","ortholog_one2one",100,100,1
"IQSEC1","Iqsec1","ortholog_one2one",50,100,1
"TOMM7","Tomm7","ortholog_one2one",50,86.24,0
"CDK6","Cdk6","ortholog_one2one",50,100,1
"CD27","Cd27","ortholog_one2one",100,100,1
"NUDCD2","Nudcd2","ortholog_one2one",100,100,1
"ZMYND11","Zmynd11","ortholog_one2one",50,100,1
"TLE7","Tle7","ortholog_one2one",100,100,1
"SLC22A16","Slc22a16","ortholog_one2one",100,94.95,0
"MAGOHB","Magohb","ortholog_one2one",100,100,1
"HP1BP3","Hp1bp3","ortholog_one2one",100,100,1
"TXNDC9","Txndc9","ortholog_one2one",100,100,1
"OR51L1","Olfr587-ps1","ortholog_one2one",25,100,0
"ZNF23","Zfp612","ortholog_one2one",100,100,1
"LHFPL2","Lhfpl2","ortholog_one2one",100,100,1
"HELT","Helt","ortholog_one2one",100,100,1
"ETV1","Etv1","ortholog_one2one",100,100,1
"MEP1B","Mep1b","ortholog_one2one",100,100,1
"PPP1R12C","Ppp1r12c","ortholog_one2one",100,100,1
"NCL","Ncl","ortholog_one2one",100,99.97,1
"ENC1","Enc1","ortholog_one2one",100,100,1
"TUBD1","Tubd1","ortholog_one2one",100,100,1
"OST4","Ost4","ortholog_one2one",100,100,1
"PODNL1","Podnl1","ortholog_one2one",100,100,1
"L2HGDH","L2hgdh","ortholog_one2one",100,100,1
"CPTP","Cptp","ortholog_one2one",100,100,1
"PHOX2B","Phox2b","ortholog_one2one",100,100,1
"OAZ1","Oaz1","ortholog_one2one",100,100,1
"NOXO1","Noxo1","ortholog_one2one",100,100,1
"WHAMM","Whamm","ortholog_one2one",100,100,1
"MYADM","Myadm","ortholog_one2one",75,100,1
"AGBL5","Agbl5","ortholog_one2one",100,100,1
"FOXO1","Foxo1","ortholog_one2one",50,100,1
"PPARGC1A","Ppargc1a","ortholog_one2one",100,100,1
"SCTR","Sctr","ortholog_one2one",100,100,1
"CCDC173","Ccdc173","ortholog_one2one",100,100,1
"MARK3","Mark3","ortholog_one2one",100,100,1
"TMEM159","Tmem159","ortholog_one2one",100,100,1
"KRT17","Krt17","ortholog_one2one",100,100,1
"ZNF282","Zfp282","ortholog_one2one",100,100,1
"PRKCG","Prkcg","ortholog_one2one",100,100,1
"GRWD1","Grwd1","ortholog_one2one",100,100,1
"NFIC","Nfic","ortholog_one2one",100,95.79,1
"KCND2","Kcnd2","ortholog_one2one",100,100,1
"HCN2","Hcn2","ortholog_one2one",100,100,1
"MED22","Med22","ortholog_one2one",100,100,1
"TNIP1","Tnip1","ortholog_one2one",50,100,1
"TBL3","Tbl3","ortholog_one2one",100,100,1
"AURKC","Aurkc","ortholog_one2one",50,0,0
"KDELR1","Kdelr1","ortholog_one2one",100,100,1
"RANBP10","Ranbp10","ortholog_one2one",100,99.27,1
"TTC21B","Ttc21b","ortholog_one2one",100,100,1
"DACT2","Dact2","ortholog_one2one",50,100,1
"MAEA","Maea","ortholog_one2one",100,98.24,1
"CGA","Cga","ortholog_one2one",50,92.79,1
"STAT5B","Stat5b","ortholog_one2one",100,100,1
"C3orf80","1110032F04Rik","ortholog_one2one",100,100,1
"RAB3IL1","Rab3il1","ortholog_one2one",100,100,1
"LRRC4C","Lrrc4c","ortholog_one2one",100,100,1
"TUT4","Tut4","ortholog_one2one",100,99.53,1
"TMEM37","Tmem37","ortholog_one2one",100,97.33,1
"ITGA4","Itga4","ortholog_one2one",100,100,1
"ATG2B","Atg2b","ortholog_one2one",100,100,1
"SMIM3","Smim3","ortholog_one2one",50,100,1
"TMEM33","Tmem33","ortholog_one2one",100,100,1
"DBI","Dbi","ortholog_one2one",100,100,0
"EPHB3","Ephb3","ortholog_one2one",100,100,1
"GRIN2D","Grin2d","ortholog_one2one",100,100,1
"TMEM248","Tmem248","ortholog_one2one",100,100,1
"IL20RA","Il20ra","ortholog_one2one",100,100,1
"TUG1","Tug1","ortholog_one2one",100,100,1
"DLGAP3","Dlgap3","ortholog_one2one",100,100,1
"ABRACL","Abracl","ortholog_one2one",100,100,1
"GAS2L1","Gas2l1","ortholog_one2one",100,100,1
"OR5B2","Olfr1451","ortholog_one2one",25,0,0
"MAPK9","Mapk9","ortholog_one2one",100,100,1
"ZNF212","Zfp212","ortholog_one2one",100,100,1
"GAREM1","Garem1","ortholog_one2one",100,100,1
"PPP1R14C","Ppp1r14c","ortholog_one2one",50,100,1
"RAMP1","Ramp1","ortholog_one2one",100,100,1
"NGEF","Ngef","ortholog_one2one",100,100,1
"AP1S3","Ap1s3","ortholog_one2one",100,95.59,1
"RPUSD1","Rpusd1","ortholog_one2one",100,100,1
"VASN","Vasn","ortholog_one2one",100,100,1
"OR9H1P","Olfr466","ortholog_one2one",0,100,1
"FASTK","Fastk","ortholog_one2one",100,100,1
"INTS11","Ints11","ortholog_one2one",100,100,1
"KYNU","Kynu","ortholog_one2one",50,100,1
"SOX15","Sox15","ortholog_one2one",100,100,1
"FAM133B","Fam133b","ortholog_one2one",75,100,1
"CD83","Cd83","ortholog_one2one",100,100,1
"ADAMTS12","Adamts12","ortholog_one2one",100,100,1
"MPDU1","Mpdu1","ortholog_one2one",100,100,1
"GSKIP","Gskip","ortholog_one2one",100,100,1
"EIF4EBP1","Eif4ebp1","ortholog_one2one",50,92.63,1
"ZNF688","Zfp688","ortholog_one2one",100,100,1
"PTPRJ","Ptprj","ortholog_one2one",100,98.37,1
"HACD4","Hacd4","ortholog_one2one",100,100,1
"SLC38A7","Slc38a7","ortholog_one2one",100,100,1
"GABRR2","Gabrr2","ortholog_one2one",100,100,1
"SMARCAL1","Smarcal1","ortholog_one2one",100,99.31,1
"KCNQ5","Kcnq5","ortholog_one2one",75,100,1
"PHC3","Phc3","ortholog_one2one",100,100,1
"LLPH","Llph","ortholog_one2one",100,100,1
"ATP2A1","Atp2a1","ortholog_one2one",100,100,1
"LRRC28","Lrrc28","ortholog_one2one",100,100,1
"HSPA4","Hspa4","ortholog_one2one",100,100,1
"FAM171A1","Fam171a1","ortholog_one2one",50,100,1
"FRMD8","Frmd8","ortholog_one2one",100,100,1
"MAP3K20","Map3k20","ortholog_one2one",100,100,1
"RILPL2","Rilpl2","ortholog_one2one",100,96.62,1
"NEUROD1","Neurod1","ortholog_one2one",100,100,1
"CYP2E1","Cyp2e1","ortholog_one2one",75,100,1
"MUC5AC","Muc5ac","ortholog_one2one",100,100,0
"ZUP1","Zup1","ortholog_one2one",0,100,1
"ZFPM2","Zfpm2","ortholog_one2one",100,100,1
"CERKL","Cerkl","ortholog_one2one",100,99.96,1
"RASL10A","Rasl10a","ortholog_one2one",100,100,1
"FOCAD","Focad","ortholog_one2one",100,100,1
"SLC9A7","Slc9a7","ortholog_one2one",100,100,1
"EPHB4","Ephb4","ortholog_one2one",100,100,1
"OBSL1","Obsl1","ortholog_one2one",100,100,1
"TRMT10C","Trmt10c","ortholog_one2one",100,100,1
"FBP1","Fbp1","ortholog_one2one",50,100,1
"ACP2","Acp2","ortholog_one2one",100,100,1
"CLDN14","Cldn14","ortholog_one2one",100,100,1
"RABEP2","Rabep2","ortholog_one2one",100,100,1
"CCDC187","Ccdc187","ortholog_one2one",100,100,0
"PUSL1","Pusl1","ortholog_one2one",100,100,1
"NEU2","Neu2","ortholog_one2one",100,98.72,1
"SMAD2","Smad2","ortholog_one2one",100,100,1
"PHOSPHO2","Phospho2","ortholog_one2one",100,100,1
"ADAM22","Adam22","ortholog_one2one",100,100,1
"ARHGEF3","Arhgef3","ortholog_one2one",100,100,1
"ZBED6","Gm38394","ortholog_one2one",100,100,1
"N6AMT1","N6amt1","ortholog_one2one",0,100,1
"BICRA","Bicra","ortholog_one2one",100,100,1
"PDZK1IP1","Pdzk1ip1","ortholog_one2one",100,100,1
"SLC35D3","Slc35d3","ortholog_one2one",100,100,1
"RNF11","Rnf11","ortholog_one2one",100,100,1
"FEZ1","Fez1","ortholog_one2one",100,100,1
"FCF1","Fcf1","ortholog_one2one",100,100,1
"IYD","Iyd","ortholog_one2one",75,94.83,1
"DOCK6","Dock6","ortholog_one2one",100,100,1
"KNCN","Kncn","ortholog_one2one",100,100,1
"ZNF213","Zfp213","ortholog_one2one",50,100,1
"RAD51","Rad51","ortholog_one2one",100,94.81,1
"ASPSCR1","Aspscr1","ortholog_one2one",100,94.42,1
"KLHL14","Klhl14","ortholog_one2one",75,100,1
"TMEM275","6430628N08Rik","ortholog_one2one",100,100,1
"ALAD","Alad","ortholog_one2one",100,100,1
"PYCARD","Pycard","ortholog_one2one",100,100,1
"CLK2","Clk2","ortholog_one2one",100,100,1
"LRRN3","Lrrn3","ortholog_one2one",100,100,1
"PNPLA6","Pnpla6","ortholog_one2one",100,100,1
"RSKR","Rskr","ortholog_one2one",100,99.52,1
"OPCML","Opcml","ortholog_one2one",100,100,1
"AREL1","Arel1","ortholog_one2one",100,100,1
"IMMP2L","Immp2l","ortholog_one2one",100,100,1
"EAF2","Eaf2","ortholog_one2one",100,100,1
"TMEM63C","Tmem63c","ortholog_one2one",100,100,1
"GJC3","Gjc3","ortholog_one2one",25,94.81,1
"IFNK","Ifnk","ortholog_one2one",50,100,0
"MOB3B","Mob3b","ortholog_one2one",50,100,1
"TRIM72","Trim72","ortholog_one2one",100,100,1
"C9","C9","ortholog_one2one",100,100,1
"PTPN6","Ptpn6","ortholog_one2one",100,100,1
"MEF2C","Mef2c","ortholog_one2one",100,100,1
"GSDMD","Gsdmd","ortholog_one2one",100,100,1
"CCDC136","Ccdc136","ortholog_one2one",100,100,1
"ESCO1","Esco1","ortholog_one2one",100,100,1
"GRHPR","Grhpr","ortholog_one2one",100,94.24,1
"OR52E2","Olfr589","ortholog_one2one",75,100,1
"BAX","Bax","ortholog_one2one",100,91.14,1
"DDB2","Ddb2","ortholog_one2one",100,100,1
"DYNC2H1","Dync2h1","ortholog_one2one",75,100,1
"EBF1","Ebf1","ortholog_one2one",100,100,1
"KAT6A","Kat6a","ortholog_one2one",100,100,1
"OR4Q3","Olfr735","ortholog_one2one",50,98.63,1
"RMDN3","Rmdn3","ortholog_one2one",100,100,1
"GREB1","Greb1","ortholog_one2one",100,100,1
"CHPF","Chpf","ortholog_one2one",75,100,1
"LINGO3","Lingo3","ortholog_one2one",100,100,1
"C12orf75","1500009L16Rik","ortholog_one2one",100,100,1
"OR52J3","Olfr592","ortholog_one2one",75,99.42,1
"RAB11FIP3","Rab11fip3","ortholog_one2one",100,88.72,1
"RHOXF1","Rhox13","ortholog_one2one",0,14.11,0
"STYK1","Styk1","ortholog_one2one",75,100,1
"HSPA12B","Hspa12b","ortholog_one2one",100,100,1
"ATP2A3","Atp2a3","ortholog_one2one",100,100,1
"GUK1","Guk1","ortholog_one2one",100,93.58,0
"TMEM198","Tmem198","ortholog_one2one",100,100,1
"SEL1L2","Sel1l2","ortholog_one2one",100,100,1
"IQCB1","Iqcb1","ortholog_one2one",100,100,1
"RPL11","Rpl11","ortholog_one2one",100,100,1
"CHRNB3","Chrnb3","ortholog_one2one",25,100,1
"BCL3","Bcl3","ortholog_one2one",100,100,1
"MEOX1","Meox1","ortholog_one2one",100,100,1
"PRADC1","Pradc1","ortholog_one2one",100,100,1
"RBM48","Rbm48","ortholog_one2one",100,100,1
"ARV1","Arv1","ortholog_one2one",100,95.18,1
"AMN1","Amn1","ortholog_one2one",100,95.38,1
"SNRNP35","Snrnp35","ortholog_one2one",100,99.24,1
"PPP1R15A","Ppp1r15a","ortholog_one2one",75,100,0
"CYP4X1","Cyp4x1","ortholog_one2one",100,100,1
"AMZ1","Amz1","ortholog_one2one",50,100,1
"C1orf232","Gm30191","ortholog_one2one",100,100,1
"MRPS33","Mrps33","ortholog_one2one",100,100,1
"NUCB1","Nucb1","ortholog_one2one",100,100,1
"SYTL1","Sytl1","ortholog_one2one",100,100,1
"RP2","Rp2","ortholog_one2one",100,100,1
"APOD","Apod","ortholog_one2one",50,97.97,1
"GATAD1","Gatad1","ortholog_one2one",100,100,1
"HOMER2","Homer2","ortholog_one2one",100,100,1
"PPP1CC","Ppp1cc","ortholog_one2one",100,100,1
"CCT7","Cct7","ortholog_one2one",100,100,1
"GABRR1","Gabrr1","ortholog_one2one",100,100,1
"BEND3","Bend3","ortholog_one2one",100,100,1
"BRF1","Brf1","ortholog_one2one",100,100,1
"SMC2","Smc2","ortholog_one2one",100,100,1
"CPEB4","Cpeb4","ortholog_one2one",100,100,1
"GNA12","Gna12","ortholog_one2one",50,100,1
"PEX1","Pex1","ortholog_one2one",100,100,1
"EIF4E1B","Eif4e1b","ortholog_one2one",100,100,1
"ANGPTL8","Angptl8","ortholog_one2one",100,100,1
"SRA1","Sra1","ortholog_one2one",100,100,1
"HOXB1","Hoxb1","ortholog_one2one",100,100,1
"ARHGAP10","Arhgap10","ortholog_one2one",100,100,1
"ABCB9","Abcb9","ortholog_one2one",100,100,1
"FAM126A","Fam126a","ortholog_one2one",50,100,1
"SLC25A3","Slc25a3","ortholog_one2one",100,100,1
"NUS1","Nus1","ortholog_one2one",100,100,1
"ZAN","Zan","ortholog_one2one",100,78.01,0
"ZNF205","Zfp13","ortholog_one2one",75,100,1
"BTBD6","Btbd6","ortholog_one2one",100,100,1
"ANGPTL3","Angptl3","ortholog_one2one",100,100,1
"RGS22","Rgs22","ortholog_one2one",100,100,1
"BMP6","Bmp6","ortholog_one2one",100,100,1
"ZCCHC10","Zcchc10","ortholog_one2one",100,94.72,1
"LIG1","Lig1","ortholog_one2one",75,100,1
"DNMT1","Dnmt1","ortholog_one2one",100,98.48,1
"IVNS1ABP","Ivns1abp","ortholog_one2one",100,100,1
"MCC","Mcc","ortholog_one2one",50,100,1
"TMEM255A","Tmem255a","ortholog_one2one",50,100,1
"ORAI1","Orai1","ortholog_one2one",100,100,1
"SLC26A3","Slc26a3","ortholog_one2one",100,100,1
"TXNDC5","Txndc5","ortholog_one2one",100,100,1
"MROH6","Mroh6","ortholog_one2one",100,100,1
"SPACA9","Spaca9","ortholog_one2one",100,100,1
"TUBA3D","Tuba3a","ortholog_one2one",0,1.68,0
"C5orf47","4930524B15Rik","ortholog_one2one",75,100,0
"SMAD5","Smad5","ortholog_one2one",100,100,1
"NTM","Ntm","ortholog_one2one",100,100,1
"MARS1","Mars1","ortholog_one2one",75,100,1
"RNF34","Rnf34","ortholog_one2one",100,100,1
"MFN2","Mfn2","ortholog_one2one",100,97.37,1
"CDK5R1","Cdk5r1","ortholog_one2one",100,100,1
"TMEM178B","Tmem178b","ortholog_one2one",100,100,0
"AC097634.4","Foxp1","ortholog_one2one",100,99.33,1
"RASAL1","Rasal1","ortholog_one2one",100,99.78,1
"ATP13A1","Atp13a1","ortholog_one2one",50,100,1
"CCDC27","Ccdc27","ortholog_one2one",100,100,0
"CENPT","Cenpt","ortholog_one2one",100,94.48,1
"TSPAN12","Tspan12","ortholog_one2one",100,100,1
"ADAMTS18","Adamts18","ortholog_one2one",100,100,1
"KDM2B","Kdm2b","ortholog_one2one",100,100,1
"CHRNA6","Chrna6","ortholog_one2one",0,100,1
"RRP8","Rrp8","ortholog_one2one",100,100,1
"RNF14","Rnf14","ortholog_one2one",100,100,1
"ZBTB33","Zbtb33","ortholog_one2one",50,100,1
"TULP2","Tulp2","ortholog_one2one",100,91.23,1
"FAM110D","Grrp1","ortholog_one2one",100,100,1
"RILPL1","Rilpl1","ortholog_one2one",100,100,1
"AZGP1","Azgp1","ortholog_one2one",0,100,1
"CDK12","Cdk12","ortholog_one2one",100,100,1
"OR11G2","Olfr738","ortholog_one2one",50,0,0
"FAM89A","Fam89a","ortholog_one2one",100,100,1
"POLE3","Pole3","ortholog_one2one",100,100,1
"CRYZL1","Cryzl1","ortholog_one2one",100,100,1
"CDC25B","Cdc25b","ortholog_one2one",100,100,1
"NBN","Nbn","ortholog_one2one",100,100,1
"EIF1","Eif1","ortholog_one2one",100,100,1
"H2AZ2","H2az2","ortholog_one2one",100,100,1
"PRPF38A","Prpf38a","ortholog_one2one",100,100,1
"RPTOR","Rptor","ortholog_one2one",100,100,1
"TSNAXIP1","Tsnaxip1","ortholog_one2one",100,100,1
"AK8","Ak8","ortholog_one2one",100,100,1
"PLEKHF1","Plekhf1","ortholog_one2one",75,100,1
"CLPB","Clpb","ortholog_one2one",100,100,1
"TAF10","Taf10","ortholog_one2one",100,100,1
"CACNG7","Cacng7","ortholog_one2one",100,100,1
"PCGF5","Pcgf5","ortholog_one2one",100,100,1
"LIN7C","Lin7c","ortholog_one2one",100,100,1
"SMIM31","Smim31","ortholog_one2one",75,100,1
"OR6B1","Olfr449","ortholog_one2one",100,100,1
"BCL11A","Bcl11a","ortholog_one2one",100,100,1
"SLF2","Slf2","ortholog_one2one",75,100,1
"ILK","Ilk","ortholog_one2one",100,100,1
"CCNG1","Ccng1","ortholog_one2one",100,100,1
"SAMD9L","Samd9l","ortholog_one2one",50,100,1
"SNRPD1","Snrpd1","ortholog_one2one",100,100,1
"ORC1","Orc1","ortholog_one2one",100,100,1
"SLCO2B1","Slco2b1","ortholog_one2one",100,100,1
"NAPG","Napg","ortholog_one2one",25,100,1
"CCDC178","Ccdc178","ortholog_one2one",100,100,0
"TARS1","Tars","ortholog_one2one",100,98.52,1
"MFSD6","Mfsd6","ortholog_one2one",100,100,1
"ODF1","Odf1","ortholog_one2one",100,100,1
"LRFN4","Lrfn4","ortholog_one2one",100,100,1
"MSI1","Msi1","ortholog_one2one",100,100,1
"C2orf76","3110009E18Rik","ortholog_one2one",100,100,1
"CACNG8","Cacng8","ortholog_one2one",100,100,1
"PC","Pcx","ortholog_one2one",100,99.99,1
"HPS6","Hps6","ortholog_one2one",100,100,1
"TGFBR1","Tgfbr1","ortholog_one2one",100,100,1
"PRR14","Prr14","ortholog_one2one",100,100,1
"ARMH3","Armh3","ortholog_one2one",100,100,1
"ZKSCAN1","Zkscan1","ortholog_one2one",75,100,1
"MYO3A","Myo3a","ortholog_one2one",100,99.94,1
"HEPACAM2","Hepacam2","ortholog_one2one",50,100,1
"CCNC","Ccnc","ortholog_one2one",75,100,1
"NME1","Nme1","ortholog_one2one",100,100,1
"SLC17A7","Slc17a7","ortholog_one2one",100,100,1
"SOST","Sost","ortholog_one2one",100,100,1
"PPCS","Ppcs","ortholog_one2one",100,100,1
"NKG7","Nkg7","ortholog_one2one",100,100,1
"SMIM32","Gm45623","ortholog_one2one",100,100,1
"CNOT4","Cnot4","ortholog_one2one",100,100,1
"CACNG6","Cacng6","ortholog_one2one",100,100,1
"SYCE1","Syce1","ortholog_one2one",50,100,1
"PEX26","Pex26","ortholog_one2one",100,100,1
"RHOBTB1","Rhobtb1","ortholog_one2one",100,100,1
"NME1-NME2","Gm20390","ortholog_one2one",100,100,1
"CCDC66","Ccdc66","ortholog_one2one",100,100,1
"NME2","Nme2","ortholog_one2one",100,100,1
"FXYD4","Fxyd4","ortholog_one2one",100,100,1
"IFT80","Ift80","ortholog_one2one",100,100,1
"ZNF689","Zfp689","ortholog_one2one",100,100,1
"DLG4","Dlg4","ortholog_one2one",100,100,1
"SMU1","Smu1","ortholog_one2one",100,100,1
"DAAM1","Daam1","ortholog_one2one",100,100,1
"ZFYVE26","Zfyve26","ortholog_one2one",100,100,1
"MRPL21","Mrpl21","ortholog_one2one",75,95.01,1
"GAST","Gast","ortholog_one2one",100,100,1
"OR2A5","Olfr448","ortholog_one2one",100,100,1
"EID2","Eid2","ortholog_one2one",100,100,1
"HECW1","Hecw1","ortholog_one2one",50,100,1
"EID2B","Eid2b","ortholog_one2one",100,100,0
"NPTX2","Nptx2","ortholog_one2one",100,100,1
"MSLNL","Mslnl","ortholog_one2one",100,100,1
"AKAP6","Akap6","ortholog_one2one",100,100,1
"LSM7","Lsm7","ortholog_one2one",100,100,1
"SPEF1","Spef1","ortholog_one2one",100,100,1
"BDH1","Bdh1","ortholog_one2one",50,100,1
"C1orf116","AA986860","ortholog_one2one",75,100,1
"MSI2","Msi2","ortholog_one2one",100,100,1
"EIF3A","Eif3a","ortholog_one2one",100,99.2,1
"RBM3","Rbm3","ortholog_one2one",100,100,1
"SMIM12","Smim12","ortholog_one2one",0,100,1
"TASOR","Tasor","ortholog_one2one",100,100,1
"IGHMBP2","Ighmbp2","ortholog_one2one",50,100,1
"OR2A25","Olfr447","ortholog_one2one",100,100,1
"DDO","Ddo","ortholog_one2one",100,100,1
"GJA4","Gja4","ortholog_one2one",100,100,1
"OR2A12","Olfr446","ortholog_one2one",75,100,1
"ITSN1","Itsn1","ortholog_one2one",100,100,1
"YBX3","Ybx3","ortholog_one2one",100,100,1
"CD47","Cd47","ortholog_one2one",100,100,1
"LTBR","Ltbr","ortholog_one2one",100,100,1
"BHLHA9","Bhlha9","ortholog_one2one",75,100,1
"ALG2","Alg2","ortholog_one2one",100,100,1
"TRARG1","Trarg1","ortholog_one2one",50,100,1
"C9orf43","4933430I17Rik","ortholog_one2one",100,99.67,0
"RIMKLA","Rimkla","ortholog_one2one",100,100,1
"SYNRG","Synrg","ortholog_one2one",100,100,1
"AL353572.3","Gm47429","ortholog_one2one",25,100,1
"TUBA8","Tuba8","ortholog_one2one",75,100,1
"RIC8A","Ric8a","ortholog_one2one",100,100,1
"CAMK2G","Camk2g","ortholog_one2one",100,100,1
"MCMDC2","Mcmdc2","ortholog_one2one",100,100,1
"CENPB","Cenpb","ortholog_one2one",100,100,1
"MTRES1","Mtres1","ortholog_one2one",100,99.82,1
"KITLG","Kitl","ortholog_one2one",75,100,1
"ZMYND12","Zmynd12","ortholog_one2one",100,100,1
"C20orf27","1700037H04Rik","ortholog_one2one",100,100,1
"C1orf185","4930522H14Rik","ortholog_one2one",100,97.74,0
"TNFSF4","Tnfsf4","ortholog_one2one",100,100,0
"SELENOV","Selenov","ortholog_one2one",100,100,0
"UVSSA","Uvssa","ortholog_one2one",100,95.53,1
"PTPRU","Ptpru","ortholog_one2one",100,100,1
"ADCYAP1R1","Adcyap1r1","ortholog_one2one",100,100,1
"GABRG2","Gabrg2","ortholog_one2one",100,97.32,1
"DCTN4","Dctn4","ortholog_one2one",75,100,1
"MYH11","Myh11","ortholog_one2one",100,100,1
"MAB21L1","Mab21l1","ortholog_one2one",75,100,1
"TNFSF18","Tnfsf18","ortholog_one2one",100,100,0
"INTU","Intu","ortholog_one2one",100,100,1
"HNRNPA3","Hnrnpa3","ortholog_one2one",100,100,1
"NBEA","Nbea","ortholog_one2one",75,100,1
"PURB","Purb","ortholog_one2one",100,100,1
"SKOR2","Skor2","ortholog_one2one",100,100,1
"OR11H6","Olfr745","ortholog_one2one",25,100,1
"TMEM68","Tmem68","ortholog_one2one",50,100,1
"ZNF541","Zfp541","ortholog_one2one",100,96.97,1
"DMAC2L","Dmac2l","ortholog_one2one",100,100,0
"PRMT9","Prmt9","ortholog_one2one",100,100,1
"WDCP","Wdcp","ortholog_one2one",100,98.35,1
"TMED2","Tmed2","ortholog_one2one",100,100,1
"SPECC1","Specc1","ortholog_one2one",50,100,1
"CFAP97D1","Cfap97d1","ortholog_one2one",100,100,1
"SYNPR","Synpr","ortholog_one2one",100,100,1
"ULK1","Ulk1","ortholog_one2one",50,99.86,1
"NSG2","Nsg2","ortholog_one2one",50,100,1
"ATP1B4","Atp1b4","ortholog_one2one",100,100,1
"SIDT1","Sidt1","ortholog_one2one",100,100,1
"OSGIN2","Osgin2","ortholog_one2one",100,100,1
"JADE3","Jade3","ortholog_one2one",100,100,1
"USP45","Usp45","ortholog_one2one",100,100,1
"NOL10","Nol10","ortholog_one2one",75,100,1
"GFY","Gfy","ortholog_one2one",100,100,1
"ALPK2","Alpk2","ortholog_one2one",100,100,1
"RPS13","Rps13","ortholog_one2one",100,100,1
"MYOM2","Myom2","ortholog_one2one",100,100,1
"CALB2","Calb2","ortholog_one2one",100,100,1
"TMEM184C","Tmem184c","ortholog_one2one",100,83.8,1
"DLL3","Dll3","ortholog_one2one",100,99.6,1
"ODF3","Odf3","ortholog_one2one",100,100,1
"DTX1","Dtx1","ortholog_one2one",100,100,1
"ZNF787","Zfp787","ortholog_one2one",75,100,1
"POP4","Pop4","ortholog_one2one",50,100,1
"ROBO2","Robo2","ortholog_one2one",50,100,1
"WDFY1","Wdfy1","ortholog_one2one",100,97.09,1
"PEX7","Pex7","ortholog_one2one",100,100,1
"SIRT3","Sirt3","ortholog_one2one",100,100,1
"CA13","Car13","ortholog_one2one",100,100,1
"PKNOX2","Pknox2","ortholog_one2one",100,100,1
"PCDH15","Pcdh15","ortholog_one2one",50,100,1
"CMTR2","Cmtr2","ortholog_one2one",100,100,1
"SBDS","Sbds","ortholog_one2one",75,100,1
"PTH2","Pth2","ortholog_one2one",100,100,1
"NAPA","Napa","ortholog_one2one",100,100,1
"NAPRT","Naprt","ortholog_one2one",100,100,1
"SH2D5","Sh2d5","ortholog_one2one",100,100,1
"SEMA3D","Sema3d","ortholog_one2one",100,100,1
"HK1","Hk1","ortholog_one2one",100,97.94,1
"RAB10","Rab10","ortholog_one2one",50,100,1
"STK36","Stk36","ortholog_one2one",100,100,1
"EDNRA","Ednra","ortholog_one2one",100,100,1
"RNF112","Rnf112","ortholog_one2one",100,100,1
"SYT13","Syt13","ortholog_one2one",100,100,1
"HAP1","Hap1","ortholog_one2one",100,100,1
"ZSWIM9","Zswim9","ortholog_one2one",50,98.01,1
"MYO1D","Myo1d","ortholog_one2one",100,100,1
"CDKL1","Cdkl1","ortholog_one2one",100,100,1
"CC2D1B","Cc2d1b","ortholog_one2one",100,100,1
"TNS3","Tns3","ortholog_one2one",100,100,1
"ZBTB5","Zbtb5","ortholog_one2one",100,100,1
"KIF17","Kif17","ortholog_one2one",100,100,1
"SENP7","Senp7","ortholog_one2one",100,100,1
"CRISP2","Crisp2","ortholog_one2one",25,100,1
"PM20D2","Pm20d2","ortholog_one2one",100,100,1
"SLC25A45","Slc25a45","ortholog_one2one",100,100,1
"PSMD13","Psmd13","ortholog_one2one",100,100,1
"MAP4K5","Map4k5","ortholog_one2one",100,99.97,1
"TCF3","Tcf3","ortholog_one2one",100,98.54,1
"EEF1D","Eef1d","ortholog_one2one",100,100,1
"NPAS3","Npas3","ortholog_one2one",100,100,1
"AQP4","Aqp4","ortholog_one2one",100,100,1
"FADS3","Fads3","ortholog_one2one",75,100,1
"SMOC2","Smoc2","ortholog_one2one",100,100,1
"NUAK1","Nuak1","ortholog_one2one",100,100,1
"RIPK2","Ripk2","ortholog_one2one",100,100,1
"YTHDC2","Ythdc2","ortholog_one2one",100,100,1
"SNTN","Sntn","ortholog_one2one",100,93.67,1
"BTBD1","Btbd1","ortholog_one2one",100,100,1
"DDX4","Ddx4","ortholog_one2one",100,100,1
"FASLG","Fasl","ortholog_one2one",100,100,1
"MRPL44","Mrpl44","ortholog_one2one",100,100,1
"CA1","Car1","ortholog_one2one",100,100,1
"RASGEF1C","Rasgef1c","ortholog_one2one",100,100,1
"KASH5","Ccdc155","ortholog_one2one",100,100,1
"C15orf40","3110040N11Rik","ortholog_one2one",100,87.7,1
"TAS2R7","Tas2r130","ortholog_one2one",100,100,1
"COG6","Cog6","ortholog_one2one",75,100,1
"NMT2","Nmt2","ortholog_one2one",75,99.96,1
"KLHL7","Klhl7","ortholog_one2one",75,100,1
"NKX1-1","Nkx1-1","ortholog_one2one",100,100,1
"OR2AT4","Olfr520","ortholog_one2one",100,100,1
"METTL24","Mettl24","ortholog_one2one",100,100,1
"ERICH4","Erich4","ortholog_one2one",75,100,1
"TMEM222","Tmem222","ortholog_one2one",100,100,1
"DPP3","Dpp3","ortholog_one2one",100,100,1
"KIAA1328","AW554918","ortholog_one2one",100,100,1
"ENOX2","Enox2","ortholog_one2one",100,99.62,1
"UQCRFS1","Uqcrfs1","ortholog_one2one",0,54.88,0
"RESF1","Resf1","ortholog_one2one",75,94.2,0
"PIK3C2A","Pik3c2a","ortholog_one2one",75,100,1
"GJB3","Gjb3","ortholog_one2one",100,100,1
"PRR7","Prr7","ortholog_one2one",100,100,1
"NUP210","Nup210","ortholog_one2one",50,100,1
"TLR1","Tlr1","ortholog_one2one",100,100,1
"CLDND2","Cldnd2","ortholog_one2one",100,100,1
"SRSF12","Srsf12","ortholog_one2one",100,94.18,1
"FZD8","Fzd8","ortholog_one2one",50,100,1
"OR2A2","Olfr437","ortholog_one2one",25,3.05,0
"AGK","Agk","ortholog_one2one",100,100,1
"SCAMP1","Scamp1","ortholog_one2one",100,100,1
"MACROD2","Macrod2","ortholog_one2one",100,100,1
"GJD4","Gjd4","ortholog_one2one",25,100,1
"SERAC1","Serac1","ortholog_one2one",100,100,1
"NR4A3","Nr4a3","ortholog_one2one",100,100,1
"RBM22","Rbm22","ortholog_one2one",100,100,1
"DGUOK","Dguok","ortholog_one2one",100,100,1
"FHOD3","Fhod3","ortholog_one2one",100,100,1
"RBM47","Rbm47","ortholog_one2one",100,100,1
"RNF151","Rnf151","ortholog_one2one",100,100,1
"GNPNAT1","Gnpnat1","ortholog_one2one",100,100,1
"PNRC1","Pnrc1","ortholog_one2one",100,98.08,1
"DTWD2","Dtwd2","ortholog_one2one",100,100,1
"ZNF444","Zfp444","ortholog_one2one",100,100,1
"C11orf91","A930018P22Rik","ortholog_one2one",100,100,1
"TMEM130","Tmem130","ortholog_one2one",100,100,1
"TARM1","Tarm1","ortholog_one2one",100,91.58,0
"HDHD2","Hdhd2","ortholog_one2one",100,100,1
"DDX1","Ddx1","ortholog_one2one",100,100,1
"KIF2A","Kif2a","ortholog_one2one",100,100,1
"TIMM50","Timm50","ortholog_one2one",100,98.37,1
"ASXL3","Asxl3","ortholog_one2one",100,100,1
"RPP38","Rpp38","ortholog_one2one",100,100,1
"TPM2","Tpm2","ortholog_one2one",100,100,1
"FADS2","Fads2","ortholog_one2one",100,100,1
"FCAMR","Fcamr","ortholog_one2one",100,99.13,0
"DMAC2","Dmac2","ortholog_one2one",100,98.4,1
"TGS1","Tgs1","ortholog_one2one",50,100,1
"STEAP3","Steap3","ortholog_one2one",100,100,1
"ZSCAN21","Zscan21","ortholog_one2one",50,94.13,1
"EIF5B","Eif5b","ortholog_one2one",100,100,1
"ATXN7","Atxn7","ortholog_one2one",75,100,1
"FLRT3","Flrt3","ortholog_one2one",100,100,1
"SLC25A31","Slc25a31","ortholog_one2one",100,100,1
"PDIK1L","Pdik1l","ortholog_one2one",100,100,1
"C9orf72","C9orf72","ortholog_one2one",100,99.33,1
"GJB4","Gjb4","ortholog_one2one",100,100,1
"ACBD7","Acbd7","ortholog_one2one",100,96.14,1
"HAO2","Hao2","ortholog_one2one",100,100,1
"IL9R","Il9r","ortholog_one2one",0,100,1
"SCLY","Scly","ortholog_one2one",100,95.21,1
"SDR9C7","Sdr9c7","ortholog_one2one",100,100,1
"NUDT7","Nudt7","ortholog_one2one",100,94.95,1
"MYOZ3","Myoz3","ortholog_one2one",100,100,1
"B3GNT8","B3gnt8","ortholog_one2one",100,100,1
"OSCAR","Oscar","ortholog_one2one",100,100,1
"OR13F1","Olfr275","ortholog_one2one",75,100,1
"EGLN3","Egln3","ortholog_one2one",100,100,1
"ADGB","Adgb","ortholog_one2one",100,99.15,0
"TLR6","Tlr6","ortholog_one2one",100,100,1
"TTC5","Ttc5","ortholog_one2one",75,100,1
"LTN1","Ltn1","ortholog_one2one",75,100,1
"ZNF777","Zfp777","ortholog_one2one",100,100,1
"SYNJ2","Synj2","ortholog_one2one",100,100,1
"SLC27A3","Slc27a3","ortholog_one2one",100,100,1
"C3orf49","Gm11100","ortholog_one2one",100,100,1
"FBXO41","Fbxo41","ortholog_one2one",100,100,1
"INPP1","Inpp1","ortholog_one2one",100,100,1
"REV1","Rev1","ortholog_one2one",100,100,1
"ID3","Id3","ortholog_one2one",100,100,1
"GPATCH1","Gpatch1","ortholog_one2one",100,100,1
"ATL1","Atl1","ortholog_one2one",100,100,1
"CEACAM16","Ceacam16","ortholog_one2one",100,100,1
"FARP2","Farp2","ortholog_one2one",100,100,1
"NUDCD3","Nudcd3","ortholog_one2one",100,100,1
"THOC7","Thoc7","ortholog_one2one",100,100,1
"OLAH","Olah","ortholog_one2one",100,92.46,0
"MSRB3","Msrb3","ortholog_one2one",100,100,1
"THBS2","Thbs2","ortholog_one2one",100,100,1
"TRIM67","Trim67","ortholog_one2one",100,100,1
"OR13C3","Olfr273","ortholog_one2one",75,100,1
"SPAG5","Spag5","ortholog_one2one",100,99.51,1
"ADD1","Add1","ortholog_one2one",100,100,1
"GJB5","Gjb5","ortholog_one2one",75,100,1
"ABHD3","Abhd3","ortholog_one2one",100,100,1
"C1QL2","C1ql2","ortholog_one2one",100,100,1
"TPGS2","Tpgs2","ortholog_one2one",100,89.61,1
"VMP1","Vmp1","ortholog_one2one",100,100,1
"FAM53A","Fam53a","ortholog_one2one",100,100,1
"CARD11","Card11","ortholog_one2one",100,100,1
"GOSR1","Gosr1","ortholog_one2one",50,100,1
"SUCO","Suco","ortholog_one2one",100,100,1
"SAV1","Sav1","ortholog_one2one",100,100,1
"NEUROD2","Neurod2","ortholog_one2one",100,100,1
"PPP1R42","Ppp1r42","ortholog_one2one",100,100,1
"DECR2","Decr2","ortholog_one2one",100,100,1
"E2F6","E2f6","ortholog_one2one",100,100,1
"STK25","Stk25","ortholog_one2one",100,100,1
"PRRC2B","Prrc2b","ortholog_one2one",100,100,1
"GNPAT","Gnpat","ortholog_one2one",100,100,1
"NDUFB10","Ndufb10","ortholog_one2one",100,99.19,1
"ARHGEF5","Arhgef5","ortholog_one2one",50,100,1
"RWDD1","Rwdd1","ortholog_one2one",50,100,1
"SUMO2","Sumo2","ortholog_one2one",100,100,1
"MYRFL","Myrfl","ortholog_one2one",100,100,1
"SKIDA1","Skida1","ortholog_one2one",100,100,1
"EGR4","Egr4","ortholog_one2one",100,100,1
"RCE1","Rce1","ortholog_one2one",75,100,1
"TIGD3","Tigd3","ortholog_one2one",100,100,1
"SLC35A4","Slc35a4","ortholog_one2one",100,100,1
"CHST9","Chst9","ortholog_one2one",100,100,1
"TMEM131L","Tmem131l","ortholog_one2one",100,100,1
"APBB3","Apbb3","ortholog_one2one",75,100,1
"SLC7A2","Slc7a2","ortholog_one2one",100,100,1
"ZFPL1","Zfpl1","ortholog_one2one",100,100,1
"GNPDA1","Gnpda1","ortholog_one2one",100,99.4,1
"MSLN","Msln","ortholog_one2one",100,100,1
"NDUFA3","Ndufa3","ortholog_one2one",100,100,1
"SLC35F1","Slc35f1","ortholog_one2one",100,100,1
"PLA2G1B","Pla2g1b","ortholog_one2one",100,100,1
"TCF24","Tcf24","ortholog_one2one",100,100,1
"ANAPC1","Anapc1","ortholog_one2one",100,100,1
"DNAJB9","Dnajb9","ortholog_one2one",75,100,1
"MRPL55","Mrpl55","ortholog_one2one",100,95.94,1
"DKKL1","Dkkl1","ortholog_one2one",100,100,1
"C1orf94","CK137956","ortholog_one2one",75,100,1
"IL15RA","Il15ra","ortholog_one2one",100,100,0
"GTF3C4","Gtf3c4","ortholog_one2one",100,100,1
"EIF4E3","Eif4e3","ortholog_one2one",100,100,1
"FBXO43","Fbxo43","ortholog_one2one",100,100,1
"TFPT","Tfpt","ortholog_one2one",100,100,1
"MLLT10","Mllt10","ortholog_one2one",100,100,1
"SLC6A13","Slc6a13","ortholog_one2one",50,100,1
"KCNT1","Kcnt1","ortholog_one2one",100,99.11,1
"OR13C8","Olfr272","ortholog_one2one",0,100,1
"SNX19","Snx19","ortholog_one2one",100,100,1
"GALNTL6","Galntl6","ortholog_one2one",100,100,1
"CHMP6","Chmp6","ortholog_one2one",100,100,1
"C1orf131","2810004N23Rik","ortholog_one2one",100,100,1
"CDH20","Cdh20","ortholog_one2one",50,100,1
"CDC40","Cdc40","ortholog_one2one",100,100,1
"B3GNT5","B3gnt5","ortholog_one2one",50,100,1
"CLIC3","Clic3","ortholog_one2one",100,100,1
"VSIG10L","Vsig10l","ortholog_one2one",100,99.87,1
"TTLL11","Ttll11","ortholog_one2one",100,100,1
"CA3","Car3","ortholog_one2one",75,100,1
"FOXJ3","Foxj3","ortholog_one2one",100,100,1
"ELOC","Eloc","ortholog_one2one",100,94.44,1
"KIAA1549L","D430041D05Rik","ortholog_one2one",100,100,1
"C1orf35","2310033P09Rik","ortholog_one2one",100,99.95,1
"DIMT1","Dimt1","ortholog_one2one",100,100,1
"ZNF76","Zfp523","ortholog_one2one",100,100,1
"CEACAM19","Ceacam19","ortholog_one2one",100,94.24,1
"GALP","Galp","ortholog_one2one",75,100,1
"SUCLG1","Suclg1","ortholog_one2one",75,100,1
"NUP42","Nupl2","ortholog_one2one",50,97.94,1
"VPS51","Vps51","ortholog_one2one",100,100,1
"PRDM11","Prdm11","ortholog_one2one",100,100,0
"RGN","Rgn","ortholog_one2one",100,100,1
"OGFOD2","Ogfod2","ortholog_one2one",100,100,1
"ANKAR","Ankar","ortholog_one2one",0,83.48,1
"HSCB","Hscb","ortholog_one2one",50,100,1
"AFF4","Aff4","ortholog_one2one",100,100,1
"LYN","Lyn","ortholog_one2one",100,100,1
"MFSD2B","Mfsd2b","ortholog_one2one",100,100,1
"CCNB1IP1","Ccnb1ip1","ortholog_one2one",50,99.78,1
"FAM114A1","Fam114a1","ortholog_one2one",100,100,1
"ADORA2B","Adora2b","ortholog_one2one",50,100,1
"C6orf62","BC005537","ortholog_one2one",100,100,1
"PAXX","Paxx","ortholog_one2one",100,100,1
"NEU3","Neu3","ortholog_one2one",100,100,1
"PNPLA8","Pnpla8","ortholog_one2one",75,100,1
"RAD51B","Rad51b","ortholog_one2one",100,93.9,0
"KLF10","Klf10","ortholog_one2one",100,100,1
"TMEM120A","Tmem120a","ortholog_one2one",100,100,1
"VAT1L","Vat1l","ortholog_one2one",100,100,1
"MRPL32","Mrpl32","ortholog_one2one",75,100,1
"NMUR1","Nmur1","ortholog_one2one",100,100,1
"LAMP2","Lamp2","ortholog_one2one",100,100,1
"TMEM262","Tmem262","ortholog_one2one",100,100,1
"DNAJC1","Dnajc1","ortholog_one2one",100,100,1
"HIBCH","Hibch","ortholog_one2one",75,100,1
"TM7SF2","Tm7sf2","ortholog_one2one",100,100,1
"TMEM156","Tmem156","ortholog_one2one",100,100,1
"CLEC3A","Clec3a","ortholog_one2one",100,100,1
"ARF1","Arf1","ortholog_one2one",100,100,1
"NOL4","Nol4","ortholog_one2one",100,100,1
"STAT3","Stat3","ortholog_one2one",100,100,1
"C6orf58","2310057J18Rik","ortholog_one2one",100,100,1
"RBM10","Rbm10","ortholog_one2one",100,100,1
"TTC29","Ttc29","ortholog_one2one",100,100,1
"ACTG2","Actg2","ortholog_one2one",75,100,1
"OAS2","Oas2","ortholog_one2one",100,94.99,1
"LGR4","Lgr4","ortholog_one2one",100,100,1
"ZSWIM7","Zswim7","ortholog_one2one",50,100,1
"RPL3L","Rpl3l","ortholog_one2one",100,100,1
"GPR135","Gpr135","ortholog_one2one",100,100,1
"WDR12","Wdr12","ortholog_one2one",100,100,1
"IFNB1","Ifnb1","ortholog_one2one",100,100,0
"WNT3A","Wnt3a","ortholog_one2one",100,100,1
"NUP85","Nup85","ortholog_one2one",100,100,1
"DNAJC6","Dnajc6","ortholog_one2one",100,100,1
"MIDN","Midn","ortholog_one2one",100,100,1
"TEX44","Tex44","ortholog_one2one",100,88.75,0
"ZFYVE9","Zfyve9","ortholog_one2one",100,99.44,1
"DDX31","Ddx31","ortholog_one2one",100,100,1
"SNRNP25","Snrnp25","ortholog_one2one",50,100,1
"TMTC3","Tmtc3","ortholog_one2one",75,100,1
"DNAJC21","Dnajc21","ortholog_one2one",100,97.32,1
"ACSL1","Acsl1","ortholog_one2one",100,100,1
"SPCS2","Spcs2","ortholog_one2one",100,100,1
"FYB1","Fyb","ortholog_one2one",100,100,1
"ARHGAP15","Arhgap15","ortholog_one2one",100,100,1
"RNGTT","Rngtt","ortholog_one2one",100,100,1
"CCNY","Ccny","ortholog_one2one",50,100,1
"DENND11","Dennd11","ortholog_one2one",100,100,1
"AKAP1","Akap1","ortholog_one2one",100,99.4,1
"DMXL1","Dmxl1","ortholog_one2one",100,100,1
"VPS41","Vps41","ortholog_one2one",100,100,1
"PPP1R1B","Ppp1r1b","ortholog_one2one",100,100,1
"RASGEF1A","Rasgef1a","ortholog_one2one",100,100,1
"XRRA1","Xrra1","ortholog_one2one",100,100,1
"TRAPPC3L","Trappc3l","ortholog_one2one",0,100,1
"SON","Son","ortholog_one2one",100,99.79,1
"E2F2","E2f2","ortholog_one2one",100,100,1
"LHFPL6","Lhfp","ortholog_one2one",100,100,1
"TCF4","Tcf4","ortholog_one2one",50,97.85,1
"CALHM5","Calhm5","ortholog_one2one",75,100,1
"CALHM4","Calhm4","ortholog_one2one",75,100,1
"FAM98C","Fam98c","ortholog_one2one",100,100,1
"EIF4A1","Eif4a1","ortholog_one2one",100,100,1
"CKAP4","Ckap4","ortholog_one2one",100,100,1
"TM6SF1","Tm6sf1","ortholog_one2one",100,100,1
"KLHL23","Klhl23","ortholog_one2one",100,100,1
"INTS3","Ints3","ortholog_one2one",100,100,1
"ESPNL","Espnl","ortholog_one2one",100,100,1
"TMEM98","Tmem98","ortholog_one2one",100,100,1
"CLINT1","Clint1","ortholog_one2one",100,100,1
"FBRS","Fbrs","ortholog_one2one",100,100,0
"TRIM63","Trim63","ortholog_one2one",100,100,1
"HECTD2","Hectd2","ortholog_one2one",100,100,1
"NUP160","Nup160","ortholog_one2one",100,100,1
"REPS1","Reps1","ortholog_one2one",100,100,1
"ARHGEF1","Arhgef1","ortholog_one2one",100,100,1
"GOT2","Got2","ortholog_one2one",100,100,1
"HSD17B6","Hsd17b6","ortholog_one2one",100,100,1
"GAD2","Gad2","ortholog_one2one",100,100,1
"CC2D1A","Cc2d1a","ortholog_one2one",100,100,1
"TTC23","Ttc23","ortholog_one2one",75,100,1
"KDM5D","Kdm5d","ortholog_one2one",0,64.44,0
"SCUBE3","Scube3","ortholog_one2one",100,99.92,1
"PVR","Pvr","ortholog_one2one",100,75.14,0
"CALN1","Caln1","ortholog_one2one",75,100,1
"RWDD2B","Rwdd2b","ortholog_one2one",50,96.74,1
"MYO1G","Myo1g","ortholog_one2one",100,100,1
"SEMA6C","Sema6c","ortholog_one2one",100,100,1
"NF2","Nf2","ortholog_one2one",100,100,1
"RASGRP4","Rasgrp4","ortholog_one2one",100,100,1
"PIGR","Pigr","ortholog_one2one",100,100,1
"INPPL1","Inppl1","ortholog_one2one",100,100,1
"HDGFL3","Hdgfl3","ortholog_one2one",100,100,1
"CREG1","Creg1","ortholog_one2one",100,94.89,1
"TMEM218","Tmem218","ortholog_one2one",100,100,1
"CA2","Car2","ortholog_one2one",50,100,1
"SELENOP","Selenop","ortholog_one2one",50,100,1
"CARF","Carf","ortholog_one2one",100,100,1
"RAB3IP","Rab3ip","ortholog_one2one",100,99.76,1
"TPP2","Tpp2","ortholog_one2one",50,100,1
"POU4F2","Pou4f2","ortholog_one2one",100,100,1
"WARS2","Wars2","ortholog_one2one",100,100,1
"L3HYPDH","L3hypdh","ortholog_one2one",100,100,1
"ODC1","Odc1","ortholog_one2one",50,100,1
"DDOST","Ddost","ortholog_one2one",100,100,1
"EMILIN1","Emilin1","ortholog_one2one",100,100,1
"RHAG","Rhag","ortholog_one2one",50,98.81,1
"NDUFA8","Ndufa8","ortholog_one2one",100,100,1
"CCDC152","Ccdc152","ortholog_one2one",75,100,1
"CDCA7","Cdca7","ortholog_one2one",100,100,1
"WNT9A","Wnt9a","ortholog_one2one",100,100,1
"EPO","Epo","ortholog_one2one",100,100,1
"MORN5","Morn5","ortholog_one2one",100,100,1
"PRSS38","Prss38","ortholog_one2one",75,100,1
"CYP2F1","Cyp2f2","ortholog_one2one",0,100,1
"FAM149B1","Fam149b","ortholog_one2one",100,100,1
"UBE4B","Ube4b","ortholog_one2one",100,99.99,1
"ALDH18A1","Aldh18a1","ortholog_one2one",100,100,1
"CD14","Cd14","ortholog_one2one",75,100,1
"SPACA3","Spaca3","ortholog_one2one",100,100,1
"KPTN","Kptn","ortholog_one2one",100,100,1
"GIGYF1","Gigyf1","ortholog_one2one",100,100,1
"HDAC11","Hdac11","ortholog_one2one",100,100,1
"ACOT13","Acot13","ortholog_one2one",100,100,1
"PTPN22","Ptpn22","ortholog_one2one",100,100,1
"SLC34A3","Slc34a3","ortholog_one2one",100,100,1
"OR13D1","Olfr270","ortholog_one2one",50,100,1
"GDF7","Gdf7","ortholog_one2one",100,99.37,1
"MAX","Max","ortholog_one2one",100,100,1
"ZNF746","Zfp746","ortholog_one2one",100,100,1
"DONSON","Donson","ortholog_one2one",100,100,1
"PELI3","Peli3","ortholog_one2one",100,100,1
"SIRT4","Sirt4","ortholog_one2one",100,99.67,1
"MADD","Madd","ortholog_one2one",100,100,1
"DNM3","Dnm3","ortholog_one2one",100,100,1
"PTRH2","Ptrh2","ortholog_one2one",100,99.74,1
"GNAZ","Gnaz","ortholog_one2one",50,100,1
"ALMS1","Alms1","ortholog_one2one",75,92.31,0
"THAP11","Thap11","ortholog_one2one",100,100,1
"GNB2","Gnb2","ortholog_one2one",100,100,1
"B4GALT1","B4galt1","ortholog_one2one",100,100,1
"RSPH14","Rsph14","ortholog_one2one",50,100,1
"MARCHF1","Marchf1","ortholog_one2one",75,100,1
"MND1","Mnd1","ortholog_one2one",100,99.66,1
"MIB1","Mib1","ortholog_one2one",100,100,1
"SCNN1A","Scnn1a","ortholog_one2one",100,100,1
"CHEK2","Chek2","ortholog_one2one",75,96.96,1
"IRAG2","Lrmp","ortholog_one2one",100,78.05,0
"EGLN2","Egln2","ortholog_one2one",75,100,1
"KIAA0408","9330159F19Rik","ortholog_one2one",100,100,1
"PDGFRL","Pdgfrl","ortholog_one2one",100,100,1
"TMEM70","Tmem70","ortholog_one2one",100,100,1
"PLEKHG1","Plekhg1","ortholog_one2one",100,100,1
"PDE7B","Pde7b","ortholog_one2one",100,100,1
"PHOX2A","Phox2a","ortholog_one2one",100,100,1
"NPC1L1","Npc1l1","ortholog_one2one",100,99.32,1
"C7orf25","AW209491","ortholog_one2one",100,100,1
"FOLR2","Folr2","ortholog_one2one",100,100,1
"NGB","Ngb","ortholog_one2one",75,100,1
"CPD","Cpd","ortholog_one2one",75,100,1
"LDB1","Ldb1","ortholog_one2one",100,100,1
"SYNM","Synm","ortholog_one2one",50,100,1
"YLPM1","Ylpm1","ortholog_one2one",100,100,1
"OAS3","Oas3","ortholog_one2one",100,98.19,1
"CD247","Cd247","ortholog_one2one",100,93.17,1
"IGSF23","Igsf23","ortholog_one2one",75,97.13,0
"CNR1","Cnr1","ortholog_one2one",100,100,1
"TCP11L2","Tcp11l2","ortholog_one2one",100,100,1
"TNFAIP8","Tnfaip8","ortholog_one2one",100,100,1
"FCMR","Fcmr","ortholog_one2one",100,100,1
"GCHFR","Gchfr","ortholog_one2one",100,100,1
"DCC","Dcc","ortholog_one2one",100,100,1
"SKAP1","Skap1","ortholog_one2one",100,100,1
"LY96","Ly96","ortholog_one2one",100,100,1
"SLC22A8","Slc22a8","ortholog_one2one",100,100,1
"MALT1","Malt1","ortholog_one2one",100,100,1
"ADAM12","Adam12","ortholog_one2one",100,100,1
"MUC5B","Muc5b","ortholog_one2one",100,100,0
"LINGO2","Lingo2","ortholog_one2one",100,100,1
"LSM11","Lsm11","ortholog_one2one",100,100,1
"PCNX3","Pcnx3","ortholog_one2one",100,100,1
"PLEKHA5","Plekha5","ortholog_one2one",100,100,1
"ANKRD42","Ankrd42","ortholog_one2one",100,100,1
"SYNGR4","Syngr4","ortholog_one2one",100,100,1
"FAM171A2","Fam171a2","ortholog_one2one",100,100,1
"PIGC","Pigc","ortholog_one2one",100,100,1
"C2orf88","1700019D03Rik","ortholog_one2one",100,100,1
"SLF1","Slf1","ortholog_one2one",100,100,1
"TMCO6","Tmco6","ortholog_one2one",100,100,1
"TBC1D25","Tbc1d25","ortholog_one2one",100,100,1
"SPINK4","Spink4","ortholog_one2one",100,84.37,0
"C1orf105","4930558K02Rik","ortholog_one2one",100,100,1
"GRN","Grn","ortholog_one2one",100,100,1
"CFAP94","Casc1","ortholog_one2one",100,99.68,1
"KIAA1217","Etl4","ortholog_one2one",100,100,1
"SLC8A2","Slc8a2","ortholog_one2one",100,100,1
"GLMP","Glmp","ortholog_one2one",100,100,1
"GTDC1","Gtdc1","ortholog_one2one",100,100,1
"HS1BP3","Hs1bp3","ortholog_one2one",100,100,1
"AP3B1","Ap3b1","ortholog_one2one",100,99.58,1
"SEMA4G","Sema4g","ortholog_one2one",100,100,1
"SLBP","Slbp","ortholog_one2one",75,100,1
"NDUFA2","Ndufa2","ortholog_one2one",100,100,1
"PARP2","Parp2","ortholog_one2one",100,100,1
"MERTK","Mertk","ortholog_one2one",100,100,1
"DHX15","Dhx15","ortholog_one2one",100,100,1
"RNF224","Rnf224","ortholog_one2one",100,100,1
"MARCO","Marco","ortholog_one2one",100,100,1
"SLC22A6","Slc22a6","ortholog_one2one",100,100,1
"SH2B1","Sh2b1","ortholog_one2one",100,100,1
"WDTC1","Wdtc1","ortholog_one2one",100,100,1
"CYSRT1","Cysrt1","ortholog_one2one",100,100,1
"TXNDC12","Txndc12","ortholog_one2one",100,100,1
"TMEM79","Tmem79","ortholog_one2one",100,100,1
"UTRN","Utrn","ortholog_one2one",100,100,1
"CAMSAP3","Camsap3","ortholog_one2one",100,100,1
"RAB3D","Rab3d","ortholog_one2one",100,100,1
"DHCR7","Dhcr7","ortholog_one2one",75,100,1
"SPTSSA","Sptssa","ortholog_one2one",100,100,1
"VRK2","Vrk2","ortholog_one2one",100,100,1
"FOXJ1","Foxj1","ortholog_one2one",100,100,1
"LAX1","Lax1","ortholog_one2one",75,100,0
"SLC10A7","Slc10a7","ortholog_one2one",100,97.91,1
"ZFYVE19","Zfyve19","ortholog_one2one",100,100,1
"PPP1R10","Ppp1r10","ortholog_one2one",100,99.2,1
"BNC1","Bnc1","ortholog_one2one",100,100,1
"MEIG1","Meig1","ortholog_one2one",100,100,1
"SYNPO","Synpo","ortholog_one2one",100,100,1
"ADAMTS15","Adamts15","ortholog_one2one",100,100,1
"TMEM129","Tmem129","ortholog_one2one",100,100,1
"POP7","Pop7","ortholog_one2one",100,100,1
"PPRC1","Pprc1","ortholog_one2one",100,100,1
"SWT1","Swt1","ortholog_one2one",100,99.28,1
"SLC6A12","Slc6a12","ortholog_one2one",50,100,1
"FUT8","Fut8","ortholog_one2one",100,100,1
"ANKRD28","Ankrd28","ortholog_one2one",100,100,1
"IL24","Il24","ortholog_one2one",100,99.82,1
"POU2F1","Pou2f1","ortholog_one2one",100,100,1
"EHMT2","Ehmt2","ortholog_one2one",75,100,1
"DMBX1","Dmbx1","ortholog_one2one",100,100,1
"JPH1","Jph1","ortholog_one2one",100,100,1
"CCDC34","Ccdc34","ortholog_one2one",100,100,1
"P2RX1","P2rx1","ortholog_one2one",100,100,1
"TACC3","Tacc3","ortholog_one2one",100,70.48,0
"RNF130","Rnf130","ortholog_one2one",100,100,1
"CCDC90B","Ccdc90b","ortholog_one2one",100,100,1
"FANCL","Fancl","ortholog_one2one",100,100,1
"IL20","Il20","ortholog_one2one",100,99.96,1
"OR52P1P","Olfr607","ortholog_one2one",0,0,0
"C19orf57","4930432K21Rik","ortholog_one2one",100,96.06,0
"NUP37","Nup37","ortholog_one2one",100,100,1
"INAVA","Inava","ortholog_one2one",100,100,1
"TBX15","Tbx15","ortholog_one2one",100,100,1
"KMT2B","Kmt2b","ortholog_one2one",100,100,1
"MAPK1","Mapk1","ortholog_one2one",100,100,1
"ASXL2","Asxl2","ortholog_one2one",100,100,1
"NACA","Naca","ortholog_one2one",100,99.43,0
"DNAJC17","Dnajc17","ortholog_one2one",100,100,1
"STAT5A","Stat5a","ortholog_one2one",100,100,1
"TPH1","Tph1","ortholog_one2one",100,100,1
"ESPN","Espn","ortholog_one2one",100,99.37,0
"QRSL1","Qrsl1","ortholog_one2one",100,99.79,1
"MAP2","Map2","ortholog_one2one",100,100,1
"MAPK7","Mapk7","ortholog_one2one",100,100,1
"C15orf62","Gm14137","ortholog_one2one",100,100,1
"NLRP10","Nlrp10","ortholog_one2one",50,96.68,1
"EN1","En1","ortholog_one2one",100,100,1
"BAIAP2","Baiap2","ortholog_one2one",100,100,1
"ZFP36L1","Zfp36l1","ortholog_one2one",100,100,1
"POLR2C","Polr2c","ortholog_one2one",100,100,1
"ASAP3","Asap3","ortholog_one2one",100,100,1
"EIF3F","Eif3f","ortholog_one2one",50,100,1
"SIM2","Sim2","ortholog_one2one",100,100,1
"TMEM143","Tmem143","ortholog_one2one",100,100,1
"RPL37A","Rpl37a","ortholog_one2one",100,100,1
"KIF3C","Kif3c","ortholog_one2one",75,100,1
"PACS2","Pacs2","ortholog_one2one",100,100,1
"IL19","Il19","ortholog_one2one",100,100,1
"SMC4","Smc4","ortholog_one2one",100,100,1
"SH3GL3","Sh3gl3","ortholog_one2one",75,99.26,1
"CCDC159","Ccdc159","ortholog_one2one",100,100,1
"SURF2","Surf2","ortholog_one2one",100,100,1
"CBLL1","Cbll1","ortholog_one2one",100,100,1
"PITPNM1","Pitpnm1","ortholog_one2one",100,100,1
"MAP3K11","Map3k11","ortholog_one2one",100,100,1
"XAB2","Xab2","ortholog_one2one",100,99.92,1
"POLR3B","Polr3b","ortholog_one2one",100,100,1
"TMPO","Tmpo","ortholog_one2one",100,100,1
"MRPL11","Mrpl11","ortholog_one2one",100,100,1
"PIGL","Pigl","ortholog_one2one",100,100,1
"NTAQ1","Wdyhv1","ortholog_one2one",100,100,1
"SNCG","Sncg","ortholog_one2one",100,100,1
"TTC19","Ttc19","ortholog_one2one",100,100,1
"PTPA","Ptpa","ortholog_one2one",100,97.31,1
"SURF1","Surf1","ortholog_one2one",100,100,1
"CPT1A","Cpt1a","ortholog_one2one",100,100,1
"MFAP4","Mfap4","ortholog_one2one",100,100,1
"ORC5","Orc5","ortholog_one2one",100,100,1
"KLHL6","Klhl6","ortholog_one2one",50,100,1
"DOK4","Dok4","ortholog_one2one",100,100,1
"NIPBL","Nipbl","ortholog_one2one",100,100,1
"CAMSAP2","Camsap2","ortholog_one2one",100,100,1
"CEP85L","Cep85l","ortholog_one2one",100,98.6,1
"RHOB","Rhob","ortholog_one2one",100,100,1
"HMGB1","Hmgb1","ortholog_one2one",100,100,1
"AK7","Ak7","ortholog_one2one",100,100,1
"MSRB1","Msrb1","ortholog_one2one",100,97.04,0
"GATA6","Gata6","ortholog_one2one",100,100,1
"IGFBP2","Igfbp2","ortholog_one2one",100,100,1
"WWOX","Wwox","ortholog_one2one",100,100,1
"CCT8","Cct8","ortholog_one2one",100,100,1
"PKD1L1","Pkd1l1","ortholog_one2one",100,95.95,1
"TTC28","Ttc28","ortholog_one2one",100,100,1
"PLN","Pln","ortholog_one2one",100,100,1
"MEX3C","Mex3c","ortholog_one2one",100,100,1
"KLHL30","Klhl30","ortholog_one2one",100,100,1
"DUSP14","Dusp14","ortholog_one2one",100,100,1
"TWNK","Twnk","ortholog_one2one",75,100,1
"C11orf80","Gm960","ortholog_one2one",100,96.78,0
"TAF2","Taf2","ortholog_one2one",100,100,1
"TYRP1","Tyrp1","ortholog_one2one",100,100,1
"TMEM205","Tmem205","ortholog_one2one",100,100,1
"APBB1IP","Apbb1ip","ortholog_one2one",100,100,1
"LEAP2","Leap2","ortholog_one2one",100,100,1
"COPS5","Cops5","ortholog_one2one",100,100,1
"RIMS1","Rims1","ortholog_one2one",100,98.39,1
"NCOR1","Ncor1","ortholog_one2one",100,100,1
"MRPL43","Mrpl43","ortholog_one2one",100,100,0
"RNF208","Rnf208","ortholog_one2one",100,100,1
"BARHL1","Barhl1","ortholog_one2one",100,100,1
"HS3ST6","Hs3st6","ortholog_one2one",100,100,1
"NANOS3","Nanos3","ortholog_one2one",100,100,1
"CETN1","Cetn1","ortholog_one2one",50,100,1
"TMA16","Tma16","ortholog_one2one",100,92.97,1
"MSTN","Mstn","ortholog_one2one",100,100,1
"GPR25","Gpr25","ortholog_one2one",100,100,1
"EDDM13","Epp13","ortholog_one2one",50,97.82,1
"GDF6","Gdf6","ortholog_one2one",50,100,1
"NPR1","Npr1","ortholog_one2one",100,100,1
"TMEM203","Tmem203","ortholog_one2one",100,100,1
"PPP1R3C","Ppp1r3c","ortholog_one2one",100,100,1
"POLG","Polg","ortholog_one2one",100,99.62,1
"NBAS","Nbas","ortholog_one2one",100,100,1
"NEUROD6","Neurod6","ortholog_one2one",100,100,1
"SLC30A2","Slc30a2","ortholog_one2one",100,100,1
"SLC12A1","Slc12a1","ortholog_one2one",100,98.8,1
"SPIN1","Spin1","ortholog_one2one",50,100,1
"HPCAL1","Hpcal1","ortholog_one2one",0,38.48,0
"TEX22","Tex22","ortholog_one2one",100,94.51,0
"SURF4","Surf4","ortholog_one2one",100,100,1
"ZP2","Zp2","ortholog_one2one",100,100,1
"MOS","Mos","ortholog_one2one",100,100,1
"UQCRQ","Uqcrq","ortholog_one2one",100,100,1
"MMP16","Mmp16","ortholog_one2one",100,100,1
"CSGALNACT2","Csgalnact2","ortholog_one2one",100,100,1
"KAT7","Kat7","ortholog_one2one",100,100,1
"BAG1","Bag1","ortholog_one2one",100,100,1
"SVIL","Svil","ortholog_one2one",50,100,1
"VPS50","Vps50","ortholog_one2one",100,100,1
"CSMD2","Csmd2","ortholog_one2one",100,100,1
"SMAD4","Smad4","ortholog_one2one",100,100,1
"USPL1","Uspl1","ortholog_one2one",100,100,1
"GDF9","Gdf9","ortholog_one2one",100,100,1
"ACAP3","Acap3","ortholog_one2one",100,100,1
"GDAP1","Gdap1","ortholog_one2one",100,100,1
"CEP20","Fopnl","ortholog_one2one",75,84.26,1
"MTUS1","Mtus1","ortholog_one2one",100,100,1
"TTLL4","Ttll4","ortholog_one2one",100,100,1
"ITPRID1","Itprid1","ortholog_one2one",100,98.88,1
"CDH2","Cdh2","ortholog_one2one",100,100,1
"CSPP1","Cspp1","ortholog_one2one",100,98.86,1
"ERFE","Erfe","ortholog_one2one",100,100,1
"FGFR1","Fgfr1","ortholog_one2one",100,100,1
"TMEM87B","Tmem87b","ortholog_one2one",100,100,1
"CACNA2D1","Cacna2d1","ortholog_one2one",100,100,1
"HVCN1","Hvcn1","ortholog_one2one",100,97.87,1
"CFAP77","Cfap77","ortholog_one2one",100,96.63,1
"WASF1","Wasf1","ortholog_one2one",100,100,1
"USP16","Usp16","ortholog_one2one",100,100,1
"JMJD4","Jmjd4","ortholog_one2one",75,100,1
"ILKAP","Ilkap","ortholog_one2one",100,100,1
"TKTL2","Tktl2","ortholog_one2one",100,100,1
"GSTZ1","Gstz1","ortholog_one2one",100,100,1
"MAPK10","Mapk10","ortholog_one2one",100,94.16,1
"NPY5R","Npy5r","ortholog_one2one",100,99.11,1
"HMGB4","Hmgb4","ortholog_one2one",100,100,1
"NSUN7","Nsun7","ortholog_one2one",100,100,1
"PPP1R17","Ppp1r17","ortholog_one2one",100,100,1
"AMTN","Amtn","ortholog_one2one",100,100,1
"SEMA3A","Sema3a","ortholog_one2one",100,99.96,1
"SPACA1","Spaca1","ortholog_one2one",100,100,1
"SHROOM1","Shroom1","ortholog_one2one",100,100,1
"SNAP47","Snap47","ortholog_one2one",75,100,1
"DNLZ","Dnlz","ortholog_one2one",100,100,1
"AMBN","Ambn","ortholog_one2one",100,99.67,1
"CHMP5","Chmp5","ortholog_one2one",100,100,1
"NAV3","Nav3","ortholog_one2one",100,100,1
"POMT2","Pomt2","ortholog_one2one",100,100,1
"TCTN1","Tctn1","ortholog_one2one",100,100,1
"GPSM1","Gpsm1","ortholog_one2one",100,100,1
"MPP3","Mpp3","ortholog_one2one",100,100,1
"CHRM1","Chrm1","ortholog_one2one",100,100,1
"TMUB1","Tmub1","ortholog_one2one",100,100,0
"ECT2L","Ect2l","ortholog_one2one",100,100,1
"ALDOC","Aldoc","ortholog_one2one",100,100,1
"ENAM","Enam","ortholog_one2one",100,96.92,1
"CEACAM20","Ceacam20","ortholog_one2one",50,100,1
"HSPA4L","Hspa4l","ortholog_one2one",100,100,1
"UNC5D","Unc5d","ortholog_one2one",50,100,1
"TCEA3","Tcea3","ortholog_one2one",100,100,1
"PTGES3","Ptges3","ortholog_one2one",100,98.8,1
"OGFRL1","Ogfrl1","ortholog_one2one",100,100,1
"TRPC7","Trpc7","ortholog_one2one",100,100,1
"CIRBP","Cirbp","ortholog_one2one",100,100,1
"CCDC175","Ccdc175","ortholog_one2one",100,99.11,0
"LHFPL3","Lhfpl3","ortholog_one2one",100,100,1
"TDP2","Tdp2","ortholog_one2one",100,100,1
"SAAL1","Saal1","ortholog_one2one",100,100,1
"SLC38A9","Slc38a9","ortholog_one2one",100,99.86,1
"TNFRSF1A","Tnfrsf1a","ortholog_one2one",100,100,1
"STK38","Stk38","ortholog_one2one",100,100,1
"ABI1","Abi1","ortholog_one2one",50,100,1
"NUP205","Nup205","ortholog_one2one",100,100,1
"FNBP4","Fnbp4","ortholog_one2one",100,100,1
"EMP3","Emp3","ortholog_one2one",75,100,1
"ORC3","Orc3","ortholog_one2one",100,100,1
"KLHL9","Klhl9","ortholog_one2one",75,100,1
"C6orf141","9130008F23Rik","ortholog_one2one",75,100,0
"CST7","Cst7","ortholog_one2one",100,100,1
"ZSCAN10","Zscan10","ortholog_one2one",100,100,1
"SOD3","Sod3","ortholog_one2one",100,100,1
"PLEKHG6","Plekhg6","ortholog_one2one",100,100,1
"RNF169","Rnf169","ortholog_one2one",100,99.86,1
"IER5L","Ier5l","ortholog_one2one",75,100,1
"TRMT1L","Trmt1l","ortholog_one2one",100,100,1
"FANCI","Fanci","ortholog_one2one",100,98.82,1
"HPN","Hpn","ortholog_one2one",100,97.36,1
"IGFBP5","Igfbp5","ortholog_one2one",100,100,1
"GLYATL3","Glyatl3","ortholog_one2one",100,100,1
"SLC37A2","Slc37a2","ortholog_one2one",100,100,1
"ZSWIM4","Zswim4","ortholog_one2one",100,100,1
"SPPL2B","Sppl2b","ortholog_one2one",100,88.22,1
"ASIC2","Asic2","ortholog_one2one",100,100,1
"CENPQ","Cenpq","ortholog_one2one",100,100,1
"NRN1L","Nrn1l","ortholog_one2one",100,100,1
"CNTN4","Cntn4","ortholog_one2one",100,100,1
"EXOC8","Exoc8","ortholog_one2one",100,100,1
"RGS3","Rgs3","ortholog_one2one",100,97.31,1
"SPRTN","Sprtn","ortholog_one2one",100,98.89,1
"EDC4","Edc4","ortholog_one2one",100,100,1
"RAB36","Rab36","ortholog_one2one",75,100,1
"INSIG2","Insig2","ortholog_one2one",100,100,1
"TOLLIP","Tollip","ortholog_one2one",100,100,1
"WASHC3","Washc3","ortholog_one2one",100,100,1
"MMUT","Mmut","ortholog_one2one",100,100,1
"TNP1","Tnp1","ortholog_one2one",100,100,1
"RNF2","Rnf2","ortholog_one2one",100,100,1
"TADA2A","Tada2a","ortholog_one2one",75,100,1
"NPY1R","Npy1r","ortholog_one2one",75,100,1
"LURAP1L","Lurap1l","ortholog_one2one",100,100,1
"APMAP","Apmap","ortholog_one2one",100,100,1
"LZTS2","Lzts2","ortholog_one2one",100,100,1
"TTC14","Ttc14","ortholog_one2one",100,100,1
"ERBB3","Erbb3","ortholog_one2one",100,100,1
"DSCAM","Dscam","ortholog_one2one",75,100,1
"ADAMTS8","Adamts8","ortholog_one2one",100,100,1
"IL10","Il10","ortholog_one2one",100,100,1
"TEAD2","Tead2","ortholog_one2one",100,100,1
"PDZD7","Pdzd7","ortholog_one2one",100,100,1
"ITIH4","Itih4","ortholog_one2one",100,100,1
"VSIR","Vsir","ortholog_one2one",75,100,1
"ZBTB44","Zbtb44","ortholog_one2one",100,100,1
"CCDC114","Ccdc114","ortholog_one2one",50,100,1
"CHRDL2","Chrdl2","ortholog_one2one",100,99.35,1
"PHF10","Phf10","ortholog_one2one",100,100,1
"ITGA2B","Itga2b","ortholog_one2one",100,100,1
"EXTL1","Extl1","ortholog_one2one",100,100,1
"RSBN1","Rsbn1","ortholog_one2one",100,100,1
"SMG5","Smg5","ortholog_one2one",100,100,1
"CDC42SE1","Cdc42se1","ortholog_one2one",100,100,1
"KHK","Khk","ortholog_one2one",100,100,1
"KLHL24","Klhl24","ortholog_one2one",100,100,1
"STX17","Stx17","ortholog_one2one",100,100,1
"KCNMA1","Kcnma1","ortholog_one2one",100,100,1
"AIP","Aip","ortholog_one2one",100,100,1
"RNF152","Rnf152","ortholog_one2one",50,100,1
"C6orf120","1600012H06Rik","ortholog_one2one",100,100,1
"GPR6","Gpr6","ortholog_one2one",100,100,1
"HIC1","Hic1","ortholog_one2one",100,100,1
"C19orf53","D8Ertd738e","ortholog_one2one",100,100,1
"THG1L","Thg1l","ortholog_one2one",75,100,1
"IMPG2","Impg2","ortholog_one2one",100,100,1
"TAS2R42","Tas2r131","ortholog_one2one",75,100,0
"KIF16B","Kif16b","ortholog_one2one",100,100,1
"CCDC149","Ccdc149","ortholog_one2one",100,100,1
"SNAPIN","Snapin","ortholog_one2one",100,100,1
"DPH1","Dph1","ortholog_one2one",100,100,1
"CCL2","Ccl2","ortholog_one2one",100,100,0
"AKIRIN2","Akirin2","ortholog_one2one",100,100,1
"MLLT11","Mllt11","ortholog_one2one",100,100,1
"MAF","Maf","ortholog_one2one",100,100,1
"MRI1","Mri1","ortholog_one2one",100,99.85,1
"ZNF436","Zfp46","ortholog_one2one",100,100,1
"ELAC1","Elac1","ortholog_one2one",100,100,1
"ICA1","Ica1","ortholog_one2one",100,100,1
"PHTF1","Phtf1","ortholog_one2one",100,100,1
"ITPRID2","Itprid2","ortholog_one2one",100,100,1
"GABPB2","Gabpb2","ortholog_one2one",100,100,1
"ZNF850","Zfp619","ortholog_one2one",0,0,0
"ILF2","Ilf2","ortholog_one2one",100,100,1
"TBCA","Tbca","ortholog_one2one",100,97.92,1
"PI15","Pi15","ortholog_one2one",75,100,1
"PRKCI","Prkci","ortholog_one2one",100,100,1
"NAF1","Naf1","ortholog_one2one",50,96.26,1
"CCL7","Ccl7","ortholog_one2one",100,100,1
"DDX55","Ddx55","ortholog_one2one",100,100,1
"TMIGD1","Tmigd1","ortholog_one2one",100,100,1
"ARID4B","Arid4b","ortholog_one2one",50,100,1
"OR9Q2","Olfr1497","ortholog_one2one",75,99.94,1
"MAPKAPK2","Mapkapk2","ortholog_one2one",100,100,1
"CDH23","Cdh23","ortholog_one2one",0,99.99,1
"MTREX","Mtrex","ortholog_one2one",100,100,1
"SOX30","Sox30","ortholog_one2one",75,100,1
"CCDC196","Gm6657","ortholog_one2one",100,100,1
"UGT2A3","Ugt2a3","ortholog_one2one",50,55.63,0
"TCTN3","Tctn3","ortholog_one2one",100,100,1
"ST14","St14","ortholog_one2one",100,100,1
"ME2","Me2","ortholog_one2one",100,100,1
"ECHDC1","Echdc1","ortholog_one2one",100,96.98,1
"ATP2B4","Atp2b4","ortholog_one2one",100,100,1
"TP73","Trp73","ortholog_one2one",100,100,1
"OR9Q1","Olfr1500","ortholog_one2one",25,100,1
"PHF20L1","Phf20l1","ortholog_one2one",100,100,1
"CRISPLD1","Crispld1","ortholog_one2one",50,100,1
"SMIM10L1","Smim10l1","ortholog_one2one",75,89.75,1
"MED15","Med15","ortholog_one2one",50,100,1
"OVCA2","Ovca2","ortholog_one2one",100,100,1
"FIG4","Fig4","ortholog_one2one",100,100,1
"CLTC","Cltc","ortholog_one2one",100,100,1
"CD37","Cd37","ortholog_one2one",100,100,1
"CCL11","Ccl11","ortholog_one2one",100,100,1
"MS4A2","Ms4a2","ortholog_one2one",50,100,1
"MIF4GD","Mif4gd","ortholog_one2one",100,99.41,1
"METTL5","Mettl5","ortholog_one2one",100,95.79,1
"SLC30A9","Slc30a9","ortholog_one2one",100,100,1
"ATP5F1B","Atp5b","ortholog_one2one",100,100,1
"RNF157","Rnf157","ortholog_one2one",100,100,1
"SSB","Ssb","ortholog_one2one",100,100,1
"PLPP1","Plpp1","ortholog_one2one",100,100,1
"SOWAHA","Sowaha","ortholog_one2one",100,100,1
"NUCB2","Nucb2","ortholog_one2one",50,100,1
"HSD17B4","Hsd17b4","ortholog_one2one",100,100,1
"FBXO32","Fbxo32","ortholog_one2one",100,100,1
"TTF1","Ttf1","ortholog_one2one",100,87.92,0
"GPHN","Gphn","ortholog_one2one",100,100,1
"NPR3","Npr3","ortholog_one2one",100,100,1
"RNF146","Rnf146","ortholog_one2one",100,100,1
"JCHAIN","Jchain","ortholog_one2one",100,100,1
"KLHL38","Klhl38","ortholog_one2one",100,100,1
"CCDC130","Ccdc130","ortholog_one2one",100,100,1
"DYRK3","Dyrk3","ortholog_one2one",100,100,1
"KCNN2","Kcnn2","ortholog_one2one",100,100,1
"SPAG17","Spag17","ortholog_one2one",100,99.77,1
"FAAH","Faah","ortholog_one2one",100,100,1
"PRIMPOL","Primpol","ortholog_one2one",100,98.79,1
"TUB","Tub","ortholog_one2one",100,100,1
"MCM9","Mcm9","ortholog_one2one",100,98.99,1
"GGA3","Gga3","ortholog_one2one",100,100,1
"IK","Ik","ortholog_one2one",75,100,1
"TRRAP","Trrap","ortholog_one2one",100,100,1
"ABLIM1","Ablim1","ortholog_one2one",100,100,1
"RFX4","Rfx4","ortholog_one2one",100,100,1
"UGT2A2","Ugt2a2","ortholog_one2one",50,100,1
"DPF2","Dpf2","ortholog_one2one",100,100,1
"CCDC39","Ccdc39","ortholog_one2one",100,100,1
"KRBA1","Krba1","ortholog_one2one",100,100,1
"MECR","Mecr","ortholog_one2one",100,100,1
"GALNT17","Galnt17","ortholog_one2one",75,100,1
"RIC3","Ric3","ortholog_one2one",100,100,1
"CDK1","Cdk1","ortholog_one2one",100,100,1
"CDH8","Cdh8","ortholog_one2one",100,100,1
"ASF1A","Asf1a","ortholog_one2one",100,100,1
"PLAG1","Plag1","ortholog_one2one",100,100,1
"AXIN2","Axin2","ortholog_one2one",100,100,1
"WDR3","Wdr3","ortholog_one2one",100,100,1
"KIAA0825","2210408I21Rik","ortholog_one2one",75,100,1
"SLC3A2","Slc3a2","ortholog_one2one",100,95.84,1
"ANKS4B","Anks4b","ortholog_one2one",75,100,1
"DUSP26","Dusp26","ortholog_one2one",75,100,1
"CENPU","Cenpu","ortholog_one2one",100,93.04,1
"EPC2","Epc2","ortholog_one2one",100,100,1
"CCT5","Cct5","ortholog_one2one",100,100,1
"DNMT3A","Dnmt3a","ortholog_one2one",100,100,1
"RPS26","Rps26","ortholog_one2one",100,100,1
"TAS1R2","Tas1r2","ortholog_one2one",100,100,1
"GALNT15","Galnt15","ortholog_one2one",100,100,1
"SETX","Setx","ortholog_one2one",100,100,1
"DYNLRB2","Dynlrb2","ortholog_one2one",100,96.65,1
"ABCC6","Abcc6","ortholog_one2one",25,85.75,1
"TRIO","Trio","ortholog_one2one",100,100,1
"MMRN2","Mmrn2","ortholog_one2one",100,100,1
"GNPTAB","Gnptab","ortholog_one2one",75,100,1
"ATG4C","Atg4c","ortholog_one2one",100,100,1
"UNC79","Unc79","ortholog_one2one",100,100,1
"SLC44A4","Slc44a4","ortholog_one2one",100,100,1
"CD9","Cd9","ortholog_one2one",100,99.87,1
"TESMIN","Tesmin","ortholog_one2one",100,100,1
"PAQR6","Paqr6","ortholog_one2one",100,83.12,0
"CDYL2","Cdyl2","ortholog_one2one",100,99.93,1
"GDAP2","Gdap2","ortholog_one2one",100,100,1
"MRPS7","Mrps7","ortholog_one2one",100,100,1
"SLC9A1","Slc9a1","ortholog_one2one",100,100,1
"SCAMP3","Scamp3","ortholog_one2one",100,100,1
"ALDH4A1","Aldh4a1","ortholog_one2one",100,100,1
"MRO","Mro","ortholog_one2one",100,100,1
"PIGS","Pigs","ortholog_one2one",100,100,1
"IGLON5","Iglon5","ortholog_one2one",75,100,1
"GPR27","Gpr27","ortholog_one2one",100,100,1
"GGPS1","Ggps1","ortholog_one2one",75,100,1
"GLI3","Gli3","ortholog_one2one",100,100,1
"ABCG1","Abcg1","ortholog_one2one",50,91.46,1
"PROK2","Prok2","ortholog_one2one",100,100,1
"PRR14L","Prr14l","ortholog_one2one",50,99.3,1
"PLOD1","Plod1","ortholog_one2one",100,100,1
"COL11A2","Col11a2","ortholog_one2one",100,100,1
"ZNF618","Zfp618","ortholog_one2one",100,99.58,1
"SERPINE2","Serpine2","ortholog_one2one",100,100,1
"GMIP","Gmip","ortholog_one2one",75,100,1
"METTL21C","Mettl21c","ortholog_one2one",50,95.95,1
"ERP44","Erp44","ortholog_one2one",100,100,1
"LGI2","Lgi2","ortholog_one2one",100,100,1
"STMP1","1810058I24Rik","ortholog_one2one",100,100,1
"BCR","Bcr","ortholog_one2one",50,100,1
"CCDC168","Gm8251","ortholog_one2one",100,96.12,0
"MAPK4","Mapk4","ortholog_one2one",100,100,1
"SLC26A4","Slc26a4","ortholog_one2one",100,100,1
"RTN4RL1","Rtn4rl1","ortholog_one2one",100,100,1
"LRATD1","Lratd1","ortholog_one2one",100,100,1
"EXOSC5","Exosc5","ortholog_one2one",75,100,1
"PXN","Pxn","ortholog_one2one",100,100,1
"RNF122","Rnf122","ortholog_one2one",75,100,1
"HLCS","Hlcs","ortholog_one2one",100,100,1
"DRAM1","Dram1","ortholog_one2one",100,100,1
"FOXD3","Foxd3","ortholog_one2one",100,100,1
"B9D1","B9d1","ortholog_one2one",100,92,1
"UTP3","Utp3","ortholog_one2one",100,100,1
"MAGI3","Magi3","ortholog_one2one",100,100,1
"PACSIN3","Pacsin3","ortholog_one2one",100,100,1
"SNX11","Snx11","ortholog_one2one",100,100,1
"YPEL1","Ypel1","ortholog_one2one",100,100,1
"CUL4B","Cul4b","ortholog_one2one",100,98.72,1
"BNIPL","Bnipl","ortholog_one2one",100,100,1
"C19orf54","BC024978","ortholog_one2one",100,100,1
"TMEM91","Tmem91","ortholog_one2one",75,88.53,0
"SMAP1","Smap1","ortholog_one2one",100,100,1
"DDX56","Ddx56","ortholog_one2one",100,100,1
"KCNH2","Kcnh2","ortholog_one2one",50,100,1
"CGREF1","Cgref1","ortholog_one2one",100,100,0
"DISC1","Disc1","ortholog_one2one",100,100,1
"IFNE","Ifne","ortholog_one2one",75,100,1
"GGN","Ggn","ortholog_one2one",100,100,1
"SNRPA","Snrpa","ortholog_one2one",100,100,1
"PRPF31","Prpf31","ortholog_one2one",100,100,1
"ARL4A","Arl4a","ortholog_one2one",75,100,1
"LRRTM1","Lrrtm1","ortholog_one2one",50,100,1
"LIPT2","Lipt2","ortholog_one2one",100,100,1
"RET","Ret","ortholog_one2one",75,100,1
"OXNAD1","Oxnad1","ortholog_one2one",50,64.99,0
"SPRED3","Spred3","ortholog_one2one",100,100,1
"KCNE3","Kcne3","ortholog_one2one",100,100,1
"CTNNA2","Ctnna2","ortholog_one2one",25,100,1
"SPOCK1","Spock1","ortholog_one2one",100,100,1
"CRYM","Crym","ortholog_one2one",50,100,1
"MS4A3","Ms4a3","ortholog_one2one",75,100,1
"SLC1A3","Slc1a3","ortholog_one2one",100,100,1
"SULT1B1","Sult1b1","ortholog_one2one",100,100,1
"DDX59","Ddx59","ortholog_one2one",100,100,1
"TM4SF1","Tm4sf1","ortholog_one2one",50,100,1
"TTI2","Tti2","ortholog_one2one",100,100,1
"MSMP","Msmp","ortholog_one2one",100,100,1
"ITPKC","Itpkc","ortholog_one2one",100,100,1
"GBA2","Gba2","ortholog_one2one",100,100,1
"PDSS1","Pdss1","ortholog_one2one",75,99.06,1
"OOSP2","Oosp2","ortholog_one2one",100,100,0
"PITPNB","Pitpnb","ortholog_one2one",100,100,1
"SUPT5H","Supt5","ortholog_one2one",100,100,1
"VSTM2B","Vstm2b","ortholog_one2one",0,100,1
"GOLGB1","Golgb1","ortholog_one2one",100,100,1
"B3GAT2","B3gat2","ortholog_one2one",100,100,1
"PPIL2","Ppil2","ortholog_one2one",100,99.54,1
"MAK16","Mak16","ortholog_one2one",100,100,1
"INVS","Invs","ortholog_one2one",100,100,1
"WIZ","Wiz","ortholog_one2one",100,100,0
"NME4","Nme4","ortholog_one2one",100,100,1
"OR8I2","Olfr1104","ortholog_one2one",50,100,1
"FAM170A","Fam170a","ortholog_one2one",100,100,1
"CYP27A1","Cyp27a1","ortholog_one2one",100,100,1
"C1orf56","Gm128","ortholog_one2one",100,100,1
"RAD9B","Rad9b","ortholog_one2one",100,100,1
"LEPROT","Leprot","ortholog_one2one",100,100,1
"OTP","Otp","ortholog_one2one",100,100,1
"AP5S1","Ap5s1","ortholog_one2one",100,100,1
"TMED8","Tmed8","ortholog_one2one",100,100,1
"CDC42EP2","Cdc42ep2","ortholog_one2one",100,100,1
"AMBP","Ambp","ortholog_one2one",100,98.57,1
"TLE4","Tle4","ortholog_one2one",50,100,1
"CCDC28A","Ccdc28a","ortholog_one2one",100,100,1
"MMP25","Mmp25","ortholog_one2one",100,100,1
"SAMD15","Samd15","ortholog_one2one",100,97.01,0
"SP3","Sp3","ortholog_one2one",100,100,1
"DYSF","Dysf","ortholog_one2one",100,100,1
"ETFRF1","Etfrf1","ortholog_one2one",100,100,1
"KIAA2013","2510039O18Rik","ortholog_one2one",100,99.87,1
"TSPAN17","Tspan17","ortholog_one2one",100,100,1
"ZEB2","Zeb2","ortholog_one2one",100,100,1
"MAP3K5","Map3k5","ortholog_one2one",100,100,1
"TEX10","Tex10","ortholog_one2one",100,100,1
"AMPH","Amph","ortholog_one2one",100,100,1
"DPH3","Dph3","ortholog_one2one",75,100,1
"PIGN","Pign","ortholog_one2one",100,98.37,1
"OR5AU1","Olfr221","ortholog_one2one",100,100,1
"CALCR","Calcr","ortholog_one2one",75,99.04,1
"BEND4","Bend4","ortholog_one2one",100,100,1
"NTNG2","Ntng2","ortholog_one2one",100,100,1
"PPTC7","Pptc7","ortholog_one2one",100,100,1
"UBA1","Uba1","ortholog_one2one",100,100,1
"KCNK7","Kcnk7","ortholog_one2one",100,100,1
"KRAS","Kras","ortholog_one2one",100,100,1
"RGP1","Rgp1","ortholog_one2one",100,100,1
"TFF2","Tff2","ortholog_one2one",100,100,1
"GABRA1","Gabra1","ortholog_one2one",100,100,1
"OR10G6","Olfr981","ortholog_one2one",50,100,1
"C10orf90","D7Ertd443e","ortholog_one2one",100,100,1
"PTCHD4","Ptchd4","ortholog_one2one",100,100,1
"AK9","Ak9","ortholog_one2one",100,100,1
"ARHGAP36","Arhgap36","ortholog_one2one",100,99.88,1
"IKZF4","Ikzf4","ortholog_one2one",100,100,1
"DSC3","Dsc3","ortholog_one2one",100,99.66,1
"PAFAH2","Pafah2","ortholog_one2one",100,100,1
"IL5RA","Il5ra","ortholog_one2one",100,100,1
"GAL","Gal","ortholog_one2one",100,100,1
"CARD9","Card9","ortholog_one2one",100,100,1
"LMO1","Lmo1","ortholog_one2one",100,100,1
"HCFC1R1","Hcfc1r1","ortholog_one2one",100,100,1
"MN1","Mn1","ortholog_one2one",100,100,1
"BICDL2","Bicdl2","ortholog_one2one",100,100,1
"FAM174C","Fam174c","ortholog_one2one",100,93.03,0
"AGBL2","Agbl2","ortholog_one2one",100,98.21,1
"SNAPC4","Snapc4","ortholog_one2one",100,100,1
"MED19","Med19","ortholog_one2one",100,100,1
"LPAR2","Lpar2","ortholog_one2one",100,100,1
"EIF2B1","Eif2b1","ortholog_one2one",100,99,1
"S1PR2","S1pr2","ortholog_one2one",100,100,1
"PSMD8","Psmd8","ortholog_one2one",100,100,1
"RUFY3","Rufy3","ortholog_one2one",100,100,1
"IQSEC3","Iqsec3","ortholog_one2one",50,100,1
"SUV39H2","Suv39h2","ortholog_one2one",100,100,1
"LEMD3","Lemd3","ortholog_one2one",100,100,1
"RIPPLY3","Ripply3","ortholog_one2one",100,100,1
"CELF4","Celf4","ortholog_one2one",100,100,1
"BTBD18","Btbd18","ortholog_one2one",75,100,1
"SCN1A","Scn1a","ortholog_one2one",100,100,1
"BMPR1A","Bmpr1a","ortholog_one2one",100,100,1
"HKDC1","Hkdc1","ortholog_one2one",100,100,1
"OPN5","Opn5","ortholog_one2one",100,100,1
"FLNC","Flnc","ortholog_one2one",100,100,1
"ABCF1","Abcf1","ortholog_one2one",100,96.6,1
"THOC6","Thoc6","ortholog_one2one",100,100,1
"TLN1","Tln1","ortholog_one2one",100,99.6,1
"SDK1","Sdk1","ortholog_one2one",100,100,1
"DCLRE1C","Dclre1c","ortholog_one2one",100,100,1
"OOSP1","Oosp1","ortholog_one2one",100,63.85,0
"ACSS1","Acss1","ortholog_one2one",100,100,1
"TFF1","Tff1","ortholog_one2one",100,100,1
"TPRKB","Tprkb","ortholog_one2one",0,93.75,1
"ROCK2","Rock2","ortholog_one2one",100,100,1
"XYLT1","Xylt1","ortholog_one2one",0,100,1
"POLRMT","Polrmt","ortholog_one2one",100,99.47,1
"RTN1","Rtn1","ortholog_one2one",100,100,1
"FUT10","Fut10","ortholog_one2one",50,100,1
"TRIM36","Trim36","ortholog_one2one",100,100,1
"HLTF","Hltf","ortholog_one2one",100,100,1
"NDST1","Ndst1","ortholog_one2one",100,100,1
"CMC2","Cmc2","ortholog_one2one",100,81.29,1
"PMS1","Pms1","ortholog_one2one",75,100,1
"ACACA","Acaca","ortholog_one2one",100,100,1
"FAM189B","Fam189b","ortholog_one2one",100,100,1
"PDE6D","Pde6d","ortholog_one2one",100,100,1
"TAF6","Taf6","ortholog_one2one",100,100,1
"PMF1","Pmf1","ortholog_one2one",100,92.7,1
"TIMM13","Timm13","ortholog_one2one",100,100,1
"RPS14","Rps14","ortholog_one2one",100,100,1
"TMPRSS9","Tmprss9","ortholog_one2one",100,100,1
"DNAJC9","Dnajc9","ortholog_one2one",100,100,1
"DCUN1D5","Dcun1d5","ortholog_one2one",100,100,1
"NEU1","Neu1","ortholog_one2one",100,100,1
"PUDP","Pudp","ortholog_one2one",0,84.65,1
"TEP1","Tep1","ortholog_one2one",100,100,1
"B9D2","B9d2","ortholog_one2one",75,100,1
"MRC2","Mrc2","ortholog_one2one",100,100,1
"SEPTIN8","Septin8","ortholog_one2one",100,100,1
"OR10S1","Olfr982","ortholog_one2one",75,100,1
"ABCA1","Abca1","ortholog_one2one",100,100,1
"GPATCH8","Gpatch8","ortholog_one2one",100,100,1
"SCN1B","Scn1b","ortholog_one2one",100,100,1
"DUT","Dut","ortholog_one2one",100,88.47,1
"UBALD2","Ubald2","ortholog_one2one",100,100,1
"CEP290","Cep290","ortholog_one2one",100,100,1
"DIO3","Dio3","ortholog_one2one",100,100,1
"ADGRF4","Adgrf4","ortholog_one2one",100,97.95,1
"NPPB","Nppb","ortholog_one2one",100,100,0
"SCIN","Scin","ortholog_one2one",50,100,1
"EAPP","Eapp","ortholog_one2one",100,100,1
"PCF11","Pcf11","ortholog_one2one",100,100,1
"APLP2","Aplp2","ortholog_one2one",100,100,1
"C10orf105","Gm17455","ortholog_one2one",75,100,1
"ZSCAN20","Zscan20","ortholog_one2one",75,100,1
"NXNL2","Nxnl2","ortholog_one2one",50,100,1
"MMP13","Mmp13","ortholog_one2one",100,98.52,1
"CBX1","Cbx1","ortholog_one2one",100,100,1
"HBE1","Hbb-y","ortholog_one2one",75,100,1
"CRISP1","Crisp4","ortholog_one2one",50,95.68,1
"ZNF496","Zkscan17","ortholog_one2one",50,100,1
"COLEC12","Colec12","ortholog_one2one",75,100,1
"S1PR3","S1pr3","ortholog_one2one",100,100,1
"SHANK2","Shank2","ortholog_one2one",100,100,1
"CAMKK1","Camkk1","ortholog_one2one",100,100,1
"PAIP1","Paip1","ortholog_one2one",100,100,1
"PLAU","Plau","ortholog_one2one",100,100,1
"SRSF3","Srsf3","ortholog_one2one",100,100,1
"OR4D5","Olfr984","ortholog_one2one",100,100,1
"ZBTB32","Zbtb32","ortholog_one2one",100,100,1
"OR8D4","Olfr985","ortholog_one2one",100,100,1
"HUS1","Hus1","ortholog_one2one",100,100,1
"KPNA4","Kpna4","ortholog_one2one",100,100,1
"C17orf78","Gm11437","ortholog_one2one",100,100,1
"VSX1","Vsx1","ortholog_one2one",100,100,1
"DTNA","Dtna","ortholog_one2one",100,100,1
"SDHAF4","Sdhaf4","ortholog_one2one",100,100,1
"TBC1D9B","Tbc1d9b","ortholog_one2one",100,100,1
"PRELP","Prelp","ortholog_one2one",100,100,1
"CNBD1","Cnbd1","ortholog_one2one",100,99.72,1
"ADGRF2","Adgrf2","ortholog_one2one",100,100,1
"ADAMTSL3","Adamtsl3","ortholog_one2one",50,100,1
"OPTC","Optc","ortholog_one2one",100,100,1
"SRSF4","Srsf4","ortholog_one2one",100,100,1
"UBXN2A","Ubxn2a","ortholog_one2one",100,100,1
"CREB3","Creb3","ortholog_one2one",100,100,1
"NPPA","Nppa","ortholog_one2one",100,100,1
"RIC8B","Ric8b","ortholog_one2one",100,100,1
"ANXA6","Anxa6","ortholog_one2one",100,100,1
"MCM7","Mcm7","ortholog_one2one",100,100,1
"TMEM225","Tmem225","ortholog_one2one",100,100,0
"C12orf29","4930430F08Rik","ortholog_one2one",100,100,1
"PPP1R14D","Ppp1r14d","ortholog_one2one",100,91.99,1
"DND1","Dnd1","ortholog_one2one",100,100,1
"OPRM1","Oprm1","ortholog_one2one",100,98.26,1
"MCTS1","Mcts1","ortholog_one2one",100,100,1
"CRBN","Crbn","ortholog_one2one",75,100,1
"ANK1","Ank1","ortholog_one2one",100,100,1
"GDI2","Gdi2","ortholog_one2one",50,100,1
"ZNF667","Zfp667","ortholog_one2one",50,94.13,1
"FAM124B","Fam124b","ortholog_one2one",100,100,1
"DSCC1","Dscc1","ortholog_one2one",100,100,1
"WDR55","Wdr55","ortholog_one2one",100,100,1
"IGF1R","Igf1r","ortholog_one2one",25,100,1
"SLC25A44","Slc25a44","ortholog_one2one",100,100,1
"CENPN","Cenpn","ortholog_one2one",100,95.25,1
"EFNA2","Efna2","ortholog_one2one",100,100,1
"GTF2H3","Gtf2h3","ortholog_one2one",100,99.31,1
"CCDC15","Ccdc15","ortholog_one2one",100,96.15,0
"AGAP3","Agap3","ortholog_one2one",100,100,1
"RPS15A","Rps15a","ortholog_one2one",50,100,1
"NOBOX","Nobox","ortholog_one2one",100,96.22,0
"RPL36AL","Gm6525","ortholog_one2one",0,0,0
"TMED4","Tmed4","ortholog_one2one",100,100,1
"PREB","Preb","ortholog_one2one",100,99.87,1
"TRIM2","Trim2","ortholog_one2one",100,98.83,1
"WDR41","Wdr41","ortholog_one2one",100,100,1
"RGS9","Rgs9","ortholog_one2one",75,100,1
"SUOX","Suox","ortholog_one2one",100,100,1
"IFTAP","B230118H07Rik","ortholog_one2one",100,100,1
"ARL14","Arl14","ortholog_one2one",100,100,1
"OR6X1","Olfr986","ortholog_one2one",100,100,1
"OCLN","Ocln","ortholog_one2one",75,100,1
"ENTPD6","Entpd6","ortholog_one2one",100,100,1
"ENTPD1","Entpd1","ortholog_one2one",100,98.17,1
"RAB5B","Rab5b","ortholog_one2one",100,100,1
"PPM1L","Ppm1l","ortholog_one2one",100,100,1
"TGFB1","Tgfb1","ortholog_one2one",75,100,1
"AEBP2","Aebp2","ortholog_one2one",100,99.32,1
"SUB1","Sub1","ortholog_one2one",100,100,1
"ALOX5AP","Alox5ap","ortholog_one2one",100,92.95,1
"RPS16","Rps16","ortholog_one2one",100,100,1
"SHISA3","Shisa3","ortholog_one2one",100,100,1
"TRIB2","Trib2","ortholog_one2one",100,100,1
"LIPI","Lipi","ortholog_one2one",50,95.74,1
"ZNF583","Zfp583","ortholog_one2one",25,93.8,1
"ATP8A1","Atp8a1","ortholog_one2one",100,100,1
"AP4M1","Ap4m1","ortholog_one2one",100,100,1
"CCDC102A","Ccdc102a","ortholog_one2one",100,100,1
"PGGT1B","Pggt1b","ortholog_one2one",100,100,1
"MRPS16","Mrps16","ortholog_one2one",100,100,1
"MARCHF10","Marchf10","ortholog_one2one",100,100,1
"TRNT1","Trnt1","ortholog_one2one",100,100,1
"CD2AP","Cd2ap","ortholog_one2one",100,100,1
"RTN4IP1","Rtn4ip1","ortholog_one2one",100,100,1
"ATP6V1F","Atp6v1f","ortholog_one2one",75,95.38,1
"OR51B4","Olfr66","ortholog_one2one",50,100,1
"STK33","Stk33","ortholog_one2one",100,100,1
"AHI1","Ahi1","ortholog_one2one",100,98.22,1
"TP53I11","Trp53i11","ortholog_one2one",100,100,1
"ABHD1","Abhd1","ortholog_one2one",100,100,1
"HNRNPR","Hnrnpr","ortholog_one2one",100,100,1
"KIF12","Kif12","ortholog_one2one",100,100,1
"CNGB3","Cngb3","ortholog_one2one",100,100,1
"INHBE","Inhbe","ortholog_one2one",100,100,1
"MTAP","Mtap","ortholog_one2one",50,91.8,1
"COMMD3","Commd3","ortholog_one2one",100,100,1
"GLI1","Gli1","ortholog_one2one",100,100,1
"AFF3","Aff3","ortholog_one2one",100,100,1
"PSKH1","Pskh1","ortholog_one2one",100,100,1
"CRYBG1","Crybg1","ortholog_one2one",100,100,1
"CBLIF","Cblif","ortholog_one2one",100,100,1
"SLC13A4","Slc13a4","ortholog_one2one",100,100,1
"TASOR2","Tasor2","ortholog_one2one",75,97.93,1
"GNL1","Gnl1","ortholog_one2one",100,100,1
"ZNF582","Gm3854","ortholog_one2one",50,100,1
"LSMEM1","Lsmem1","ortholog_one2one",50,100,1
"FMOD","Fmod","ortholog_one2one",100,100,1
"ATMIN","Atmin","ortholog_one2one",100,100,1
"CTRL","Ctrl","ortholog_one2one",100,100,1
"BPHL","Bphl","ortholog_one2one",100,100,1
"SEPSECS","Sepsecs","ortholog_one2one",100,100,1
"PPP1R1C","Ppp1r1c","ortholog_one2one",100,100,1
"BTG2","Btg2","ortholog_one2one",100,100,1
"COPS6","Cops6","ortholog_one2one",100,100,1
"INHBC","Inhbc","ortholog_one2one",100,100,1
"SPTBN2","Sptbn2","ortholog_one2one",100,100,1
"TMPRSS3","Tmprss3","ortholog_one2one",100,99.64,1
"FAM180A","Fam180a","ortholog_one2one",100,100,1
"ARHGAP9","Arhgap9","ortholog_one2one",100,98.6,1
"RYBP","Rybp","ortholog_one2one",100,98.43,1
"KIAA0319","D130043K22Rik","ortholog_one2one",100,100,1
"MRPL16","Mrpl16","ortholog_one2one",100,100,1
"GYG1","Gyg","ortholog_one2one",100,100,1
"KCP","Kcp","ortholog_one2one",75,99.51,1
"DEFB113","Defb18","ortholog_one2one",50,100,1
"PRR3","Prr3","ortholog_one2one",100,100,1
"NFIX","Nfix","ortholog_one2one",100,100,1
"CC2D2B","Cc2d2b","ortholog_one2one",100,99.46,1
"IGSF1","Igsf1","ortholog_one2one",100,100,1
"LCAT","Lcat","ortholog_one2one",100,100,1
"PGPEP1L","Pgpep1l","ortholog_one2one",0,100,0
"C16orf46","1700030J22Rik","ortholog_one2one",100,100,1
"TPK1","Tpk1","ortholog_one2one",100,100,1
"RAG2","Rag2","ortholog_one2one",100,100,1
"SLC12A4","Slc12a4","ortholog_one2one",100,100,1
"SQSTM1","Sqstm1","ortholog_one2one",100,100,1
"JARID2","Jarid2","ortholog_one2one",100,100,1
"CUL3","Cul3","ortholog_one2one",100,100,1
"UNC119","Unc119","ortholog_one2one",100,100,1
"RAG1","Rag1","ortholog_one2one",100,100,1
"DCP1B","Dcp1b","ortholog_one2one",50,100,1
"FADS1","Fads1","ortholog_one2one",100,100,1
"DEFB110","Defb41","ortholog_one2one",100,100,1
"CDKN2B","Cdkn2b","ortholog_one2one",100,100,1
"AUTS2","Auts2","ortholog_one2one",50,100,1
"NFE2L1","Nfe2l1","ortholog_one2one",100,100,1
"C1GALT1C1","C1galt1c1","ortholog_one2one",100,100,1
"TM4SF4","Tm4sf4","ortholog_one2one",50,100,1
"CCNJ","Ccnj","ortholog_one2one",100,100,1
"NOXRED1","Noxred1","ortholog_one2one",100,100,1
"CCDC85A","Ccdc85a","ortholog_one2one",100,100,1
"SNRPB2","Snrpb2","ortholog_one2one",100,100,1
"TUBB2A","Tubb2a","ortholog_one2one",100,100,1
"ADGRG5","Adgrg5","ortholog_one2one",100,96.55,1
"WWTR1","Wwtr1","ortholog_one2one",100,100,1
"SPINT1","Spint1","ortholog_one2one",100,100,1
"MSANTD3","Msantd3","ortholog_one2one",100,100,1
"CDCA5","Cdca5","ortholog_one2one",100,97.51,1
"MRNIP","Mrnip","ortholog_one2one",100,92.47,1
"RBM4B","Rbm4b","ortholog_one2one",100,100,1
"DRG1","Drg1","ortholog_one2one",100,100,1
"TMEM200B","Tmem200b","ortholog_one2one",100,100,1
"NLRP3","Nlrp3","ortholog_one2one",25,100,1
"WEE2","Wee2","ortholog_one2one",100,99.63,1
"TFAP2D","Tfap2d","ortholog_one2one",100,100,1
"PAX7","Pax7","ortholog_one2one",100,99.63,1
"CCDC97","Ccdc97","ortholog_one2one",100,100,1
"CACNA1C","Cacna1c","ortholog_one2one",50,99.32,1
"RBM14","Rbm14","ortholog_one2one",100,100,1
"MARVELD2","Marveld2","ortholog_one2one",100,99.95,1
"OTOR","Otor","ortholog_one2one",100,100,1
"PET100","Pet100","ortholog_one2one",100,100,1
"GNA13","Gna13","ortholog_one2one",50,100,1
"KCNJ11","Kcnj11","ortholog_one2one",50,100,1
"ERC2","Erc2","ortholog_one2one",100,100,1
"FEN1","Fen1","ortholog_one2one",75,100,1
"DMRTA1","Dmrta1","ortholog_one2one",100,100,1
"GBA","Gba","ortholog_one2one",100,100,1
"PCP2","Pcp2","ortholog_one2one",100,100,1
"EEF1AKNMT","Eef1aknmt","ortholog_one2one",100,100,1
"SFI1","Sfi1","ortholog_one2one",25,98.66,1
"KLF18","Zfp352","ortholog_one2one",0,0,0
"CCDC112","Ccdc112","ortholog_one2one",100,100,1
"MTPN","Mtpn","ortholog_one2one",100,100,1
"SHQ1","Shq1","ortholog_one2one",100,100,1
"TMEM258","Tmem258","ortholog_one2one",100,100,1
"TRPM3","Trpm3","ortholog_one2one",100,100,1
"CD300LG","Cd300lg","ortholog_one2one",100,97.75,0
"CCM2","Ccm2","ortholog_one2one",100,100,1
"BCAP29","Bcap29","ortholog_one2one",100,100,1
"MEDAG","Medag","ortholog_one2one",100,100,1
"PI4K2B","Pi4k2b","ortholog_one2one",100,100,1
"ATP6V1FNB","Atp6v1fnb","ortholog_one2one",75,100,1
"BMS1","Bms1","ortholog_one2one",50,100,1
"TUBB2B","Tubb2b","ortholog_one2one",100,100,1
"FZD2","Fzd2","ortholog_one2one",100,100,1
"CALHM6","Calhm6","ortholog_one2one",100,100,1
"GRM1","Grm1","ortholog_one2one",100,100,1
"HCLS1","Hcls1","ortholog_one2one",100,100,1
"NHSL1","Nhsl1","ortholog_one2one",100,100,1
"NDFIP1","Ndfip1","ortholog_one2one",100,100,1
"GABRA6","Gabra6","ortholog_one2one",100,100,1
"QRICH2","Qrich2","ortholog_one2one",100,98.17,0
"SKIL","Skil","ortholog_one2one",100,100,1
"ALDH5A1","Aldh5a1","ortholog_one2one",100,99.05,1
"C8orf37","2610301B20Rik","ortholog_one2one",75,100,1
"COX8C","Cox8b","ortholog_one2one",0,0,0
"OR51M1","Olfr631","ortholog_one2one",100,100,1
"ZNF532","Zfp532","ortholog_one2one",100,100,1
"KLHDC7A","Klhdc7a","ortholog_one2one",100,100,1
"KIF14","Kif14","ortholog_one2one",100,98.97,1
"GTF2H5","Gtf2h5","ortholog_one2one",100,100,1
"MEIOC","Meioc","ortholog_one2one",100,100,1
"GUCA2A","Guca2a","ortholog_one2one",100,100,1
"LYL1","Lyl1","ortholog_one2one",100,100,1
"VWF","Vwf","ortholog_one2one",100,100,1
"PRKAG3","Prkag3","ortholog_one2one",100,99.97,1
"PSMB10","Psmb10","ortholog_one2one",100,100,1
"MEIS3","Meis3","ortholog_one2one",100,98.78,1
"NCBP3","Ncbp3","ortholog_one2one",75,100,1
"NXPH1","Nxph1","ortholog_one2one",100,100,1
"NMRAL1","Nmral1","ortholog_one2one",100,98.67,1
"E2F7","E2f7","ortholog_one2one",100,100,1
"PMEL","Pmel","ortholog_one2one",100,100,1
"HARS2","Hars2","ortholog_one2one",100,100,1
"PLEKHF2","Plekhf2","ortholog_one2one",75,100,1
"SPAG9","Spag9","ortholog_one2one",100,100,1
"DUSP22","Dusp22","ortholog_one2one",50,100,1
"CDKN1A","Cdkn1a","ortholog_one2one",100,100,1
"A2M","A2m","ortholog_one2one",75,100,1
"KMT2E","Kmt2e","ortholog_one2one",100,100,1
"ANXA9","Anxa9","ortholog_one2one",100,100,1
"CDK2","Cdk2","ortholog_one2one",100,100,1
"DBF4","Dbf4","ortholog_one2one",100,100,1
"ZCCHC4","Zcchc4","ortholog_one2one",100,100,1
"MMP12","Mmp12","ortholog_one2one",100,100,1
"CACNA1F","Cacna1f","ortholog_one2one",100,100,1
"ARL6IP1","Arl6ip1","ortholog_one2one",25,100,1
"INHBA","Inhba","ortholog_one2one",100,100,1
"RANBP3L","Ranbp3l","ortholog_one2one",100,98.69,1
"GUCA2B","Guca2b","ortholog_one2one",75,100,1
"SIPA1L2","Sipa1l2","ortholog_one2one",100,98.97,1
"RAD54L","Rad54l","ortholog_one2one",75,100,1
"HARS1","Hars","ortholog_one2one",100,100,1
"MED27","Med27","ortholog_one2one",100,95.7,1
"ATAD2B","Atad2b","ortholog_one2one",100,98.79,1
"TFAP2B","Tfap2b","ortholog_one2one",100,100,1
"DHX40","Dhx40","ortholog_one2one",100,100,1
"PRUNE1","Prune1","ortholog_one2one",100,97.54,1
"ZNF248","Zfp248","ortholog_one2one",25,100,1
"FEM1C","Fem1c","ortholog_one2one",100,100,1
"ATG9B","Atg9b","ortholog_one2one",100,100,1
"VCL","Vcl","ortholog_one2one",100,100,1
"MINDY1","Mindy1","ortholog_one2one",100,100,1
"TMEFF1","Tmeff1","ortholog_one2one",100,100,1
"DGKA","Dgka","ortholog_one2one",100,100,1
"RHBDF1","Rhbdf1","ortholog_one2one",25,100,1
"ANAPC4","Anapc4","ortholog_one2one",100,100,1
"PGAP6","Tmem8","ortholog_one2one",100,100,1
"ACTN1","Actn1","ortholog_one2one",100,100,1
"SEMA3E","Sema3e","ortholog_one2one",100,100,1
"TNFRSF21","Tnfrsf21","ortholog_one2one",100,100,1
"NOS3","Nos3","ortholog_one2one",50,100,1
"DLL1","Dll1","ortholog_one2one",100,100,1
"AP3M1","Ap3m1","ortholog_one2one",100,100,1
"ZNF202","Zfp202","ortholog_one2one",100,100,1
"SCN9A","Scn9a","ortholog_one2one",100,100,1
"SRPK2","Srpk2","ortholog_one2one",100,100,1
"FAM184A","Fam184a","ortholog_one2one",100,100,1
"LRRC41","Lrrc41","ortholog_one2one",100,100,1
"UBASH3A","Ubash3a","ortholog_one2one",100,98.19,1
"PCSK2","Pcsk2","ortholog_one2one",100,100,1
"GXYLT2","Gxylt2","ortholog_one2one",100,100,1
"DUS4L","Dus4l","ortholog_one2one",75,100,1
"CLDN11","Cldn11","ortholog_one2one",75,100,1
"GBX1","Gbx1","ortholog_one2one",100,100,1
"SSBP1","Ssbp1","ortholog_one2one",100,98.19,1
"TMEM263","Tmem263","ortholog_one2one",100,100,1
"FAM120B","Fam120b","ortholog_one2one",100,99.19,1
"LRRC45","Lrrc45","ortholog_one2one",100,100,1
"C7orf57","Gm11992","ortholog_one2one",100,99.61,1
"CREBBP","Crebbp","ortholog_one2one",100,100,1
"NDUFAF6","Ndufaf6","ortholog_one2one",100,100,1
"MTERF2","Mterf2","ortholog_one2one",100,100,1
"CERS2","Cers2","ortholog_one2one",100,100,1
"SUN3","Sun3","ortholog_one2one",100,100,1
"CHRM2","Chrm2","ortholog_one2one",100,100,1
"WNT6","Wnt6","ortholog_one2one",100,100,1
"MAP10","Map10","ortholog_one2one",100,92.44,0
"OR5AS1","Olfr1111","ortholog_one2one",75,100,1
"DSC2","Dsc2","ortholog_one2one",100,100,1
"EFEMP1","Efemp1","ortholog_one2one",100,100,1
"LMNB2","Lmnb2","ortholog_one2one",100,100,1
"KLHL33","Klhl33","ortholog_one2one",100,100,1
"THOC1","Thoc1","ortholog_one2one",75,100,1
"INSR","Insr","ortholog_one2one",50,100,1
"B3GALNT1","B3galnt1","ortholog_one2one",100,100,1
"COMMD2","Commd2","ortholog_one2one",100,100,1
"AATK","Aatk","ortholog_one2one",100,100,1
"RICTOR","Rictor","ortholog_one2one",100,100,1
"KALRN","Kalrn","ortholog_one2one",100,100,1
"OR51I1","Olfr640","ortholog_one2one",100,100,1
"ADGRF1","Adgrf1","ortholog_one2one",100,100,1
"ATPSCKMT","Atpsckmt","ortholog_one2one",100,100,1
"STRC","Strc","ortholog_one2one",100,99.33,1
"OR52D1","Olfr646","ortholog_one2one",100,100,1
"ZNF438","Zfp438","ortholog_one2one",50,100,1
"SLC16A10","Slc16a10","ortholog_one2one",100,100,1
"DEPTOR","Deptor","ortholog_one2one",100,100,1
"EIF2D","Eif2d","ortholog_one2one",100,100,1
"NFX1","Nfx1","ortholog_one2one",100,100,1
"CLDN6","Cldn6","ortholog_one2one",100,100,1
"ITGAX","Itgax","ortholog_one2one",100,99.71,1
"OR51I2","Olfr641","ortholog_one2one",100,100,1
"PDE1C","Pde1c","ortholog_one2one",100,100,1
"MAPRE2","Mapre2","ortholog_one2one",100,100,1
"OSBP2","Osbp2","ortholog_one2one",100,100,1
"FBXO10","Fbxo10","ortholog_one2one",100,100,1
"COG5","Cog5","ortholog_one2one",100,100,1
"COPZ2","Copz2","ortholog_one2one",100,100,1
"PYGB","Pygb","ortholog_one2one",100,100,1
"PSMG4","Psmg4","ortholog_one2one",100,100,1
"PKD1L2","Pkd1l2","ortholog_one2one",100,100,0
"PBX4","Pbx4","ortholog_one2one",100,100,1
"SETDB1","Setdb1","ortholog_one2one",100,99.45,1
"TMED7","Tmed7","ortholog_one2one",100,100,1
"FBXO40","Fbxo40","ortholog_one2one",100,100,1
"EIF4A2","Eif4a2","ortholog_one2one",75,100,1
"EIF4ENIF1","Eif4enif1","ortholog_one2one",100,100,1
"GPR22","Gpr22","ortholog_one2one",100,100,1
"CAVIN4","Cavin4","ortholog_one2one",100,100,1
"FBXL5","Fbxl5","ortholog_one2one",100,100,1
"UBE2J2","Ube2j2","ortholog_one2one",100,100,1
"STX3","Stx3","ortholog_one2one",100,100,1
"HBP1","Hbp1","ortholog_one2one",75,100,1
"ZNF518A","Zfp518a","ortholog_one2one",100,100,1
"CLDN9","Cldn9","ortholog_one2one",100,100,1
"FOXN1","Foxn1","ortholog_one2one",100,100,1
"TAS2R1","Tas2r119","ortholog_one2one",75,100,0
"POU5F2","Pou5f2","ortholog_one2one",100,100,1
"FAM172A","Fam172a","ortholog_one2one",100,100,1
"LINC00514","1520401A03Rik","ortholog_one2one",75,98.72,0
"USP14","Usp14","ortholog_one2one",50,100,1
"CHIT1","Chit1","ortholog_one2one",100,99.87,1
"POLR1E","Polr1e","ortholog_one2one",100,98.42,1
"MEIOB","Meiob","ortholog_one2one",75,100,1
"CILP2","Cilp2","ortholog_one2one",100,100,1
"NBEAL1","Nbeal1","ortholog_one2one",100,100,1
"OR2B11","Olfr222","ortholog_one2one",50,100,1
"HEBP2","Hebp2","ortholog_one2one",100,100,1
"KATNAL2","Katnal2","ortholog_one2one",100,100,1
"TANC2","Tanc2","ortholog_one2one",100,100,1
"WIF1","Wif1","ortholog_one2one",100,100,1
"C9orf50","1700001O22Rik","ortholog_one2one",100,100,0
"STYXL1","Styxl1","ortholog_one2one",100,93.97,1
"MTERF3","Mterf3","ortholog_one2one",50,100,1
"EHBP1L1","Ehbp1l1","ortholog_one2one",100,96.96,1
"NDUFA4","Ndufa4","ortholog_one2one",100,100,1
"SAXO2","Saxo2","ortholog_one2one",50,100,1
"CLCN6","Clcn6","ortholog_one2one",100,100,1
"SLC66A3","Pqlc3","ortholog_one2one",100,100,1
"BLMH","Blmh","ortholog_one2one",100,100,1
"ASB10","Asb10","ortholog_one2one",100,100,1
"NTPCR","Ntpcr","ortholog_one2one",100,89.51,1
"TP53INP1","Trp53inp1","ortholog_one2one",100,100,1
"MRPL28","Mrpl28","ortholog_one2one",100,100,1
"BEST3","Best3","ortholog_one2one",100,100,1
"PTDSS1","Ptdss1","ortholog_one2one",50,100,1
"ARRDC4","Arrdc4","ortholog_one2one",50,100,1
"NACAD","Nacad","ortholog_one2one",100,99.24,1
"LHX6","Lhx6","ortholog_one2one",100,100,1
"WRAP73","Wrap73","ortholog_one2one",100,100,1
"TEX26","Tex26","ortholog_one2one",100,100,1
"SLC25A40","Slc25a40","ortholog_one2one",100,100,1
"CPNE3","Cpne3","ortholog_one2one",100,100,1
"TUFM","Tufm","ortholog_one2one",100,100,1
"NAALADL1","Naaladl1","ortholog_one2one",100,100,1
"MRPL4","Mrpl4","ortholog_one2one",100,86.99,1
"VPS8","Vps8","ortholog_one2one",100,99.34,1
"SPRY4","Spry4","ortholog_one2one",100,100,1
"UQCRB","Uqcrb","ortholog_one2one",50,18.78,0
"TPRG1L","Tprgl","ortholog_one2one",100,100,1
"PTPN13","Ptpn13","ortholog_one2one",100,99.42,1
"NIPSNAP1","Nipsnap1","ortholog_one2one",100,100,1
"CSMD1","Csmd1","ortholog_one2one",100,99.99,1
"SAC3D1","Sac3d1","ortholog_one2one",100,100,1
"PRPSAP1","Prpsap1","ortholog_one2one",100,100,1
"CHI3L1","Chil1","ortholog_one2one",100,100,1
"DENND3","Dennd3","ortholog_one2one",100,100,1
"IQCA1L","Iqca1l","ortholog_one2one",100,100,1
"UQCRC2","Uqcrc2","ortholog_one2one",50,100,1
"ADORA2A","Adora2a","ortholog_one2one",25,100,1
"ITGAD","Itgad","ortholog_one2one",100,98.96,1
"TSSK6","Tssk6","ortholog_one2one",100,100,1
"AC011448.1","Yjefn3","ortholog_one2one",100,85.97,0
"NDUFA13","Ndufa13","ortholog_one2one",100,87.17,1
"RAD17","Rad17","ortholog_one2one",100,100,1
"GABRB2","Gabrb2","ortholog_one2one",100,100,1
"GUCD1","Gucd1","ortholog_one2one",100,100,1
"STARD3","Stard3","ortholog_one2one",100,100,1
"LONRF2","Lonrf2","ortholog_one2one",100,100,1
"RBM11","Rbm11","ortholog_one2one",50,95.95,1
"DCAF5","Dcaf5","ortholog_one2one",100,100,1
"WNT2","Wnt2","ortholog_one2one",75,100,1
"ZNF25","Zfp9","ortholog_one2one",0,100,1
"KIF5C","Kif5c","ortholog_one2one",100,100,1
"MSMB","Msmb","ortholog_one2one",50,76.01,0
"OSGEPL1","Osgepl1","ortholog_one2one",75,99.96,1
"RASSF5","Rassf5","ortholog_one2one",100,100,1
"ZNF510","Zfp819","ortholog_one2one",0,0,0
"PIGP","Pigp","ortholog_one2one",100,100,1
"PDZD9","Pdzd9","ortholog_one2one",50,100,1
"PLPPR1","Plppr1","ortholog_one2one",100,100,1
"PTN","Ptn","ortholog_one2one",100,100,1
"CCDC93","Ccdc93","ortholog_one2one",100,100,1
"FBLN7","Fbln7","ortholog_one2one",100,100,1
"AC119676.1","AL607142.1","ortholog_one2one",100,100,1
"HIVEP3","Hivep3","ortholog_one2one",100,100,1
"CEACAM18","Ceacam18","ortholog_one2one",25,100,1
"GRIA3","Gria3","ortholog_one2one",100,100,1
"WWP1","Wwp1","ortholog_one2one",100,100,1
"LRRC10","Lrrc10","ortholog_one2one",100,100,1
"RFC4","Rfc4","ortholog_one2one",50,100,1
"SEMA4A","Sema4a","ortholog_one2one",100,100,1
"ARHGAP26","Arhgap26","ortholog_one2one",100,100,1
"FAHD1","Fahd1","ortholog_one2one",100,93.45,1
"NOLC1","Nolc1","ortholog_one2one",100,99.72,1
"ZEB1","Zeb1","ortholog_one2one",50,100,1
"HAGH","Hagh","ortholog_one2one",100,100,1
"ZC3H8","Zc3h8","ortholog_one2one",100,99.82,1
"CASP3","Casp3","ortholog_one2one",100,100,1
"DHX34","Dhx34","ortholog_one2one",100,100,1
"TRAF6","Traf6","ortholog_one2one",100,100,1
"RAB30","Rab30","ortholog_one2one",100,100,1
"FERMT2","Fermt2","ortholog_one2one",100,100,1
"COX6A2","Cox6a2","ortholog_one2one",100,100,1
"ORMDL1","Gm28778","ortholog_one2one",100,81.53,1
"UPB1","Upb1","ortholog_one2one",100,100,1
"NLRP6","Nlrp6","ortholog_one2one",100,100,1
"ABCC1","Abcc1","ortholog_one2one",50,99.71,1
"BST1","Bst1","ortholog_one2one",100,98.38,1
"TFPI2","Tfpi2","ortholog_one2one",100,100,1
"ANKUB1","Ankub1","ortholog_one2one",100,100,0
"PKMYT1","Pkmyt1","ortholog_one2one",100,97.28,1
"YPEL2","Ypel2","ortholog_one2one",100,100,1
"C5orf52","4921536K21Rik","ortholog_one2one",0,95.74,0
"GADD45B","Gadd45b","ortholog_one2one",100,100,1
"CCDC43","Ccdc43","ortholog_one2one",100,100,1
"WNT10A","Wnt10a","ortholog_one2one",100,100,1
"CHCHD7","Chchd7","ortholog_one2one",100,100,1
"BLNK","Blnk","ortholog_one2one",100,100,1
"WNT5A","Wnt5a","ortholog_one2one",75,100,1
"TNNT1","Tnnt1","ortholog_one2one",100,100,1
"SLC13A2","Slc13a2","ortholog_one2one",100,100,1
"MYB","Myb","ortholog_one2one",100,100,1
"PAQR4","Paqr4","ortholog_one2one",100,100,1
"UPK1A","Upk1a","ortholog_one2one",100,95.02,1
"MAVS","Mavs","ortholog_one2one",100,100,0
"CNTNAP2","Cntnap2","ortholog_one2one",100,100,1
"CSRP2","Csrp2","ortholog_one2one",100,100,1
"ABCC8","Abcc8","ortholog_one2one",50,99.95,1
"TTC3","Ttc3","ortholog_one2one",100,100,1
"RMDN1","Rmdn1","ortholog_one2one",100,100,1
"LMNTD1","Lmntd1","ortholog_one2one",100,99.51,1
"RAB3B","Rab3b","ortholog_one2one",75,100,1
"COX6B1","Cox6b1","ortholog_one2one",100,100,1
"AXIN1","Axin1","ortholog_one2one",100,99.58,1
"FGL1","Fgl1","ortholog_one2one",100,100,1
"RAB44","Rab44","ortholog_one2one",100,99,0
"BCO1","Bco1","ortholog_one2one",100,96.89,1
"ZC3H6","Zc3h6","ortholog_one2one",100,100,1
"ZFP28","Zfp28","ortholog_one2one",50,100,1
"LSM6","Lsm6","ortholog_one2one",100,100,1
"ETV2","Etv2","ortholog_one2one",100,100,1
"FGF1","Fgf1","ortholog_one2one",100,100,1
"MDH2","Mdh2","ortholog_one2one",100,100,1
"BACE2","Bace2","ortholog_one2one",50,100,1
"TCF23","Tcf23","ortholog_one2one",100,100,1
"KREMEN2","Kremen2","ortholog_one2one",75,100,1
"NHLRC3","Nhlrc3","ortholog_one2one",100,100,1
"FAM91A1","Fam91a1","ortholog_one2one",100,100,1
"SUPV3L1","Supv3l1","ortholog_one2one",100,100,1
"GRSF1","Grsf1","ortholog_one2one",100,100,1
"PROX2","Prox2","ortholog_one2one",100,100,1
"BFSP1","Bfsp1","ortholog_one2one",100,100,1
"FLYWCH1","Flywch1","ortholog_one2one",75,95.97,1
"ZMAT2","Zmat2","ortholog_one2one",100,100,1
"EXD2","Exd2","ortholog_one2one",100,98.49,1
"EFL1","Efl1","ortholog_one2one",75,100,1
"RAC3","Rac3","ortholog_one2one",100,100,1
"BOK","Bok","ortholog_one2one",100,100,1
"PORCN","Porcn","ortholog_one2one",100,100,1
"HNRNPUL1","Hnrnpul1","ortholog_one2one",75,100,1
"RBP7","Rbp7","ortholog_one2one",100,100,1
"RHOV","Rhov","ortholog_one2one",100,100,1
"TPRN","Tprn","ortholog_one2one",100,100,1
"C5AR2","C5ar2","ortholog_one2one",100,98.99,1
"FBLN2","Fbln2","ortholog_one2one",100,100,1
"SPTAN1","Sptan1","ortholog_one2one",100,100,1
"HSPA1L","Hspa1l","ortholog_one2one",100,100,1
"TAS2R3","Tas2r137","ortholog_one2one",100,100,1
"MOSMO","Mosmo","ortholog_one2one",100,100,1
"GAN","Gan","ortholog_one2one",100,100,1
"AQP3","Aqp3","ortholog_one2one",75,100,1
"KLHL29","Klhl29","ortholog_one2one",100,100,1
"TAS2R4","Tas2r108","ortholog_one2one",75,100,1
"MPP2","Mpp2","ortholog_one2one",100,98.73,1
"KDM1A","Kdm1a","ortholog_one2one",100,100,1
"CFAP44","Cfap44","ortholog_one2one",100,100,1
"PRDM10","Prdm10","ortholog_one2one",100,99.67,1
"GALNT16","Galnt16","ortholog_one2one",100,100,1
"DDIAS","Ddias","ortholog_one2one",100,98.56,0
"JUP","Jup","ortholog_one2one",100,99.99,1
"SNX15","Snx15","ortholog_one2one",100,100,1
"VAMP4","Vamp4","ortholog_one2one",100,100,1
"CSN1S1","Csn1s1","ortholog_one2one",100,94.72,0
"ADGRF5","Adgrf5","ortholog_one2one",100,100,1
"FXR1","Fxr1","ortholog_one2one",100,100,1
"HDAC9","Hdac9","ortholog_one2one",100,100,1
"BAZ2A","Baz2a","ortholog_one2one",100,100,1
"HK3","Hk3","ortholog_one2one",100,100,1
"FAM135A","Fam135a","ortholog_one2one",100,100,1
"SLC10A6","Slc10a6","ortholog_one2one",100,100,1
"TCAP","Tcap","ortholog_one2one",100,100,1
"CRYBA4","Cryba4","ortholog_one2one",100,100,1
"IGFALS","Igfals","ortholog_one2one",75,100,1
"ANGPTL1","Angptl1","ortholog_one2one",100,100,1
"C5AR1","C5ar1","ortholog_one2one",100,100,1
"COPS7B","Cops7b","ortholog_one2one",100,100,1
"ABHD12","Abhd12","ortholog_one2one",100,98.24,1
"ANO2","Ano2","ortholog_one2one",100,100,1
"PCLO","Pclo","ortholog_one2one",100,99.76,1
"HIPK3","Hipk3","ortholog_one2one",100,100,1
"GNGT1","Gngt1","ortholog_one2one",100,100,1
"UPP1","Upp1","ortholog_one2one",100,100,1
"RALGPS2","Ralgps2","ortholog_one2one",100,100,1
"DOCK1","Dock1","ortholog_one2one",100,100,1
"ANKIB1","Ankib1","ortholog_one2one",100,100,1
"PDIA2","Pdia2","ortholog_one2one",100,100,1
"HAGHL","Haghl","ortholog_one2one",100,100,1
"PSMB1","Psmb1","ortholog_one2one",100,100,1
"PHC2","Phc2","ortholog_one2one",100,100,1
"PRIMA1","Prima1","ortholog_one2one",100,100,1
"PCDHGB7","Pcdhgb7","ortholog_one2one",100,100,1
"GATAD2A","Gatad2a","ortholog_one2one",100,100,1
"PCDHGC3","Pcdhgc3","ortholog_one2one",100,100,1
"RGS11","Rgs11","ortholog_one2one",100,100,1
"SLC7A14","Slc7a14","ortholog_one2one",50,100,1
"OR10V1","Olfr1420","ortholog_one2one",100,100,1
"GNG7","Gng7","ortholog_one2one",100,100,1
"ATP10B","Atp10b","ortholog_one2one",100,100,1
"AP001054.1","AC160405.1","ortholog_one2one",100,100,1
"AGPAT3","Agpat3","ortholog_one2one",100,100,1
"DSTN","Dstn","ortholog_one2one",100,100,1
"ASZ1","Asz1","ortholog_one2one",100,100,1
"FAM89B","Fam89b","ortholog_one2one",100,100,1
"TENT5C","Tent5c","ortholog_one2one",100,100,1
"INAFM1","Inafm1","ortholog_one2one",100,100,1
"GNG11","Gng11","ortholog_one2one",75,100,1
"CDO1","Cdo1","ortholog_one2one",100,100,1
"CFAP70","Cfap70","ortholog_one2one",100,99.24,1
"DSC1","Dsc1","ortholog_one2one",100,100,1
"OSGEP","Osgep","ortholog_one2one",100,100,1
"CHPF2","Chpf2","ortholog_one2one",100,100,1
"ARHGDIG","Arhgdig","ortholog_one2one",100,100,1
"TNFSF12","Tnfsf12","ortholog_one2one",75,100,1
"PATL1","Patl1","ortholog_one2one",100,100,1
"SMARCD3","Smarcd3","ortholog_one2one",100,100,1
"PNMT","Pnmt","ortholog_one2one",100,100,1
"PCDHGA5","Pcdhga5","ortholog_one2one",100,100,1
"LENG1","Leng1","ortholog_one2one",100,100,1
"PCDHA13","Pcdha12","ortholog_one2one",100,100,1
"TMC4","Tmc4","ortholog_one2one",100,99.67,1
"PGGHG","Pgghg","ortholog_one2one",75,100,1
"DCXR","Dcxr","ortholog_one2one",100,100,1
"SPAG1","Spag1","ortholog_one2one",100,100,1
"DAND5","Dand5","ortholog_one2one",75,100,1
"CIAO3","Ciao3","ortholog_one2one",100,100,1
"LRTM1","Lrtm1","ortholog_one2one",100,100,1
"TNFSF13","Tnfsf13","ortholog_one2one",100,100,1
"PWWP3A","Pwwp3a","ortholog_one2one",100,90.03,1
"GADD45GIP1","Gadd45gip1","ortholog_one2one",100,100,1
"RSPH1","Rsph1","ortholog_one2one",100,100,1
"RAD23A","Rad23a","ortholog_one2one",100,100,1
"VIPAS39","Vipas39","ortholog_one2one",100,100,1
"ACO1","Aco1","ortholog_one2one",100,100,1
"LUZP1","Luzp1","ortholog_one2one",100,100,1
"CACNA2D3","Cacna2d3","ortholog_one2one",100,100,1
"PCDHA1","Pcdha1","ortholog_one2one",100,100,1
"DNAJC19","Dnajc19","ortholog_one2one",100,81.12,1
"ANKRD66","Ankrd66","ortholog_one2one",100,92.15,1
"TNFSF12-TNFSF13","Tnfsfm13","ortholog_one2one",100,100,1
"INSYN2A","Insyn2a","ortholog_one2one",100,100,1
"LRRN1","Lrrn1","ortholog_one2one",100,100,1
"PCDHGA11","Pcdhga11","ortholog_one2one",100,100,1
"ARL2","Arl2","ortholog_one2one",100,100,1
"SCN3B","Scn3b","ortholog_one2one",100,100,1
"CNOT3","Cnot3","ortholog_one2one",100,100,1
"VPS18","Vps18","ortholog_one2one",100,100,1
"MMP3","Mmp3","ortholog_one2one",100,100,1
"HEPACAM","Hepacam","ortholog_one2one",100,100,1
"CDK5R2","Cdk5r2","ortholog_one2one",100,100,1
"UNC5A","Unc5a","ortholog_one2one",100,100,1
"BATF2","Batf2","ortholog_one2one",100,100,1
"HPS5","Hps5","ortholog_one2one",100,100,1
"MORN3","Morn3","ortholog_one2one",100,100,1
"ARMC5","Armc5","ortholog_one2one",100,100,1
"PRSS37","Prss37","ortholog_one2one",50,100,1
"FOXK1","Foxk1","ortholog_one2one",100,100,1
"ZNF397","Zfp397","ortholog_one2one",100,100,1
"DUSP18","Dusp18","ortholog_one2one",100,100,1
"PROSER1","Proser1","ortholog_one2one",100,100,1
"IFITM5","Ifitm5","ortholog_one2one",75,100,1
"OR9A1P","Olfr461","ortholog_one2one",0,100,1
"HASPIN","Haspin","ortholog_one2one",100,100,1
"OR9A4","Olfr460","ortholog_one2one",75,100,1
"ITGAE","Itgae","ortholog_one2one",100,100,1
"POMC","Pomc","ortholog_one2one",100,100,1
"NMNAT1","Nmnat1","ortholog_one2one",100,100,1
"TSPYL1","Tspyl1","ortholog_one2one",75,100,1
"INPP5D","Inpp5d","ortholog_one2one",100,100,1
"PCDHB14","Pcdhb20","ortholog_one2one",100,100,1
"ERFL","Erfl","ortholog_one2one",100,100,1
"NMD3","Nmd3","ortholog_one2one",100,98.21,1
"THOC5","Thoc5","ortholog_one2one",100,100,1
"PCDHB3","Pcdhb3","ortholog_one2one",100,100,1
"SLC22A23","Slc22a23","ortholog_one2one",100,100,1
"RELCH","Relch","ortholog_one2one",100,99.22,1
"PCDHGC5","Pcdhgc5","ortholog_one2one",100,100,1
"CEP131","Cep131","ortholog_one2one",100,100,1
"IRF4","Irf4","ortholog_one2one",75,100,1
"STXBP2","Stxbp2","ortholog_one2one",100,100,1
"C5orf34","4833420G17Rik","ortholog_one2one",100,100,1
"SDR16C5","Sdr16c5","ortholog_one2one",100,100,1
"SCARF2","Scarf2","ortholog_one2one",50,100,1
"THAP4","Thap4","ortholog_one2one",100,100,1
"SLC35E4","Slc35e4","ortholog_one2one",100,100,1
"SRRM3","Srrm3","ortholog_one2one",100,100,1
"RUNDC3B","Rundc3b","ortholog_one2one",100,98.53,1
"YEATS2","Yeats2","ortholog_one2one",100,100,1
"SUGCT","Sugct","ortholog_one2one",100,98.26,1
"ADAM11","Adam11","ortholog_one2one",100,100,1
"MTHFD1L","Mthfd1l","ortholog_one2one",100,100,1
"SKA1","Ska1","ortholog_one2one",100,100,1
"ATG4B","Atg4b","ortholog_one2one",100,100,1
"KCNF1","Kcnf1","ortholog_one2one",100,100,1
"GRAMD1A","Gramd1a","ortholog_one2one",100,100,1
"BAAT","Baat","ortholog_one2one",100,100,1
"PDE3A","Pde3a","ortholog_one2one",100,100,1
"RARS2","Rars2","ortholog_one2one",100,100,1
"ELOVL3","Elovl3","ortholog_one2one",100,100,1
"ATG12","Atg12","ortholog_one2one",100,100,1
"PITX3","Pitx3","ortholog_one2one",100,100,1
"AOPEP","Aopep","ortholog_one2one",100,100,1
"OSBP","Osbp","ortholog_one2one",100,100,1
"ALG6","Alg6","ortholog_one2one",100,100,1
"CATSPER2","Catsper2","ortholog_one2one",100,85.03,1
"GINS1","Gins1","ortholog_one2one",100,100,1
"PCDHGA6","Pcdhga6","ortholog_one2one",100,100,1
"AHCYL2","Ahcyl2","ortholog_one2one",100,100,1
"PIAS2","Pias2","ortholog_one2one",100,100,1
"ITIH3","Itih3","ortholog_one2one",100,100,1
"PPP2R5C","Ppp2r5c","ortholog_one2one",100,100,1
"CLEC5A","Clec5a","ortholog_one2one",50,100,1
"GDPD1","Gdpd1","ortholog_one2one",100,100,1
"DHX29","Dhx29","ortholog_one2one",100,100,1
"PGAP3","Pgap3","ortholog_one2one",100,100,1
"MRPL50","Mrpl50","ortholog_one2one",100,100,1
"PLA2G7","Pla2g7","ortholog_one2one",100,100,1
"PCDHAC2","Pcdhac2","ortholog_one2one",100,100,1
"ZNF189","Zfp189","ortholog_one2one",100,100,1
"PDIA3","Pdia3","ortholog_one2one",100,100,1
"OR4D11","Olfr1423","ortholog_one2one",100,100,1
"UBQLN3","Ubqln3","ortholog_one2one",100,100,1
"STOML3","Stoml3","ortholog_one2one",100,100,1
"OSBPL3","Osbpl3","ortholog_one2one",100,100,1
"UBQLNL","Ubqlnl","ortholog_one2one",100,100,0
"SFXN3","Sfxn3","ortholog_one2one",100,100,1
"AP3S1","Ap3s1","ortholog_one2one",100,100,1
"PCDHB2","Pcdhb2","ortholog_one2one",100,100,1
"MYBPH","Mybph","ortholog_one2one",100,100,1
"ATXN2L","Atxn2l","ortholog_one2one",75,100,1
"BBOX1","Bbox1","ortholog_one2one",100,100,1
"FEV","Fev","ortholog_one2one",100,100,1
"SLC7A13","Slc7a13","ortholog_one2one",75,100,1
"TMEM134","Tmem134","ortholog_one2one",100,100,1
"STMN1","Stmn1","ortholog_one2one",100,89.01,1
"MYOC","Myoc","ortholog_one2one",100,100,1
"MTCH2","Mtch2","ortholog_one2one",100,100,1
"ADORA1","Adora1","ortholog_one2one",100,100,1
"PCDHA2","Pcdha2","ortholog_one2one",100,100,1
"ATP6V0D2","Atp6v0d2","ortholog_one2one",50,100,1
"P3H4","P3h4","ortholog_one2one",100,100,1
"DLL4","Dll4","ortholog_one2one",100,100,1
"STARD3NL","Stard3nl","ortholog_one2one",100,97.26,1
"ARFGEF3","Arfgef3","ortholog_one2one",100,100,1
"PXDC1","Pxdc1","ortholog_one2one",100,100,1
"RABAC1","Rabac1","ortholog_one2one",100,100,1
"STK26","Stk26","ortholog_one2one",100,99.45,1
"CHST10","Chst10","ortholog_one2one",100,100,1
"BRSK2","Brsk2","ortholog_one2one",100,99.58,1
"FIBIN","Fibin","ortholog_one2one",100,99.72,1
"RRBP1","Rrbp1","ortholog_one2one",100,99.78,1
"SLC25A2","Slc25a2","ortholog_one2one",100,100,1
"PCDHA10","Pcdha9","ortholog_one2one",50,100,1
"PRPS1L1","Prps1l1","ortholog_one2one",100,100,1
"FREM2","Frem2","ortholog_one2one",100,100,1
"TAS2R38","Tas2r138","ortholog_one2one",100,100,1
"HSPA13","Hspa13","ortholog_one2one",100,100,1
"PFKFB3","Pfkfb3","ortholog_one2one",100,95.61,1
"PPM1G","Ppm1g","ortholog_one2one",100,100,1
"ALDOB","Aldob","ortholog_one2one",100,100,1
"FRMD7","Frmd7","ortholog_one2one",100,100,1
"CXXC1","Cxxc1","ortholog_one2one",100,100,1
"PCDHGB4","Pcdhgb4","ortholog_one2one",100,100,1
"FHDC1","Fhdc1","ortholog_one2one",100,100,1
"NPPC","Nppc","ortholog_one2one",75,100,1
"NOL6","Nol6","ortholog_one2one",50,100,1
"EDN2","Edn2","ortholog_one2one",75,100,1
"AXL","Axl","ortholog_one2one",100,100,1
"ANGPT2","Angpt2","ortholog_one2one",100,100,1
"TSPAN18","Tspan18","ortholog_one2one",100,99.92,1
"LRTOMT","Lrrc51","ortholog_one2one",100,100,1
"KLHL3","Klhl3","ortholog_one2one",75,100,1
"LZIC","Lzic","ortholog_one2one",100,100,1
"FAM181A","Fam181a","ortholog_one2one",100,97.2,1
"PCDHB13","Pcdhb16","ortholog_one2one",50,85.54,1
"FOXO6","Foxo6","ortholog_one2one",100,99.12,1
"PCDHB15","Pcdhb22","ortholog_one2one",75,100,1
"TMEM267","Tmem267","ortholog_one2one",100,51.98,1
"OGDH","Ogdh","ortholog_one2one",100,100,1
"MCPH1","Mcph1","ortholog_one2one",100,99.23,1
"PCDHGA12","Pcdhga12","ortholog_one2one",100,100,1
"HES2","Hes2","ortholog_one2one",100,100,1
"TDRD6","Tdrd6","ortholog_one2one",100,100,1
"C1QTNF12","C1qtnf12","ortholog_one2one",100,100,1
"PSD3","Psd3","ortholog_one2one",50,100,1
"RASSF8","Rassf8","ortholog_one2one",100,100,1
"CCT2","Cct2","ortholog_one2one",100,100,1
"FKBP10","Fkbp10","ortholog_one2one",100,100,1
"BACH1","Bach1","ortholog_one2one",100,100,1
"B3GALT6","B3galt6","ortholog_one2one",100,100,1
"CRYBA2","Cryba2","ortholog_one2one",100,100,1
"MAN1A2","Man1a2","ortholog_one2one",100,100,1
"AP5Z1","Ap5z1","ortholog_one2one",100,100,1
"NR2F2","Nr2f2","ortholog_one2one",75,100,1
"CACNA1A","Cacna1a","ortholog_one2one",100,99.69,1
"CPNE5","Cpne5","ortholog_one2one",100,100,1
"SMG8","Smg8","ortholog_one2one",100,100,1
"C1orf158","1700012P22Rik","ortholog_one2one",25,100,1
"NANP","Nanp","ortholog_one2one",50,100,1
"PCDHB7","Pcdhb15","ortholog_one2one",100,100,1
"LRRC9","Lrrc9","ortholog_one2one",100,100,1
"NT5C3B","Nt5c3b","ortholog_one2one",100,100,1
"PCDHGB6","Pcdhgb6","ortholog_one2one",100,100,1
"NINL","Ninl","ortholog_one2one",75,100,1
"CHTOP","Chtop","ortholog_one2one",100,100,1
"SMG1","Smg1","ortholog_one2one",50,100,1
"LAMTOR1","Lamtor1","ortholog_one2one",100,100,1
"NR2F1","Nr2f1","ortholog_one2one",75,100,1
"TNNI3","Tnni3","ortholog_one2one",100,100,1
"CCL28","Ccl28","ortholog_one2one",100,100,1
"ST8SIA5","St8sia5","ortholog_one2one",100,100,1
"PIP4P1","Pip4p1","ortholog_one2one",100,100,1
"LVRN","Lvrn","ortholog_one2one",100,100,1
"NUBP2","Nubp2","ortholog_one2one",100,100,1
"PIK3C3","Pik3c3","ortholog_one2one",100,99.83,1
"BHLHE41","Bhlhe41","ortholog_one2one",100,100,1
"FANCC","Fancc","ortholog_one2one",100,100,1
"PCDHGA3","Pcdhga3","ortholog_one2one",100,100,1
"CRYBB1","Crybb1","ortholog_one2one",100,100,1
"OR52H1","Olfr648","ortholog_one2one",100,100,1
"RAP2C","Rap2c","ortholog_one2one",100,100,1
"SLC25A27","Slc25a27","ortholog_one2one",100,100,1
"AZIN1","Azin1","ortholog_one2one",100,100,1
"SNX6","Snx6","ortholog_one2one",100,100,1
"CTU1","Ctu1","ortholog_one2one",75,95.87,1
"MMP8","Mmp8","ortholog_one2one",100,100,1
"NMS","Nms","ortholog_one2one",100,100,1
"MEX3B","Mex3b","ortholog_one2one",100,100,1
"APEX1","Apex1","ortholog_one2one",100,100,1
"PCDHGA7","Pcdhga7","ortholog_one2one",100,100,1
"DDX18","Ddx18","ortholog_one2one",100,99.97,1
"PLPPR2","Plppr2","ortholog_one2one",100,100,1
"TAF7","Taf7","ortholog_one2one",100,100,1
"OLA1","Ola1","ortholog_one2one",100,100,1
"OR52B6","Olfr650-ps1","ortholog_one2one",100,100,1
"PRR11","Prr11","ortholog_one2one",100,100,1
"PCDHGA4","Pcdhga4","ortholog_one2one",100,100,1
"LRIG2","Lrig2","ortholog_one2one",100,100,1
"PCDHB1","Pcdhb1","ortholog_one2one",100,100,1
"PDCL3","Pdcl3","ortholog_one2one",100,100,1
"LEPR","Lepr","ortholog_one2one",100,100,1
"HES6","Hes6","ortholog_one2one",100,100,1
"PCDHGA9","Pcdhga9","ortholog_one2one",100,100,1
"CPA3","Cpa3","ortholog_one2one",100,100,1
"FER1L6","Fer1l6","ortholog_one2one",100,100,1
"PPP6R3","Ppp6r3","ortholog_one2one",100,100,1
"CHAC1","Chac1","ortholog_one2one",100,100,1
"VTCN1","Vtcn1","ortholog_one2one",100,98.9,1
"ASB2","Asb2","ortholog_one2one",100,100,1
"C1QTNF4","C1qtnf4","ortholog_one2one",100,100,1
"CCNE2","Ccne2","ortholog_one2one",75,100,1
"NPS","Nps","ortholog_one2one",100,100,1
"DNTT","Dntt","ortholog_one2one",100,99.08,1
"PLK4","Plk4","ortholog_one2one",100,100,1
"IGSF21","Igsf21","ortholog_one2one",100,100,1
"PYY","Pyy","ortholog_one2one",100,100,1
"MYRF","Myrf","ortholog_one2one",100,100,1
"CFAP65","Cfap65","ortholog_one2one",100,99.26,1
"CD74","Cd74","ortholog_one2one",100,100,1
"THOC2","Thoc2","ortholog_one2one",100,100,1
"PGAP4","Tmem246","ortholog_one2one",100,100,1
"CCDC195","Gm45261","ortholog_one2one",100,100,1
"GATB","Gatb","ortholog_one2one",100,100,1
"AADACL3","Aadacl3","ortholog_one2one",50,100,1
"OR4D6","Olfr1428","ortholog_one2one",75,100,1
"PCDHA3","Pcdha3","ortholog_one2one",100,100,1
"ARL14EPL","Arl14epl","ortholog_one2one",100,100,1
"RNF13","Rnf13","ortholog_one2one",100,100,1
"DDHD1","Ddhd1","ortholog_one2one",100,100,1
"ACOT7","Acot7","ortholog_one2one",100,100,1
"CASTOR2","Castor2","ortholog_one2one",50,100,1
"FAM50B","Fam50b","ortholog_one2one",100,100,1
"SLC46A1","Slc46a1","ortholog_one2one",100,100,1
"FOXI2","Foxi2","ortholog_one2one",100,100,1
"PCDHGA1","Pcdhga1","ortholog_one2one",75,100,1
"ARFGAP2","Arfgap2","ortholog_one2one",100,100,1
"OR5A1","Olfr76","ortholog_one2one",50,100,1
"OTOL1","Otol1","ortholog_one2one",100,100,1
"SCN7A","Scn7a","ortholog_one2one",100,100,1
"PCDHGA8","Pcdhga8","ortholog_one2one",100,100,1
"CUL1","Cul1","ortholog_one2one",100,100,1
"KAZALD1","Kazald1","ortholog_one2one",100,100,1
"CLRN3","Clrn3","ortholog_one2one",100,100,1
"CYP20A1","Cyp20a1","ortholog_one2one",100,100,1
"CYP39A1","Cyp39a1","ortholog_one2one",100,100,1
"SAMSN1","Samsn1","ortholog_one2one",100,99.24,0
"TMEM120B","Tmem120b","ortholog_one2one",100,100,1
"PDCD2","Pdcd2","ortholog_one2one",50,100,1
"CCDC9","Ccdc9","ortholog_one2one",100,100,1
"ADGRG1","Adgrg1","ortholog_one2one",100,100,1
"FBXW7","Fbxw7","ortholog_one2one",100,100,1
"CRY1","Cry1","ortholog_one2one",100,99.04,1
"APBB2","Apbb2","ortholog_one2one",100,100,1
"CMIP","Cmip","ortholog_one2one",100,97.93,1
"TBP","Tbp","ortholog_one2one",75,98.36,1
"PCDHB6","Pcdhb13","ortholog_one2one",100,100,1
"INTS8","Ints8","ortholog_one2one",100,100,1
"NAGS","Nags","ortholog_one2one",100,100,1
"CFL2","Cfl2","ortholog_one2one",100,100,1
"VPS29","Vps29","ortholog_one2one",100,95.45,1
"OPALIN","Opalin","ortholog_one2one",100,100,1
"MBNL3","Mbnl3","ortholog_one2one",100,100,1
"RPF2","Rpf2","ortholog_one2one",100,100,1
"PCDHGA10","Pcdhga10","ortholog_one2one",100,100,1
"STKLD1","Stkld1","ortholog_one2one",100,99.15,1
"LRRTM4","Lrrtm4","ortholog_one2one",50,100,1
"BANF2","Banf2","ortholog_one2one",100,98.13,1
"BBX","Bbx","ortholog_one2one",100,100,1
"SDF4","Sdf4","ortholog_one2one",100,100,1
"MAJIN","Majin","ortholog_one2one",100,100,1
"ZNF24","Zfp24","ortholog_one2one",100,100,1
"PCDHGB1","Pcdhgb1","ortholog_one2one",100,100,1
"TEPSIN","Tepsin","ortholog_one2one",100,100,1
"PCDHGA2","Pcdhga2","ortholog_one2one",100,100,1
"MPG","Mpg","ortholog_one2one",100,100,1
"PCDHAC1","Pcdhac1","ortholog_one2one",100,100,1
"IRF2","Irf2","ortholog_one2one",100,100,1
"C11orf49","1110051M20Rik","ortholog_one2one",100,100,1
"ING3","Ing3","ortholog_one2one",100,100,1
"GPN3","Gpn3","ortholog_one2one",100,100,1
"RHOF","Rhof","ortholog_one2one",100,100,1
"C7orf31","4921507P07Rik","ortholog_one2one",100,100,1
"HSPB1","Hspb1","ortholog_one2one",100,99.8,1
"NPRL3","Nprl3","ortholog_one2one",100,100,1
"RFNG","Rfng","ortholog_one2one",100,98.91,1
"MRRF","Mrrf","ortholog_one2one",100,100,1
"UBE2R2","Ube2r2","ortholog_one2one",50,100,1
"MAP7","Map7","ortholog_one2one",100,100,1
"PCDHGB5","Pcdhgb5","ortholog_one2one",100,100,1
"CTNNBIP1","Ctnnbip1","ortholog_one2one",100,100,1
"PCDHB16","Pcdhb17","ortholog_one2one",100,100,1
"RETN","Retn","ortholog_one2one",100,100,1
"PCDHGB2","Pcdhgb2","ortholog_one2one",100,100,1
"RBM18","Rbm18","ortholog_one2one",100,100,1
"SSPN","Sspn","ortholog_one2one",100,96.86,1
"LETM2","Letm2","ortholog_one2one",100,100,1
"TMEM154","Tmem154","ortholog_one2one",100,100,1
"PCDHGC4","Pcdhgc4","ortholog_one2one",100,100,1
"BOC","Boc","ortholog_one2one",100,100,1
"PPP2R5B","Ppp2r5b","ortholog_one2one",100,100,1
"SLC16A1","Slc16a1","ortholog_one2one",100,100,1
"DIS3L2","Dis3l2","ortholog_one2one",75,99.54,1
"SLC6A4","Slc6a4","ortholog_one2one",100,100,1
"FAM160A1","Fam160a1","ortholog_one2one",75,99.44,1
"TRIM6","Trim6","ortholog_one2one",100,100,1
"RCAN2","Rcan2","ortholog_one2one",100,100,1
"FAM216A","Fam216a","ortholog_one2one",100,100,1
"DEF6","Def6","ortholog_one2one",100,100,1
"WNT7A","Wnt7a","ortholog_one2one",100,100,1
"GNS","Gns","ortholog_one2one",100,98.3,1
"CPB1","Cpb1","ortholog_one2one",75,100,1
"TIGD4","Tigd4","ortholog_one2one",100,100,1
"HMOX2","Hmox2","ortholog_one2one",100,96.09,1
"HMGCS1","Hmgcs1","ortholog_one2one",100,100,1
"ZNF827","Zfp827","ortholog_one2one",100,100,1
"ATG5","Atg5","ortholog_one2one",100,100,1
"AATF","Aatf","ortholog_one2one",75,94.95,1
"GPHA2","Gpha2","ortholog_one2one",100,100,1
"PCNX4","Pcnx4","ortholog_one2one",100,100,1
"CDK7","Cdk7","ortholog_one2one",100,100,1
"MGAT4B","Mgat4b","ortholog_one2one",100,100,1
"TULP4","Tulp4","ortholog_one2one",100,100,1
"TLL2","Tll2","ortholog_one2one",100,100,1
"SMURF1","Smurf1","ortholog_one2one",100,100,1
"WDR74","Wdr74","ortholog_one2one",100,100,1
"NIBAN1","Fam129a","ortholog_one2one",100,100,1
"PENK","Penk","ortholog_one2one",100,100,1
"MCEMP1","Mcemp1","ortholog_one2one",100,100,0
"OXR1","Oxr1","ortholog_one2one",100,100,1
"ABCB8","Abcb8","ortholog_one2one",100,99.31,1
"HSPA14","Hspa14","ortholog_one2one",100,100,1
"EPDR1","Epdr1","ortholog_one2one",0,100,1
"YWHAG","Ywhag","ortholog_one2one",100,100,1
"IHH","Ihh","ortholog_one2one",100,100,1
"A3GALT2","A3galt2","ortholog_one2one",100,100,1
"NRBP1","Nrbp1","ortholog_one2one",100,100,1
"SKA2","Ska2","ortholog_one2one",100,100,1
"ABCA13","Abca13","ortholog_one2one",100,100,1
"TPST2","Tpst2","ortholog_one2one",100,100,1
"TMEM101","Tmem101","ortholog_one2one",100,100,1
"C4orf51","1700011L22Rik","ortholog_one2one",100,100,1
"CDIP1","Cdip1","ortholog_one2one",100,100,1
"ADARB2","Adarb2","ortholog_one2one",100,100,1
"REXO4","Rexo4","ortholog_one2one",100,100,1
"PNPT1","Pnpt1","ortholog_one2one",100,100,1
"TNS1","Tns1","ortholog_one2one",75,100,1
"PDZRN3","Pdzrn3","ortholog_one2one",75,100,1
"FAM117A","Fam117a","ortholog_one2one",100,100,1
"KBTBD4","Kbtbd4","ortholog_one2one",75,100,1
"CCDC125","Ccdc125","ortholog_one2one",100,100,1
"MMAA","Mmaa","ortholog_one2one",100,100,1
"ITIH1","Itih1","ortholog_one2one",100,99.96,1
"PER2","Per2","ortholog_one2one",100,99.95,1
"AC069544.2","Gm45902","ortholog_one2one",100,100,1
"PTPMT1","Ptpmt1","ortholog_one2one",75,100,1
"INO80C","Ino80c","ortholog_one2one",100,93.33,1
"BPNT2","Impad1","ortholog_one2one",100,100,1
"VPS26A","Vps26a","ortholog_one2one",100,100,1
"SLC6A16","Slc6a16","ortholog_one2one",100,100,0
"BAZ1A","Baz1a","ortholog_one2one",100,100,1
"SUPT16H","Supt16","ortholog_one2one",100,100,1
"S100A1","S100a1","ortholog_one2one",100,100,1
"EFR3B","Efr3b","ortholog_one2one",100,100,1
"CYP4B1","Cyp4b1","ortholog_one2one",100,100,1
"RCC1L","Rcc1l","ortholog_one2one",25,100,1
"NDUFS3","Ndufs3","ortholog_one2one",0,100,1
"DLST","Dlst","ortholog_one2one",100,99.97,1
"MOB1B","Mob1b","ortholog_one2one",100,100,1
"SWSAP1","Swsap1","ortholog_one2one",100,100,1
"NPAS4","Npas4","ortholog_one2one",100,100,1
"TTL","Ttl","ortholog_one2one",100,100,1
"PDIA6","Pdia6","ortholog_one2one",100,97.14,1
"PDE1A","Pde1a","ortholog_one2one",100,100,1
"SCMH1","Scmh1","ortholog_one2one",100,97.72,1
"RNF19A","Rnf19a","ortholog_one2one",100,100,1
"TMX2","Tmx2","ortholog_one2one",100,100,1
"ATP6V0A2","Atp6v0a2","ortholog_one2one",100,100,1
"NHEJ1","Nhej1","ortholog_one2one",100,90.19,0
"UBE2H","Ube2h","ortholog_one2one",100,100,1
"ARSG","Arsg","ortholog_one2one",100,100,1
"SIRT1","Sirt1","ortholog_one2one",75,100,1
"NPVF","Npvf","ortholog_one2one",100,100,1
"ADCK1","Adck1","ortholog_one2one",50,100,1
"FBH1","Fbh1","ortholog_one2one",75,100,1
"ELAVL2","Elavl2","ortholog_one2one",100,100,1
"INO80","Ino80","ortholog_one2one",100,100,1
"RPGRIP1","Rpgrip1","ortholog_one2one",100,97.53,1
"PLEKHG2","Plekhg2","ortholog_one2one",100,99.32,1
"ATP6V1C2","Atp6v1c2","ortholog_one2one",100,100,1
"SLC23A3","Slc23a3","ortholog_one2one",100,100,1
"SYT17","Syt17","ortholog_one2one",50,100,1
"AMZ2","Amz2","ortholog_one2one",25,100,1
"AGPAT5","Agpat5","ortholog_one2one",75,100,1
"TEX54","1700092M07Rik","ortholog_one2one",100,100,0
"PKHD1","Pkhd1","ortholog_one2one",100,100,1
"SYT5","Syt5","ortholog_one2one",100,100,1
"ZDHHC5","Zdhhc5","ortholog_one2one",100,100,1
"SSNA1","Ssna1","ortholog_one2one",100,100,1
"TRAPPC5","Trappc5","ortholog_one2one",100,100,1
"NIM1K","Nim1k","ortholog_one2one",75,100,1
"ALKBH5","Alkbh5","ortholog_one2one",100,100,1
"PTGS1","Ptgs1","ortholog_one2one",100,100,1
"HBS1L","Hbs1l","ortholog_one2one",100,100,1
"B4GALNT4","B4galnt4","ortholog_one2one",75,100,1
"SLC16A6","Slc16a6","ortholog_one2one",100,100,1
"FRMPD1","Frmpd1","ortholog_one2one",100,100,1
"S100A13","S100a13","ortholog_one2one",100,100,1
"RSPO3","Rspo3","ortholog_one2one",100,100,1
"ITPRIPL2","Itpripl2","ortholog_one2one",75,100,1
"ZNF131","Zfp131","ortholog_one2one",50,100,1
"PHF14","Phf14","ortholog_one2one",100,100,1
"S100A14","S100a14","ortholog_one2one",100,100,1
"RHPN2","Rhpn2","ortholog_one2one",100,100,1
"ZMAT3","Zmat3","ortholog_one2one",50,87.74,1
"SUMF1","Sumf1","ortholog_one2one",100,100,1
"AFF1","Aff1","ortholog_one2one",100,100,1
"PPP4R3B","Ppp4r3b","ortholog_one2one",100,100,1
"EPOR","Epor","ortholog_one2one",100,100,1
"COQ7","Coq7","ortholog_one2one",75,82.38,1
"TCTN2","Tctn2","ortholog_one2one",100,99.85,1
"TSSK1B","Tssk1","ortholog_one2one",0,100,1
"MMP27","Mmp27","ortholog_one2one",100,100,1
"LCN12","Lcn12","ortholog_one2one",100,100,1
"RASAL3","Rasal3","ortholog_one2one",100,99.32,1
"DUS2","Dus2","ortholog_one2one",100,100,1
"SLC45A4","Slc45a4","ortholog_one2one",100,100,1
"FAAP24","Faap24","ortholog_one2one",100,100,1
"DCK","Dck","ortholog_one2one",100,95.99,1
"MRPS34","Mrps34","ortholog_one2one",75,100,1
"NCLN","Ncln","ortholog_one2one",100,99.97,1
"GJC1","Gjc1","ortholog_one2one",100,100,1
"HBZ","Hba-x","ortholog_one2one",75,100,1
"LSM12","Lsm12","ortholog_one2one",100,90.38,1
"HNRNPA0","Hnrnpa0","ortholog_one2one",50,100,1
"CHRM3","Chrm3","ortholog_one2one",50,100,1
"NME3","Nme3","ortholog_one2one",75,100,1
"FAM71D","Fam71d","ortholog_one2one",100,96.69,1
"AHSA1","Ahsa1","ortholog_one2one",100,100,1
"CALR","Calr","ortholog_one2one",100,100,1
"KLHL5","Klhl5","ortholog_one2one",100,100,1
"TRIM45","Trim45","ortholog_one2one",100,99.31,1
"TNFRSF4","Tnfrsf4","ortholog_one2one",100,100,1
"NADK2","Nadk2","ortholog_one2one",100,100,1
"CLCN4","Clcn4","ortholog_one2one",0,99.55,1
"CCNO","Ccno","ortholog_one2one",100,100,1
"DAGLA","Dagla","ortholog_one2one",100,100,1
"MAPK8IP3","Mapk8ip3","ortholog_one2one",0,100,1
"DPEP3","Dpep3","ortholog_one2one",100,100,1
"LRRD1","Lrrd1","ortholog_one2one",50,100,1
"UFM1","Ufm1","ortholog_one2one",100,100,1
"ISM2","Ism2","ortholog_one2one",100,94.29,1
"PAQR7","Paqr7","ortholog_one2one",100,100,1
"PPIL1","Ppil1","ortholog_one2one",100,100,1
"OSBPL9","Osbpl9","ortholog_one2one",100,100,1
"IL17A","Il17a","ortholog_one2one",100,100,1
"PAPOLB","Papolb","ortholog_one2one",100,100,1
"CDNF","Cdnf","ortholog_one2one",100,100,1
"LYPD6B","Lypd6b","ortholog_one2one",100,99.73,1
"RADIL","Radil","ortholog_one2one",100,99.74,1
"AKAP12","Akap12","ortholog_one2one",100,99.41,1
"NTMT1","Ntmt1","ortholog_one2one",100,100,1
"PGM1","Pgm1","ortholog_one2one",100,98.54,1
"CENPW","Cenpw","ortholog_one2one",100,95.14,1
"LHX1","Lhx1","ortholog_one2one",100,100,1
"SLC5A12","Slc5a12","ortholog_one2one",75,98.38,1
"DDX28","Ddx28","ortholog_one2one",100,100,1
"IKBKE","Ikbke","ortholog_one2one",100,100,1
"ANAPC2","Anapc2","ortholog_one2one",100,100,1
"ORC4","Orc4","ortholog_one2one",100,100,1
"POLR1B","Polr1b","ortholog_one2one",100,99.83,1
"SH3PXD2B","Sh3pxd2b","ortholog_one2one",50,100,1
"LYPD6","Lypd6","ortholog_one2one",100,100,1
"STAMBP","Stambp","ortholog_one2one",50,100,1
"MCIDAS","Mcidas","ortholog_one2one",75,100,1
"UTY","Uty","ortholog_one2one",0,3.15,0
"ITGB3BP","Itgb3bp","ortholog_one2one",100,93.76,1
"TMEM132E","Tmem132e","ortholog_one2one",100,100,1
"XIRP2","Xirp2","ortholog_one2one",100,99.81,1
"PCNX2","Pcnx2","ortholog_one2one",100,100,1
"NCF1","Ncf1","ortholog_one2one",75,100,1
"GPAA1","Gpaa1","ortholog_one2one",100,100,1
"COL9A1","Col9a1","ortholog_one2one",100,100,1
"TRIM66","Trim66","ortholog_one2one",100,100,1
"S100A16","S100a16","ortholog_one2one",100,100,1
"ZNF362","Zfp362","ortholog_one2one",100,100,1
"PGLYRP2","Pglyrp2","ortholog_one2one",100,98.79,1
"EFCAB7","Efcab7","ortholog_one2one",100,94.65,1
"RIT2","Rit2","ortholog_one2one",75,100,1
"ETV6","Etv6","ortholog_one2one",75,100,1
"KLK10","Klk10","ortholog_one2one",100,99.97,1
"TLX1","Tlx1","ortholog_one2one",100,100,1
"HMCN2","Hmcn2","ortholog_one2one",100,100,1
"MRS2","Mrs2","ortholog_one2one",100,95.26,1
"CABP4","Cabp4","ortholog_one2one",100,100,1
"SYT4","Syt4","ortholog_one2one",50,100,1
"TSPYL4","Tspyl4","ortholog_one2one",75,100,1
"GPR152","Gpr152","ortholog_one2one",75,100,1
"STX11","Stx11","ortholog_one2one",100,100,1
"CHCHD5","Chchd5","ortholog_one2one",100,100,1
"UCK1","Uck1","ortholog_one2one",50,99.62,1
"GPLD1","Gpld1","ortholog_one2one",100,100,1
"SNX5","Snx5","ortholog_one2one",75,100,1
"NT5DC1","Nt5dc1","ortholog_one2one",50,100,1
"TMC3","Tmc3","ortholog_one2one",100,99.45,1
"CNKSR3","Cnksr3","ortholog_one2one",50,100,1
"SAE1","Sae1","ortholog_one2one",100,100,1
"KLK8","Klk8","ortholog_one2one",100,100,1
"MMP20","Mmp20","ortholog_one2one",100,100,1
"FAM3B","Fam3b","ortholog_one2one",25,94.36,1
"SF3B5","Sf3b5","ortholog_one2one",100,100,1
"TM9SF3","Tm9sf3","ortholog_one2one",100,100,1
"KLK14","Klk14","ortholog_one2one",100,100,1
"MMP7","Mmp7","ortholog_one2one",100,100,1
"TENT5B","Tent5b","ortholog_one2one",100,100,1
"KLK11","Klk11","ortholog_one2one",100,100,1
"POMT1","Pomt1","ortholog_one2one",75,100,1
"RHBDD3","Rhbdd3","ortholog_one2one",100,100,1
"TAFA3","Tafa3","ortholog_one2one",100,100,0
"SLCO1C1","Slco1c1","ortholog_one2one",100,100,1
"CAPN1","Capn1","ortholog_one2one",75,100,1
"RBMS2","Rbms2","ortholog_one2one",100,100,1
"GPR153","Gpr153","ortholog_one2one",100,100,1
"RPH3A","Rph3a","ortholog_one2one",100,100,1
"AADAT","Aadat","ortholog_one2one",100,100,1
"S100A2","S100a2","ortholog_one2one",100,99.67,0
"ZNF281","Zfp281","ortholog_one2one",100,100,1
"PPM1J","Ppm1j","ortholog_one2one",100,100,1
"PTPRH","Ptprh","ortholog_one2one",100,91.65,0
"TNFRSF18","Tnfrsf18","ortholog_one2one",100,100,0
"DIRAS1","Diras1","ortholog_one2one",100,100,1
"SRGN","Srgn","ortholog_one2one",100,100,0
"S100A4","S100a4","ortholog_one2one",100,100,1
"PRDM1","Prdm1","ortholog_one2one",100,100,1
"NTF3","Ntf3","ortholog_one2one",100,100,1
"CHPT1","Chpt1","ortholog_one2one",100,100,1
"SLC25A46","Slc25a46","ortholog_one2one",0,100,1
"METRN","Metrn","ortholog_one2one",100,100,1
"TFIP11","Tfip11","ortholog_one2one",100,100,1
"ICAM1","Icam1","ortholog_one2one",100,100,1
"EDEM3","Edem3","ortholog_one2one",100,100,1
"MGME1","Mgme1","ortholog_one2one",100,100,1
"DHRS3","Dhrs3","ortholog_one2one",75,100,1
"NPAS2","Npas2","ortholog_one2one",100,100,1
"PRCP","Prcp","ortholog_one2one",100,68.65,1
"HS6ST2","Hs6st2","ortholog_one2one",100,100,1
"ENPP6","Enpp6","ortholog_one2one",100,100,1
"KLK13","Klk13","ortholog_one2one",100,100,1
"NUB1","Nub1","ortholog_one2one",100,100,1
"KLK12","Klk12","ortholog_one2one",100,100,1
"CCDC78","Ccdc78","ortholog_one2one",100,99.49,1
"HPS1","Hps1","ortholog_one2one",100,100,1
"TCN2","Tcn2","ortholog_one2one",100,100,1
"G6PC3","G6pc3","ortholog_one2one",100,100,1
"ENPP5","Enpp5","ortholog_one2one",100,100,1
"LTC4S","Ltc4s","ortholog_one2one",100,100,1
"TBRG4","Tbrg4","ortholog_one2one",100,100,1
"MBD5","Mbd5","ortholog_one2one",100,100,1
"SNAI2","Snai2","ortholog_one2one",50,100,1
"LOXHD1","Loxhd1","ortholog_one2one",100,100,1
"AUNIP","Aunip","ortholog_one2one",100,97.06,1
"EMC6","Emc6","ortholog_one2one",100,100,1
"SRRD","Srrd","ortholog_one2one",100,100,0
"ROBO4","Robo4","ortholog_one2one",100,100,1
"ICAM4","Icam4","ortholog_one2one",100,98.26,0
"DGKI","Dgki","ortholog_one2one",100,100,1
"GPX8","Gpx8","ortholog_one2one",100,100,1
"EFCAB1","Efcab1","ortholog_one2one",75,100,1
"C12orf50","1700017N19Rik","ortholog_one2one",100,100,1
"MAML1","Maml1","ortholog_one2one",100,100,1
"NRIP1","Nrip1","ortholog_one2one",100,100,1
"PGM2L1","Pgm2l1","ortholog_one2one",100,100,1
"PIK3AP1","Pik3ap1","ortholog_one2one",100,100,1
"CDC20B","Cdc20b","ortholog_one2one",100,100,1
"ICAM5","Icam5","ortholog_one2one",100,100,1
"PERP","Perp","ortholog_one2one",100,100,1
"VWC2","Vwc2","ortholog_one2one",100,100,1
"HES3","Hes3","ortholog_one2one",100,100,1
"UBTD2","Ubtd2","ortholog_one2one",75,100,1
"SARM1","Sarm1","ortholog_one2one",100,100,1
"EFCAB9","Efcab9","ortholog_one2one",100,100,1
"ENPP4","Enpp4","ortholog_one2one",100,100,1
"DSG4","Dsg4","ortholog_one2one",100,100,1
"DTYMK","Dtymk","ortholog_one2one",100,100,1
"ZBTB2","Zbtb2","ortholog_one2one",100,100,1
"KLF9","Klf9","ortholog_one2one",100,100,1
"HIGD1B","Higd1b","ortholog_one2one",100,100,1
"CIR1","Cir1","ortholog_one2one",100,100,1
"EWSR1","Ewsr1","ortholog_one2one",75,100,1
"UBAP2","Ubap2","ortholog_one2one",50,100,1
"MGAM","Mgam","ortholog_one2one",50,93.9,1
"SI","Sis","ortholog_one2one",100,100,1
"MFSD10","Mfsd10","ortholog_one2one",100,100,1
"FAM110B","Fam110b","ortholog_one2one",100,100,1
"LBX1","Lbx1","ortholog_one2one",100,100,1
"GZMA","Gzma","ortholog_one2one",75,100,1
"FBN1","Fbn1","ortholog_one2one",100,100,1
"DLG1","Dlg1","ortholog_one2one",75,100,1
"CDK5RAP3","Cdk5rap3","ortholog_one2one",100,100,1
"TRNP1","Trnp1","ortholog_one2one",100,100,1
"FARSA","Farsa","ortholog_one2one",100,100,1
"OTUB2","Otub2","ortholog_one2one",100,93.68,1
"TMEM65","Tmem65","ortholog_one2one",100,100,1
"TNPO3","Tnpo3","ortholog_one2one",75,100,1
"SLMAP","Slmap","ortholog_one2one",50,100,1
"GPC4","Gpc4","ortholog_one2one",100,100,1
"MBD1","Mbd1","ortholog_one2one",100,99.39,1
"FTSJ1","Ftsj1","ortholog_one2one",100,100,1
"BCL2L14","Bcl2l14","ortholog_one2one",100,96.05,1
"IZUMO3","Izumo3","ortholog_one2one",100,100,1
"MAP3K21","Map3k21","ortholog_one2one",100,100,1
"PKP3","Pkp3","ortholog_one2one",50,100,1
"STYXL2","Dusp27","ortholog_one2one",100,100,1
"MRM1","Mrm1","ortholog_one2one",100,100,1
"FAM107B","Fam107b","ortholog_one2one",100,100,0
"SCRN3","Scrn3","ortholog_one2one",100,100,1
"ASB6","Asb6","ortholog_one2one",75,100,1
"KCNA1","Kcna1","ortholog_one2one",100,100,1
"ACVR2A","Acvr2a","ortholog_one2one",100,100,1
"CLIC5","Clic5","ortholog_one2one",100,100,1
"GHR","Ghr","ortholog_one2one",100,100,1
"KCNA5","Kcna5","ortholog_one2one",100,100,1
"SFRP4","Sfrp4","ortholog_one2one",75,100,1
"GCN1","Gcn1","ortholog_one2one",100,100,1
"ASGR1","Asgr1","ortholog_one2one",100,100,1
"EXD1","Exd1","ortholog_one2one",100,100,1
"SLFNL1","Slfnl1","ortholog_one2one",100,99.31,1
"MAU2","Mau2","ortholog_one2one",100,100,1
"LRP5","Lrp5","ortholog_one2one",100,100,1
"C8G","C8g","ortholog_one2one",100,100,1
"CTNS","Ctns","ortholog_one2one",100,100,1
"ADCY9","Adcy9","ortholog_one2one",100,100,1
"SP9","Sp9","ortholog_one2one",100,100,1
"ZPBP","Zpbp","ortholog_one2one",100,100,1
"MTFR1L","Mtfr1l","ortholog_one2one",100,100,1
"NSRP1","Nsrp1","ortholog_one2one",100,100,1
"PPM1A","Ppm1a","ortholog_one2one",100,100,1
"GPR20","Gpr20","ortholog_one2one",100,100,1
"TRIM37","Trim37","ortholog_one2one",100,100,1
"PPARD","Ppard","ortholog_one2one",100,100,1
"GPA33","Gpa33","ortholog_one2one",100,100,1
"IER2","Ier2","ortholog_one2one",100,100,1
"TMEM210","Tmem210","ortholog_one2one",100,100,1
"ANXA7","Anxa7","ortholog_one2one",100,100,1
"IL17F","Il17f","ortholog_one2one",100,100,1
"SLC20A1","Slc20a1","ortholog_one2one",100,100,1
"IRF5","Irf5","ortholog_one2one",75,100,1
"ARHGAP21","Arhgap21","ortholog_one2one",100,100,1
"CFAP36","Cfap36","ortholog_one2one",100,99.29,1
"XIAP","Xiap","ortholog_one2one",100,100,1
"GCFC2","Gcfc2","ortholog_one2one",75,100,1
"FBXW5","Fbxw5","ortholog_one2one",100,100,1
"ALDH8A1","Aldh8a1","ortholog_one2one",100,100,1
"CSN2","Csn2","ortholog_one2one",100,100,0
"GPC3","Gpc3","ortholog_one2one",100,99.24,1
"PRR15L","Prr15l","ortholog_one2one",100,100,1
"TMEM86B","Tmem86b","ortholog_one2one",100,100,1
"MTX1","Mtx1","ortholog_one2one",100,100,1
"KCNK1","Kcnk1","ortholog_one2one",100,100,1
"KPNA7","Kpna7","ortholog_one2one",100,97.48,1
"SP2","Sp2","ortholog_one2one",100,100,1
"IDNK","Idnk","ortholog_one2one",50,98.91,1
"ZC3H4","Zc3h4","ortholog_one2one",100,100,1
"CLEC4F","Clec4f","ortholog_one2one",50,100,0
"ASB13","Asb13","ortholog_one2one",100,100,1
"TRIM62","Trim62","ortholog_one2one",100,100,1
"DNAJC27","Dnajc27","ortholog_one2one",100,100,1
"SLC25A19","Slc25a19","ortholog_one2one",100,100,1
"CNPPD1","Cnppd1","ortholog_one2one",100,100,1
"TAX1BP3","Tax1bp3","ortholog_one2one",100,100,1
"MRPL19","Mrpl19","ortholog_one2one",100,99.9,1
"CCS","Ccs","ortholog_one2one",100,100,1
"BTBD11","Btbd11","ortholog_one2one",100,100,1
"MFAP3L","Mfap3l","ortholog_one2one",100,100,1
"NRDC","Nrd1","ortholog_one2one",100,100,1
"GPS1","Gps1","ortholog_one2one",100,99.99,1
"NDUFS7","Ndufs7","ortholog_one2one",100,93.28,1
"ADAMTS13","Adamts13","ortholog_one2one",100,97.98,1
"SLC35A1","Slc35a1","ortholog_one2one",100,100,1
"DPP10","Dpp10","ortholog_one2one",100,100,1
"ABCB4","Abcb4","ortholog_one2one",100,100,1
"MBOAT7","Mboat7","ortholog_one2one",100,100,1
"WDR86","Wdr86","ortholog_one2one",100,93.58,1
"SH2D4A","Sh2d4a","ortholog_one2one",100,100,1
"DDX24","Ddx24","ortholog_one2one",100,100,1
"GTF2H1","Gtf2h1","ortholog_one2one",100,99.93,1
"XKR5","Xkr5","ortholog_one2one",50,100,1
"PNPO","Pnpo","ortholog_one2one",100,100,1
"GRIN1","Grin1","ortholog_one2one",50,100,1
"AC004922.1","Arpc1a","ortholog_one2one",100,76.17,0
"DNAJC12","Dnajc12","ortholog_one2one",75,94.06,1
"SLC39A3","Slc39a3","ortholog_one2one",100,98.58,1
"SAP130","Sap130","ortholog_one2one",50,100,1
"EFCAB5","Efcab5","ortholog_one2one",100,96.34,1
"POLQ","Polq","ortholog_one2one",100,98.76,1
"TUSC1","Tusc1","ortholog_one2one",100,100,1
"PRR16","Prr16","ortholog_one2one",100,100,1
"EPN2","Epn2","ortholog_one2one",100,100,1
"PRPF4B","Prpf4b","ortholog_one2one",100,100,1
"RGL3","Rgl3","ortholog_one2one",100,100,1
"DSG3","Dsg3","ortholog_one2one",100,99.51,1
"PLCG2","Plcg2","ortholog_one2one",100,100,1
"CD207","Cd207","ortholog_one2one",50,100,1
"PRRX2","Prrx2","ortholog_one2one",100,100,1
"STK10","Stk10","ortholog_one2one",100,100,1
"THBS3","Thbs3","ortholog_one2one",100,100,1
"TSEN34","Tsen34","ortholog_one2one",100,100,1
"ECPAS","Ecpas","ortholog_one2one",100,100,1
"PES1","Pes1","ortholog_one2one",100,100,1
"MCTP2","Mctp2","ortholog_one2one",100,100,1
"VAX2","Vax2","ortholog_one2one",100,100,1
"TTF2","Ttf2","ortholog_one2one",100,100,1
"MMADHC","Mmadhc","ortholog_one2one",100,97.24,1
"TRMT12","Trmt12","ortholog_one2one",100,100,1
"NEFH","Nefh","ortholog_one2one",100,100,1
"RNF139","Rnf139","ortholog_one2one",100,100,1
"KCNA6","Kcna6","ortholog_one2one",100,100,1
"TATDN1","Tatdn1","ortholog_one2one",100,99.84,1
"FAM181B","Fam181b","ortholog_one2one",100,100,1
"S1PR4","S1pr4","ortholog_one2one",100,100,1
"STOX2","Stox2","ortholog_one2one",100,100,1
"DYNC1H1","Dync1h1","ortholog_one2one",100,100,1
"SDR42E1","Sdr42e1","ortholog_one2one",100,100,1
"KLHL8","Klhl8","ortholog_one2one",100,100,1
"CRYGN","Crygn","ortholog_one2one",100,80.11,0
"DBN1","Dbn1","ortholog_one2one",100,100,1
"CCT6B","Cct6b","ortholog_one2one",100,100,1
"SLC29A2","Slc29a2","ortholog_one2one",100,100,1
"ULBP3","Ulbp1","ortholog_one2one",0,0,0
"ADIPOQ","Adipoq","ortholog_one2one",100,100,1
"CFTR","Cftr","ortholog_one2one",100,100,1
"FTMT","Ftmt","ortholog_one2one",100,100,1
"DCAF12","Dcaf12","ortholog_one2one",100,100,1
"MAP6D1","Map6d1","ortholog_one2one",100,100,1
"PIP4K2A","Pip4k2a","ortholog_one2one",100,100,1
"TMC7","Tmc7","ortholog_one2one",50,95.07,1
"GCDH","Gcdh","ortholog_one2one",100,100,1
"SRFBP1","Srfbp1","ortholog_one2one",100,100,1
"CALML3","Calml3","ortholog_one2one",100,100,1
"WIPI1","Wipi1","ortholog_one2one",75,100,1
"ABI2","Abi2","ortholog_one2one",100,100,1
"HLA-DOA","H2-Oa","ortholog_one2one",100,100,1
"RNF207","Rnf207","ortholog_one2one",100,98.67,1
"UBXN2B","Ubxn2b","ortholog_one2one",100,100,1
"TMEM160","Tmem160","ortholog_one2one",100,100,1
"SLC39A9","Slc39a9","ortholog_one2one",100,100,1
"STAG2","Stag2","ortholog_one2one",75,100,1
"NSFL1C","Nsfl1c","ortholog_one2one",50,100,1
"NDUFB9","Ndufb9","ortholog_one2one",100,100,1
"ZBTB24","Zbtb24","ortholog_one2one",100,100,1
"ZNF277","Zfp277","ortholog_one2one",100,94.51,1
"PPP6R1","Ppp6r1","ortholog_one2one",100,100,1
"S100A5","S100a5","ortholog_one2one",100,100,1
"TMEM123","Tmem123","ortholog_one2one",100,100,1
"ADGRG3","Adgrg3","ortholog_one2one",100,100,1
"PTPRE","Ptpre","ortholog_one2one",100,100,1
"S100A6","S100a6","ortholog_one2one",100,100,1
"RHEB","Rheb","ortholog_one2one",100,100,1
"DDX3Y","Ddx3y","ortholog_one2one",50,71.89,0
"SYCE2","Syce2","ortholog_one2one",100,96.47,1
"ST6GAL1","St6gal1","ortholog_one2one",100,100,1
"GAMT","Gamt","ortholog_one2one",100,90.94,1
"ZNF467","Zfp467","ortholog_one2one",100,100,1
"PUS7","Pus7","ortholog_one2one",75,100,1
"DUSP11","Dusp11","ortholog_one2one",25,71.5,0
"PRDM7","Prdm9","ortholog_one2one",0,86.89,0
"SIGIRR","Sigirr","ortholog_one2one",100,100,1
"P4HA3","P4ha3","ortholog_one2one",100,100,1
"NPAS1","Npas1","ortholog_one2one",100,100,1
"EVA1A","Eva1a","ortholog_one2one",100,100,1
"DHRS11","Dhrs11","ortholog_one2one",100,100,1
"C16orf96","4930562C15Rik","ortholog_one2one",100,100,0
"C11orf24","1810055G02Rik","ortholog_one2one",100,96.14,0
"PTGES","Ptges","ortholog_one2one",100,100,1
"CTTN","Cttn","ortholog_one2one",100,100,1
"ESM1","Esm1","ortholog_one2one",100,100,1
"IKZF1","Ikzf1","ortholog_one2one",100,100,1
"RPS6KB2","Rps6kb2","ortholog_one2one",75,100,1
"GZMK","Gzmk","ortholog_one2one",100,100,1
"SLC35B1","Slc35b1","ortholog_one2one",100,100,1
"S100A8","S100a8","ortholog_one2one",75,100,1
"DDX58","Ddx58","ortholog_one2one",100,100,1
"CCDC160","Ccdc160","ortholog_one2one",100,100,1
"SUGP1","Sugp1","ortholog_one2one",100,100,1
"ICMT","Icmt","ortholog_one2one",100,100,1
"MAEL","Mael","ortholog_one2one",100,100,1
"C1orf21","1700025G04Rik","ortholog_one2one",100,100,1
"CYP7A1","Cyp7a1","ortholog_one2one",100,100,1
"UNC80","Unc80","ortholog_one2one",100,100,1
"SETD1B","Setd1b","ortholog_one2one",75,100,1
"SMAD1","Smad1","ortholog_one2one",100,100,1
"CCDC87","Ccdc87","ortholog_one2one",100,100,1
"CAAP1","Caap1","ortholog_one2one",100,100,1
"CYB561","Cyb561","ortholog_one2one",100,100,1
"NR3C1","Nr3c1","ortholog_one2one",100,99.51,1
"TEX30","Tex30","ortholog_one2one",100,100,1
"STARD5","Stard5","ortholog_one2one",100,100,1
"VWA3A","Vwa3a","ortholog_one2one",100,99.11,1
"KLHL10","Klhl10","ortholog_one2one",100,100,1
"USP9Y","Usp9y","ortholog_one2one",25,53.39,0
"BIRC2","Birc2","ortholog_one2one",100,99.98,1
"ANKRD16","Ankrd16","ortholog_one2one",50,100,1
"CAMSAP1","Camsap1","ortholog_one2one",100,100,1
"TACR1","Tacr1","ortholog_one2one",100,100,1
"C3orf70","2510009E07Rik","ortholog_one2one",100,100,1
"TRMT1","Trmt1","ortholog_one2one",75,100,1
"NRXN3","Nrxn3","ortholog_one2one",50,100,1
"GBF1","Gbf1","ortholog_one2one",100,100,1
"SLC35F3","Slc35f3","ortholog_one2one",100,100,1
"TRPC4","Trpc4","ortholog_one2one",100,100,1
"TTPA","Ttpa","ortholog_one2one",50,100,1
"GRB2","Grb2","ortholog_one2one",100,100,1
"GRIK1","Grik1","ortholog_one2one",100,100,1
"MPP5","Mpp5","ortholog_one2one",100,100,1
"SLC34A2","Slc34a2","ortholog_one2one",100,100,1
"IL16","Il16","ortholog_one2one",100,100,1
"RPS6KL1","Rps6kl1","ortholog_one2one",100,100,1
"TRMT10B","Trmt10b","ortholog_one2one",100,100,1
"TBC1D8","Tbc1d8","ortholog_one2one",100,100,1
"GRAMD1B","Gramd1b","ortholog_one2one",100,100,1
"COA6","Coa6","ortholog_one2one",100,77.29,0
"TARBP1","Tarbp1","ortholog_one2one",100,99.17,1
"GGH","Ggh","ortholog_one2one",25,100,1
"COL1A2","Col1a2","ortholog_one2one",100,100,1
"ZC3HC1","Zc3hc1","ortholog_one2one",100,100,1
"PYM1","Pym1","ortholog_one2one",100,100,1
"PPM1E","Ppm1e","ortholog_one2one",100,100,1
"UCHL1","Uchl1","ortholog_one2one",100,100,1
"RBBP8","Rbbp8","ortholog_one2one",100,100,1
"POLR2A","Polr2a","ortholog_one2one",100,100,1
"EHHADH","Ehhadh","ortholog_one2one",100,100,1
"PIK3CA","Pik3ca","ortholog_one2one",100,100,1
"LPIN1","Lpin1","ortholog_one2one",100,100,1
"UBALD1","Ubald1","ortholog_one2one",100,100,1
"MPRIP","Mprip","ortholog_one2one",50,100,0
"ROCK1","Rock1","ortholog_one2one",50,100,1
"ROR1","Ror1","ortholog_one2one",100,100,1
"GGT5","Ggt5","ortholog_one2one",50,100,1
"PTP4A3","Ptp4a3","ortholog_one2one",100,100,1
"ORMDL2","Ormdl2","ortholog_one2one",75,100,1
"HSD17B2","Hsd17b2","ortholog_one2one",100,100,1
"NUMBL","Numbl","ortholog_one2one",100,100,1
"ASIC3","Asic3","ortholog_one2one",100,100,1
"SNX13","Snx13","ortholog_one2one",100,100,1
"PRR5L","Prr5l","ortholog_one2one",100,100,1
"SEBOX","Sebox","ortholog_one2one",100,100,1
"PTPRCAP","Ptprcap","ortholog_one2one",100,100,1
"RRP1","Rrp1","ortholog_one2one",75,92.57,1
"CORO1B","Coro1b","ortholog_one2one",100,100,1
"RAB35","Rab35","ortholog_one2one",100,100,1
"COQ8B","Coq8b","ortholog_one2one",100,100,1
"RETREG2","Retreg2","ortholog_one2one",100,100,1
"KLHL11","Klhl11","ortholog_one2one",100,100,1
"POGLUT2","Poglut2","ortholog_one2one",75,100,1
"TYK2","Tyk2","ortholog_one2one",100,99.72,1
"ANO3","Ano3","ortholog_one2one",75,97.16,1
"ATP6V1D","Atp6v1d","ortholog_one2one",100,100,1
"GALNT1","Galnt1","ortholog_one2one",100,100,1
"NDUFA9","Ndufa9","ortholog_one2one",100,100,1
"CYP2S1","Cyp2s1","ortholog_one2one",75,100,1
"AZIN2","Azin2","ortholog_one2one",100,100,1
"MSS51","Mss51","ortholog_one2one",100,100,1
"ANO9","Ano9","ortholog_one2one",100,100,1
"KLF1","Klf1","ortholog_one2one",100,100,1
"CKAP2L","Ckap2l","ortholog_one2one",100,100,1
"SARNP","Sarnp","ortholog_one2one",75,98.67,1
"BTRC","Btrc","ortholog_one2one",75,100,1
"ASGR2","Asgr2","ortholog_one2one",100,100,1
"PSAT1","Psat1","ortholog_one2one",75,100,1
"XPC","Xpc","ortholog_one2one",100,100,1
"KDF1","Kdf1","ortholog_one2one",75,100,1
"RNASE10","Rnase10","ortholog_one2one",100,89.57,1
"NME8","Nme8","ortholog_one2one",75,100,1
"TNKS2","Tnks2","ortholog_one2one",100,100,1
"PGLYRP4","Pglyrp4","ortholog_one2one",100,100,1
"MAP3K13","Map3k13","ortholog_one2one",100,100,1
"TMC5","Tmc5","ortholog_one2one",50,99.26,1
"MRPS36","Mrps36","ortholog_one2one",100,100,1
"RNASE9","Rnase9","ortholog_one2one",100,100,0
"FLYWCH2","Flywch2","ortholog_one2one",50,91.29,1
"FIGLA","Figla","ortholog_one2one",50,96.65,1
"MMP19","Mmp19","ortholog_one2one",100,99.18,1
"MUC15","Muc15","ortholog_one2one",75,99.63,1
"SLU7","Slu7","ortholog_one2one",100,100,1
"ARRDC3","Arrdc3","ortholog_one2one",100,100,1
"BIRC3","Birc3","ortholog_one2one",100,97.51,1
"TM6SF2","Tm6sf2","ortholog_one2one",100,100,1
"CEP89","Cep89","ortholog_one2one",100,96.01,1
"CROT","Crot","ortholog_one2one",100,98.33,1
"ADK","Adk","ortholog_one2one",100,100,1
"UBR3","Ubr3","ortholog_one2one",100,100,1
"CCDC151","Ccdc151","ortholog_one2one",100,100,1
"RUFY4","Rufy4","ortholog_one2one",75,100,1
"MYOG","Myog","ortholog_one2one",100,100,1
"GNA15","Gna15","ortholog_one2one",100,100,1
"ZGLP1","Zglp1","ortholog_one2one",100,97.11,1
"RND3","Rnd3","ortholog_one2one",100,100,1
"RNASE12","Rnase12","ortholog_one2one",100,100,1
"MPHOSPH6","Mphosph6","ortholog_one2one",100,100,1
"CTSF","Ctsf","ortholog_one2one",100,100,1
"OR6S1","Olfr750","ortholog_one2one",75,100,1
"ACE","Ace","ortholog_one2one",100,100,1
"ARPC1B","Arpc1b","ortholog_one2one",100,100,1
"OVOL2","Ovol2","ortholog_one2one",100,100,1
"ING5","Ing5","ortholog_one2one",100,81.43,1
"CRIP2","Crip2","ortholog_one2one",100,93.86,1
"HAPLN4","Hapln4","ortholog_one2one",100,100,1
"SSH2","Ssh2","ortholog_one2one",100,100,1
"NIPAL4","Nipal4","ortholog_one2one",50,100,1
"MOV10","Mov10","ortholog_one2one",100,100,1
"KLK7","Klk7","ortholog_one2one",100,100,1
"NR5A2","Nr5a2","ortholog_one2one",100,100,1
"LRP6","Lrp6","ortholog_one2one",100,100,1
"UBE2V2","Ube2v2","ortholog_one2one",100,100,1
"THSD7A","Thsd7a","ortholog_one2one",75,100,1
"FBXW11","Fbxw11","ortholog_one2one",100,100,1
"LOX","Lox","ortholog_one2one",100,100,1
"PEX11G","Pex11g","ortholog_one2one",100,100,1
"BRMS1","Brms1","ortholog_one2one",100,100,1
"ITPR1","Itpr1","ortholog_one2one",75,100,1
"TMEM199","Tmem199","ortholog_one2one",100,100,1
"NCAN","Ncan","ortholog_one2one",75,100,1
"MTHFR","Mthfr","ortholog_one2one",100,100,1
"FAM160B1","Fam160b1","ortholog_one2one",100,100,1
"SHPRH","Shprh","ortholog_one2one",100,100,1
"SHC3","Shc3","ortholog_one2one",100,100,1
"CDK5","Cdk5","ortholog_one2one",100,100,1
"FBXL16","Fbxl16","ortholog_one2one",100,100,1
"S100A9","Gm5849","ortholog_one2one",100,30.87,0
"PLEKHD1","Plekhd1","ortholog_one2one",100,100,1
"MEGF6","Megf6","ortholog_one2one",100,99.69,1
"CTPS1","Ctps","ortholog_one2one",100,100,1
"SLC38A10","Slc38a10","ortholog_one2one",100,100,1
"IL1A","Il1a","ortholog_one2one",75,100,1
"AKAP3","Akap3","ortholog_one2one",100,100,1
"PTPN11","Ptpn11","ortholog_one2one",100,100,1
"MED29","Med29","ortholog_one2one",100,100,1
"CCDC54","Ccdc54","ortholog_one2one",100,100,1
"PABPC3","Pabpc2","ortholog_one2one",0,3.05,0
"CXCR1","Cxcr2","ortholog_one2one",0,0,0
"COMMD10","Commd10","ortholog_one2one",100,100,1
"CPED1","Cped1","ortholog_one2one",100,100,1
"ZFP36","Zfp36","ortholog_one2one",100,100,1
"D2HGDH","D2hgdh","ortholog_one2one",100,92.03,1
"HPS4","Hps4","ortholog_one2one",100,100,1
"SYNE2","Syne2","ortholog_one2one",100,100,1
"MGAM2","Mgam2-ps","ortholog_one2one",100,98.19,1
"HSPBP1","Hspbp1","ortholog_one2one",100,100,1
"OSMR","Osmr","ortholog_one2one",100,100,1
"NDUFB6","Ndufb6","ortholog_one2one",100,100,1
"PDAP1","Pdap1","ortholog_one2one",100,100,1
"ARHGAP35","Arhgap35","ortholog_one2one",100,100,1
"SLC38A5","Slc38a5","ortholog_one2one",75,100,1
"RFXANK","Rfxank","ortholog_one2one",100,100,1
"NFE2L3","Nfe2l3","ortholog_one2one",100,100,1
"ZNF474","Zfp474","ortholog_one2one",100,100,1
"YIPF5","Yipf5","ortholog_one2one",100,100,1
"HAUS5","Haus5","ortholog_one2one",100,100,1
"CENPH","Cenph","ortholog_one2one",100,93.27,1
"PGF","Pgf","ortholog_one2one",100,100,0
"CEP78","Cep78","ortholog_one2one",100,99.65,1
"PRKAR1A","Prkar1a","ortholog_one2one",100,100,1
"HPD","Hpd","ortholog_one2one",100,100,1
"TOPORS","Topors","ortholog_one2one",100,100,1
"HUS1B","Hus1b","ortholog_one2one",100,100,1
"AMMECR1L","Ammecr1l","ortholog_one2one",75,100,1
"EXOC2","Exoc2","ortholog_one2one",100,100,1
"SPRYD4","Spryd4","ortholog_one2one",100,100,1
"ELOB","Elob","ortholog_one2one",50,89.67,1
"RAPH1","Raph1","ortholog_one2one",100,100,1
"GLS2","Gls2","ortholog_one2one",100,100,1
"RAMP3","Ramp3","ortholog_one2one",100,100,1
"HSD17B13","Hsd17b13","ortholog_one2one",100,96.26,1
"OTUD4","Otud4","ortholog_one2one",100,100,1
"SERF2","Serf2","ortholog_one2one",100,100,1
"MMAB","Mmab","ortholog_one2one",100,100,1
"AC010255.2","1700034E13Rik","ortholog_one2one",100,100,1
"PAF1","Paf1","ortholog_one2one",100,100,1
"WDR24","Wdr24","ortholog_one2one",100,100,1
"SRRM2","Srrm2","ortholog_one2one",50,99.8,1
"CDK13","Cdk13","ortholog_one2one",100,100,1
"KCNMB3","Kcnmb3","ortholog_one2one",100,98.21,1
"LDB3","Ldb3","ortholog_one2one",100,100,1
"UBAP1","Ubap1","ortholog_one2one",100,100,1
"NR2C2AP","Nr2c2ap","ortholog_one2one",100,96.7,1
"TMEM243","Tmem243","ortholog_one2one",100,99.93,1
"KLRG1","Klrg1","ortholog_one2one",75,97.74,1
"OR5A2","Olfr1438-ps1","ortholog_one2one",0,100,1
"C1QTNF2","C1qtnf2","ortholog_one2one",100,100,1
"HYPK","Hypk","ortholog_one2one",75,100,1
"KLK6","Klk6","ortholog_one2one",100,100,1
"ATP6V1C1","Atp6v1c1","ortholog_one2one",100,100,1
"RTP1","Rtp1","ortholog_one2one",100,100,1
"CABLES1","Cables1","ortholog_one2one",100,100,1
"RMND1","Rmnd1","ortholog_one2one",100,100,1
"RUNX2","Runx2","ortholog_one2one",100,100,1
"CD82","Cd82","ortholog_one2one",100,100,1
"IRF2BP2","Irf2bp2","ortholog_one2one",100,100,1
"ESRP2","Esrp2","ortholog_one2one",100,100,1
"CSGALNACT1","Csgalnact1","ortholog_one2one",100,100,1
"CANX","Canx","ortholog_one2one",100,100,1
"SLC44A1","Slc44a1","ortholog_one2one",100,100,1
"RBM42","Rbm42","ortholog_one2one",100,100,1
"SNX18","Snx18","ortholog_one2one",100,100,1
"SERINC4","Serinc4","ortholog_one2one",100,100,1
"ITPR2","Itpr2","ortholog_one2one",100,100,1
"RASSF3","Rassf3","ortholog_one2one",100,85.72,1
"DRC7","Drc7","ortholog_one2one",100,100,1
"COMMD9","Commd9","ortholog_one2one",100,100,1
"PFN2","Pfn2","ortholog_one2one",100,100,1
"CCDC177","Ccdc177","ortholog_one2one",100,100,1
"ATG2A","Atg2a","ortholog_one2one",100,99.97,1
"HYDIN","Hydin","ortholog_one2one",100,99.79,1
"SGTA","Sgta","ortholog_one2one",75,97.82,1
"RPA1","Rpa1","ortholog_one2one",100,100,1
"OR1J1","Olfr3","ortholog_one2one",100,96.32,1
"ACTL6B","Actl6b","ortholog_one2one",100,100,1
"TSEN15","Tsen15","ortholog_one2one",100,81.73,1
"ZDHHC17","Zdhhc17","ortholog_one2one",100,100,1
"CCDC69","Ccdc69","ortholog_one2one",100,91.6,0
"SELENOK","Selenok","ortholog_one2one",75,100,1
"TRPM4","Trpm4","ortholog_one2one",100,100,1
"ELL3","Ell3","ortholog_one2one",75,100,1
"YWHAH","Ywhah","ortholog_one2one",75,100,1
"C18orf21","2700062C07Rik","ortholog_one2one",100,100,1
"RGMA","Rgma","ortholog_one2one",100,100,1
"PSD","Psd","ortholog_one2one",100,100,1
"NFATC3","Nfatc3","ortholog_one2one",100,100,1
"SRGAP2","Srgap2","ortholog_one2one",100,100,1
"PNISR","Pnisr","ortholog_one2one",100,100,1
"CCNJL","Ccnjl","ortholog_one2one",100,100,1
"TMPRSS2","Tmprss2","ortholog_one2one",50,97.76,1
"AKAP9","Akap9","ortholog_one2one",25,100,1
"NACC1","Nacc1","ortholog_one2one",100,99.98,1
"TCOF1","Tcof1","ortholog_one2one",100,100,1
"SMCO4","Smco4","ortholog_one2one",100,100,1
"ZNF830","Zfp830","ortholog_one2one",100,100,1
"CKS2","Cks2","ortholog_one2one",100,100,1
"RNF20","Rnf20","ortholog_one2one",100,100,1
"TEX45","Tex45","ortholog_one2one",100,100,1
"TNFRSF11A","Tnfrsf11a","ortholog_one2one",100,97.36,1
"GM2A","Gm2a","ortholog_one2one",100,100,1
"HSPB3","Hspb3","ortholog_one2one",100,100,1
"RPRD1A","Rprd1a","ortholog_one2one",100,100,1
"SRL","Srl","ortholog_one2one",100,99.33,0
"C2CD3","C2cd3","ortholog_one2one",100,100,1
"FGFBP3","Fgfbp3","ortholog_one2one",100,100,1
"LMNA","Lmna","ortholog_one2one",100,100,1
"FAM234A","Fam234a","ortholog_one2one",75,100,1
"DNASE2","Dnase2a","ortholog_one2one",100,99.49,1
"TOB1","Tob1","ortholog_one2one",100,100,1
"PGLYRP3","Pglyrp3","ortholog_one2one",75,100,1
"ZNF358","Zfp358","ortholog_one2one",100,100,1
"TOMM20","Tomm20","ortholog_one2one",75,100,1
"ACLY","Acly","ortholog_one2one",100,100,1
"BTAF1","Btaf1","ortholog_one2one",100,100,1
"NEDD1","Nedd1","ortholog_one2one",100,100,1
"ADGRV1","Adgrv1","ortholog_one2one",100,99.92,1
"M6PR","M6pr","ortholog_one2one",100,100,1
"NKAIN3","Nkain3","ortholog_one2one",50,93.95,1
"MAN1C1","Man1c1","ortholog_one2one",100,100,1
"MCM3","Mcm3","ortholog_one2one",100,100,1
"CRX","Crx","ortholog_one2one",100,98.35,1
"SUPT3H","Supt3","ortholog_one2one",100,95.9,1
"MAST1","Mast1","ortholog_one2one",100,100,1
"BRD2","Brd2","ortholog_one2one",100,99.3,1
"SMIM23","Smim23","ortholog_one2one",100,100,0
"CCDC81","Ccdc81","ortholog_one2one",100,100,1
"CDH13","Cdh13","ortholog_one2one",100,98.78,1
"LRRC26","Lrrc26","ortholog_one2one",75,100,1
"NFKB2","Nfkb2","ortholog_one2one",100,100,1
"MMD2","Mmd2","ortholog_one2one",100,99.62,1
"AK2","Ak2","ortholog_one2one",100,100,1
"SLITRK3","Slitrk3","ortholog_one2one",100,100,1
"SLC36A3","Slc36a3","ortholog_one2one",100,96.92,1
"ENKUR","Enkur","ortholog_one2one",100,100,1
"CYP51A1","Cyp51","ortholog_one2one",50,100,1
"POLR2D","Polr2d","ortholog_one2one",75,100,1
"CTTNBP2","Cttnbp2","ortholog_one2one",75,100,1
"GFI1","Gfi1","ortholog_one2one",100,100,1
"ATRAID","Atraid","ortholog_one2one",100,100,1
"BCHE","Bche","ortholog_one2one",100,100,1
"BICDL1","Bicdl1","ortholog_one2one",100,100,1
"KCTD16","Kctd16","ortholog_one2one",100,100,1
"ARPC3","Arpc3","ortholog_one2one",100,100,1
"FCER2","Fcer2a","ortholog_one2one",100,98.1,1
"WFIKKN2","Wfikkn2","ortholog_one2one",100,100,1
"TMEM215","Tmem215","ortholog_one2one",100,100,1
"UBE2U","Ube2u","ortholog_one2one",100,98.22,0
"NFE2L2","Nfe2l2","ortholog_one2one",100,100,1
"PHF6","Phf6","ortholog_one2one",100,100,1
"CHP1","Chp1","ortholog_one2one",100,100,1
"SCYL1","Scyl1","ortholog_one2one",100,100,1
"RPL27A","Rpl27a","ortholog_one2one",100,100,1
"AGTRAP","Agtrap","ortholog_one2one",100,100,1
"CDH11","Cdh11","ortholog_one2one",100,100,1
"PCM1","Pcm1","ortholog_one2one",75,100,1
"OR1J4","Olfr350","ortholog_one2one",100,100,1
"CNTN3","Cntn3","ortholog_one2one",50,100,1
"ELP2","Elp2","ortholog_one2one",100,98.95,1
"EXOSC3","Exosc3","ortholog_one2one",100,100,1
"NET1","Net1","ortholog_one2one",100,100,1
"ANKRD40CL","Gm21885","ortholog_one2one",100,100,1
"SDR42E2","Gm5737","ortholog_one2one",100,100,1
"COL19A1","Col19a1","ortholog_one2one",100,100,1
"EIF2B2","Eif2b2","ortholog_one2one",100,100,1
"SLC5A10","Slc5a10","ortholog_one2one",100,99.97,1
"TMEM181","Tmem181a","ortholog_one2one",100,100,1
"CLDN17","Cldn17","ortholog_one2one",100,100,1
"CCDC189","Ccdc189","ortholog_one2one",100,100,1
"CLDN8","Cldn8","ortholog_one2one",100,100,1
"WNT16","Wnt16","ortholog_one2one",100,100,1
"KRTAP24-1","Krtap24-1","ortholog_one2one",100,100,1
"EEF2K","Eef2k","ortholog_one2one",100,100,1
"MYO3B","Myo3b","ortholog_one2one",100,98.94,1
"DCAF10","Dcaf10","ortholog_one2one",100,100,1
"C12orf57","Grcc10","ortholog_one2one",100,100,1
"KRTAP26-1","Krtap26-1","ortholog_one2one",75,100,1
"GNA14","Gna14","ortholog_one2one",100,100,1
"KRTAP27-1","Krtap27-1","ortholog_one2one",75,100,1
"WIPI2","Wipi2","ortholog_one2one",100,100,1
"PHKG2","Phkg2","ortholog_one2one",100,100,1
"PEG3","Peg3","ortholog_one2one",100,98.92,1
"HPF1","Hpf1","ortholog_one2one",100,100,1
"ZBTB4","Zbtb4","ortholog_one2one",100,99.37,1
"CORO6","Coro6","ortholog_one2one",100,100,1
"EFCAB14","Efcab14","ortholog_one2one",100,100,1
"PTDSS2","Ptdss2","ortholog_one2one",100,100,1
"RIN1","Rin1","ortholog_one2one",100,100,1
"HIKESHI","Hikeshi","ortholog_one2one",100,100,1
"UCP3","Ucp3","ortholog_one2one",100,100,1
"DTX4","Dtx4","ortholog_one2one",50,100,1
"SLC5A6","Slc5a6","ortholog_one2one",100,99.88,1
"GRAP","Grap","ortholog_one2one",75,100,1
"CD101","Cd101","ortholog_one2one",100,100,1
"PPME1","Ppme1","ortholog_one2one",100,100,1
"FAM83G","Fam83g","ortholog_one2one",100,100,1
"ATP6V1B1","Atp6v1b1","ortholog_one2one",100,100,1
"FGFR3","Fgfr3","ortholog_one2one",75,99.96,1
"LSM3","Lsm3","ortholog_one2one",100,100,1
"CKB","Ckb","ortholog_one2one",100,100,1
"FAM111A","Fam111a","ortholog_one2one",0,4.13,0
"MKI67","Mki67","ortholog_one2one",100,98.54,0
"PRSS58","Prss58","ortholog_one2one",100,100,1
"LIX1","Lix1","ortholog_one2one",75,100,1
"CDH5","Cdh5","ortholog_one2one",100,100,1
"CHD8","Chd8","ortholog_one2one",100,100,1
"ZFR","Zfr","ortholog_one2one",100,100,1
"RBM34","Rbm34","ortholog_one2one",50,100,1
"FABP6","Fabp6","ortholog_one2one",100,97.78,1
"RNASE4","Rnase4","ortholog_one2one",100,100,1
"SLC39A6","Slc39a6","ortholog_one2one",100,100,1
"KLK5","Klk5","ortholog_one2one",100,100,1
"UBQLN1","Ubqln1","ortholog_one2one",50,100,1
"GTF3C6","Gtf3c6","ortholog_one2one",100,100,1
"BZW1","Bzw1","ortholog_one2one",100,100,1
"CHD1","Chd1","ortholog_one2one",50,100,1
"SUSD6","Susd6","ortholog_one2one",100,100,1
"DNAJC10","Dnajc10","ortholog_one2one",100,100,1
"HGF","Hgf","ortholog_one2one",100,100,1
"ABI3BP","Abi3bp","ortholog_one2one",100,100,1
"TRUB1","Trub1","ortholog_one2one",100,100,1
"NEK4","Nek4","ortholog_one2one",100,97.65,1
"HLA-DMA","H2-DMa","ortholog_one2one",100,100,1
"LTBP3","Ltbp3","ortholog_one2one",100,100,1
"SMYD4","Smyd4","ortholog_one2one",100,100,1
"GNA11","Gna11","ortholog_one2one",100,100,1
"PRRC2C","Prrc2c","ortholog_one2one",100,99.78,1
"KIFBP","Kifbp","ortholog_one2one",100,98.25,1
"ACTN3","Actn3","ortholog_one2one",100,100,1
"TUBAL3","Tubal3","ortholog_one2one",100,100,1
"SLC4A4","Slc4a4","ortholog_one2one",100,100,1
"LLGL1","Llgl1","ortholog_one2one",100,100,1
"RALA","Rala","ortholog_one2one",100,100,1
"GRIK5","Grik5","ortholog_one2one",100,95.05,1
"PREP","Prep","ortholog_one2one",100,100,1
"IL1B","Il1b","ortholog_one2one",50,100,1
"RNF165","Rnf165","ortholog_one2one",100,100,1
"ZSWIM6","Zswim6","ortholog_one2one",100,100,1
"RPS9","Rps9","ortholog_one2one",100,100,1
"ARL15","Arl15","ortholog_one2one",100,100,1
"CD38","Cd38","ortholog_one2one",100,100,1
"SP5","Sp5","ortholog_one2one",100,100,1
"PWWP2A","Pwwp2a","ortholog_one2one",100,100,1
"STUB1","Stub1","ortholog_one2one",100,100,1
"SPHK1","Sphk1","ortholog_one2one",100,99.7,1
"COLGALT2","Colgalt2","ortholog_one2one",75,100,1
"GAD1","Gad1","ortholog_one2one",100,100,1
"NUDC","Nudc","ortholog_one2one",100,100,1
"PRDM13","Prdm13","ortholog_one2one",50,100,1
"SYVN1","Syvn1","ortholog_one2one",100,100,1
"HSD17B11","Hsd17b11","ortholog_one2one",100,100,1
"LDLRAP1","Ldlrap1","ortholog_one2one",100,100,1
"FBXO30","Fbxo30","ortholog_one2one",100,100,1
"UBAC1","Ubac1","ortholog_one2one",100,100,1
"DENND2B","Denn2b","ortholog_one2one",100,100,1
"EFTUD2","Eftud2","ortholog_one2one",100,100,1
"TRMT61A","Trmt61a","ortholog_one2one",100,100,1
"JMJD8","Jmjd8","ortholog_one2one",100,100,1
"ABCE1","Abce1","ortholog_one2one",100,100,1
"UCN3","Ucn3","ortholog_one2one",100,100,1
"SLC35B3","Slc35b3","ortholog_one2one",100,99.95,1
"ARMT1","Armt1","ortholog_one2one",100,100,1
"CYC1","Cyc1","ortholog_one2one",100,100,1
"RBM17","Rbm17","ortholog_one2one",100,100,1
"TOR1B","Tor1b","ortholog_one2one",100,25.16,1
"FGF18","Fgf18","ortholog_one2one",100,100,1
"CITED4","Cited4","ortholog_one2one",100,100,1
"BAG5","Bag5","ortholog_one2one",100,100,1
"MCM4","Mcm4","ortholog_one2one",100,98.33,1
"ARPC2","Arpc2","ortholog_one2one",75,100,1
"SPTLC2","Sptlc2","ortholog_one2one",100,100,1
"MVK","Mvk","ortholog_one2one",100,100,1
"STK17B","Stk17b","ortholog_one2one",50,100,1
"IGKC","Igkc","ortholog_one2one",75,100,1
"C9orf16","1110008P14Rik","ortholog_one2one",100,100,1
"PPIH","Gm7879","ortholog_one2one",0,0,0
"SMIM15","Smim15","ortholog_one2one",100,100,1
"RIOK2","Riok2","ortholog_one2one",100,100,1
"TTR","Ttr","ortholog_one2one",100,100,1
"SECISBP2","Secisbp2","ortholog_one2one",100,100,1
"SRY","Sry","ortholog_one2one",0,38.6,0
"FKBP1C","Fkbp1a","ortholog_one2one",0,0,0
"AP1B1","Ap1b1","ortholog_one2one",75,100,1
"OR1N2","Olfr354","ortholog_one2one",100,100,1
"DSG2","Dsg2","ortholog_one2one",100,100,1
"CIZ1","Ciz1","ortholog_one2one",100,96.93,1
"POLDIP2","Poldip2","ortholog_one2one",100,100,1
"PRR9","Prr9","ortholog_one2one",100,100,1
"TRAPPC11","Trappc11","ortholog_one2one",100,100,1
"CASD1","Casd1","ortholog_one2one",100,100,1
"MANSC1","Mansc1","ortholog_one2one",100,100,1
"LDLRAD3","Ldlrad3","ortholog_one2one",100,100,1
"SLC5A1","Slc5a1","ortholog_one2one",50,100,1
"LELP1","Lelp1","ortholog_one2one",100,100,0
"OR1Q1","Olfr357","ortholog_one2one",100,100,1
"EIF2S1","Eif2s1","ortholog_one2one",100,100,1
"RGMB","Rgmb","ortholog_one2one",75,99.97,1
"ANAPC10","Anapc10","ortholog_one2one",100,100,1
"RPL22","Rpl22","ortholog_one2one",100,100,1
"PAQR8","Paqr8","ortholog_one2one",100,100,1
"KANSL1L","Kansl1l","ortholog_one2one",100,100,1
"CREB3L2","Creb3l2","ortholog_one2one",100,100,1
"RIPK4","Ripk4","ortholog_one2one",100,99.85,1
"ASPHD2","Asphd2","ortholog_one2one",100,100,1
"NUDT9","Nudt9","ortholog_one2one",100,100,1
"ERICH2","Erich2","ortholog_one2one",100,70.11,0
"TFAP4","Tfap4","ortholog_one2one",100,100,1
"CFAP161","Cfap161","ortholog_one2one",100,99.9,1
"PMIS2","Pmis2","ortholog_one2one",100,91.83,0
"FLII","Flii","ortholog_one2one",100,100,1
"FGFBP1","Fgfbp1","ortholog_one2one",100,100,1
"MAD2L2","Mad2l2","ortholog_one2one",100,100,1
"TTC1","Ttc1","ortholog_one2one",100,100,1
"AKR1D1","Akr1d1","ortholog_one2one",100,100,1
"HPRT1","Hprt","ortholog_one2one",100,100,1
"TNFAIP3","Tnfaip3","ortholog_one2one",100,100,1
"CD248","Cd248","ortholog_one2one",100,100,1
"FBXW4","Fbxw4","ortholog_one2one",75,100,1
"HRC","Hrc","ortholog_one2one",100,98.99,0
"GGNBP2","Ggnbp2","ortholog_one2one",100,100,1
"RPIA","Rpia","ortholog_one2one",100,100,1
"BAALC","Baalc","ortholog_one2one",100,78.52,0
"BEAN1","Bean1","ortholog_one2one",100,97.19,1
"ZBED3","Zbed3","ortholog_one2one",100,100,0
"TMEM151A","Tmem151a","ortholog_one2one",100,100,1
"TEDC1","Tedc1","ortholog_one2one",100,100,1
"PPFIA4","Ppfia4","ortholog_one2one",100,100,1
"NPR2","Npr2","ortholog_one2one",100,100,1
"ILDR2","Ildr2","ortholog_one2one",100,100,1
"CSTB","Cstb","ortholog_one2one",75,100,1
"COQ3","Coq3","ortholog_one2one",100,100,1
"TSSK2","Tssk2","ortholog_one2one",100,100,1
"PPP3R2","Ppp3r2","ortholog_one2one",100,100,1
"ZNF574","Zfp574","ortholog_one2one",100,100,1
"SLC29A4","Slc29a4","ortholog_one2one",100,100,1
"POLE4","Pole4","ortholog_one2one",100,100,1
"CHRNB1","Chrnb1","ortholog_one2one",100,100,1
"TLNRD1","Tlnrd1","ortholog_one2one",100,100,1
"GRIN3A","Grin3a","ortholog_one2one",100,100,1
"NEU4","Neu4","ortholog_one2one",75,99.25,1
"SLC36A2","Slc36a2","ortholog_one2one",100,100,1
"PRELID2","Prelid2","ortholog_one2one",100,100,1
"RNF19B","Rnf19b","ortholog_one2one",100,100,1
"B3GALT1","B3galt1","ortholog_one2one",100,100,1
"CBY3","Cby3","ortholog_one2one",100,98.97,1
"RAD51C","Rad51c","ortholog_one2one",100,100,1
"CACFD1","Cacfd1","ortholog_one2one",100,100,1
"MRPL49","Mrpl49","ortholog_one2one",100,100,1
"PDCD1","Pdcd1","ortholog_one2one",50,98.55,1
"FZD1","Fzd1","ortholog_one2one",50,100,1
"DPCD","Gm17018","ortholog_one2one",100,100,1
"PDXK","Pdxk","ortholog_one2one",50,100,1
"AKIP1","Akip1","ortholog_one2one",100,100,1
"ZDHHC24","Zdhhc24","ortholog_one2one",100,100,1
"TTLL10","Ttll10","ortholog_one2one",100,100,1
"AC138647.1","Gm6569","ortholog_one2one",100,100,1
"C14orf39","4930447C04Rik","ortholog_one2one",100,100,1
"FRK","Frk","ortholog_one2one",75,100,1
"LSM2","Lsm2","ortholog_one2one",100,100,1
"CD28","Cd28","ortholog_one2one",100,100,1
"MROH5","Mroh5","ortholog_one2one",100,97.23,0
"CCDC170","Ccdc170","ortholog_one2one",100,99.24,1
"TMEM241","Tmem241","ortholog_one2one",100,100,1
"EED","Eed","ortholog_one2one",100,100,1
"MCOLN1","Mcoln1","ortholog_one2one",100,100,1
"C11orf16","BC051019","ortholog_one2one",100,98.1,1
"FGF22","Fgf22","ortholog_one2one",100,100,1
"MLH3","Mlh3","ortholog_one2one",100,100,1
"POSTN","Postn","ortholog_one2one",100,100,1
"PLEK2","Plek2","ortholog_one2one",100,100,1
"TLE5","Tle5","ortholog_one2one",100,89.63,1
"DRAXIN","Draxin","ortholog_one2one",100,100,1
"RNF126","Rnf126","ortholog_one2one",100,100,1
"SPSB3","Spsb3","ortholog_one2one",100,100,1
"CTNNA3","Ctnna3","ortholog_one2one",100,100,1
"MGAT4C","Mgat4c","ortholog_one2one",100,100,1
"RAD51AP1","Rad51ap1","ortholog_one2one",100,100,1
"EIF2AK3","Eif2ak3","ortholog_one2one",100,100,1
"MELTF","Meltf","ortholog_one2one",100,100,1
"GKAP1","Gkap1","ortholog_one2one",100,100,1
"USP29","Usp29","ortholog_one2one",75,0,0
"HECW2","Hecw2","ortholog_one2one",100,100,1
"PRSS33","Prss33","ortholog_one2one",75,100,1
"EFHC1","Efhc1","ortholog_one2one",100,98.2,1
"LRRTM3","Lrrtm3","ortholog_one2one",75,100,1
"ADRA1B","Adra1b","ortholog_one2one",100,100,1
"TEX46","Tex46","ortholog_one2one",100,100,0
"LRP4","Lrp4","ortholog_one2one",100,100,1
"ANKRD53","Ankrd53","ortholog_one2one",100,92.31,0
"LRP11","Lrp11","ortholog_one2one",50,100,1
"EPM2A","Epm2a","ortholog_one2one",100,100,1
"EVI5","Evi5","ortholog_one2one",100,100,1
"FBXO4","Fbxo4","ortholog_one2one",100,100,1
"THOP1","Thop1","ortholog_one2one",50,100,1
"USH1C","Ush1c","ortholog_one2one",100,100,1
"MEX3A","Mex3a","ortholog_one2one",100,100,1
"GRXCR2","Grxcr2","ortholog_one2one",100,100,1
"LSM8","Lsm8","ortholog_one2one",100,100,1
"ARMC3","Armc3","ortholog_one2one",100,100,1
"ASAH1","Asah1","ortholog_one2one",50,97.77,1
"SIX6","Six6","ortholog_one2one",100,100,1
"TM2D1","Tm2d1","ortholog_one2one",100,100,1
"DEUP1","Deup1","ortholog_one2one",100,100,1
"NR0B2","Nr0b2","ortholog_one2one",100,100,1
"NOP14","Nop14","ortholog_one2one",100,100,1
"TMEM229B","Tmem229b","ortholog_one2one",100,100,1
"GPR141","Gpr141","ortholog_one2one",100,100,1
"GREB1L","Greb1l","ortholog_one2one",50,100,1
"BORCS5","Borcs5","ortholog_one2one",100,96.9,1
"PLAA","Plaa","ortholog_one2one",100,100,1
"HHIP","Hhip","ortholog_one2one",100,100,1
"DUS1L","Dus1l","ortholog_one2one",100,100,1
"FRZB","Frzb","ortholog_one2one",100,100,1
"FAM217A","Fam217a","ortholog_one2one",100,100,0
"USP25","Usp25","ortholog_one2one",100,100,1
"SEMA5A","Sema5a","ortholog_one2one",50,100,1
"GAL3ST1","Gal3st1","ortholog_one2one",100,100,1
"CELF1","Celf1","ortholog_one2one",100,100,1
"DNM1","Dnm1","ortholog_one2one",75,100,1
"EME2","Eme2","ortholog_one2one",100,100,1
"OR5I1","Olfr152","ortholog_one2one",100,100,1
"KIF24","Kif24","ortholog_one2one",100,100,1
"GLYAT","Glyat","ortholog_one2one",75,100,1
"RPL6","Rpl6","ortholog_one2one",100,100,1
"BMP4","Bmp4","ortholog_one2one",100,100,1
"GDE1","Gde1","ortholog_one2one",50,100,1
"YAE1","Yae1d1","ortholog_one2one",100,100,1
"KCNH6","Kcnh6","ortholog_one2one",100,100,1
"OR1B1","Olfr362","ortholog_one2one",100,100,1
"ENTR1","Entr1","ortholog_one2one",100,100,1
"MLYCD","Mlycd","ortholog_one2one",100,100,1
"NUMA1","Numa1","ortholog_one2one",100,100,1
"SYT7","Syt7","ortholog_one2one",100,100,1
"DAZAP1","Dazap1","ortholog_one2one",100,100,1
"SMC5","Smc5","ortholog_one2one",100,100,1
"FGF11","Fgf11","ortholog_one2one",100,100,1
"THNSL1","Thnsl1","ortholog_one2one",100,100,1
"COA8","Apopt1","ortholog_one2one",100,91.58,1
"TEX37","Tex37","ortholog_one2one",100,100,1
"CDK16","Cdk16","ortholog_one2one",100,100,1
"FRS2","Frs2","ortholog_one2one",100,100,1
"CCNB1","Ccnb1","ortholog_one2one",100,100,1
"SPON2","Spon2","ortholog_one2one",50,100,1
"ASS1","Ass1","ortholog_one2one",100,100,1
"TRMT11","Trmt11","ortholog_one2one",100,100,1
"SWI5","Swi5","ortholog_one2one",50,100,0
"FOXI3","Foxi3","ortholog_one2one",100,100,1
"ECEL1","Ecel1","ortholog_one2one",75,100,1
"SEL1L3","Sel1l3","ortholog_one2one",100,100,1
"CELF2","Celf2","ortholog_one2one",100,100,1
"RNASE6","Rnase6","ortholog_one2one",100,100,1
"SLC36A1","Slc36a1","ortholog_one2one",100,100,1
"PRKCSH","Prkcsh","ortholog_one2one",100,100,1
"SLC6A6","Slc6a6","ortholog_one2one",100,100,1
"PTGFRN","Ptgfrn","ortholog_one2one",100,100,1
"IL2RA","Il2ra","ortholog_one2one",100,100,1
"TLE2","Tle2","ortholog_one2one",100,99.25,1
"PLA2G4C","Pla2g4c","ortholog_one2one",100,87.49,1
"ITGA8","Itga8","ortholog_one2one",50,100,1
"CYLC2","Cylc2","ortholog_one2one",100,82.51,0
"WDR33","Wdr33","ortholog_one2one",100,100,1
"ASCL3","Ascl3","ortholog_one2one",100,100,1
"SSC4D","Ssc4d","ortholog_one2one",100,100,1
"DCAF7","Dcaf7","ortholog_one2one",100,100,1
"ENO2","Eno2","ortholog_one2one",100,100,1
"BCLAF1","Bclaf1","ortholog_one2one",100,100,1
"RNASE1","Rnase1","ortholog_one2one",75,100,1
"RAB25","Rab25","ortholog_one2one",100,100,1
"KAT14","Kat14","ortholog_one2one",75,100,1
"IL12B","Il12b","ortholog_one2one",100,100,1
"TMEM9B","Tmem9b","ortholog_one2one",100,100,1
"DCDC2","Dcdc2a","ortholog_one2one",100,100,1
"HPSE2","Hpse2","ortholog_one2one",100,100,1
"TMEM183A","Tmem183a","ortholog_one2one",100,100,1
"TEX261","Tex261","ortholog_one2one",75,100,1
"APOB","Apob","ortholog_one2one",100,99.86,1
"ATRNL1","Atrnl1","ortholog_one2one",100,100,1
"DOCK10","Dock10","ortholog_one2one",100,100,1
"ZNF639","Zfp639","ortholog_one2one",100,100,1
"ST7L","St7l","ortholog_one2one",100,97.88,1
"TMEM121","Tmem121","ortholog_one2one",100,100,1
"MPDZ","Mpdz","ortholog_one2one",100,100,1
"RWDD4","Rwdd4a","ortholog_one2one",100,100,1
"OIP5","Oip5","ortholog_one2one",100,97.24,1
"C6orf201","4933417A18Rik","ortholog_one2one",100,67.16,0
"WDR19","Wdr19","ortholog_one2one",100,100,1
"IL18BP","Il18bp","ortholog_one2one",100,100,1
"CLSTN1","Clstn1","ortholog_one2one",100,100,1
"PET117","Pet117","ortholog_one2one",100,100,1
"MACF1","Macf1","ortholog_one2one",100,100,1
"TRIM44","Trim44","ortholog_one2one",100,100,1
"SLC37A1","Slc37a1","ortholog_one2one",100,100,1
"ZBBX","Zbbx","ortholog_one2one",100,99.97,0
"NRSN1","Nrsn1","ortholog_one2one",100,100,1
"FAXC","Faxc","ortholog_one2one",100,100,1
"RNF24","Rnf24","ortholog_one2one",100,95.66,1
"KRTAP15-1","Krtap15","ortholog_one2one",75,100,0
"CCDC14","Ccdc14","ortholog_one2one",100,100,1
"SOX2","Sox2","ortholog_one2one",100,100,1
"CCDC88A","Ccdc88a","ortholog_one2one",100,100,1
"TOR1A","Tor1a","ortholog_one2one",100,21.82,1
"AGPS","Agps","ortholog_one2one",100,100,1
"EZH2","Ezh2","ortholog_one2one",100,100,1
"TENM4","Tenm4","ortholog_one2one",100,100,1
"PATZ1","Patz1","ortholog_one2one",75,100,1
"CCP110","Ccp110","ortholog_one2one",100,100,1
"B4GALT6","B4galt6","ortholog_one2one",100,100,1
"GPATCH3","Gpatch3","ortholog_one2one",75,100,1
"RYR2","Ryr2","ortholog_one2one",75,99.72,1
"BUD31","Bud31","ortholog_one2one",100,100,1
"PWP1","Pwp1","ortholog_one2one",100,100,1
"EHD1","Ehd1","ortholog_one2one",100,100,1
"PRSS21","Prss21","ortholog_one2one",75,30.9,1
"ACYP1","Acyp1","ortholog_one2one",100,100,1
"NCCRP1","Nccrp1","ortholog_one2one",75,100,1
"HK2","Hk2","ortholog_one2one",100,100,1
"DUSP16","Dusp16","ortholog_one2one",100,100,1
"ZC2HC1C","Zc2hc1c","ortholog_one2one",100,100,1
"MICAL1","Mical1","ortholog_one2one",100,99.87,1
"KAT6B","Kat6b","ortholog_one2one",100,100,1
"C6orf163","Gm136","ortholog_one2one",100,100,1
"TMEM102","Tmem102","ortholog_one2one",100,100,1
"SFT2D3","Sft2d3","ortholog_one2one",100,100,1
"SAMD4B","Samd4b","ortholog_one2one",100,100,1
"PANK2","Pank2","ortholog_one2one",100,100,1
"NUDT2","Nudt2","ortholog_one2one",100,100,1
"FANCE","Fance","ortholog_one2one",100,99.95,1
"CD2","Cd2","ortholog_one2one",100,100,1
"NTS","Nts","ortholog_one2one",100,100,1
"GFRA1","Gfra1","ortholog_one2one",100,100,1
"MSRB2","Msrb2","ortholog_one2one",100,100,1
"CLEC4G","Clec4g","ortholog_one2one",100,100,1
"ABHD18","Abhd18","ortholog_one2one",100,100,1
"MACO1","Maco1","ortholog_one2one",100,100,1
"GMFG","Gmfg","ortholog_one2one",75,100,1
"PRSS56","Prss56","ortholog_one2one",50,100,1
"C5orf51","AW549877","ortholog_one2one",100,100,1
"NTSR2","Ntsr2","ortholog_one2one",100,100,1
"PIK3IP1","Pik3ip1","ortholog_one2one",100,100,1
"SDCBP2","Sdcbp2","ortholog_one2one",75,100,1
"CASKIN2","Caskin2","ortholog_one2one",100,100,1
"CREBL2","Crebl2","ortholog_one2one",100,98.69,1
"DDX21","Ddx21","ortholog_one2one",100,96.74,1
"ALX4","Alx4","ortholog_one2one",100,100,1
"ELMO1","Elmo1","ortholog_one2one",75,100,1
"PTF1A","Ptf1a","ortholog_one2one",100,100,1
"EXT2","Ext2","ortholog_one2one",100,99.22,1
"GPN2","Gpn2","ortholog_one2one",100,100,1
"GPBAR1","Gpbar1","ortholog_one2one",50,100,1
"PLAC1","Plac1","ortholog_one2one",100,100,0
"AVPR1B","Avpr1b","ortholog_one2one",100,100,1
"OLIG3","Olig3","ortholog_one2one",100,100,1
"MIP","Mip","ortholog_one2one",100,100,1
"TSPAN33","Tspan33","ortholog_one2one",100,100,1
"PAK4","Pak4","ortholog_one2one",100,100,1
"POGK","Pogk","ortholog_one2one",100,100,1
"ANAPC7","Anapc7","ortholog_one2one",100,100,1
"SPEM2","Spem2","ortholog_one2one",100,100,1
"PUM2","Pum2","ortholog_one2one",100,100,1
"ADCY1","Adcy1","ortholog_one2one",100,100,1
"VARS1","Vars","ortholog_one2one",100,100,1
"SMIM20","Smim20","ortholog_one2one",100,100,0
"FREM3","Frem3","ortholog_one2one",100,100,1
"OXCT1","Oxct1","ortholog_one2one",100,100,1
"OR5C1","Olfr368","ortholog_one2one",100,100,1
"TACO1","Taco1","ortholog_one2one",100,100,1
"SYCN","Sycn","ortholog_one2one",75,100,1
"VAC14","Vac14","ortholog_one2one",100,100,1
"SPEM1","Spem1","ortholog_one2one",100,100,1
"STX5","Stx5a","ortholog_one2one",100,100,1
"ING2","Ing2","ortholog_one2one",100,100,1
"LRFN1","Lrfn1","ortholog_one2one",75,100,1
"CTSE","Ctse","ortholog_one2one",100,100,1
"PDCL","Pdcl","ortholog_one2one",100,100,1
"FZD6","Fzd6","ortholog_one2one",100,100,1
"HSPH1","Hsph1","ortholog_one2one",100,100,1
"SLIT1","Slit1","ortholog_one2one",100,100,1
"TMEM94","Tmem94","ortholog_one2one",100,100,1
"SDCBP","Sdcbp","ortholog_one2one",100,98.35,1
"GPR158","Gpr158","ortholog_one2one",100,100,1
"MESD","Mesd","ortholog_one2one",100,100,1
"TADA1","Tada1","ortholog_one2one",100,100,1
"HNRNPA2B1","Hnrnpa2b1","ortholog_one2one",100,100,1
"DZANK1","Dzank1","ortholog_one2one",100,100,1
"ATP2A2","Atp2a2","ortholog_one2one",75,100,1
"NEK9","Nek9","ortholog_one2one",100,100,1
"CNNM1","Cnnm1","ortholog_one2one",100,100,1
"FJX1","Fjx1","ortholog_one2one",100,100,1
"TRAPPC8","Trappc8","ortholog_one2one",100,100,1
"RASSF9","Rassf9","ortholog_one2one",100,100,1
"MFSD8","Mfsd8","ortholog_one2one",100,96.62,1
"TTC25","Ttc25","ortholog_one2one",100,100,1
"FAM122B","Fam122b","ortholog_one2one",100,100,1
"OSBPL8","Osbpl8","ortholog_one2one",100,100,1
"SFN","Sfn","ortholog_one2one",100,100,1
"MYORG","Myorg","ortholog_one2one",100,100,1
"RNH1","Rnh1","ortholog_one2one",100,100,1
"STRIP2","Strip2","ortholog_one2one",100,100,1
"AP2S1","Ap2s1","ortholog_one2one",100,100,1
"DNAH5","Dnah5","ortholog_one2one",100,100,1
"KCNQ4","Kcnq4","ortholog_one2one",100,100,1
"GPR19","Gpr19","ortholog_one2one",100,100,1
"TNRC18","Tnrc18","ortholog_one2one",100,100,0
"NARS2","Nars2","ortholog_one2one",100,100,1
"NLGN2","Nlgn2","ortholog_one2one",100,100,1
"CLK1","Clk1","ortholog_one2one",100,97.03,1
"SLC7A9","Slc7a9","ortholog_one2one",100,100,1
"LACTBL1","Lactbl1","ortholog_one2one",100,99.71,1
"FIGNL1","Fignl1","ortholog_one2one",100,100,1
"ANKRD13B","Ankrd13b","ortholog_one2one",100,100,1
"GTPBP8","Gtpbp8","ortholog_one2one",100,97.13,1
"CHD5","Chd5","ortholog_one2one",100,100,1
"GPR17","Gpr17","ortholog_one2one",100,100,1
"KATNB1","Katnb1","ortholog_one2one",100,100,1
"LIMS2","Lims2","ortholog_one2one",100,100,1
"OSGIN1","Osgin1","ortholog_one2one",100,100,1
"CNIH2","Cnih2","ortholog_one2one",100,100,1
"MGMT","Mgmt","ortholog_one2one",100,100,1
"ACADL","Acadl","ortholog_one2one",100,100,1
"IGSF3","Igsf3","ortholog_one2one",100,100,1
"TMED10","Tmed10","ortholog_one2one",100,100,1
"KRTAP8-1","Krtap8-1","ortholog_one2one",50,100,1
"KRTAP7-1","Krtap7-1","ortholog_one2one",100,100,1
"SERPINI2","Serpini2","ortholog_one2one",100,100,1
"YIF1A","Yif1a","ortholog_one2one",100,100,1
"KRTAP11-1","Krtap11-1","ortholog_one2one",100,97.03,1
"SMARCA5","Smarca5","ortholog_one2one",100,100,1
"ZDHHC18","Zdhhc18","ortholog_one2one",100,100,1
"YAP1","Yap1","ortholog_one2one",100,100,1
"TEX14","Tex14","ortholog_one2one",100,99.68,1
"NEPRO","Nepro","ortholog_one2one",100,100,1
"IGHE","Ighe","ortholog_one2one",75,99.19,0
"ACTR3","Actr3","ortholog_one2one",75,100,1
"C12orf4","D6Wsu163e","ortholog_one2one",100,100,1
"SMPD2","Smpd2","ortholog_one2one",100,100,1
"ROBO3","Robo3","ortholog_one2one",100,99.99,1
"CABP5","Cabp5","ortholog_one2one",100,100,1
"USP11","Usp11","ortholog_one2one",100,100,1
"CEP152","Cep152","ortholog_one2one",100,100,1
"ESS2","Ess2","ortholog_one2one",75,100,1
"KIFC3","Kifc3","ortholog_one2one",100,100,1
"FAM222A","Fam222a","ortholog_one2one",100,100,1
"TFR2","Tfr2","ortholog_one2one",100,100,1
"MIEN1","Mien1","ortholog_one2one",100,100,1
"LRRC23","Lrrc23","ortholog_one2one",100,100,1
"HECTD4","Hectd4","ortholog_one2one",100,100,1
"C10orf67","4921504E06Rik","ortholog_one2one",100,89.11,0
"ERBB2","Erbb2","ortholog_one2one",100,100,1
"CHRND","Chrnd","ortholog_one2one",100,100,1
"SPATS1","Spats1","ortholog_one2one",100,100,1
"FAM20A","Fam20a","ortholog_one2one",100,100,1
"CDC42BPG","Cdc42bpg","ortholog_one2one",100,100,1
"FAM3C","Fam3c","ortholog_one2one",100,100,1
"LDHA","Ldha","ortholog_one2one",100,100,1
"LTBP4","Ltbp4","ortholog_one2one",100,99.29,1
"NCBP2AS2","0610012G03Rik","ortholog_one2one",100,100,1
"PLA2G15","Pla2g15","ortholog_one2one",100,100,1
"CREB3L3","Creb3l3","ortholog_one2one",50,100,1
"TPI1","Tpi1","ortholog_one2one",100,100,1
"INTS10","Ints10","ortholog_one2one",100,100,1
"C9orf78","BC005624","ortholog_one2one",100,100,1
"DNAH10","Dnah10","ortholog_one2one",100,99.42,1
"FAM122C","Fam122c","ortholog_one2one",100,89.01,0
"TRBV2","Trbv3","ortholog_one2one",100,100,1
"MASP1","Masp1","ortholog_one2one",100,100,1
"ZMIZ2","Zmiz2","ortholog_one2one",100,100,1
"ARFGEF1","Arfgef1","ortholog_one2one",100,100,1
"CYP4F22","Cyp4f39","ortholog_one2one",75,100,1
"NAGK","Nagk","ortholog_one2one",50,100,1
"SIX1","Six1","ortholog_one2one",100,100,1
"HACD2","Hacd2","ortholog_one2one",100,100,1
"NSMAF","Nsmaf","ortholog_one2one",100,98.32,1
"TRBV3-1","Trbv4","ortholog_one2one",100,100,1
"FGF6","Fgf6","ortholog_one2one",100,100,1
"NFRKB","Nfrkb","ortholog_one2one",100,100,1
"CDKN2AIP","Cdkn2aip","ortholog_one2one",100,100,1
"SYP","Syp","ortholog_one2one",100,100,1
"SNPH","Snph","ortholog_one2one",100,100,1
"MYLK","Mylk","ortholog_one2one",100,99.96,1
"KRTCAP3","Krtcap3","ortholog_one2one",100,100,1
"TNFAIP1","Tnfaip1","ortholog_one2one",100,100,1
"NCOA4","Ncoa4","ortholog_one2one",25,98.97,1
"SPSB2","Spsb2","ortholog_one2one",100,97.43,1
"HINT3","Hint3","ortholog_one2one",100,100,1
"SELENOW","Selenow","ortholog_one2one",100,98.48,1
"MTSS2","Mtss2","ortholog_one2one",100,100,1
"NDUFS4","Ndufs4","ortholog_one2one",100,100,1
"BAHCC1","Bahcc1","ortholog_one2one",100,99.51,1
"COL14A1","Col14a1","ortholog_one2one",100,100,1
"RGL1","Rgl1","ortholog_one2one",100,100,1
"RTP4","Rtp4","ortholog_one2one",100,100,0
"ASAP2","Asap2","ortholog_one2one",50,97.35,1
"GTF2IRD1","Gtf2ird1","ortholog_one2one",100,93.89,1
"CCDC201","Ccdc201","ortholog_one2one",100,100,0
"NCOA7","Ncoa7","ortholog_one2one",100,100,1
"IFT74","Ift74","ortholog_one2one",100,100,1
"POPDC3","Popdc3","ortholog_one2one",100,100,1
"APTX","Aptx","ortholog_one2one",100,99.97,1
"GOT1","Got1","ortholog_one2one",100,100,1
"CDKN1B","Cdkn1b","ortholog_one2one",100,100,1
"AAMP","Aamp","ortholog_one2one",100,100,1
"TRAF3IP1","Traf3ip1","ortholog_one2one",100,100,1
"NCBP2","Ncbp2","ortholog_one2one",100,100,1
"FLNB","Flnb","ortholog_one2one",50,99.65,1
"NSD3","Nsd3","ortholog_one2one",100,100,1
"CCDC103","Ccdc103","ortholog_one2one",100,100,1
"SENP5","Senp5","ortholog_one2one",100,100,1
"NECAB2","Necab2","ortholog_one2one",100,100,1
"FBXL4","Fbxl4","ortholog_one2one",100,100,1
"GPR155","Gpr155","ortholog_one2one",100,100,1
"PAIP2B","Paip2b","ortholog_one2one",50,100,1
"FOXQ1","Foxq1","ortholog_one2one",100,100,1
"PPFIA1","Ppfia1","ortholog_one2one",100,100,1
"SH3RF2","Sh3rf2","ortholog_one2one",100,100,1
"FAM187A","Fam187a","ortholog_one2one",100,100,1
"RHBDL1","Rhbdl1","ortholog_one2one",100,100,1
"YEATS4","Yeats4","ortholog_one2one",100,100,1
"TMEM45B","Tmem45b","ortholog_one2one",100,100,1
"CCDC172","Ccdc172","ortholog_one2one",100,95.67,1
"ARHGEF28","Arhgef28","ortholog_one2one",100,100,1
"ATP1A1","Atp1a1","ortholog_one2one",100,100,1
"NKX2-3","Nkx2-3","ortholog_one2one",100,100,1
"LIG3","Lig3","ortholog_one2one",100,100,1
"SLC25A28","Slc25a28","ortholog_one2one",75,100,1
"STAB1","Stab1","ortholog_one2one",100,100,1
"NACC2","Nacc2","ortholog_one2one",100,100,1
"FGF23","Fgf23","ortholog_one2one",100,100,1
"UBE2O","Ube2o","ortholog_one2one",100,100,1
"CFAP251","Wdr66","ortholog_one2one",75,84.22,1
"TCP11L1","Tcp11l1","ortholog_one2one",100,100,1
"SHARPIN","Sharpin","ortholog_one2one",100,100,1
"ABCC5","Abcc5","ortholog_one2one",100,100,1
"IGFBP1","Igfbp1","ortholog_one2one",100,100,1
"LRRC19","Lrrc19","ortholog_one2one",100,100,1
"LUC7L3","Luc7l3","ortholog_one2one",100,100,1
"CLCN3","Clcn3","ortholog_one2one",100,100,1
"LIPH","Liph","ortholog_one2one",100,100,1
"ALX1","Alx1","ortholog_one2one",100,100,1
"RC3H2","Rc3h2","ortholog_one2one",100,100,1
"RAB1B","Rab1b","ortholog_one2one",100,100,1
"CYP26B1","Cyp26b1","ortholog_one2one",75,100,1
"NOP53","Nop53","ortholog_one2one",100,100,1
"RPP21","Rpp21","ortholog_one2one",100,100,1
"KLK4","Klk4","ortholog_one2one",100,100,1
"CDK14","Cdk14","ortholog_one2one",100,100,1
"ZFAND2B","Zfand2b","ortholog_one2one",100,100,1
"CSTF3","Cstf3","ortholog_one2one",100,99.01,1
"DDX50","Ddx50","ortholog_one2one",100,100,1
"FMO4","Fmo4","ortholog_one2one",100,99.08,1
"GRXCR1","Grxcr1","ortholog_one2one",100,100,1
"NXPH3","Nxph3","ortholog_one2one",100,100,1
"UBLCP1","Ublcp1","ortholog_one2one",100,100,1
"CTXND2","4930558C23Rik","ortholog_one2one",100,100,1
"AGR3","Agr3","ortholog_one2one",100,100,1
"C18orf25","8030462N17Rik","ortholog_one2one",100,100,1
"MTFR2","Mtfr2","ortholog_one2one",100,98.66,1
"APOBEC4","Apobec4","ortholog_one2one",100,100,1
"LNPEP","Lnpep","ortholog_one2one",50,100,1
"VWA7","Vwa7","ortholog_one2one",100,100,1
"SIX4","Six4","ortholog_one2one",100,100,1
"RIOK3","Riok3","ortholog_one2one",100,100,1
"AARS2","Aars2","ortholog_one2one",100,100,1
"PLAC8L1","Plac8l1","ortholog_one2one",100,100,1
"TRIM39","Trim39","ortholog_one2one",100,100,1
"MOCOS","Mocos","ortholog_one2one",100,100,1
"KLK15","Klk15","ortholog_one2one",100,100,1
"PRPSAP2","Prpsap2","ortholog_one2one",25,100,1
"NPM1","Npm1","ortholog_one2one",100,91.77,1
"PLD6","Pld6","ortholog_one2one",50,92.55,1
"EID1","Eid1","ortholog_one2one",100,100,1
"SHC4","Shc4","ortholog_one2one",100,100,1
"CNOT11","Cnot11","ortholog_one2one",100,100,1
"SAPCD1","Sapcd1","ortholog_one2one",100,100,1
"FAU","Fau","ortholog_one2one",75,100,1
"ASB1","Asb1","ortholog_one2one",100,100,1
"MOSPD1","Mospd1","ortholog_one2one",75,100,1
"WWC2","Wwc2","ortholog_one2one",100,100,1
"LIN7B","Lin7b","ortholog_one2one",100,100,1
"SLC36A4","Slc36a4","ortholog_one2one",100,100,1
"NGFR","Ngfr","ortholog_one2one",100,100,1
"CTLA4","Ctla4","ortholog_one2one",100,100,1
"CPSF3","Cpsf3","ortholog_one2one",100,100,1
"TMEM250","Tmem250-ps","ortholog_one2one",100,100,1
"WDR90","Wdr90","ortholog_one2one",100,100,1
"PPFIA3","Ppfia3","ortholog_one2one",100,100,1
"TMEM106B","Tmem106b","ortholog_one2one",50,100,1
"BARX2","Barx2","ortholog_one2one",100,100,1
"RNF149","Rnf149","ortholog_one2one",100,100,1
"TCTE1","Tcte1","ortholog_one2one",100,100,1
"MAP3K3","Map3k3","ortholog_one2one",75,100,1
"POLR3F","Polr3f","ortholog_one2one",100,100,1
"POMGNT1","Pomgnt1","ortholog_one2one",100,100,1
"PRICKLE3","Prickle3","ortholog_one2one",100,100,1
"LMBRD2","Lmbrd2","ortholog_one2one",100,100,1
"LYZ","9530003J23Rik","ortholog_one2one",100,100,1
"SYN1","Syn1","ortholog_one2one",100,100,1
"SLC30A5","Slc30a5","ortholog_one2one",100,100,1
"DOCK4","Dock4","ortholog_one2one",75,99.61,1
"KIF27","Kif27","ortholog_one2one",100,100,1
"STOX1","Stox1","ortholog_one2one",100,97.08,1
"IGFBP3","Igfbp3","ortholog_one2one",100,100,1
"PPP3CB","Ppp3cb","ortholog_one2one",100,100,1
"SEMA3C","Sema3c","ortholog_one2one",75,100,1
"ZNHIT3","Znhit3","ortholog_one2one",50,100,1
"NT5DC2","Nt5dc2","ortholog_one2one",100,100,1
"NLRP5","Nlrp5","ortholog_one2one",0,84.86,0
"LAMTOR2","Lamtor2","ortholog_one2one",100,100,1
"TMEM150B","Tmem150b","ortholog_one2one",100,100,1
"BVES","Bves","ortholog_one2one",100,100,1
"MNAT1","Mnat1","ortholog_one2one",100,100,1
"ITGB1BP1","Itgb1bp1","ortholog_one2one",50,100,1
"METTL3","Mettl3","ortholog_one2one",100,100,1
"FADD","Fadd","ortholog_one2one",100,100,1
"STK39","Stk39","ortholog_one2one",100,100,1
"ZNF483","Zkscan16","ortholog_one2one",100,100,1
"UBQLN4","Ubqln4","ortholog_one2one",100,100,1
"ANKRD46","Ankrd46","ortholog_one2one",100,96.47,1
"ARAF","Araf","ortholog_one2one",100,100,1
"MUC1","Muc1","ortholog_one2one",100,90.68,0
"TEX38","Tex38","ortholog_one2one",100,100,1
"MYO19","Myo19","ortholog_one2one",75,100,1
"BRSK1","Brsk1","ortholog_one2one",100,99.85,1
"MAB21L3","Mab21l3","ortholog_one2one",100,100,1
"NRIP3","Nrip3","ortholog_one2one",100,100,1
"KMT5B","Kmt5b","ortholog_one2one",100,100,1
"ARSI","Arsi","ortholog_one2one",100,100,1
"EHD2","Ehd2","ortholog_one2one",100,100,1
"CACHD1","Cachd1","ortholog_one2one",100,100,1
"TRAM2","Tram2","ortholog_one2one",75,100,1
"SLC2A6","Slc2a6","ortholog_one2one",100,100,1
"SKP2","Skp2","ortholog_one2one",100,100,1
"TIGAR","Tigar","ortholog_one2one",100,100,1
"SEMA4F","Sema4f","ortholog_one2one",100,100,1
"SECISBP2L","Secisbp2l","ortholog_one2one",100,100,1
"TRAF2","Traf2","ortholog_one2one",100,100,1
"SMIM8","Smim8","ortholog_one2one",100,100,1
"CRHBP","Crhbp","ortholog_one2one",100,100,1
"POU3F2","Pou3f2","ortholog_one2one",100,100,1
"DTX2","Dtx2","ortholog_one2one",75,100,1
"BORCS8","Borcs8","ortholog_one2one",75,90.98,1
"MSANTD2","Msantd2","ortholog_one2one",100,100,1
"IL34","Il34","ortholog_one2one",100,100,1
"SLC38A8","Slc38a8","ortholog_one2one",100,100,1
"CFAP54","Cfap54","ortholog_one2one",100,100,1
"MTNR1B","Mtnr1b","ortholog_one2one",100,100,1
"EMID1","Emid1","ortholog_one2one",100,100,1
"NRF1","Nrf1","ortholog_one2one",100,95.1,1
"VLDLR","Vldlr","ortholog_one2one",100,100,1
"TMEM54","Tmem54","ortholog_one2one",100,100,1
"GDF11","Gdf11","ortholog_one2one",100,100,1
"KCTD8","Kctd8","ortholog_one2one",100,100,1
"SLC1A5","Slc1a5","ortholog_one2one",100,97.67,1
"ACTG1","Actg1","ortholog_one2one",100,100,1
"LIMD2","Limd2","ortholog_one2one",100,100,1
"SPARCL1","Sparcl1","ortholog_one2one",100,100,1
"SH3D19","Sh3d19","ortholog_one2one",100,100,1
"PDE4B","Pde4b","ortholog_one2one",100,100,1
"BSPH1","Bsph1","ortholog_one2one",100,77.63,0
"PIGW","Pigw","ortholog_one2one",100,100,1
"RAB2B","Rab2b","ortholog_one2one",100,100,1
"CYB5R1","Cyb5r1","ortholog_one2one",100,100,1
"TG","Tg","ortholog_one2one",100,100,1
"OTUD1","Otud1","ortholog_one2one",100,98.78,1
"OR10R2","Olfr1358","ortholog_one2one",0,0,0
"LIN28B","Lin28b","ortholog_one2one",100,100,1
"SEC14L4","Sec14l4","ortholog_one2one",100,100,1
"RNF125","Rnf125","ortholog_one2one",100,100,1
"FBXL18","Fbxl18","ortholog_one2one",100,100,1
"TRPV1","Trpv1","ortholog_one2one",100,99.55,1
"FOS","Fos","ortholog_one2one",100,100,1
"SLC22A15","Slc22a15","ortholog_one2one",100,100,1
"GLIS2","Glis2","ortholog_one2one",100,100,1
"GRK4","Grk4","ortholog_one2one",100,100,1
"HPCA","Hpca","ortholog_one2one",100,100,1
"WDR49","Wdr49","ortholog_one2one",100,100,1
"EPHB2","Ephb2","ortholog_one2one",100,100,1
"EPB41","Epb41","ortholog_one2one",100,100,1
"C9orf24","1110017D15Rik","ortholog_one2one",100,100,1
"TMEM14A","Tmem14a","ortholog_one2one",50,82.31,1
"GRIP2","Grip2","ortholog_one2one",100,100,1
"RINT1","Rint1","ortholog_one2one",50,100,1
"TMEM50A","Tmem50a","ortholog_one2one",100,100,1
"ORC2","Orc2","ortholog_one2one",100,100,1
"ATPAF1","Atpaf1","ortholog_one2one",100,100,1
"HS3ST5","Hs3st5","ortholog_one2one",75,100,1
"PRSS48","Prss48","ortholog_one2one",100,96.56,1
"USP54","Usp54","ortholog_one2one",100,98.99,1
"FSD1L","Fsd1l","ortholog_one2one",100,100,1
"TIMP1","Timp1","ortholog_one2one",100,100,1
"FAM174A","Fam174a","ortholog_one2one",50,100,1
"GSC2","Gsc2","ortholog_one2one",50,100,1
"ARHGEF10L","Arhgef10l","ortholog_one2one",100,100,1
"RAB7B","Rab7b","ortholog_one2one",100,100,1
"OR5D16","Olfr1155","ortholog_one2one",100,100,1
"TWIST2","Twist2","ortholog_one2one",100,100,1
"S100Z","S100z","ortholog_one2one",100,100,1
"RNF40","Rnf40","ortholog_one2one",100,100,1
"CENPO","Cenpo","ortholog_one2one",100,100,1
"FMO1","Fmo1","ortholog_one2one",100,100,1
"CRTC1","Crtc1","ortholog_one2one",100,100,1
"PIGH","Pigh","ortholog_one2one",100,100,1
"MOB2","Mob2","ortholog_one2one",75,98.96,1
"FST","Fst","ortholog_one2one",100,100,1
"MAMDC2","Mamdc2","ortholog_one2one",100,100,1
"AANAT","Aanat","ortholog_one2one",100,100,1
"SEZ6L","Sez6l","ortholog_one2one",100,100,1
"PLEKHH1","Plekhh1","ortholog_one2one",100,100,1
"TOX4","Tox4","ortholog_one2one",100,100,1
"SPRR3","Sprr3","ortholog_one2one",100,91.92,0
"FKRP","Fkrp","ortholog_one2one",100,100,1
"RHBDF2","Rhbdf2","ortholog_one2one",100,99.92,1
"PRDM15","Prdm15","ortholog_one2one",100,100,1
"AS3MT","As3mt","ortholog_one2one",100,100,1
"RFFL","Rffl","ortholog_one2one",100,100,1
"CNTF","Cntf","ortholog_one2one",75,100,1
"STRN4","Strn4","ortholog_one2one",100,100,1
"ADCY3","Adcy3","ortholog_one2one",100,100,1
"HRAS","Hras","ortholog_one2one",100,100,1
"RSRP1","Rsrp1","ortholog_one2one",100,100,1
"PTPRZ1","Ptprz1","ortholog_one2one",100,99.67,1
"SMIM4","Smim4","ortholog_one2one",100,100,0
"LRRIQ1","Lrriq1","ortholog_one2one",100,99.95,1
"PTGR1","Ptgr1","ortholog_one2one",100,100,1
"ALKBH1","Alkbh1","ortholog_one2one",100,100,1
"SEMA6A","Sema6a","ortholog_one2one",100,100,1
"NFKBIE","Nfkbie","ortholog_one2one",100,100,1
"IFNGR1","Ifngr1","ortholog_one2one",100,95.45,0
"PBRM1","Pbrm1","ortholog_one2one",100,100,1
"DSPP","Dspp","ortholog_one2one",100,93.79,0
"GAB1","Gab1","ortholog_one2one",100,100,1
"PPIL3","Ppil3","ortholog_one2one",100,100,1
"CORIN","Corin","ortholog_one2one",75,100,1
"TRBV15","Trbv17","ortholog_one2one",100,100,1
"SSR2","Ssr2","ortholog_one2one",100,100,1
"FGF8","Fgf8","ortholog_one2one",100,100,1
"FSCN2","Fscn2","ortholog_one2one",100,100,1
"TRBV19","Trbv19","ortholog_one2one",100,100,1
"CLMP","Clmp","ortholog_one2one",100,100,1
"ST8SIA4","St8sia4","ortholog_one2one",50,100,1
"IL27","Il27","ortholog_one2one",100,100,1
"IAPP","Iapp","ortholog_one2one",100,100,1
"FOXF2","Foxf2","ortholog_one2one",100,100,1
"C9orf135","1700028P14Rik","ortholog_one2one",100,100,1
"SLIRP","Slirp","ortholog_one2one",75,86.17,1
"LRRC10B","Lrrc10b","ortholog_one2one",100,100,1
"RBBP9","Rbbp9","ortholog_one2one",100,100,1
"CLN3","Cln3","ortholog_one2one",50,100,1
"AGR2","Agr2","ortholog_one2one",100,100,1
"JDP2","Jdp2","ortholog_one2one",100,100,1
"RAD21L1","Rad21l","ortholog_one2one",100,100,1
"STRADA","Strada","ortholog_one2one",100,100,1
"SNW1","Snw1","ortholog_one2one",50,100,1
"SLA","Sla","ortholog_one2one",100,100,1
"ATP5F1A","Atp5a1","ortholog_one2one",100,100,1
"RAPSN","Rapsn","ortholog_one2one",100,100,1
"C6orf89","BC004004","ortholog_one2one",100,100,1
"PNLIP","Pnlip","ortholog_one2one",100,100,1
"TAP1","Tap1","ortholog_one2one",100,100,1
"RNF121","Rnf121","ortholog_one2one",75,100,1
"TLX3","Tlx3","ortholog_one2one",100,100,1
"ADCY5","Adcy5","ortholog_one2one",100,100,1
"CHKA","Chka","ortholog_one2one",100,100,1
"FOXC1","Foxc1","ortholog_one2one",100,100,1
"LRRC75B","Lrrc75b","ortholog_one2one",75,100,1
"RNF138","Rnf138","ortholog_one2one",75,100,1
"NHLH2","Nhlh2","ortholog_one2one",100,100,1
"DNAJC7","Dnajc7","ortholog_one2one",100,100,1
"MOB3C","Mob3c","ortholog_one2one",100,100,1
"KREMEN1","Kremen1","ortholog_one2one",100,98.45,1
"FAAP100","Faap100","ortholog_one2one",100,100,1
"OR52N1","Olfr664","ortholog_one2one",50,100,1
"CCDC47","Ccdc47","ortholog_one2one",75,100,1
"RANBP17","Ranbp17","ortholog_one2one",100,100,1
"TNK1","Tnk1","ortholog_one2one",100,100,1
"ARNT","Arnt","ortholog_one2one",100,100,1
"GSTA5","Gsta3","ortholog_one2one",0,0,0
"MYL1","Myl1","ortholog_one2one",100,100,1
"BCL7A","Bcl7a","ortholog_one2one",100,100,1
"NIF3L1","Nif3l1","ortholog_one2one",100,100,1
"SLC35B2","Slc35b2","ortholog_one2one",100,100,1
"SPACA6","Spaca6","ortholog_one2one",50,100,1
"MTR","Mtr","ortholog_one2one",100,100,1
"PPP2R3C","Ppp2r3c","ortholog_one2one",100,100,1
"SLC29A3","Slc29a3","ortholog_one2one",100,99.95,1
"HDGFL1","Hdgfl1","ortholog_one2one",100,100,0
"TENM1","Tenm1","ortholog_one2one",75,100,1
"WNT2B","Wnt2b","ortholog_one2one",100,100,1
"MYMK","Mymk","ortholog_one2one",100,100,1
"OPN4","Opn4","ortholog_one2one",100,100,1
"ZNF292","Zfp292","ortholog_one2one",75,100,1
"TRIM24","Trim24","ortholog_one2one",100,100,1
"PRDM4","Prdm4","ortholog_one2one",75,100,1
"CHL1","Chl1","ortholog_one2one",50,100,1
"DUSP8","Dusp8","ortholog_one2one",50,99.65,1
"C8B","C8b","ortholog_one2one",100,100,1
"MYBPC1","Mybpc1","ortholog_one2one",75,100,1
"TRPV4","Trpv4","ortholog_one2one",100,100,1
"VPS13D","Vps13d","ortholog_one2one",75,100,1
"PTRHD1","Ptrhd1","ortholog_one2one",100,100,1
"CPEB3","Cpeb3","ortholog_one2one",100,100,1
"DNAJC25-GNG10","Gm20503","ortholog_one2one",100,100,1
"DNAJC25","Dnajc25","ortholog_one2one",100,100,1
"CREG2","Creg2","ortholog_one2one",100,100,1
"PIGV","Pigv","ortholog_one2one",100,100,1
"DMP1","Dmp1","ortholog_one2one",100,100,1
"B3GLCT","B3glct","ortholog_one2one",100,100,1
"PLSCR3","Plscr3","ortholog_one2one",100,100,1
"ACAA2","Acaa2","ortholog_one2one",100,100,1
"KLHDC10","Klhdc10","ortholog_one2one",100,100,1
"C20orf202","Tmem74bos","ortholog_one2one",100,100,1
"KLC2","Klc2","ortholog_one2one",100,100,1
"TRBV28","Trbv29","ortholog_one2one",100,100,1
"GNG10","Gng10","ortholog_one2one",100,100,1
"ABCA8","Abca8b","ortholog_one2one",100,100,1
"PIEZO2","Piezo2","ortholog_one2one",50,100,1
"NFYC","Nfyc","ortholog_one2one",100,100,1
"TRBV29-1","Trbv30","ortholog_one2one",100,100,1
"CTTNBP2NL","Cttnbp2nl","ortholog_one2one",100,100,1
"FRMD4A","Frmd4a","ortholog_one2one",100,100,1
"HAUS1","Haus1","ortholog_one2one",100,100,1
"SH2D1A","Sh2d1a","ortholog_one2one",100,100,1
"PSMB9","Psmb9","ortholog_one2one",100,100,1
"KLHL26","Klhl26","ortholog_one2one",100,100,1
"HNRNPH1","Hnrnph1","ortholog_one2one",100,100,1
"ALDH1B1","Aldh1b1","ortholog_one2one",75,100,1
"WDR76","Wdr76","ortholog_one2one",100,100,1
"SYF2","Syf2","ortholog_one2one",100,100,1
"ARHGAP12","Arhgap12","ortholog_one2one",100,100,1
"TSPAN13","Tspan13","ortholog_one2one",100,100,1
"ADAM21","Adam21","ortholog_one2one",0,100,1
"ZBTB6","Zbtb6","ortholog_one2one",100,100,1
"YIPF7","Yipf7","ortholog_one2one",100,100,1
"APOLD1","Apold1","ortholog_one2one",100,94.54,1
"EXOC6B","Exoc6b","ortholog_one2one",75,100,1
"POU6F2","Pou6f2","ortholog_one2one",100,95.84,1
"ZBTB26","Zbtb26","ortholog_one2one",100,100,1
"TMEM74B","Tmem74b","ortholog_one2one",100,100,1
"CNNM2","Cnnm2","ortholog_one2one",100,100,1
"ERCC8","Ercc8","ortholog_one2one",100,98.29,1
"PPP1R32","Ppp1r32","ortholog_one2one",100,100,1
"SPRR4","Sprr4","ortholog_one2one",100,100,1
"ESAM","Esam","ortholog_one2one",100,100,1
"USP38","Usp38","ortholog_one2one",100,100,1
"DNASE1L3","Dnase1l3","ortholog_one2one",75,100,1
"CENPV","Cenpv","ortholog_one2one",100,100,1
"RECQL","Recql","ortholog_one2one",100,100,1
"HSP90AB1","Hsp90ab1","ortholog_one2one",100,100,1
"APOBR","Apobr","ortholog_one2one",100,96.75,0
"RNF145","Rnf145","ortholog_one2one",100,100,1
"AL162596.1","2210017I01Rik","ortholog_one2one",100,100,1
"BATF","Batf","ortholog_one2one",100,100,1
"MARCHF5","Marchf5","ortholog_one2one",100,100,1
"AASS","Aass","ortholog_one2one",100,100,1
"IBSP","Ibsp","ortholog_one2one",100,100,1
"SST","Sst","ortholog_one2one",100,100,1
"NPLOC4","Nploc4","ortholog_one2one",100,96.46,1
"RTP2","Rtp2","ortholog_one2one",100,100,1
"CPA6","Cpa6","ortholog_one2one",100,100,1
"GRB7","Grb7","ortholog_one2one",100,100,1
"COG4","Cog4","ortholog_one2one",100,100,1
"UBB","Ubb","ortholog_one2one",100,94.08,1
"CYFIP2","Cyfip2","ortholog_one2one",50,100,1
"RFX8","Rfx8","ortholog_one2one",100,100,1
"LURAP1","Lurap1","ortholog_one2one",100,100,1
"LPL","Lpl","ortholog_one2one",100,100,1
"AC008481.3","Gm49318","ortholog_one2one",100,100,1
"PTAR1","Ptar1","ortholog_one2one",100,100,1
"INTS13","Ints13","ortholog_one2one",100,100,1
"ELAVL3","Elavl3","ortholog_one2one",100,100,1
"MEPE","Mepe","ortholog_one2one",100,100,0
"STX7","Stx7","ortholog_one2one",75,100,1
"F7","F7","ortholog_one2one",100,95.37,1
"HDAC2","Hdac2","ortholog_one2one",100,100,1
"SHANK1","Shank1","ortholog_one2one",100,100,1
"RBM43","Rbm43","ortholog_one2one",100,100,1
"FAT3","Fat3","ortholog_one2one",100,100,1
"ATP4A","Atp4a","ortholog_one2one",100,100,1
"FSTL3","Fstl3","ortholog_one2one",100,100,1
"ADD2","Add2","ortholog_one2one",75,100,1
"ZNF385C","Zfp385c","ortholog_one2one",100,100,1
"TMEM213","Tmem213","ortholog_one2one",100,100,1
"CDK19","Cdk19","ortholog_one2one",100,100,1
"CBX3","Cbx3","ortholog_one2one",100,100,1
"ECSIT","Ecsit","ortholog_one2one",100,100,1
"ATP6V0A4","Atp6v0a4","ortholog_one2one",100,100,1
"PRSS57","Prss57","ortholog_one2one",100,90.13,1
"PNLIPRP1","Pnliprp1","ortholog_one2one",100,100,1
"HDAC4","Hdac4","ortholog_one2one",100,100,1
"CD36","Cd36","ortholog_one2one",100,100,1
"DHX58","Dhx58","ortholog_one2one",100,100,1
"FAM78B","Fam78b","ortholog_one2one",100,100,1
"RHCG","Rhcg","ortholog_one2one",100,100,1
"TRPV3","Trpv3","ortholog_one2one",100,100,1
"PRKAG2","Prkag2","ortholog_one2one",100,100,1
"PAXIP1","Paxip1","ortholog_one2one",100,100,1
"CD63","Cd63","ortholog_one2one",100,100,1
"FLVCR2","Flvcr2","ortholog_one2one",100,98.58,1
"EDF1","Edf1","ortholog_one2one",100,100,1
"SUSD2","Susd2","ortholog_one2one",25,100,1
"FGFR1OP2","Fgfr1op2","ortholog_one2one",100,100,1
"DNAJB13","Dnajb13","ortholog_one2one",100,100,1
"MTIF2","Mtif2","ortholog_one2one",100,100,1
"ZNF653","Zfp653","ortholog_one2one",100,100,1
"PYROXD1","Pyroxd1","ortholog_one2one",100,100,1
"KCND3","Kcnd3","ortholog_one2one",100,100,1
"NKIRAS2","Nkiras2","ortholog_one2one",100,95.13,1
"SERPINF1","Serpinf1","ortholog_one2one",100,100,1
"KIAA1549","D630045J12Rik","ortholog_one2one",100,100,1
"SLC6A15","Slc6a15","ortholog_one2one",100,100,1
"PNLIPRP2","Pnliprp2","ortholog_one2one",100,100,1
"SLC7A6","Slc7a6","ortholog_one2one",100,100,1
"UCP2","Ucp2","ortholog_one2one",100,100,1
"PGLYRP1","Pglyrp1","ortholog_one2one",75,100,1
"IGFBPL1","Igfbpl1","ortholog_one2one",50,100,1
"UPK3B","Upk3b","ortholog_one2one",50,100,0
"CASQ2","Casq2","ortholog_one2one",100,100,1
"ERG28","Erg28","ortholog_one2one",75,100,1
"RUNX3","Runx3","ortholog_one2one",100,100,1
"PRKDC","Prkdc","ortholog_one2one",100,100,1
"CNP","Cnp","ortholog_one2one",100,100,1
"PDYN","Pdyn","ortholog_one2one",50,100,1
"OGA","Oga","ortholog_one2one",100,100,1
"KLF11","Klf11","ortholog_one2one",100,100,1
"PROZ","Proz","ortholog_one2one",100,97.97,1
"CCDC174","Ccdc174","ortholog_one2one",100,100,1
"SYT3","Syt3","ortholog_one2one",100,100,1
"LANCL3","Lancl3","ortholog_one2one",25,100,1
"IFT172","Ift172","ortholog_one2one",100,100,1
"CTBP1","Ctbp1","ortholog_one2one",50,100,1
"PSMF1","Psmf1","ortholog_one2one",100,100,1
"CHRNG","Chrng","ortholog_one2one",100,100,1
"SVOPL","Svopl","ortholog_one2one",100,100,1
"HTR5A","Htr5a","ortholog_one2one",100,100,1
"MOSPD3","Mospd3","ortholog_one2one",100,100,1
"SF3B3","Sf3b3","ortholog_one2one",100,100,1
"PRCD","Prcd","ortholog_one2one",75,100,1
"LANCL1","Lancl1","ortholog_one2one",100,100,1
"ADAMTSL2","Adamtsl2","ortholog_one2one",100,100,1
"CERS4","Cers4","ortholog_one2one",50,100,1
"MAGIX","Magix","ortholog_one2one",100,100,1
"IKZF3","Ikzf3","ortholog_one2one",100,100,1
"CCDC150","Ccdc150","ortholog_one2one",100,100,1
"MLXIP","Mlxip","ortholog_one2one",75,100,1
"FMO2","Fmo2","ortholog_one2one",100,100,1
"PCID2","Pcid2","ortholog_one2one",100,100,1
"CYGB","Cygb","ortholog_one2one",100,100,1
"CDYL","Cdyl","ortholog_one2one",100,98.4,1
"STK35","Stk35","ortholog_one2one",50,100,1
"NPM3","Npm3","ortholog_one2one",100,100,1
"F10","F10","ortholog_one2one",100,100,1
"KRTCAP2","Krtcap2","ortholog_one2one",100,100,1
"C10orf82","1700019N19Rik","ortholog_one2one",100,100,1
"HAS1","Has1","ortholog_one2one",50,100,1
"C19orf81","1700008O03Rik","ortholog_one2one",100,99.92,1
"THNSL2","Thnsl2","ortholog_one2one",100,100,1
"ADIPOR1","Adipor1","ortholog_one2one",100,100,1
"LIPG","Lipg","ortholog_one2one",100,100,1
"HSPA8","Hspa8","ortholog_one2one",100,100,1
"ZNF629","Zfp629","ortholog_one2one",100,100,1
"OTOG","Otog","ortholog_one2one",100,100,1
"FUBP3","Fubp3","ortholog_one2one",100,100,1
"ARPC5","Arpc5","ortholog_one2one",75,100,1
"TMEM95","Tmem95","ortholog_one2one",100,100,0
"TRIM46","Trim46","ortholog_one2one",100,100,1
"KCTD11","Kctd11","ortholog_one2one",100,100,1
"INA","Ina","ortholog_one2one",100,100,1
"SEC23B","Sec23b","ortholog_one2one",100,100,1
"TK2","Tk2","ortholog_one2one",75,100,1
"NKX6-3","Nkx6-3","ortholog_one2one",100,100,1
"ULK2","Ulk2","ortholog_one2one",50,100,1
"ZPBP2","Zpbp2","ortholog_one2one",100,100,1
"C3orf20","4930590J08Rik","ortholog_one2one",100,100,1
"F2RL1","F2rl1","ortholog_one2one",100,100,1
"NT5C2","Nt5c2","ortholog_one2one",100,99.44,1
"FKTN","Fktn","ortholog_one2one",100,100,1
"XK","Xk","ortholog_one2one",0,100,1
"VPS35L","Vps35l","ortholog_one2one",100,99.62,1
"SPAG8","Spag8","ortholog_one2one",100,97.13,0
"FAM163B","Fam163b","ortholog_one2one",100,100,1
"FABP1","Fabp1","ortholog_one2one",100,100,1
"DIO2","Dio2","ortholog_one2one",100,100,1
"MTSS1","Mtss1","ortholog_one2one",100,100,1
"ENO4","Eno4","ortholog_one2one",100,99.88,1
"PHC1","Phc1","ortholog_one2one",100,100,1
"ABHD6","Abhd6","ortholog_one2one",100,100,1
"CBLB","Cblb","ortholog_one2one",100,100,1
"FAT2","Fat2","ortholog_one2one",100,100,1
"AP002495.1","Xndc1","ortholog_one2one",50,75.59,0
"APBA1","Apba1","ortholog_one2one",100,100,1
"DDX42","Ddx42","ortholog_one2one",100,100,1
"CCND2","Ccnd2","ortholog_one2one",100,99.4,1
"MOXD1","Moxd1","ortholog_one2one",100,100,1
"TAL2","Tal2","ortholog_one2one",100,100,1
"ZBTB21","Zbtb21","ortholog_one2one",50,100,1
"CLHC1","Clhc1","ortholog_one2one",100,100,1
"GPAT4","Gpat4","ortholog_one2one",100,100,1
"ONECUT3","Onecut3","ortholog_one2one",100,100,1
"DDX47","Ddx47","ortholog_one2one",100,100,1
"NUDT16L1","Nudt16l1","ortholog_one2one",100,100,1
"GMDS","Gmds","ortholog_one2one",100,100,1
"TRIML1","Triml1","ortholog_one2one",75,100,1
"HSPA12A","Hspa12a","ortholog_one2one",100,100,1
"FASN","Fasn","ortholog_one2one",100,100,1
"MGRN1","Mgrn1","ortholog_one2one",100,97.45,1
"PRR27","Prr27","ortholog_one2one",100,89.7,0
"C2CD2","C2cd2","ortholog_one2one",75,100,1
"RIMS3","Rims3","ortholog_one2one",100,100,1
"RTCB","Rtcb","ortholog_one2one",50,100,1
"RPL17","Rpl17","ortholog_one2one",100,100,1
"TMEM38B","Tmem38b","ortholog_one2one",100,100,1
"HNF4G","Hnf4g","ortholog_one2one",50,100,1
"SEMA4D","Sema4d","ortholog_one2one",100,100,1
"EVX1","Evx1","ortholog_one2one",100,100,1
"RPS27A","Rps27a","ortholog_one2one",100,100,1
"SHOC1","Shoc1","ortholog_one2one",100,100,1
"IGHM","Ighm","ortholog_one2one",50,100,1
"IFITM10","Ifitm10","ortholog_one2one",75,100,1
"C9orf64","2210016F16Rik","ortholog_one2one",100,100,1
"INSIG1","Insig1","ortholog_one2one",100,100,1
"PTPRC","Ptprc","ortholog_one2one",100,100,1
"ESR1","Esr1","ortholog_one2one",100,100,1
"IFT20","Ift20","ortholog_one2one",100,100,1
"MARCKS","Marcks","ortholog_one2one",100,100,1
"GFAP","Gfap","ortholog_one2one",100,96.32,1
"ASCL4","Ascl4","ortholog_one2one",50,100,1
"PLPP5","Plpp5","ortholog_one2one",100,100,1
"PTBP3","Ptbp3","ortholog_one2one",100,100,1
"PSTPIP2","Pstpip2","ortholog_one2one",100,100,1
"SNCAIP","Sncaip","ortholog_one2one",100,100,1
"QSOX2","Qsox2","ortholog_one2one",100,100,1
"C18orf32","BC031181","ortholog_one2one",100,100,1
"RPL5","Rpl5","ortholog_one2one",100,100,1
"CCDC61","Ccdc61","ortholog_one2one",75,100,1
"PREX2","Prex2","ortholog_one2one",100,100,1
"CLIC4","Clic4","ortholog_one2one",100,100,1
"MYOD1","Myod1","ortholog_one2one",100,100,1
"TMEM216","Tmem216","ortholog_one2one",100,100,1
"REEP3","Reep3","ortholog_one2one",75,100,1
"OR52N5","Olfr669","ortholog_one2one",25,100,1
"CDKN3","Cdkn3","ortholog_one2one",100,100,1
"JAK1","Jak1","ortholog_one2one",100,100,1
"C1QB","C1qb","ortholog_one2one",100,100,1
"KCNC1","Kcnc1","ortholog_one2one",100,96.73,1
"SENP2","Senp2","ortholog_one2one",100,100,1
"DIPK1A","Dipk1a","ortholog_one2one",100,100,1
"JMJD1C","Jmjd1c","ortholog_one2one",100,100,1
"CCDC92","Ccdc92","ortholog_one2one",100,98.85,1
"HINT2","Hint2","ortholog_one2one",75,100,1
"VANGL1","Vangl1","ortholog_one2one",100,100,1
"SDHAF2","Sdhaf2","ortholog_one2one",100,100,1
"SPP1","Spp1","ortholog_one2one",100,100,1
"ARID1A","Arid1a","ortholog_one2one",100,100,1
"DEPDC7","Depdc7","ortholog_one2one",100,100,1
"KIF18B","Kif18b","ortholog_one2one",100,100,1
"LHX3","Lhx3","ortholog_one2one",100,100,1
"TMEM59L","Tmem59l","ortholog_one2one",75,100,1
"ODAM","Odam","ortholog_one2one",100,100,1
"CYS1","Cys1","ortholog_one2one",75,100,1
"ABLIM2","Ablim2","ortholog_one2one",100,100,1
"CPSF7","Cpsf7","ortholog_one2one",100,100,1
"TBL1XR1","Tbl1xr1","ortholog_one2one",50,100,1
"TMEM147","Tmem147","ortholog_one2one",100,100,1
"GJD3","Gjd3","ortholog_one2one",100,100,1
"SRSF5","Srsf5","ortholog_one2one",100,100,1
"TAOK2","Taok2","ortholog_one2one",100,100,1
"SNX31","Snx31","ortholog_one2one",100,100,1
"TMEM168","Tmem168","ortholog_one2one",50,100,1
"ZNF180","Zfp180","ortholog_one2one",25,99.2,1
"SLC26A9","Slc26a9","ortholog_one2one",100,100,1
"SMOX","Smox","ortholog_one2one",100,100,1
"EN2","En2","ortholog_one2one",100,100,1
"ELAC2","Elac2","ortholog_one2one",100,100,1
"AC002456.2","1700015F17Rik","ortholog_one2one",100,99.29,0
"SEC14L3","Sec14l3","ortholog_one2one",100,100,1
"MKNK1","Mknk1","ortholog_one2one",100,97.98,1
"TSGA13","Tsga13","ortholog_one2one",100,100,1
"RUFY1","Rufy1","ortholog_one2one",100,100,1
"VSIG2","Vsig2","ortholog_one2one",100,100,1
"SGCE","Sgce","ortholog_one2one",100,100,1
"RAVER2","Raver2","ortholog_one2one",100,100,1
"RDH5","Rdh5","ortholog_one2one",100,100,1
"STRBP","Strbp","ortholog_one2one",100,100,1
"CCN2","Ccn2","ortholog_one2one",75,100,1
"PSMB8","Psmb8","ortholog_one2one",75,100,1
"TMEM8B","Tmem8b","ortholog_one2one",100,100,0
"LARS1","Lars","ortholog_one2one",100,100,1
"TRAFD1","Trafd1","ortholog_one2one",100,100,1
"KIF7","Kif7","ortholog_one2one",100,100,1
"ASPA","Aspa","ortholog_one2one",100,100,1
"ORMDL3","Ormdl3","ortholog_one2one",100,100,1
"KLHL12","Klhl12","ortholog_one2one",100,100,1
"TMBIM1","Tmbim1","ortholog_one2one",100,100,1
"HACE1","Hace1","ortholog_one2one",100,100,1
"UNC5B","Unc5b","ortholog_one2one",100,100,1
"WDR37","Wdr37","ortholog_one2one",75,97.61,1
"LMNTD2","Lmntd2","ortholog_one2one",100,100,0
"TBK1","Tbk1","ortholog_one2one",100,100,1
"CPSF6","Cpsf6","ortholog_one2one",100,100,1
"FAM219A","Fam219a","ortholog_one2one",100,100,1
"XRCC3","Xrcc3","ortholog_one2one",100,100,1
"KPRP","Kprp","ortholog_one2one",75,97.81,1
"BHLHE40","Bhlhe40","ortholog_one2one",100,100,1
"AGXT","Agxt","ortholog_one2one",50,100,1
"SF3B2","Sf3b2","ortholog_one2one",100,100,1
"VTI1B","Vti1b","ortholog_one2one",100,100,1
"MROH9","Mroh9","ortholog_one2one",100,99.29,1
"CTHRC1","Cthrc1","ortholog_one2one",100,100,1
"EXO5","Exo5","ortholog_one2one",100,100,1
"F2R","F2r","ortholog_one2one",75,100,1
"ICOS","Icos","ortholog_one2one",100,100,1
"GC","Gc","ortholog_one2one",100,99.56,1
"SLC7A6OS","Slc7a6os","ortholog_one2one",100,100,1
"RBM45","Rbm45","ortholog_one2one",100,100,1
"RASGRP2","Rasgrp2","ortholog_one2one",100,100,1
"ENTPD7","Entpd7","ortholog_one2one",100,100,1
"BSX","Bsx","ortholog_one2one",100,100,1
"LRRC56","Lrrc56","ortholog_one2one",100,100,1
"C1orf68","2310050C09Rik","ortholog_one2one",75,100,1
"PPP4R4","Ppp4r4","ortholog_one2one",100,100,1
"ARG2","Arg2","ortholog_one2one",100,100,1
"MYL10","Myl10","ortholog_one2one",100,90.78,1
"FMO3","Fmo3","ortholog_one2one",100,100,1
"DDX20","Ddx20","ortholog_one2one",100,100,1
"FAM221B","Fam221b","ortholog_one2one",100,100,0
"CEMIP","Cemip","ortholog_one2one",100,100,1
"TICRR","Ticrr","ortholog_one2one",100,99.96,1
"NCF2","Ncf2","ortholog_one2one",100,100,1
"LDHC","Ldhc","ortholog_one2one",100,100,1
"AOAH","Aoah","ortholog_one2one",50,100,1
"USP5","Usp5","ortholog_one2one",100,100,1
"GPRC5B","Gprc5b","ortholog_one2one",100,100,1
"TGFB1I1","Tgfb1i1","ortholog_one2one",100,100,1
"SLC18A1","Slc18a1","ortholog_one2one",100,100,1
"SLCO4C1","Slco4c1","ortholog_one2one",75,100,1
"CUTC","Cutc","ortholog_one2one",75,100,1
"NXF1","Nxf1","ortholog_one2one",75,100,1
"MBTPS1","Mbtps1","ortholog_one2one",100,100,1
"GPR21","Gpr21","ortholog_one2one",100,100,1
"NRGN","Nrgn","ortholog_one2one",75,100,1
"GINS4","Gins4","ortholog_one2one",100,100,1
"COA4","Coa4","ortholog_one2one",100,100,1
"PNKD","Pnkd","ortholog_one2one",100,100,1
"RABGAP1","Rabgap1","ortholog_one2one",75,100,1
"IQCK","Iqck","ortholog_one2one",100,100,1
"UCK2","Uck2","ortholog_one2one",100,100,1
"PLCXD3","Plcxd3","ortholog_one2one",100,100,1
"ARHGAP44","Arhgap44","ortholog_one2one",100,99.92,1
"SBSN","Sbsn","ortholog_one2one",100,96.99,0
"LRRC3C","Lrrc3c","ortholog_one2one",100,99.36,1
"FTSJ3","Ftsj3","ortholog_one2one",100,100,1
"TSPAN10","Tspan10","ortholog_one2one",100,96.32,1
"NDUFAF4","Ndufaf4","ortholog_one2one",100,100,1
"MAB21L4","Mab21l4","ortholog_one2one",100,100,1
"GPRC5A","Gprc5a","ortholog_one2one",100,100,1
"CSN3","Csn3","ortholog_one2one",100,98.47,0
"NDUFA10","Ndufa10","ortholog_one2one",100,96.54,1
"ATP6V1B2","Atp6v1b2","ortholog_one2one",75,100,1
"SMIM26","Smim26","ortholog_one2one",100,100,0
"KNOP1","Knop1","ortholog_one2one",100,100,1
"ELOVL7","Elovl7","ortholog_one2one",100,100,1
"DBH","Dbh","ortholog_one2one",100,100,1
"GOLGA7","Golga7","ortholog_one2one",100,100,1
"RMC1","Rmc1","ortholog_one2one",100,100,1
"AL133353.2","Cox15","ortholog_one2one",100,100,0
"BCL7C","Bcl7c","ortholog_one2one",100,100,1
"MYO7B","Myo7b","ortholog_one2one",75,100,1
"PDE6G","Pde6g","ortholog_one2one",100,100,1
"CYBB","Cybb","ortholog_one2one",0,100,1
"GLTP","Gltp","ortholog_one2one",100,100,1
"PTER","Pter","ortholog_one2one",100,100,1
"RABIF","Rabif","ortholog_one2one",100,100,1
"GAPDHS","Gapdhs","ortholog_one2one",100,100,1
"NCALD","Ncald","ortholog_one2one",100,100,1
"NGF","Ngf","ortholog_one2one",100,100,1
"JHY","Jhy","ortholog_one2one",100,100,1
"PRDM12","Prdm12","ortholog_one2one",100,100,1
"GUF1","Guf1","ortholog_one2one",100,100,1
"C1QL1","C1ql1","ortholog_one2one",75,100,1
"FAM189A2","Fam189a2","ortholog_one2one",100,100,1
"CABS1","Cabs1","ortholog_one2one",100,100,1
"UTP15","Utp15","ortholog_one2one",100,100,1
"LARP1B","Larp1b","ortholog_one2one",100,100,0
"EIF4G1","Eif4g1","ortholog_one2one",100,100,1
"MIEF2","Mief2","ortholog_one2one",100,100,1
"SCUBE2","Scube2","ortholog_one2one",100,100,1
"RPS3A","Rps3a1","ortholog_one2one",50,100,1
"RXFP2","Rxfp2","ortholog_one2one",100,100,1
"GTF3C3","Gtf3c3","ortholog_one2one",100,100,1
"TRIML2","Triml2","ortholog_one2one",100,100,1
"INKA2","Inka2","ortholog_one2one",100,100,1
"C1QL3","C1ql3","ortholog_one2one",100,100,1
"SERGEF","Sergef","ortholog_one2one",100,100,1
"PDE12","Pde12","ortholog_one2one",100,100,1
"PALM","Palm","ortholog_one2one",100,100,1
"ACP7","Acp7","ortholog_one2one",100,100,1
"RSPO4","Rspo4","ortholog_one2one",100,100,1
"PARP11","Parp11","ortholog_one2one",100,100,1
"SPR","Spr","ortholog_one2one",0,100,1
"PDLIM7","Pdlim7","ortholog_one2one",100,100,1
"ARF4","Arf4","ortholog_one2one",100,100,1
"CPSF4","Cpsf4","ortholog_one2one",100,100,1
"MFN1","Mfn1","ortholog_one2one",100,100,1
"CNPY1","Cnpy1","ortholog_one2one",100,100,0
"BMT2","Bmt2","ortholog_one2one",50,100,1
"FHL5","Fhl5","ortholog_one2one",100,100,1
"GIT1","Git1","ortholog_one2one",100,100,1
"ANGPT4","Angpt4","ortholog_one2one",100,100,1
"CDCA3","Cdca3","ortholog_one2one",100,100,1
"SPTBN4","Sptbn4","ortholog_one2one",100,100,1
"DYM","Dym","ortholog_one2one",100,100,1
"DDC","Ddc","ortholog_one2one",100,100,1
"ZFP69","Zfp69","ortholog_one2one",100,92.91,1
"C1D","C1d","ortholog_one2one",100,91.06,1
"CNIH1","Cnih1","ortholog_one2one",100,100,1
"ZFP42","Zfp42","ortholog_one2one",100,100,1
"CRLF1","Crlf1","ortholog_one2one",100,100,1
"CARNS1","Carns1","ortholog_one2one",100,100,1
"CNTN6","Cntn6","ortholog_one2one",75,100,1
"FAM174B","Fam174b","ortholog_one2one",100,100,1
"CRTAM","Crtam","ortholog_one2one",100,100,1
"GADD45G","Gadd45g","ortholog_one2one",100,100,1
"GPR63","Gpr63","ortholog_one2one",100,100,1
"OXLD1","Oxld1","ortholog_one2one",100,100,0
"NPC1","Npc1","ortholog_one2one",100,100,1
"QSER1","Qser1","ortholog_one2one",100,99.97,1
"DENND6A","Dennd6a","ortholog_one2one",75,100,1
"NOVA2","Nova2","ortholog_one2one",100,100,1
"UFL1","Ufl1","ortholog_one2one",100,100,1
"CERS6","Cers6","ortholog_one2one",100,100,1
"SNX10","Snx10","ortholog_one2one",100,100,1
"MED6","Med6","ortholog_one2one",50,100,1
"TMEM97","Tmem97","ortholog_one2one",100,100,1
"PCBD1","Pcbd1","ortholog_one2one",100,99.51,1
"TBC1D10C","Tbc1d10c","ortholog_one2one",100,100,1
"KLF14","Klf14","ortholog_one2one",100,100,1
"TGM6","Tgm6","ortholog_one2one",100,100,1
"RAP1A","Rap1a","ortholog_one2one",100,100,1
"DUSP4","Dusp4","ortholog_one2one",50,100,1
"SPARC","Sparc","ortholog_one2one",100,100,1
"NANOS2","Nanos2","ortholog_one2one",100,100,1
"TSPAN2","Tspan2","ortholog_one2one",100,100,1
"RASEF","Rasef","ortholog_one2one",25,97.37,1
"NUPR1","Nupr1","ortholog_one2one",75,100,1
"ZNF664","Zfp664","ortholog_one2one",100,100,1
"CROCC2","Crocc2","ortholog_one2one",100,99.71,1
"EIF2B5","Eif2b5","ortholog_one2one",100,100,1
"ZC3HAV1L","Zc3hav1l","ortholog_one2one",100,100,1
"C8A","C8a","ortholog_one2one",100,100,1
"SEC22A","Sec22a","ortholog_one2one",100,100,1
"ITGA7","Itga7","ortholog_one2one",100,100,1
"CA4","Car4","ortholog_one2one",50,100,1
"TOP2A","Top2a","ortholog_one2one",100,100,1
"KANK1","Kank1","ortholog_one2one",100,100,1
"RPS15","Rps15","ortholog_one2one",100,100,1
"ZNRF3","Znrf3","ortholog_one2one",100,100,1
"CUL4A","Cul4a","ortholog_one2one",100,100,1
"FPR1","Fpr1","ortholog_one2one",100,100,1
"ATP8B3","Atp8b3","ortholog_one2one",100,99.56,1
"SMAP2","Smap2","ortholog_one2one",100,100,1
"TSHB","Tshb","ortholog_one2one",100,100,1
"RTBDN","Rtbdn","ortholog_one2one",100,99.46,0
"SLC25A1","Slc25a1","ortholog_one2one",50,100,1
"ZNF354A","Zfp354a","ortholog_one2one",100,94.5,1
"DYNLT3","Dynlt3","ortholog_one2one",50,92.69,1
"EMX1","Emx1","ortholog_one2one",75,83.42,1
"EZR","Ezr","ortholog_one2one",100,100,1
"GNPDA2","Gnpda2","ortholog_one2one",100,100,1
"CKLF","Cklf","ortholog_one2one",50,100,1
"MRPS24","Mrps24","ortholog_one2one",50,100,1
"SGF29","Sgf29","ortholog_one2one",50,100,1
"AKAP10","Akap10","ortholog_one2one",25,100,1
"PHB","Phb","ortholog_one2one",100,100,1
"HSDL1","Hsdl1","ortholog_one2one",100,100,1
"ASCC3","Ascc3","ortholog_one2one",75,100,1
"SPCS1","Spcs1","ortholog_one2one",100,100,1
"LIFR","Lifr","ortholog_one2one",100,100,1
"H2AP","H2ap","ortholog_one2one",50,100,0
"ADAMTS2","Adamts2","ortholog_one2one",100,100,1
"SCP2D1","Scp2d1","ortholog_one2one",100,100,1
"TSC22D2","Tsc22d2","ortholog_one2one",100,100,1
"METTL7B","Mettl7b","ortholog_one2one",75,100,1
"GPR85","Gpr85","ortholog_one2one",100,100,1
"PRR32","Prr32","ortholog_one2one",75,100,1
"CFAP300","Cfap300","ortholog_one2one",100,100,1
"ATP9B","Atp9b","ortholog_one2one",100,100,1
"C2orf66","Gm34066","ortholog_one2one",100,100,1
"ANO1","Ano1","ortholog_one2one",100,98.31,1
"CHORDC1","Chordc1","ortholog_one2one",75,100,1
"PRRX1","Prrx1","ortholog_one2one",100,100,1
"LPXN","Lpxn","ortholog_one2one",100,100,1
"SYTL3","Sytl3","ortholog_one2one",100,100,1
"SMG7","Smg7","ortholog_one2one",100,100,1
"PRMT7","Prmt7","ortholog_one2one",100,100,1
"FEZF1","Fezf1","ortholog_one2one",100,100,1
"CCDC154","Ccdc154","ortholog_one2one",100,100,1
"GNL3","Gnl3","ortholog_one2one",100,100,1
"NLK","Nlk","ortholog_one2one",100,100,1
"PAPSS2","Papss2","ortholog_one2one",50,99.81,1
"ARHGEF16","Arhgef16","ortholog_one2one",100,100,1
"TMEM223","Tmem223","ortholog_one2one",100,100,1
"URGCP","Urgcp","ortholog_one2one",50,100,1
"NPFFR2","Npffr2","ortholog_one2one",100,100,1
"NMT1","Nmt1","ortholog_one2one",75,100,1
"FAM110A","Fam110a","ortholog_one2one",100,100,1
"PKD2","Pkd2","ortholog_one2one",75,100,1
"MTFP1","Mtfp1","ortholog_one2one",100,100,1
"PDIA4","Pdia4","ortholog_one2one",100,100,1
"PDIA5","Pdia5","ortholog_one2one",100,100,1
"ARL8B","Arl8b","ortholog_one2one",100,100,1
"HIBADH","Hibadh","ortholog_one2one",100,100,1
"IDE","Ide","ortholog_one2one",100,98.79,1
"ACAP1","Acap1","ortholog_one2one",100,99.83,1
"GNAT3","Gnat3","ortholog_one2one",100,100,1
"TMEM179B","Tmem179b","ortholog_one2one",100,100,1
"SMIM30","2610001J05Rik","ortholog_one2one",100,100,1
"GNB3","Gnb3","ortholog_one2one",100,100,1
"SHKBP1","Shkbp1","ortholog_one2one",100,100,1
"RPLP1","Gm5244","ortholog_one2one",0,0,0
"PAPOLA","Papola","ortholog_one2one",100,100,1
"OR5B21","Olfr1444","ortholog_one2one",50,100,1
"TMCO1","Tmco1","ortholog_one2one",100,100,1
"DCAKD","Dcakd","ortholog_one2one",75,100,1
"CTF1","Ctf1","ortholog_one2one",100,100,1
"ZNF786","Zfp786","ortholog_one2one",100,100,1
"TMEM219","Tmem219","ortholog_one2one",100,100,1
"PRMT8","Prmt8","ortholog_one2one",100,100,1
"CAMK2A","Camk2a","ortholog_one2one",100,100,1
"SMPD3","Smpd3","ortholog_one2one",100,100,1
"PSMC5","Psmc5","ortholog_one2one",100,99.92,1
"TAX1BP1","Tax1bp1","ortholog_one2one",100,100,1
"LAMP1","Lamp1","ortholog_one2one",100,100,1
"DPY19L4","Dpy19l4","ortholog_one2one",100,100,1
"OSBPL6","Osbpl6","ortholog_one2one",100,100,1
"IL17RB","Il17rb","ortholog_one2one",100,100,1
"CRACR2A","Cracr2a","ortholog_one2one",100,100,0
"CLDN12","Cldn12","ortholog_one2one",75,100,1
"SMAD7","Smad7","ortholog_one2one",100,100,1
"CEP126","Cep126","ortholog_one2one",100,98.83,1
"MMS22L","Mms22l","ortholog_one2one",100,100,1
"PGAP1","Pgap1","ortholog_one2one",100,100,1
"CCDC137","Ccdc137","ortholog_one2one",100,100,1
"GRTP1","Grtp1","ortholog_one2one",100,95.04,1
"EPG5","Epg5","ortholog_one2one",100,100,1
"FBXO24","Fbxo24","ortholog_one2one",100,100,1
"GAL3ST3","Gal3st3","ortholog_one2one",100,100,1
"LMBRD1","Lmbrd1","ortholog_one2one",100,100,1
"TNKS","Tnks","ortholog_one2one",50,100,1
"PIK3CD","Pik3cd","ortholog_one2one",100,99.92,1
"FGD5","Fgd5","ortholog_one2one",100,99.49,1
"GLT8D1","Glt8d1","ortholog_one2one",100,100,1
"DVL3","Dvl3","ortholog_one2one",100,100,1
"ST8SIA2","St8sia2","ortholog_one2one",100,100,1
"PM20D1","Pm20d1","ortholog_one2one",100,100,1
"TRMT5","Trmt5","ortholog_one2one",100,100,1
"RINL","Rinl","ortholog_one2one",100,100,1
"SYT8","Syt8","ortholog_one2one",100,100,1
"MAF1","Maf1","ortholog_one2one",100,100,1
"ARL16","Arl16","ortholog_one2one",100,100,1
"PCOLCE","Pcolce","ortholog_one2one",100,100,1
"LIMCH1","Limch1","ortholog_one2one",100,99.99,1
"ACTR8","Actr8","ortholog_one2one",100,100,1
"M1AP","M1ap","ortholog_one2one",100,100,1
"ANKRD40","Ankrd40","ortholog_one2one",100,100,1
"SPIDR","Spidr","ortholog_one2one",50,98.01,1
"HEATR1","Heatr1","ortholog_one2one",100,100,1
"SEMA5B","Sema5b","ortholog_one2one",100,100,1
"DMRT1","Dmrt1","ortholog_one2one",100,100,1
"PPIL6","Ppil6","ortholog_one2one",100,96.84,1
"AC055811.2","Flcn","ortholog_one2one",100,100,0
"NPHS1","Nphs1","ortholog_one2one",100,100,1
"SMYD1","Smyd1","ortholog_one2one",100,100,1
"PRKRA","Prkra","ortholog_one2one",100,100,1
"PEG10","Peg10","ortholog_one2one",100,100,0
"ZNF106","Zfp106","ortholog_one2one",100,100,1
"MYPOP","Mypop","ortholog_one2one",100,100,1
"SFRP1","Sfrp1","ortholog_one2one",100,100,1
"INPP4B","Inpp4b","ortholog_one2one",100,100,1
"CNPY4","Cnpy4","ortholog_one2one",100,100,1
"BRD3","Brd3","ortholog_one2one",100,100,1
"ZC3HAV1","Zc3hav1","ortholog_one2one",100,99.38,1
"ATP6V0E2","Atp6v0e2","ortholog_one2one",100,100,0
"ABHD15","Abhd15","ortholog_one2one",100,100,1
"RFLNA","Rflna","ortholog_one2one",100,94.38,1
"ADGRB2","Adgrb2","ortholog_one2one",100,100,1
"KMT5C","Kmt5c","ortholog_one2one",100,100,1
"TRPV2","Trpv2","ortholog_one2one",100,100,1
"TP53I13","Trp53i13","ortholog_one2one",100,100,1
"MBLAC1","Mblac1","ortholog_one2one",100,100,1
"KCTD21","Kctd21","ortholog_one2one",100,100,1
"PERCC1","Gm38655","ortholog_one2one",100,100,1
"MTMR12","Mtmr12","ortholog_one2one",100,100,1
"IFNG","Ifng","ortholog_one2one",50,100,0
"C1orf159","9430015G10Rik","ortholog_one2one",100,95.74,0
"ZCCHC2","Zcchc2","ortholog_one2one",100,100,1
"RRM2","Rrm2","ortholog_one2one",50,98.04,1
"CEBPD","Cebpd","ortholog_one2one",50,100,1
"TSPAN11","Tspan11","ortholog_one2one",0,100,1
"VPS13A","Vps13a","ortholog_one2one",100,100,1
"C16orf91","BC003965","ortholog_one2one",100,100,1
"TAOK1","Taok1","ortholog_one2one",100,100,1
"LGALS8","Lgals8","ortholog_one2one",100,100,1
"SERPINA10","Serpina10","ortholog_one2one",100,100,1
"FRMD5","Frmd5","ortholog_one2one",100,100,1
"NMI","Nmi","ortholog_one2one",100,100,1
"DCTD","Dctd","ortholog_one2one",100,100,1
"SLC52A3","Slc52a3","ortholog_one2one",100,100,1
"SUPT20H","Supt20","ortholog_one2one",100,100,1
"CREM","Crem","ortholog_one2one",25,98.67,1
"SHCBP1","Shcbp1","ortholog_one2one",0,100,1
"PARD3B","Pard3b","ortholog_one2one",100,100,1
"TTC9","Ttc9","ortholog_one2one",50,100,1
"SQLE","Sqle","ortholog_one2one",100,100,1
"VAMP3","Vamp3","ortholog_one2one",100,100,1
"MAP3K9","Map3k9","ortholog_one2one",100,100,1
"NDUFAF1","Ndufaf1","ortholog_one2one",100,90.63,1
"SGIP1","Sgip1","ortholog_one2one",100,99.43,1
"TNFRSF9","Tnfrsf9","ortholog_one2one",100,100,1
"GNGT2","Gngt2","ortholog_one2one",100,91.71,1
"FNDC5","Fndc5","ortholog_one2one",100,100,1
"OR13J1","Olfr71","ortholog_one2one",75,100,1
"NTN4","Ntn4","ortholog_one2one",100,100,1
"IRF2BP1","Irf2bp1","ortholog_one2one",100,100,1
"HRCT1","Hrct1","ortholog_one2one",100,100,1
"DNAAF1","Dnaaf1","ortholog_one2one",100,90.78,1
"ETAA1","Etaa1","ortholog_one2one",100,98.83,1
"RNF223","Rnf223","ortholog_one2one",100,100,1
"ABHD17C","Abhd17c","ortholog_one2one",100,100,1
"PRKAR2B","Prkar2b","ortholog_one2one",100,100,1
"FYB2","Fyb2","ortholog_one2one",100,100,1
"UGCG","Ugcg","ortholog_one2one",100,100,1
"ATP5MF","Atp5j2","ortholog_one2one",100,100,1
"DENND5A","Dennd5a","ortholog_one2one",100,100,1
"C1orf162","I830077J02Rik","ortholog_one2one",100,100,0
"GNAI1","Gnai1","ortholog_one2one",75,100,1
"DROSHA","Drosha","ortholog_one2one",100,100,1
"TAF1C","Taf1c","ortholog_one2one",100,100,1
"EBF3","Ebf3","ortholog_one2one",100,100,1
"FOXA3","Foxa3","ortholog_one2one",100,100,1
"YTHDF2","Ythdf2","ortholog_one2one",100,100,1
"RIMKLB","Rimklb","ortholog_one2one",100,100,1
"DOK1","Dok1","ortholog_one2one",100,100,1
"CCDC57","Ccdc57","ortholog_one2one",100,99.19,1
"NFXL1","Nfxl1","ortholog_one2one",50,100,1
"RASSF7","Rassf7","ortholog_one2one",100,100,1
"NT5M","Nt5m","ortholog_one2one",100,100,1
"TRIM27","Trim27","ortholog_one2one",50,100,1
"BPIFC","Bpifc","ortholog_one2one",50,100,1
"CATSPER1","Catsper1","ortholog_one2one",100,99.08,0
"FBXO27","Fbxo27","ortholog_one2one",100,100,1
"ABI3","Abi3","ortholog_one2one",100,100,1
"XBP1","Xbp1","ortholog_one2one",75,100,0
"KRCC1","Krcc1","ortholog_one2one",100,100,1
"ZFP90","Zfp90","ortholog_one2one",100,100,1
"PCMT1","Pcmt1","ortholog_one2one",75,100,1
"ADAD2","Adad2","ortholog_one2one",100,100,1
"SERP1","Serp1","ortholog_one2one",100,100,1
"GADD45A","Gadd45a","ortholog_one2one",75,100,1
"MBOAT2","Mboat2","ortholog_one2one",50,100,1
"ADAMTS3","Adamts3","ortholog_one2one",100,100,1
"ESR2","Esr2","ortholog_one2one",100,100,1
"EIF2A","Eif2a","ortholog_one2one",100,100,1
"SLC41A1","Slc41a1","ortholog_one2one",100,100,1
"DIRAS2","Diras2","ortholog_one2one",100,100,1
"GPKOW","Gpkow","ortholog_one2one",100,100,1
"PIK3R1","Pik3r1","ortholog_one2one",100,100,1
"GOLT1B","Golt1b","ortholog_one2one",100,100,1
"ZNF226","Zfp61","ortholog_one2one",50,78.95,0
"ALG8","Alg8","ortholog_one2one",100,100,1
"CST6","Cst6","ortholog_one2one",100,100,1
"MEIKIN","Meikin","ortholog_one2one",100,99.67,1
"MOK","Mok","ortholog_one2one",100,100,1
"ATOX1","Atox1","ortholog_one2one",100,100,1
"COPS3","Cops3","ortholog_one2one",100,100,1
"TRPC6","Trpc6","ortholog_one2one",100,100,1
"NYAP2","Nyap2","ortholog_one2one",100,100,1
"ZNF652","Zfp652","ortholog_one2one",100,100,1
"EXOSC8","Exosc8","ortholog_one2one",100,100,1
"SGK1","Sgk1","ortholog_one2one",100,100,1
"KIF11","Kif11","ortholog_one2one",100,100,1
"FBXO7","Fbxo7","ortholog_one2one",100,100,1
"PACS1","Pacs1","ortholog_one2one",100,100,1
"PLEC","Plec","ortholog_one2one",100,100,1
"SPAAR","Spaar","ortholog_one2one",100,100,1
"USP44","Usp44","ortholog_one2one",100,100,1
"REX1BD","Rex1bd","ortholog_one2one",100,100,1
"HLA-DOB","H2-Ob","ortholog_one2one",100,100,1
"SNRNP70","Snrnp70","ortholog_one2one",100,100,1
"SKAP2","Skap2","ortholog_one2one",100,100,1
"CEP43","Fgfr1op","ortholog_one2one",25,100,1
"PPP1R3B","Ppp1r3b","ortholog_one2one",75,100,1
"PHOSPHO1","Phospho1","ortholog_one2one",100,100,1
"F2RL2","F2rl2","ortholog_one2one",100,100,1
"SCRT2","Scrt2","ortholog_one2one",100,100,1
"TIAM1","Tiam1","ortholog_one2one",100,100,1
"DMRT3","Dmrt3","ortholog_one2one",100,100,1
"NINJ1","Ninj1","ortholog_one2one",100,100,1
"DYNC2I2","Wdr34","ortholog_one2one",100,100,1
"IQGAP2","Iqgap2","ortholog_one2one",100,100,1
"UBASH3B","Ubash3b","ortholog_one2one",100,100,1
"FAM227B","Fam227b","ortholog_one2one",100,100,1
"EIF1AD","Eif1ad","ortholog_one2one",100,100,1
"ELK3","Elk3","ortholog_one2one",100,100,1
"CAMTA1","Camta1","ortholog_one2one",0,100,1
"CLK4","Clk4","ortholog_one2one",100,100,1
"CD180","Cd180","ortholog_one2one",100,100,1
"EXOSC2","Exosc2","ortholog_one2one",100,100,1
"LUC7L","Luc7l","ortholog_one2one",50,100,1
"TAF6L","Taf6l","ortholog_one2one",75,99.86,1
"CDK17","Cdk17","ortholog_one2one",100,100,1
"GAB2","Gab2","ortholog_one2one",100,100,1
"SLC25A25","Slc25a25","ortholog_one2one",100,100,1
"CRNN","Crnn","ortholog_one2one",75,99.17,1
"TCTEX1D1","Tctex1d1","ortholog_one2one",100,95.43,1
"TMEM161B","Tmem161b","ortholog_one2one",100,95.88,1
"MDGA2","Mdga2","ortholog_one2one",75,100,1
"FGF7","Fgf7","ortholog_one2one",100,100,1
"RSU1","Rsu1","ortholog_one2one",100,100,1
"UIMC1","Uimc1","ortholog_one2one",100,100,1
"TMEM235","Tmem235","ortholog_one2one",100,100,1
"NUP43","Nup43","ortholog_one2one",100,100,1
"SLC10A2","Slc10a2","ortholog_one2one",50,100,1
"MAST4","Mast4","ortholog_one2one",100,99.99,1
"SYTL5","Sytl5","ortholog_one2one",100,100,1
"RPP40","Rpp40","ortholog_one2one",100,100,1
"FBXO17","Fbxo17","ortholog_one2one",100,100,1
"COPS2","Cops2","ortholog_one2one",100,100,1
"RNF6","Rnf6","ortholog_one2one",50,100,1
"SUSD1","Susd1","ortholog_one2one",100,100,1
"KDM5B","Kdm5b","ortholog_one2one",100,99.17,1
"TMEM161A","Tmem161a","ortholog_one2one",100,99.83,1
"EDEM1","Edem1","ortholog_one2one",100,100,1
"SEC14L2","Sec14l2","ortholog_one2one",100,100,1
"ACTN2","Actn2","ortholog_one2one",100,100,1
"LRRC61","Lrrc61","ortholog_one2one",100,100,1
"ABL1","Abl1","ortholog_one2one",100,100,1
"PAK2","Pak2","ortholog_one2one",75,100,1
"SRXN1","Srxn1","ortholog_one2one",100,100,1
"NCKAP1","Nckap1","ortholog_one2one",100,100,1
"ATAD1","Atad1","ortholog_one2one",100,100,1
"RARRES2","Rarres2","ortholog_one2one",100,100,1
"SLC6A7","Slc6a7","ortholog_one2one",100,97.79,1
"ZNF45","Zfp94","ortholog_one2one",25,89.45,1
"SERPINF2","Serpinf2","ortholog_one2one",100,100,1
"SV2A","Sv2a","ortholog_one2one",100,100,1
"LAMA3","Lama3","ortholog_one2one",100,100,1
"IDI1","Idi1","ortholog_one2one",75,95.34,1
"ASH2L","Ash2l","ortholog_one2one",50,100,1
"OR4F15","Olfr1309","ortholog_one2one",50,100,1
"TFRC","Tfrc","ortholog_one2one",100,100,1
"MGST3","Mgst3","ortholog_one2one",100,100,1
"FLG2","Flg2","ortholog_one2one",75,82.97,0
"PSMA6","Psma6","ortholog_one2one",100,100,1
"UTS2","Uts2","ortholog_one2one",100,92.36,0
"NFIB","Nfib","ortholog_one2one",100,100,1
"CNN1","Cnn1","ortholog_one2one",100,100,1
"MYO18B","Myo18b","ortholog_one2one",100,100,1
"CEP128","Cep128","ortholog_one2one",100,100,1
"TNN","Tnn","ortholog_one2one",100,96.03,1
"PER3","Per3","ortholog_one2one",50,100,1
"TCF15","Tcf15","ortholog_one2one",100,100,1
"ABCC3","Abcc3","ortholog_one2one",100,100,1
"RBM33","Rbm33","ortholog_one2one",100,100,1
"PPP1R3A","Ppp1r3a","ortholog_one2one",100,100,1
"TTC26","Ttc26","ortholog_one2one",100,100,1
"MINDY3","Mindy3","ortholog_one2one",50,100,1
"WDR77","Wdr77","ortholog_one2one",100,100,1
"NRCAM","Nrcam","ortholog_one2one",50,100,1
"DDHD2","Ddhd2","ortholog_one2one",100,100,1
"NCOA1","Ncoa1","ortholog_one2one",100,100,1
"FBXL19","Fbxl19","ortholog_one2one",100,100,1
"SCPEP1","Scpep1","ortholog_one2one",100,100,1
"NCEH1","Nceh1","ortholog_one2one",100,100,1
"IL23A","Il23a","ortholog_one2one",100,100,1
"MRPS25","Mrps25","ortholog_one2one",75,100,1
"SNRPB","Snrpb","ortholog_one2one",100,100,1
"TLK1","Tlk1","ortholog_one2one",100,98.95,1
"CTIF","Ctif","ortholog_one2one",100,100,1
"NR2C2","Nr2c2","ortholog_one2one",100,100,1
"C19orf25","2310011J03Rik","ortholog_one2one",100,100,0
"CAVIN1","Cavin1","ortholog_one2one",100,100,1
"LRATD2","Lratd2","ortholog_one2one",75,100,1
"NUDT19","Nudt19","ortholog_one2one",100,100,1
"APC2","Apc2","ortholog_one2one",100,100,1
"CCDC82","Ccdc82","ortholog_one2one",100,100,1
"ATP13A2","Atp13a2","ortholog_one2one",100,100,1
"XPOT","Xpot","ortholog_one2one",100,100,1
"NAIF1","Naif1","ortholog_one2one",100,100,1
"SOCS3","Socs3","ortholog_one2one",100,100,1
"DOK3","Dok3","ortholog_one2one",100,100,1
"PDCD10","Pdcd10","ortholog_one2one",100,100,1
"SFXN5","Sfxn5","ortholog_one2one",50,100,1
"PRKAA2","Prkaa2","ortholog_one2one",100,100,1
"ASPHD1","Asphd1","ortholog_one2one",100,100,1
"OVGP1","Ovgp1","ortholog_one2one",100,95.97,1
"ARL6IP4","Arl6ip4","ortholog_one2one",100,100,0
"TSEN54","Tsen54","ortholog_one2one",100,100,1
"CDK18","Cdk18","ortholog_one2one",100,100,1
"GALK2","Galk2","ortholog_one2one",100,100,1
"LRRC4B","Lrrc4b","ortholog_one2one",100,100,1
"H2AC21","H2ac21","ortholog_one2one",50,100,1
"KCTD13","Kctd13","ortholog_one2one",100,100,1
"SIGLEC15","Siglec15","ortholog_one2one",100,100,1
"BAG4","Bag4","ortholog_one2one",100,100,1
"BOLA1","Bola1","ortholog_one2one",75,100,1
"CAD","Cad","ortholog_one2one",100,100,1
"ASAP1","Asap1","ortholog_one2one",100,100,1
"ZAR1","Zar1","ortholog_one2one",25,5.9,0
"ACTB","Actb","ortholog_one2one",100,100,1
"SEZ6L2","Sez6l2","ortholog_one2one",100,100,1
"SHTN1","Shtn1","ortholog_one2one",100,100,1
"LAMTOR4","Lamtor4","ortholog_one2one",100,100,1
"SLC16A11","Slc16a11","ortholog_one2one",100,100,1
"KIF20A","Kif20a","ortholog_one2one",100,100,1
"OR4F6","Olfr1310","ortholog_one2one",50,100,1
"RGS9BP","Rgs9bp","ortholog_one2one",100,100,1
"ATP5PB","Atp5pb","ortholog_one2one",100,100,1
"PINK1","Pink1","ortholog_one2one",100,100,1
"ZBTB7C","Zbtb7c","ortholog_one2one",100,100,1
"TFAP2A","Tfap2a","ortholog_one2one",100,100,1
"ZNF394","Zkscan14","ortholog_one2one",100,98.8,1
"WIPF1","Wipf1","ortholog_one2one",100,100,1
"PHLPP1","Phlpp1","ortholog_one2one",100,99.68,1
"LYAR","Lyar","ortholog_one2one",100,100,1
"DCAF13","Dcaf13","ortholog_one2one",100,100,1
"MTHFD1","Mthfd1","ortholog_one2one",75,100,1
"RAB29","Rab29","ortholog_one2one",100,100,1
"PGS1","Pgs1","ortholog_one2one",100,100,1
"RAB11FIP5","Rab11fip5","ortholog_one2one",100,99.69,1
"FMNL1","Fmnl1","ortholog_one2one",100,100,1
"TSG101","Tsg101","ortholog_one2one",100,100,1
"LRRC75A","Lrrc75a","ortholog_one2one",75,100,1
"ORAI3","Orai3","ortholog_one2one",100,100,1
"FKBP8","Fkbp8","ortholog_one2one",100,100,1
"BICD1","Bicd1","ortholog_one2one",50,100,1
"ZKSCAN5","Zkscan5","ortholog_one2one",100,100,1
"LZTS1","Lzts1","ortholog_one2one",50,100,1
"GORASP2","Gorasp2","ortholog_one2one",100,100,1
"SLC14A1","Slc14a1","ortholog_one2one",100,100,1
"CUBN","Cubn","ortholog_one2one",100,100,1
"SLC35F5","Slc35f5","ortholog_one2one",50,100,1
"RUSF1","BC017158","ortholog_one2one",50,100,1
"PROM1","Prom1","ortholog_one2one",100,100,1
"ALCAM","Alcam","ortholog_one2one",100,100,1
"FLG","Flg","ortholog_one2one",100,95.76,0
"LRRC52","Lrrc52","ortholog_one2one",100,100,1
"GATA3","Gata3","ortholog_one2one",100,100,1
"TMEM41B","Tmem41b","ortholog_one2one",100,100,1
"LOXL3","Loxl3","ortholog_one2one",100,100,1
"ADGRB1","Adgrb1","ortholog_one2one",100,99.98,1
"SLC16A3","Slc16a3","ortholog_one2one",100,100,1
"DNAH17","Dnah17","ortholog_one2one",100,99.95,1
"KCNG4","Kcng4","ortholog_one2one",100,100,1
"CDX1","Cdx1","ortholog_one2one",100,100,1
"PLCD3","Plcd3","ortholog_one2one",100,100,1
"KCNA7","Kcna7","ortholog_one2one",100,100,1
"TOP3A","Top3a","ortholog_one2one",100,100,1
"MRPS12","Mrps12","ortholog_one2one",100,100,1
"CDC23","Cdc23","ortholog_one2one",100,100,1
"TNFAIP6","Tnfaip6","ortholog_one2one",100,100,1
"ZBTB7A","Zbtb7a","ortholog_one2one",100,100,1
"CCNQ","Ccnq","ortholog_one2one",0,30.61,0
"FSCN1","Fscn1","ortholog_one2one",75,100,1
"AUP1","Aup1","ortholog_one2one",100,100,1
"CCDC157","Ccdc157","ortholog_one2one",100,100,1
"C8orf34","A830018L16Rik","ortholog_one2one",100,100,1
"IGFBP4","Igfbp4","ortholog_one2one",100,100,1
"CSNK1D","Csnk1d","ortholog_one2one",100,100,1
"NOTO","Noto","ortholog_one2one",100,100,1
"TSPAN1","Tspan1","ortholog_one2one",100,100,1
"DPM3","Dpm3","ortholog_one2one",100,94.23,1
"MAK","Mak","ortholog_one2one",100,100,1
"SLC5A2","Slc5a2","ortholog_one2one",75,100,1
"OPRD1","Oprd1","ortholog_one2one",100,100,1
"KCNIP2","Kcnip2","ortholog_one2one",100,100,1
"CDH3","Cdh3","ortholog_one2one",100,99.79,1
"SDC1","Sdc1","ortholog_one2one",100,100,1
"MSANTD1","Msantd1","ortholog_one2one",100,100,1
"WAPL","Wapl","ortholog_one2one",100,100,1
"KXD1","Kxd1","ortholog_one2one",100,96.11,1
"USP35","Usp35","ortholog_one2one",100,100,1
"COL26A1","Col26a1","ortholog_one2one",100,100,1
"PGR","Pgr","ortholog_one2one",100,100,1
"HTT","Htt","ortholog_one2one",100,100,1
"SERPINI1","Serpini1","ortholog_one2one",75,100,1
"CIT","Cit","ortholog_one2one",100,100,1
"THSD8","Gm49661","ortholog_one2one",100,100,1
"JUNB","Junb","ortholog_one2one",100,100,1
"IL12RB2","Il12rb2","ortholog_one2one",75,100,1
"RNF215","Rnf215","ortholog_one2one",100,100,1
"RNASEH2A","Rnaseh2a","ortholog_one2one",100,100,1
"HTRA2","Htra2","ortholog_one2one",100,100,1
"BRD8","Brd8","ortholog_one2one",100,88.68,1
"MACIR","D1Ertd622e","ortholog_one2one",50,100,1
"LYPD1","Lypd1","ortholog_one2one",50,100,1
"H2BC11","H2bc21","ortholog_one2one",0,0,0
"CCDC117","Ccdc117","ortholog_one2one",50,100,1
"PLAGL1","Plagl1","ortholog_one2one",100,100,0
"SERBP1","Serbp1","ortholog_one2one",100,100,1
"P3H3","P3h3","ortholog_one2one",100,100,1
"GPR39","Gpr39","ortholog_one2one",50,100,1
"NEURL1B","Neurl1b","ortholog_one2one",50,100,1
"IRS1","Irs1","ortholog_one2one",100,100,1
"ESRP1","Esrp1","ortholog_one2one",100,100,1
"TIMELESS","Timeless","ortholog_one2one",100,100,1
"MRPS14","Mrps14","ortholog_one2one",100,100,1
"OPA1","Opa1","ortholog_one2one",100,100,1
"TBC1D23","Tbc1d23","ortholog_one2one",75,100,1
"HDAC5","Hdac5","ortholog_one2one",100,100,1
"HSD3B7","Hsd3b7","ortholog_one2one",100,100,1
"ZNF449","Zfp449","ortholog_one2one",75,100,1
"SCARB1","Scarb1","ortholog_one2one",100,100,1
"CKAP5","Ckap5","ortholog_one2one",100,100,1
"KLHL32","Klhl32","ortholog_one2one",100,100,1
"CUEDC2","Cuedc2","ortholog_one2one",75,100,1
"MAP11","Map11","ortholog_one2one",100,100,1
"FRAT2","Frat2","ortholog_one2one",100,100,1
"FGF3","Fgf3","ortholog_one2one",100,100,1
"ANKRA2","Ankra2","ortholog_one2one",100,100,1
"RXRG","Rxrg","ortholog_one2one",100,100,1
"FGF4","Fgf4","ortholog_one2one",100,100,1
"RRP12","Rrp12","ortholog_one2one",100,100,1
"TAF3","Taf3","ortholog_one2one",100,100,1
"PRDX2","Prdx2","ortholog_one2one",100,100,1
"CDC37","Cdc37","ortholog_one2one",100,100,1
"PATJ","Patj","ortholog_one2one",100,99.95,1
"SLC26A2","Slc26a2","ortholog_one2one",100,100,1
"SALL3","Sall3","ortholog_one2one",100,100,1
"MISP","Misp","ortholog_one2one",100,98.28,1
"ERI1","Eri1","ortholog_one2one",100,100,1
"DMRT2","Dmrt2","ortholog_one2one",100,100,1
"SCG5","Scg5","ortholog_one2one",75,100,1
"LRRN4","Lrrn4","ortholog_one2one",100,99.58,1
"FGF19","Fgf15","ortholog_one2one",100,100,0
"TIGD5","Tigd5","ortholog_one2one",100,100,1
"SNED1","Sned1","ortholog_one2one",100,100,1
"HSDL2","Hsdl2","ortholog_one2one",100,94.67,1
"CTSK","Ctsk","ortholog_one2one",100,100,1
"ANKRD29","Ankrd29","ortholog_one2one",100,100,1
"CCAR1","Ccar1","ortholog_one2one",100,100,1
"ASPDH","Aspdh","ortholog_one2one",100,100,1
"COX6B2","Cox6b2","ortholog_one2one",100,100,1
"SLC50A1","Slc50a1","ortholog_one2one",100,100,1
"FRMD3","Frmd3","ortholog_one2one",0,100,1
"KIRREL1","Kirrel","ortholog_one2one",25,100,1
"CTSS","Ctss","ortholog_one2one",100,100,1
"SERPINB11","Serpinb11","ortholog_one2one",100,100,1
"LYPD5","Lypd5","ortholog_one2one",50,100,1
"TGFA","Tgfa","ortholog_one2one",100,100,1
"TNFSF10","Tnfsf10","ortholog_one2one",100,100,1
"SIM1","Sim1","ortholog_one2one",50,100,1
"PJVK","Pjvk","ortholog_one2one",100,100,1
"POLR2G","Polr2g","ortholog_one2one",100,100,1
"PYCR3","Pycrl","ortholog_one2one",100,100,1
"CNGA1","Cnga1","ortholog_one2one",100,100,1
"GAL3ST4","Gal3st4","ortholog_one2one",100,100,1
"CABIN1","Cabin1","ortholog_one2one",75,100,1
"ZNF839","Zfp839","ortholog_one2one",100,100,0
"TEX35","Tex35","ortholog_one2one",75,93.49,0
"TCHH","Tchh","ortholog_one2one",100,97.9,0
"MCMBP","Mcmbp","ortholog_one2one",100,100,1
"ZBTB3","Zbtb3","ortholog_one2one",100,100,1
"RPTN","Rptn","ortholog_one2one",100,93.13,0
"JAZF1","Jazf1","ortholog_one2one",100,100,1
"PTBP1","Ptbp1","ortholog_one2one",100,99.99,1
"HRNR","Hrnr","ortholog_one2one",100,97.88,0
"ADPRHL1","Adprhl1","ortholog_one2one",100,90.29,0
"FAM126B","Fam126b","ortholog_one2one",100,100,1
"GHSR","Ghsr","ortholog_one2one",100,100,1
"ATP6V1G3","Atp6v1g3","ortholog_one2one",100,100,1
"H4C15","H4c14","ortholog_one2one",0,0,0
"ZNF462","Zfp462","ortholog_one2one",100,100,1
"BCL2","Bcl2","ortholog_one2one",100,100,1
"FAM102A","Fam102a","ortholog_one2one",100,100,1
"CCR6","Ccr6","ortholog_one2one",50,100,1
"FGD2","Fgd2","ortholog_one2one",100,100,1
"CRYBA1","Cryba1","ortholog_one2one",100,100,1
"GALNT11","Galnt11","ortholog_one2one",100,100,1
"KIAA1958","E130308A19Rik","ortholog_one2one",100,100,1
"LTO1","LTO1","ortholog_one2one",100,91.38,0
"SELENOT","Selenot","ortholog_one2one",100,99.44,1
"KCNAB2","Kcnab2","ortholog_one2one",100,100,1
"H2BC18","H2bc18","ortholog_one2one",25,96.56,1
"SARDH","Sardh","ortholog_one2one",100,100,1
"SLC10A1","Slc10a1","ortholog_one2one",100,100,1
"CACYBP","Cacybp","ortholog_one2one",75,100,1
"NUFIP2","Nufip2","ortholog_one2one",100,100,1
"MTERF4","Mterf4","ortholog_one2one",100,97.15,1
"NUDCD1","Nudcd1","ortholog_one2one",100,100,1
"C12orf56","D930020B18Rik","ortholog_one2one",100,100,1
"ENHO","Enho","ortholog_one2one",100,100,1
"SLC25A42","Slc25a42","ortholog_one2one",100,100,1
"PCBP1","Pcbp1","ortholog_one2one",100,100,1
"DNAI1","Dnaic1","ortholog_one2one",100,100,1
"GCM2","Gcm2","ortholog_one2one",100,100,1
"CCND1","Ccnd1","ortholog_one2one",75,100,1
"PPP1R3G","Ppp1r3g","ortholog_one2one",100,100,1
"SLC16A13","Slc16a13","ortholog_one2one",100,100,1
"CDH1","Cdh1","ortholog_one2one",100,100,1
"INIP","Inip","ortholog_one2one",100,100,1
"RTN4","Rtn4","ortholog_one2one",100,100,1
"ZMAT4","Zmat4","ortholog_one2one",100,100,1
"ATG13","Atg13","ortholog_one2one",100,100,1
"LATS1","Lats1","ortholog_one2one",100,100,1
"UNKL","Unkl","ortholog_one2one",100,97.62,1
"PUF60","Puf60","ortholog_one2one",100,100,1
"GMFB","Gmfb","ortholog_one2one",100,100,1
"ABRA","Abra","ortholog_one2one",100,100,1
"ENY2","Eny2","ortholog_one2one",100,100,1
"PRODH2","Prodh2","ortholog_one2one",100,96.51,1
"ZNF287","Zfp287","ortholog_one2one",50,100,1
"ZNF322","Zfp322a","ortholog_one2one",0,100,1
"GRM7","Grm7","ortholog_one2one",100,100,1
"PGAM1","Pgam1","ortholog_one2one",100,100,1
"PDE6A","Pde6a","ortholog_one2one",100,100,1
"HGH1","Hgh1","ortholog_one2one",100,100,1
"NEK7","Nek7","ortholog_one2one",100,100,1
"IWS1","Iws1","ortholog_one2one",100,98.67,1
"ERGIC1","Ergic1","ortholog_one2one",100,100,1
"FAM136A","Fam136a","ortholog_one2one",100,97.79,1
"GPR162","Gpr162","ortholog_one2one",100,100,1
"TMEM80","Tmem80","ortholog_one2one",100,100,0
"INSL5","Insl5","ortholog_one2one",100,100,1
"TENM3","Tenm3","ortholog_one2one",100,100,1
"S100PBP","S100pbp","ortholog_one2one",100,100,1
"FKBP7","Fkbp7","ortholog_one2one",100,100,1
"SERPINB7","Serpinb7","ortholog_one2one",100,100,1
"FOXP2","Foxp2","ortholog_one2one",100,100,1
"PCGF6","Pcgf6","ortholog_one2one",100,100,1
"WDR5","Wdr5","ortholog_one2one",100,100,1
"P3R3URF","1700042G07Rik","ortholog_one2one",100,100,1
"LMX1A","Lmx1a","ortholog_one2one",100,100,1
"PCDH18","Pcdh18","ortholog_one2one",100,100,1
"URB1","Urb1","ortholog_one2one",100,100,1
"PIPOX","Pipox","ortholog_one2one",100,100,1
"ELOF1","Elof1","ortholog_one2one",75,80.34,1
"GTPBP10","Gtpbp10","ortholog_one2one",100,100,1
"MFHAS1","Mfhas1","ortholog_one2one",100,100,1
"ITK","Itk","ortholog_one2one",100,100,1
"PTEN","Pten","ortholog_one2one",100,100,1
"ATP5MD","Atp5md","ortholog_one2one",100,100,1
"EFNA1","Efna1","ortholog_one2one",100,100,1
"CARD19","Card19","ortholog_one2one",100,100,1
"KIDINS220","Kidins220","ortholog_one2one",75,100,1
"TAF5","Taf5","ortholog_one2one",100,100,1
"CD4","Cd4","ortholog_one2one",100,100,1
"GALNTL5","Galntl5","ortholog_one2one",100,100,1
"TNS4","Tns4","ortholog_one2one",100,100,1
"SEC23IP","Sec23ip","ortholog_one2one",100,100,1
"SUGP2","Sugp2","ortholog_one2one",100,100,1
"PGRMC2","Pgrmc2","ortholog_one2one",100,100,1
"SNX30","Snx30","ortholog_one2one",100,100,1
"NIPAL1","Nipal1","ortholog_one2one",75,100,1
"BCL6B","Bcl6b","ortholog_one2one",100,100,1
"ABCA9","Abca9","ortholog_one2one",100,100,1
"SRPX","Srpx","ortholog_one2one",100,100,1
"GRB10","Grb10","ortholog_one2one",100,97.06,1
"EXOSC1","Exosc1","ortholog_one2one",100,100,1
"PBX1","Pbx1","ortholog_one2one",100,100,1
"DYRK2","Dyrk2","ortholog_one2one",75,100,1
"IPO7","Ipo7","ortholog_one2one",100,100,1
"PIP5KL1","Pip5kl1","ortholog_one2one",100,100,1
"NFKBIA","Nfkbia","ortholog_one2one",100,100,1
"UEVLD","Uevld","ortholog_one2one",100,100,1
"MICU1","Micu1","ortholog_one2one",100,100,1
"PRRG4","Prrg4","ortholog_one2one",100,100,1
"PPP1R13B","Ppp1r13b","ortholog_one2one",100,100,1
"KCNU1","Kcnu1","ortholog_one2one",0,69.98,0
"CADPS2","Cadps2","ortholog_one2one",100,100,1
"DUSP1","Dusp1","ortholog_one2one",50,100,1
"FAM237B","Gm8773","ortholog_one2one",100,100,1
"ZMIZ1","Zmiz1","ortholog_one2one",100,100,1
"TTBK2","Ttbk2","ortholog_one2one",100,88.29,1
"TNFRSF14","Tnfrsf14","ortholog_one2one",100,100,0
"HOXA1","Hoxa1","ortholog_one2one",100,100,1
"ARMC6","Armc6","ortholog_one2one",100,98.94,1
"TNNI2","Tnni2","ortholog_one2one",100,100,1
"GSDMA","Gsdma","ortholog_one2one",100,89.27,1
"KDSR","Kdsr","ortholog_one2one",100,100,1
"UBC","Ubc","ortholog_one2one",100,100,1
"TEK","Tek","ortholog_one2one",75,100,1
"CDA","Cda","ortholog_one2one",100,100,1
"NTF4","Ntf5","ortholog_one2one",100,100,1
"DPM2","Dpm2","ortholog_one2one",100,100,0
"ARHGAP32","Arhgap32","ortholog_one2one",100,100,1
"LYVE1","Lyve1","ortholog_one2one",100,100,1
"ZFYVE21","Zfyve21","ortholog_one2one",100,100,1
"GPRC5D","Gprc5d","ortholog_one2one",100,100,1
"ZNF143","Zfp143","ortholog_one2one",100,100,1
"VAX1","Vax1","ortholog_one2one",100,100,1
"RPGR","Rpgr","ortholog_one2one",100,100,0
"MFAP5","Mfap5","ortholog_one2one",75,100,1
"INTS6L","Ints6l","ortholog_one2one",75,100,1
"GALR1","Galr1","ortholog_one2one",100,100,1
"MFAP2","Mfap2","ortholog_one2one",100,100,1
"INSM2","Insm2","ortholog_one2one",100,98.91,1
"SLC46A2","Slc46a2","ortholog_one2one",100,100,1
"TSHR","Tshr","ortholog_one2one",100,100,1
"PRDM16","Prdm16","ortholog_one2one",100,100,1
"COPS9","Cops9","ortholog_one2one",100,85.01,0
"RPL17-C18orf32","Gm6133","ortholog_one2one",0,0,0
"WFDC1","Wfdc1","ortholog_one2one",100,100,1
"SLC14A2","Slc14a2","ortholog_one2one",75,100,1
"SLC28A3","Slc28a3","ortholog_one2one",100,100,1
"PPARGC1B","Ppargc1b","ortholog_one2one",100,100,1
"FAM234B","Fam234b","ortholog_one2one",100,100,1
"FAM43B","Fam43b","ortholog_one2one",100,100,1
"SMARCD2","Smarcd2","ortholog_one2one",100,100,1
"MEN1","Men1","ortholog_one2one",100,100,1
"INHA","Inha","ortholog_one2one",75,100,1
"SERPINB2","Serpinb2","ortholog_one2one",100,100,1
"GRID1","Grid1","ortholog_one2one",100,100,1
"SIRT2","Sirt2","ortholog_one2one",100,100,1
"PSMD3","Psmd3","ortholog_one2one",100,100,1
"COIL","Coil","ortholog_one2one",100,100,1
"SHH","Shh","ortholog_one2one",100,100,1
"CD96","Cd96","ortholog_one2one",100,98.38,1
"RTF1","Rtf1","ortholog_one2one",100,95.88,1
"CDH6","Cdh6","ortholog_one2one",100,100,1
"SERPINB10","Serpinb10","ortholog_one2one",100,100,1
"BRIX1","Brix1","ortholog_one2one",100,100,1
"FAM205C","Fam205c","ortholog_one2one",100,100,0
"GMEB1","Gmeb1","ortholog_one2one",75,100,1
"ADAM15","Adam15","ortholog_one2one",100,100,1
"USP24","Usp24","ortholog_one2one",100,100,1
"ARHGAP11A","Arhgap11a","ortholog_one2one",50,100,1
"MPC1","Mpc1","ortholog_one2one",50,99.52,1
"HEBP1","Hebp1","ortholog_one2one",100,100,1
"COX18","Cox18","ortholog_one2one",100,100,1
"LAIR1","Lair1","ortholog_one2one",100,62.93,0
"RDH12","Rdh12","ortholog_one2one",100,100,1
"FERMT1","Fermt1","ortholog_one2one",100,100,1
"GSG1","Gsg1","ortholog_one2one",100,100,1
"MFSD13A","Mfsd13a","ortholog_one2one",100,100,1
"CCR7","Ccr7","ortholog_one2one",100,100,1
"PLEKHA3","Plekha3","ortholog_one2one",100,99.95,1
"SYMPK","Sympk","ortholog_one2one",100,100,1
"GRK3","Grk3","ortholog_one2one",100,100,1
"IFT22","Ift22","ortholog_one2one",100,100,1
"MUL1","Mul1","ortholog_one2one",100,100,1
"IL11","Il11","ortholog_one2one",100,100,1
"CD164","Cd164","ortholog_one2one",100,100,1
"LAG3","Lag3","ortholog_one2one",100,100,1
"C10orf95","2310034G01Rik","ortholog_one2one",100,99.07,1
"AC008687.4","AC151602.1","ortholog_one2one",100,100,1
"SNRPG","Snrpg","ortholog_one2one",100,84.14,1
"CD8A","Cd8a","ortholog_one2one",100,100,0
"CFP","Cfp","ortholog_one2one",100,100,1
"FNDC3B","Fndc3b","ortholog_one2one",100,100,1
"NUP35","Nup35","ortholog_one2one",100,100,1
"SLC38A6","Slc38a6","ortholog_one2one",100,94.21,1
"TMEM190","Tmem190","ortholog_one2one",100,100,1
"RUVBL2","Ruvbl2","ortholog_one2one",100,100,1
"FCSK","Fcsk","ortholog_one2one",100,99.17,1
"TPP1","Tpp1","ortholog_one2one",100,100,1
"SNX2","Snx2","ortholog_one2one",100,100,1
"TBC1D20","Tbc1d20","ortholog_one2one",100,100,1
"PPP1CA","Ppp1ca","ortholog_one2one",100,100,1
"CLIC1","Clic1","ortholog_one2one",100,100,1
"EML6","Eml6","ortholog_one2one",100,100,1
"CYTH1","Cyth1","ortholog_one2one",100,100,1
"CALHM2","Calhm2","ortholog_one2one",100,100,1
"HES5","Hes5","ortholog_one2one",100,100,1
"NPHP4","Nphp4","ortholog_one2one",100,100,1
"CPS1","Cps1","ortholog_one2one",100,99.98,1
"CDAN1","Cdan1","ortholog_one2one",100,100,1
"PDCD11","Pdcd11","ortholog_one2one",100,100,1
"EXOC6","Exoc6","ortholog_one2one",100,100,1
"WEE1","Wee1","ortholog_one2one",100,100,1
"MIER1","Mier1","ortholog_one2one",100,100,1
"AADACL2","Aadacl2","ortholog_one2one",100,100,1
"DUSP19","Dusp19","ortholog_one2one",100,100,1
"PRTN3","Prtn3","ortholog_one2one",100,100,1
"LETM1","Letm1","ortholog_one2one",100,100,1
"RHBDD1","Rhbdd1","ortholog_one2one",100,100,1
"ANKRD44","Ankrd44","ortholog_one2one",100,100,1
"ELK1","Elk1","ortholog_one2one",100,100,1
"PARG","Parg","ortholog_one2one",75,100,1
"RNLS","Rnls","ortholog_one2one",100,100,0
"PLPPR3","Plppr3","ortholog_one2one",100,100,1
"RAD9A","Rad9a","ortholog_one2one",0,100,1
"CD7","Cd7","ortholog_one2one",75,100,0
"WTIP","Wtip","ortholog_one2one",100,100,1
"MEIS1","Meis1","ortholog_one2one",100,100,1
"UXT","Uxt","ortholog_one2one",100,100,1
"DHX37","Dhx37","ortholog_one2one",100,100,1
"PASK","Pask","ortholog_one2one",100,98.38,1
"SALL2","Sall2","ortholog_one2one",100,100,1
"FNIP1","Fnip1","ortholog_one2one",100,100,1
"THRSP","Thrsp","ortholog_one2one",100,100,1
"TTC9C","Ttc9c","ortholog_one2one",100,100,1
"ZSCAN12","Zscan12","ortholog_one2one",75,95.47,1
"RCC2","Rcc2","ortholog_one2one",100,99.72,1
"GYS1","Gys1","ortholog_one2one",100,100,1
"GLRX3","Glrx3","ortholog_one2one",100,96.66,1
"RAB6A","Rab6a","ortholog_one2one",100,100,1
"KCNN4","Kcnn4","ortholog_one2one",75,100,1
"TFPI","Tfpi","ortholog_one2one",50,89.76,1
"LPCAT4","Lpcat4","ortholog_one2one",50,100,1
"RBPJ","Rbpj","ortholog_one2one",100,100,1
"TSPAN9","Tspan9","ortholog_one2one",100,100,1
"MAP3K2","Map3k2","ortholog_one2one",100,100,1
"GJD2","Gjd2","ortholog_one2one",50,100,1
"FARS2","Fars2","ortholog_one2one",100,100,1
"KIF5B","Kif5b","ortholog_one2one",75,100,1
"TRIM25","Trim25","ortholog_one2one",100,100,1
"REXO1","Rexo1","ortholog_one2one",100,99.97,1
"PCSK9","Pcsk9","ortholog_one2one",100,100,1
"SYCP2L","Sycp2l","ortholog_one2one",100,93.77,1
"ACTC1","Actc1","ortholog_one2one",50,100,1
"HORMAD1","Hormad1","ortholog_one2one",100,100,1
"KCNK18","Kcnk18","ortholog_one2one",100,100,1
"SMARCE1","Smarce1","ortholog_one2one",100,100,1
"FAT1","Fat1","ortholog_one2one",100,100,1
"GOLPH3","Golph3","ortholog_one2one",100,100,1
"NUTM1","Nutm1","ortholog_one2one",75,99.95,1
"RECK","Reck","ortholog_one2one",100,100,1
"SLC18A2","Slc18a2","ortholog_one2one",100,100,1
"WDR81","Wdr81","ortholog_one2one",100,100,1
"IRAG1","Mrvi1","ortholog_one2one",100,100,1
"NFKBIB","Nfkbib","ortholog_one2one",100,100,1
"ITPKA","Itpka","ortholog_one2one",100,100,1
"MASTL","Mastl","ortholog_one2one",25,100,1
"TMEM128","Tmem128","ortholog_one2one",75,100,1
"ALG5","Alg5","ortholog_one2one",100,100,1
"EFNB2","Efnb2","ortholog_one2one",50,100,1
"ST6GALNAC4","St6galnac4","ortholog_one2one",100,100,1
"COL23A1","Col23a1","ortholog_one2one",100,100,1
"CHRNA1","Chrna1","ortholog_one2one",100,98.01,1
"CAMK2N1","Camk2n1","ortholog_one2one",100,100,1
"NRN1","Nrn1","ortholog_one2one",100,100,1
"IL15","Il15","ortholog_one2one",100,100,1
"SLC7A11","Slc7a11","ortholog_one2one",100,100,1
"NCKAP5","Nckap5","ortholog_one2one",100,99.27,1
"MRPL48","Mrpl48","ortholog_one2one",100,100,1
"NOP10","Nop10","ortholog_one2one",100,100,1
"MAML2","Maml2","ortholog_one2one",100,100,0
"CCER2","Ccer2","ortholog_one2one",100,100,1
"ERCC3","Ercc3","ortholog_one2one",100,100,1
"SUSD3","Susd3","ortholog_one2one",100,100,1
"GULP1","Gulp1","ortholog_one2one",50,100,1
"CREB5","Creb5","ortholog_one2one",100,100,1
"ARGLU1","Arglu1","ortholog_one2one",100,100,1
"MYOCD","Myocd","ortholog_one2one",100,100,1
"DNAI4","Wdr78","ortholog_one2one",100,100,1
"PIFO","Pifo","ortholog_one2one",100,91.18,0
"CINP","Cinp","ortholog_one2one",100,100,1
"TCIM","Tcim","ortholog_one2one",100,100,1
"HOXA4","Hoxa4","ortholog_one2one",100,100,1
"A1BG","A1bg","ortholog_one2one",0,0,0
"FAM71B","Fam71b","ortholog_one2one",100,97.99,1
"HOXA5","Hoxa5","ortholog_one2one",100,100,1
"ENPP1","Enpp1","ortholog_one2one",50,100,1
"SNX24","Snx24","ortholog_one2one",100,94.92,1
"HOXA2","Hoxa2","ortholog_one2one",100,100,1
"SAP25","Sap25","ortholog_one2one",100,100,0
"TMEM238","Tmem238","ortholog_one2one",100,100,1
"ADRA1D","Adra1d","ortholog_one2one",100,100,1
"FCRL4","Fcrls","ortholog_one2one",0,39.79,0
"HOXA6","Hoxa6","ortholog_one2one",100,100,1
"NAALADL2","Naaladl2","ortholog_one2one",75,100,1
"SEC11C","Sec11c","ortholog_one2one",100,100,1
"KDM4C","Kdm4c","ortholog_one2one",50,100,1
"DDAH2","Ddah2","ortholog_one2one",75,100,1
"SF3A1","Sf3a1","ortholog_one2one",100,100,1
"RAD23B","Rad23b","ortholog_one2one",100,100,1
"RBSN","Rbsn","ortholog_one2one",50,100,1
"HOXA3","Hoxa3","ortholog_one2one",100,100,1
"TLE6","Tle6","ortholog_one2one",75,83.62,0
"KSR2","Ksr2","ortholog_one2one",100,100,1
"PIGX","Pigx","ortholog_one2one",100,96.87,1
"NOS2","Nos2","ortholog_one2one",100,100,1
"NRBP2","Nrbp2","ortholog_one2one",100,100,0
"RIF1","Rif1","ortholog_one2one",100,100,1
"MLX","Mlx","ortholog_one2one",100,100,1
"LEMD1","Lemd1","ortholog_one2one",100,100,1
"IAH1","Iah1","ortholog_one2one",100,100,1
"DGKE","Dgke","ortholog_one2one",100,99.51,1
"HOXA7","Hoxa7","ortholog_one2one",100,100,1
"PPP1R9A","Ppp1r9a","ortholog_one2one",100,100,1
"EFNA4","Efna4","ortholog_one2one",100,100,1
"FOXB2","Foxb2","ortholog_one2one",100,100,1
"ADAM17","Adam17","ortholog_one2one",100,100,1
"NDUFB3","Ndufb3","ortholog_one2one",100,100,1
"ZNF354C","Zfp354c","ortholog_one2one",100,98.63,1
"GFUS","Tsta3","ortholog_one2one",100,100,1
"PPIC","Ppic","ortholog_one2one",100,100,1
"LHX9","Lhx9","ortholog_one2one",100,100,1
"CMTM3","Cmtm3","ortholog_one2one",50,100,1
"ACBD5","Acbd5","ortholog_one2one",50,98.92,1
"MLF2","Mlf2","ortholog_one2one",100,100,1
"ZNF879","Zfp879","ortholog_one2one",100,100,1
"TJP3","Tjp3","ortholog_one2one",100,99.79,1
"SV2C","Sv2c","ortholog_one2one",75,100,1
"AGFG1","Agfg1","ortholog_one2one",100,100,1
"PIM1","Pim1","ortholog_one2one",75,100,1
"BSCL2","Bscl2","ortholog_one2one",100,100,1
"CLDN23","Cldn23","ortholog_one2one",75,100,1
"LSM1","Lsm1","ortholog_one2one",100,100,1
"MRPL17","Mrpl17","ortholog_one2one",50,100,1
"PCNX1","Pcnx","ortholog_one2one",100,100,1
"PPP1R12B","Ppp1r12b","ortholog_one2one",100,100,1
"SMOC1","Smoc1","ortholog_one2one",100,100,1
"VIRMA","Virma","ortholog_one2one",75,99.02,1
"REPIN1","Repin1","ortholog_one2one",100,100,1
"ARHGEF37","Arhgef37","ortholog_one2one",100,100,1
"HJV","Hjv","ortholog_one2one",50,100,1
"FXN","Fxn","ortholog_one2one",75,78.77,1
"PDZD2","Pdzd2","ortholog_one2one",100,100,1
"OR4E2","Olfr1509","ortholog_one2one",100,100,1
"ERICH6","Erich6","ortholog_one2one",100,94.17,1
"TCERG1L","Tcerg1l","ortholog_one2one",100,100,1
"DCHS1","Dchs1","ortholog_one2one",75,100,1
"TLCD2","Tlcd2","ortholog_one2one",100,100,1
"TXNIP","Txnip","ortholog_one2one",75,100,1
"ADGRL3","Adgrl3","ortholog_one2one",100,100,1
"RBCK1","Rbck1","ortholog_one2one",100,100,1
"RAD51D","Rad51d","ortholog_one2one",100,93.37,1
"MED7","Med7","ortholog_one2one",75,100,1
"CYP26C1","Cyp26c1","ortholog_one2one",100,100,1
"GRM6","Grm6","ortholog_one2one",100,100,1
"RGS10","Rgs10","ortholog_one2one",50,100,1
"CDIPT","Cdipt","ortholog_one2one",100,100,1
"MPIG6B","Mpig6b","ortholog_one2one",100,100,1
"SYK","Syk","ortholog_one2one",100,100,1
"CDK8","Cdk8","ortholog_one2one",50,100,1
"ABCA6","Abca6","ortholog_one2one",100,100,1
"LY6G6C","Ly6g6c","ortholog_one2one",100,100,1
"VWA5B1","Vwa5b1","ortholog_one2one",100,100,1
"KCTD14","Kctd14","ortholog_one2one",100,83.49,0
"CHN1","Chn1","ortholog_one2one",100,100,1
"OTOP1","Otop1","ortholog_one2one",50,100,1
"RNF216","Rnf216","ortholog_one2one",50,100,1
"FLACC1","Flacc1","ortholog_one2one",75,18.95,1
"APBA3","Apba3","ortholog_one2one",100,100,1
"NLGN1","Nlgn1","ortholog_one2one",100,100,1
"TMC2","Tmc2","ortholog_one2one",100,100,1
"GCNT2","Gcnt2","ortholog_one2one",100,100,1
"SYT2","Syt2","ortholog_one2one",100,100,1
"BAIAP3","Baiap3","ortholog_one2one",100,99.38,1
"TAF12","Taf12","ortholog_one2one",100,100,1
"PADI6","Padi6","ortholog_one2one",100,95.49,1
"ACP5","Acp5","ortholog_one2one",50,100,1
"KATNA1","Katna1","ortholog_one2one",100,100,1
"ASPRV1","Asprv1","ortholog_one2one",100,100,1
"ARHGAP33","Arhgap33","ortholog_one2one",100,100,1
"BSND","Bsnd","ortholog_one2one",100,100,1
"RAB42","Rab42","ortholog_one2one",100,100,1
"RSPH6A","Rsph6a","ortholog_one2one",100,100,1
"PLIN1","Plin1","ortholog_one2one",100,100,1
"LY6G6D","Ly6g6d","ortholog_one2one",75,100,0
"TMEM61","Tmem61","ortholog_one2one",100,91.46,0
"MTRR","Mtrr","ortholog_one2one",75,99.03,1
"ATP2C2","Atp2c2","ortholog_one2one",100,100,1
"PPIP5K2","Ppip5k2","ortholog_one2one",75,98.79,1
"PSMC3IP","Psmc3ip","ortholog_one2one",100,100,1
"STK11IP","Stk11ip","ortholog_one2one",100,100,1
"DNAJC8","Dnajc8","ortholog_one2one",100,100,1
"NAALAD2","Naalad2","ortholog_one2one",50,100,1
"CEP19","Cep19","ortholog_one2one",100,100,1
"PAK1IP1","Pak1ip1","ortholog_one2one",100,100,1
"ST3GAL2","St3gal2","ortholog_one2one",100,100,1
"GNG3","Gng3","ortholog_one2one",100,100,1
"JOSD2","Josd2","ortholog_one2one",100,100,1
"KLF4","Klf4","ortholog_one2one",100,100,1
"PRNP","Prnp","ortholog_one2one",100,100,1
"RPL28","Rpl28","ortholog_one2one",100,82.76,1
"SETBP1","Setbp1","ortholog_one2one",50,100,1
"LTA4H","Lta4h","ortholog_one2one",100,100,1
"GLRA1","Glra1","ortholog_one2one",100,100,1
"DCUN1D2","Dcun1d2","ortholog_one2one",100,99.72,1
"IDO2","Ido2","ortholog_one2one",100,98.27,1
"TCF19","Tcf19","ortholog_one2one",100,96.03,1
"ABT1","Abt1","ortholog_one2one",25,100,1
"GABRG1","Gabrg1","ortholog_one2one",100,100,1
"CHDH","Chdh","ortholog_one2one",100,100,1
"TTYH1","Ttyh1","ortholog_one2one",100,100,1
"EPS8L2","Eps8l2","ortholog_one2one",100,100,1
"KLF16","Klf16","ortholog_one2one",100,100,1
"AADAC","Aadac","ortholog_one2one",100,100,1
"ZNF623","Zfp623","ortholog_one2one",100,100,1
"OTOS","Otos","ortholog_one2one",100,100,1
"RNF32","Rnf32","ortholog_one2one",100,100,1
"STAR","Star","ortholog_one2one",75,100,1
"SEZ6","Sez6","ortholog_one2one",100,100,1
"ST6GALNAC1","St6galnac1","ortholog_one2one",75,0,1
"ERP29","Erp29","ortholog_one2one",100,100,1
"INTS4","Ints4","ortholog_one2one",100,97.77,1
"SERPINB8","Serpinb8","ortholog_one2one",100,100,1
"RPS6KA2","Rps6ka2","ortholog_one2one",25,96.62,1
"DRD5","Drd5","ortholog_one2one",75,100,1
"MMGT1","Mmgt1","ortholog_one2one",75,100,1
"BMP2","Bmp2","ortholog_one2one",100,100,1
"PRKD2","Prkd2","ortholog_one2one",100,100,1
"DCP1A","Dcp1a","ortholog_one2one",100,100,1
"PRAG1","Prag1","ortholog_one2one",50,100,1
"PMPCA","Pmpca","ortholog_one2one",100,100,1
"LMCD1","Lmcd1","ortholog_one2one",100,100,1
"CMTM4","Cmtm4","ortholog_one2one",100,100,1
"TMEM116","Tmem116","ortholog_one2one",100,100,1
"USP36","Usp36","ortholog_one2one",100,100,1
"SDF2L1","Sdf2l1","ortholog_one2one",100,100,1
"RASAL2","Rasal2","ortholog_one2one",100,100,1
"GOLIM4","Golim4","ortholog_one2one",50,99.79,1
"OR6C68","Olfr780","ortholog_one2one",0,0,0
"PLPP4","Plpp4","ortholog_one2one",100,100,1
"TCHHL1","Tchhl1","ortholog_one2one",100,90.01,0
"GRIK2","Grik2","ortholog_one2one",100,100,1
"RMND5A","Rmnd5a","ortholog_one2one",100,100,1
"ACTR1A","Actr1a","ortholog_one2one",75,100,1
"TRIL","Tril","ortholog_one2one",100,100,1
"DMAC1","Dmac1","ortholog_one2one",50,100,1
"CD5L","Cd5l","ortholog_one2one",50,100,1
"ANKS3","Anks3","ortholog_one2one",100,100,1
"CCDC116","Ccdc116","ortholog_one2one",100,100,0
"NMNAT2","Nmnat2","ortholog_one2one",100,100,1
"CORO1A","Coro1a","ortholog_one2one",100,100,1
"LRR1","Lrr1","ortholog_one2one",75,100,1
"RGS12","Rgs12","ortholog_one2one",100,100,1
"COL4A4","Col4a4","ortholog_one2one",100,100,1
"SUCNR1","Sucnr1","ortholog_one2one",100,100,1
"GIN1","Gin1","ortholog_one2one",100,100,1
"LONRF1","Lonrf1","ortholog_one2one",50,100,1
"MEAK7","Meak7","ortholog_one2one",100,100,1
"NISCH","Nisch","ortholog_one2one",100,98.12,1
"HAO1","Hao1","ortholog_one2one",100,100,1
"YDJC","Ydjc","ortholog_one2one",75,100,1
"DMWD","Dmwd","ortholog_one2one",100,100,1
"CYP26A1","Cyp26a1","ortholog_one2one",100,100,1
"PCYOX1","Pcyox1","ortholog_one2one",100,100,1
"PITPNM2","Pitpnm2","ortholog_one2one",100,100,1
"DUSP29","Dupd1","ortholog_one2one",100,100,1
"PIAS4","Pias4","ortholog_one2one",100,100,1
"TRAK1","Trak1","ortholog_one2one",100,100,1
"TMCO3","Tmco3","ortholog_one2one",100,100,1
"BBS10","Bbs10","ortholog_one2one",100,100,1
"PANK4","Pank4","ortholog_one2one",100,100,1
"CACNA1D","Cacna1d","ortholog_one2one",100,100,1
"PHF24","Phf24","ortholog_one2one",100,100,1
"CCHCR1","Cchcr1","ortholog_one2one",100,100,1
"ZG16B","Sbpl","ortholog_one2one",0,0,0
"INPP5E","Inpp5e","ortholog_one2one",100,100,1
"CLDN15","Cldn15","ortholog_one2one",100,100,1
"PDE4A","Pde4a","ortholog_one2one",100,100,1
"RFXAP","Rfxap","ortholog_one2one",100,100,1
"PPP2R2D","Ppp2r2d","ortholog_one2one",100,100,1
"PDGFRB","Pdgfrb","ortholog_one2one",100,100,1
"SLC39A12","Slc39a12","ortholog_one2one",100,100,1
"BTF3","Btf3","ortholog_one2one",100,100,1
"S100A11","S100a11","ortholog_one2one",100,100,1
"GABRA2","Gabra2","ortholog_one2one",100,100,1
"GOLPH3L","Golph3l","ortholog_one2one",100,100,1
"SERTM1","Sertm1","ortholog_one2one",100,100,1
"UBE2L5","Ube2l3","ortholog_one2one",0,0,0
"KRT24","Krt24","ortholog_one2one",100,100,1
"CALHM1","Calhm1","ortholog_one2one",100,100,1
"SPTY2D1","Spty2d1","ortholog_one2one",100,100,1
"ZPLD1","Zpld1","ortholog_one2one",100,98.67,1
"CALHM3","Calhm3","ortholog_one2one",100,100,1
"DDX41","Ddx41","ortholog_one2one",100,100,1
"TXK","Txk","ortholog_one2one",75,100,1
"GLIPR2","Glipr2","ortholog_one2one",100,100,1
"SP6","Sp6","ortholog_one2one",100,100,1
"DNAAF2","Gm49383","ortholog_one2one",75,98.81,0
"PEX11A","Pex11a","ortholog_one2one",100,100,1
"MGAT2","Mgat2","ortholog_one2one",100,100,1
"PADI4","Padi4","ortholog_one2one",100,100,1
"PAMR1","Pamr1","ortholog_one2one",100,100,1
"CAND1","Cand1","ortholog_one2one",100,100,1
"COTL1","Cotl1","ortholog_one2one",100,100,1
"STX1B","Stx1b","ortholog_one2one",100,100,1
"CCIN","Ccin","ortholog_one2one",100,100,1
"LTK","Ltk","ortholog_one2one",100,100,1
"BIN1","Bin1","ortholog_one2one",100,100,1
"SMG9","Smg9","ortholog_one2one",100,100,1
"LIN37","Lin37","ortholog_one2one",100,100,1
"STX4","Stx4a","ortholog_one2one",100,100,1
"S100A10","S100a10","ortholog_one2one",100,100,1
"CSF3","Csf3","ortholog_one2one",100,100,1
"ABHD17A","Abhd17a","ortholog_one2one",100,97.24,1
"ADGRB3","Adgrb3","ortholog_one2one",100,99.81,1
"NIN","Nin","ortholog_one2one",75,100,1
"SHMT1","Shmt1","ortholog_one2one",50,100,1
"NRROS","Nrros","ortholog_one2one",75,98.88,1
"PRDM6","Prdm6","ortholog_one2one",100,100,1
"MTF2","Mtf2","ortholog_one2one",100,100,1
"GCC1","Gcc1","ortholog_one2one",100,100,1
"KCNJ5","Kcnj5","ortholog_one2one",100,100,1
"CCDC73","Ccdc73","ortholog_one2one",100,100,1
"SPRED2","Spred2","ortholog_one2one",100,98.56,1
"ARF5","Arf5","ortholog_one2one",100,100,1
"CGRRF1","Cgrrf1","ortholog_one2one",100,100,1
"TMEM212","Tmem212","ortholog_one2one",100,100,1
"MMS19","Mms19","ortholog_one2one",100,100,1
"HSPB6","Hspb6","ortholog_one2one",100,100,1
"DDX19A","Ddx19a","ortholog_one2one",100,100,1
"NECTIN3","Nectin3","ortholog_one2one",100,100,1
"ZNF182","Zfp182","ortholog_one2one",75,98.42,1
"PROSER3","Proser3","ortholog_one2one",100,100,0
"HARBI1","Harbi1","ortholog_one2one",100,100,1
"FSCN3","Fscn3","ortholog_one2one",100,100,1
"LSP1","Lsp1","ortholog_one2one",100,99.74,0
"PIP5K1B","Pip5k1b","ortholog_one2one",100,100,1
"SPATA16","Spata16","ortholog_one2one",100,100,1
"MKLN1","Mkln1","ortholog_one2one",100,100,1
"GCK","Gck","ortholog_one2one",100,100,1
"MCRIP2","Mcrip2","ortholog_one2one",100,100,1
"CDH7","Cdh7","ortholog_one2one",100,100,1
"UBN2","Ubn2","ortholog_one2one",100,100,1
"HAVCR2","Havcr2","ortholog_one2one",100,100,1
"EEF2","Eef2","ortholog_one2one",100,100,1
"PTAFR","Ptafr","ortholog_one2one",100,100,1
"TIMP2","Timp2","ortholog_one2one",100,100,1
"PARD6G","Pard6g","ortholog_one2one",50,99.95,1
"LLGL2","Llgl2","ortholog_one2one",100,100,1
"STXBP5L","Stxbp5l","ortholog_one2one",100,100,1
"COX7B2","Cox7b2","ortholog_one2one",100,100,1
"EIF3M","Eif3m","ortholog_one2one",100,100,1
"PRR18","Prr18","ortholog_one2one",100,100,1
"CCNA1","Ccna1","ortholog_one2one",100,100,1
"PSORS1C2","Psors1c2","ortholog_one2one",100,100,1
"AC073111.3","AI854703","ortholog_one2one",100,100,1
"GIT2","Git2","ortholog_one2one",75,100,1
"KCNJ1","Kcnj1","ortholog_one2one",100,100,1
"TMX4","Tmx4","ortholog_one2one",100,100,1
"TRMT9B","Trmt9b","ortholog_one2one",50,100,1
"UBXN10","Ubxn10","ortholog_one2one",100,100,1
"MYO7A","Myo7a","ortholog_one2one",75,100,1
"CEP120","Cep120","ortholog_one2one",100,100,1
"FAM20C","Fam20c","ortholog_one2one",50,100,1
"PLA2G2C","Pla2g2c","ortholog_one2one",100,100,1
"ENSA","Ensa","ortholog_one2one",100,86.71,1
"SMCR8","Smcr8","ortholog_one2one",75,100,1
"KLHL36","Klhl36","ortholog_one2one",100,100,1
"ARNT2","Arnt2","ortholog_one2one",100,100,1
"CDSN","Cdsn","ortholog_one2one",100,98.42,1
"FBXO45","Fbxo45","ortholog_one2one",75,100,1
"TMEM209","Tmem209","ortholog_one2one",100,100,1
"FGD3","Fgd3","ortholog_one2one",100,100,1
"C17orf67","Gm525","ortholog_one2one",100,100,1
"RFC1","Rfc1","ortholog_one2one",100,100,1
"ZNF454","Zfp454","ortholog_one2one",100,98.51,1
"SWAP70","Swap70","ortholog_one2one",100,100,1
"PELI2","Peli2","ortholog_one2one",100,100,1
"RNF133","Rnf133","ortholog_one2one",100,100,1
"HNRNPK","Hnrnpk","ortholog_one2one",100,100,1
"RIMS2","Rims2","ortholog_one2one",75,100,1
"BRI3BP","Bri3bp","ortholog_one2one",100,100,1
"MCL1","Mcl1","ortholog_one2one",100,100,1
"RNF148","Rnf148","ortholog_one2one",100,100,1
"DAPK3","Dapk3","ortholog_one2one",100,100,1
"YTHDF3","Ythdf3","ortholog_one2one",50,100,1
"SSUH2","Ssu2","ortholog_one2one",100,100,1
"PADI3","Padi3","ortholog_one2one",100,100,1
"CPM","Cpm","ortholog_one2one",100,100,1
"C1orf53","2310009B15Rik","ortholog_one2one",100,100,1
"TMEM252","Tmem252","ortholog_one2one",75,100,1
"PGM5","Pgm5","ortholog_one2one",100,100,1
"CTR9","Ctr9","ortholog_one2one",100,100,1
"FILIP1L","Filip1l","ortholog_one2one",100,99.83,1
"CCK","Cck","ortholog_one2one",100,100,1
"C6orf15","2300002M23Rik","ortholog_one2one",75,88.15,0
"IRGC","Irgc1","ortholog_one2one",100,100,1
"ACTL7B","Actl7b","ortholog_one2one",100,100,1
"ANKRD34A","Ankrd34a","ortholog_one2one",100,100,1
"ACTL7A","Actl7a","ortholog_one2one",100,100,1
"FAM155A","Fam155a","ortholog_one2one",100,100,1
"HOXA9","Hoxa9","ortholog_one2one",100,100,1
"FMC1","Fmc1","ortholog_one2one",100,100,1
"RRM2B","Rrm2b","ortholog_one2one",100,100,1
"LIX1L","Lix1l","ortholog_one2one",100,100,1
"PRUNE2","Prune2","ortholog_one2one",100,100,1
"PIK3CG","Pik3cg","ortholog_one2one",100,100,1
"GTF2A1","Gtf2a1","ortholog_one2one",100,100,1
"CMSS1","Cmss1","ortholog_one2one",100,100,1
"MAGI2","Magi2","ortholog_one2one",100,100,1
"ANKMY1","Ankmy1","ortholog_one2one",100,96.05,1
"LYZL4","Lyzl4","ortholog_one2one",100,100,1
"MUCL3","Mucl3","ortholog_one2one",100,77.26,0
"LIPF","Lipf","ortholog_one2one",100,99.7,1
"BTN1A1","Btn1a1","ortholog_one2one",50,100,1
"PIGY","Pigyl","ortholog_one2one",0,0,0
"LSM5","Lsm5","ortholog_one2one",100,100,1
"TNNT3","Tnnt3","ortholog_one2one",75,100,1
"MFSD11","Mfsd11","ortholog_one2one",100,100,1
"VAV2","Vav2","ortholog_one2one",100,100,1
"WDR11","Wdr11","ortholog_one2one",100,100,1
"SFTA2","Sfta2","ortholog_one2one",100,100,1
"NAA25","Naa25","ortholog_one2one",100,100,1
"NOG","Nog","ortholog_one2one",100,100,1
"LAMC2","Lamc2","ortholog_one2one",100,100,1
"HES1","Hes1","ortholog_one2one",100,100,1
"MFF","Mff","ortholog_one2one",100,100,1
"AVL9","Avl9","ortholog_one2one",100,100,1
"KRT25","Krt25","ortholog_one2one",100,100,1
"LIG4","Lig4","ortholog_one2one",100,100,1
"IL23R","Il23r","ortholog_one2one",50,99.1,1
"MXD1","Mxd1","ortholog_one2one",100,99.28,1
"VIPR1","Vipr1","ortholog_one2one",100,100,1
"GPC1","Gpc1","ortholog_one2one",100,100,1
"GPR52","Gpr52","ortholog_one2one",100,100,1
"SLC22A12","Slc22a12","ortholog_one2one",100,100,1
"RABGAP1L","Rabgap1l","ortholog_one2one",100,100,1
"KRT26","Krt26","ortholog_one2one",100,100,1
"DNAJB12","Dnajb12","ortholog_one2one",100,100,1
"TMEM86A","Tmem86a","ortholog_one2one",100,100,1
"METAP2","Metap2","ortholog_one2one",100,100,1
"IL4","Il4","ortholog_one2one",100,88.42,0
"ANKS1B","Anks1b","ortholog_one2one",100,99.44,0
"TNNC1","Tnnc1","ortholog_one2one",100,100,1
"CAV3","Cav3","ortholog_one2one",100,100,1
"NOCT","Noct","ortholog_one2one",100,100,1
"SEC22C","Sec22c","ortholog_one2one",100,100,1
"PON1","Pon1","ortholog_one2one",100,100,1
"NRXN2","Nrxn2","ortholog_one2one",100,100,1
"OXTR","Oxtr","ortholog_one2one",100,100,1
"IDO1","Ido1","ortholog_one2one",100,100,1
"KIF3A","Kif3a","ortholog_one2one",100,100,1
"NEURL1","Neurl1a","ortholog_one2one",100,100,1
"KLHDC8A","Klhdc8a","ortholog_one2one",100,100,1
"HLA-DRA","H2-Ea","ortholog_one2one",100,96.74,1
"FOXL3","Gm5294","ortholog_one2one",75,100,1
"TMED5","Tmed5","ortholog_one2one",100,100,1
"CDH19","Cdh19","ortholog_one2one",75,100,1
"BTNL2","Btnl2","ortholog_one2one",100,97.04,1
"DIAPH1","Diaph1","ortholog_one2one",100,100,1
"AAMDC","Aamdc","ortholog_one2one",100,80.85,1
"JMJD6","Jmjd6","ortholog_one2one",100,98.8,1
"PLOD3","Plod3","ortholog_one2one",100,100,1
"TOX","Tox","ortholog_one2one",100,100,1
"GIMAP8","Gimap8","ortholog_one2one",100,97.47,1
"TANGO6","Tango6","ortholog_one2one",100,100,1
"TACSTD2","Tacstd2","ortholog_one2one",0,100,1
"SS18L2","Ss18l2","ortholog_one2one",100,100,1
"TEAD3","Tead3","ortholog_one2one",100,100,1
"LIPK","Lipk","ortholog_one2one",100,100,1
"ZFP2","Zfp2","ortholog_one2one",100,100,1
"HOOK2","Hook2","ortholog_one2one",100,100,1
"JADE1","Jade1","ortholog_one2one",100,100,1
"RETREG3","Retreg3","ortholog_one2one",100,100,1
"LAMC1","Lamc1","ortholog_one2one",100,100,1
"SRSF2","Srsf2","ortholog_one2one",100,100,1
"SPATA32","Spata32","ortholog_one2one",100,100,0
"EMC10","Emc10","ortholog_one2one",100,100,1
"RASA1","Rasa1","ortholog_one2one",100,100,1
"WASF3","Wasf3","ortholog_one2one",100,100,1
"COL4A3","Col4a3","ortholog_one2one",100,100,1
"ADAT2","Adat2","ortholog_one2one",100,100,1
"METTL23","Mettl23","ortholog_one2one",100,100,1
"ZBTB47","Zfp651","ortholog_one2one",100,99.55,1
"STXBP6","Stxbp6","ortholog_one2one",50,100,1
"ANKRD13A","Ankrd13a","ortholog_one2one",50,100,1
"ZNHIT1","Znhit1","ortholog_one2one",100,97.61,1
"AP2M1","Ap2m1","ortholog_one2one",100,100,1
"PEX3","Pex3","ortholog_one2one",100,100,1
"DDIT4","Ddit4","ortholog_one2one",100,100,1
"CFAP69","Cfap69","ortholog_one2one",100,100,1
"FCRL6","Fcrl1","ortholog_one2one",0,0,0
"HOXA10","Hoxa10","ortholog_one2one",100,100,1
"NKTR","Nktr","ortholog_one2one",100,100,1
"CRYBB2","Crybb2","ortholog_one2one",100,100,1
"MAP2K4","Map2k4","ortholog_one2one",100,100,1
"DEPDC1B","Depdc1b","ortholog_one2one",100,100,1
"RNF103","Rnf103","ortholog_one2one",100,100,1
"FLI1","Fli1","ortholog_one2one",100,100,1
"ELOVL2","Elovl2","ortholog_one2one",100,100,1
"PCSK4","Pcsk4","ortholog_one2one",100,100,1
"DSEL","Dsel","ortholog_one2one",50,100,1
"GCNT1","Gcnt1","ortholog_one2one",100,100,1
"NMUR2","Nmur2","ortholog_one2one",100,100,1
"HOXA11","Hoxa11","ortholog_one2one",100,100,1
"WDR53","Wdr53","ortholog_one2one",100,100,1
"ZNF354B","Zfp354b","ortholog_one2one",100,100,1
"IDH3B","Idh3b","ortholog_one2one",100,100,1
"MON2","Mon2","ortholog_one2one",100,100,1
"SMIM38","Smim38","ortholog_one2one",100,100,1
"RFK","Rfk","ortholog_one2one",100,100,1
"ABHD16A","Abhd16a","ortholog_one2one",100,100,1
"PADI1","Padi1","ortholog_one2one",100,100,1
"CCNH","Ccnh","ortholog_one2one",100,100,1
"MAN1A1","Man1a","ortholog_one2one",75,100,1
"CDH9","Cdh9","ortholog_one2one",100,100,1
"PPIF","Ppif","ortholog_one2one",75,100,1
"C6","C6","ortholog_one2one",100,99.73,1
"COPS7A","Cops7a","ortholog_one2one",100,100,1
"ZDHHC21","Zdhhc21","ortholog_one2one",100,100,1
"LGALS3BP","Lgals3bp","ortholog_one2one",100,100,1
"AGRN","Agrn","ortholog_one2one",100,100,1
"RALGAPA1","Ralgapa1","ortholog_one2one",100,100,1
"F2","F2","ortholog_one2one",100,100,1
"AACS","Aacs","ortholog_one2one",100,100,1
"DHCR24","Dhcr24","ortholog_one2one",100,99.34,1
"HEY2","Hey2","ortholog_one2one",100,100,1
"RPUSD4","Rpusd4","ortholog_one2one",100,100,1
"MVP","Mvp","ortholog_one2one",100,100,1
"DACT3","Dact3","ortholog_one2one",100,100,1
"PROP1","Prop1","ortholog_one2one",0,100,1
"AICDA","Aicda","ortholog_one2one",50,100,1
"CSNK1G3","Csnk1g3","ortholog_one2one",100,100,1
"NLE1","Nle1","ortholog_one2one",100,100,1
"PLAUR","Plaur","ortholog_one2one",100,100,1
"SART1","Sart1","ortholog_one2one",100,100,1
"ADAMTSL4","Adamtsl4","ortholog_one2one",100,100,1
"FAM185A","Fam185a","ortholog_one2one",50,100,1
"YME1L1","Yme1l1","ortholog_one2one",50,97.36,1
"NOP56","Nop56","ortholog_one2one",100,100,1
"DTNBP1","Dtnbp1","ortholog_one2one",100,100,1
"DTWD1","Dtwd1","ortholog_one2one",100,100,1
"HAS3","Has3","ortholog_one2one",100,100,1
"TEAD4","Tead4","ortholog_one2one",100,100,1
"CSF1R","Csf1r","ortholog_one2one",100,100,1
"KLHL40","Klhl40","ortholog_one2one",100,100,1
"SMCO1","Smco1","ortholog_one2one",100,100,1
"VARS2","Vars2","ortholog_one2one",75,100,1
"METTL26","Mettl26","ortholog_one2one",100,100,1
"MTNR1A","Mtnr1a","ortholog_one2one",100,100,1
"HAL","Hal","ortholog_one2one",100,100,1
"KEAP1","Keap1","ortholog_one2one",100,100,1
"ZDHHC16","Zdhhc16","ortholog_one2one",100,100,1
"WDR93","Wdr93","ortholog_one2one",100,99.38,1
"PRRT2","Prrt2","ortholog_one2one",100,100,1
"DERPC","Gm50241","ortholog_one2one",100,100,1
"ADAM18","Adam18","ortholog_one2one",100,100,1
"GRP","Grp","ortholog_one2one",100,100,1
"CHTF8","Chtf8","ortholog_one2one",100,100,1
"HHATL","Hhatl","ortholog_one2one",100,100,1
"RDH14","Rdh14","ortholog_one2one",100,100,1
"LY6G5C","Ly6g5c","ortholog_one2one",100,79.88,0
"ABHD13","Abhd13","ortholog_one2one",100,100,1
"CER1","Cer1","ortholog_one2one",100,100,1
"FNDC8","Fndc8","ortholog_one2one",100,100,1
"CCDC71L","Ccdc71l","ortholog_one2one",100,100,0
"MESP1","Mesp1","ortholog_one2one",100,100,1
"ABCC2","Abcc2","ortholog_one2one",100,100,1
"LAPTM4A","Laptm4a","ortholog_one2one",100,100,1
"ACTR2","Actr2","ortholog_one2one",100,100,1
"TBXT","T","ortholog_one2one",100,100,1
"SGPL1","Sgpl1","ortholog_one2one",100,100,1
"MESP2","Mesp2","ortholog_one2one",100,96.62,1
"AGTR2","Agtr2","ortholog_one2one",50,100,1
"KRT27","Krt27","ortholog_one2one",100,100,1
"DNAJC5G","Dnajc5g","ortholog_one2one",100,100,1
"PEBP1","Pbp2","ortholog_one2one",0,5.36,0
"YKT6","Ykt6","ortholog_one2one",100,100,1
"LRBA","Lrba","ortholog_one2one",25,100,1
"ZNF77","BC025920","ortholog_one2one",50,0,0
"HMGXB3","Hmgxb3","ortholog_one2one",100,99.92,1
"USP20","Usp20","ortholog_one2one",100,100,1
"DYNC1LI2","Dync1li2","ortholog_one2one",100,100,1
"FOXD1","Foxd1","ortholog_one2one",100,100,1
"MRGPRF","Mrgprf","ortholog_one2one",50,100,1
"RNF168","Rnf168","ortholog_one2one",100,95.6,1
"DDX19B","Ddx19b","ortholog_one2one",100,100,1
"SLC30A3","Slc30a3","ortholog_one2one",100,100,1
"MRGPRD","Mrgprd","ortholog_one2one",50,100,1
"TSGA10IP","Tsga10ip","ortholog_one2one",100,100,1
"RASSF2","Rassf2","ortholog_one2one",100,100,1
"ZNF551","Zfp551","ortholog_one2one",0,99.51,1
"ERBB4","Erbb4","ortholog_one2one",100,100,1
"TNFRSF1B","Tnfrsf1b","ortholog_one2one",100,100,1
"FUT9","Fut9","ortholog_one2one",100,100,1
"CROCC","Crocc","ortholog_one2one",100,100,1
"SHE","She","ortholog_one2one",100,100,1
"DNAJB5","Dnajb5","ortholog_one2one",100,100,1
"MAP3K7","Map3k7","ortholog_one2one",100,100,1
"TMEM201","Tmem201","ortholog_one2one",100,100,1
"GIMAP6","Gimap6","ortholog_one2one",75,100,0
"PRKAB1","Prkab1","ortholog_one2one",100,100,1
"GNG8","Gng8","ortholog_one2one",100,100,1
"DENND1B","Dennd1b","ortholog_one2one",100,100,1
"GIMAP4","Gimap4","ortholog_one2one",75,100,1
"SLC49A4","Slc49a4","ortholog_one2one",100,100,1
"DRAP1","Drap1","ortholog_one2one",100,100,1
"IL6R","Il6ra","ortholog_one2one",100,96.57,1
"SH3PXD2A","Sh3pxd2a","ortholog_one2one",100,100,1
"HOXA13","Hoxa13","ortholog_one2one",100,100,1
"PON3","Pon3","ortholog_one2one",100,100,1
"PICALM","Picalm","ortholog_one2one",100,100,1
"MYOZ1","Myoz1","ortholog_one2one",100,100,1
"ANGPTL4","Angptl4","ortholog_one2one",100,100,1
"NEK1","Nek1","ortholog_one2one",100,100,1
"GFRA3","Gfra3","ortholog_one2one",100,100,1
"CADM4","Cadm4","ortholog_one2one",100,100,1
"PTGIR","Ptgir","ortholog_one2one",100,100,1
"DOCK8","Dock8","ortholog_one2one",75,100,1
"HIGD1A","Higd1a","ortholog_one2one",100,100,1
"EMP1","Emp1","ortholog_one2one",100,100,1
"TNFSF13B","Tnfsf13b","ortholog_one2one",100,96.77,1
"SLC2A12","Slc2a12","ortholog_one2one",100,100,1
"NDUFS5","Ndufs5","ortholog_one2one",100,100,1
"CA8","Car8","ortholog_one2one",100,100,1
"GIMAP1","Gimap1","ortholog_one2one",100,98.73,1
"TFDP1","Tfdp1","ortholog_one2one",100,99.42,1
"TMTC2","Tmtc2","ortholog_one2one",100,100,1
"ZNF804A","Zfp804a","ortholog_one2one",100,100,1
"TBPL1","Tbpl1","ortholog_one2one",100,100,1
"GRIP1","Grip1","ortholog_one2one",100,100,1
"GIMAP7","Gimap7","ortholog_one2one",75,0,1
"SEPHS1","Sephs1","ortholog_one2one",100,100,1
"COL3A1","Col3a1","ortholog_one2one",50,100,1
"FAM71E1","Fam71e1","ortholog_one2one",100,100,0
"VCP","Vcp","ortholog_one2one",100,100,1
"SIRT6","Sirt6","ortholog_one2one",25,100,1
"UCHL5","Uchl5","ortholog_one2one",100,97.53,1
"PLA2G2F","Pla2g2f","ortholog_one2one",100,100,1
"TSBP1","BC051142","ortholog_one2one",100,79.6,0
"DMKN","Dmkn","ortholog_one2one",100,99.24,0
"MATN3","Matn3","ortholog_one2one",100,100,1
"CPN2","Cpn2","ortholog_one2one",100,100,1
"TULP3","Tulp3","ortholog_one2one",100,94.03,1
"AC105052.3","Polr2j","ortholog_one2one",50,90.67,1
"ACKR2","Ackr2","ortholog_one2one",100,100,1
"EVA1C","Eva1c","ortholog_one2one",100,100,1
"PGBD1","Pgbd1","ortholog_one2one",100,94.59,0
"HSPBAP1","Hspbap1","ortholog_one2one",100,100,1
"UBXN7","Ubxn7","ortholog_one2one",100,100,1
"ZNF18","Zkscan6","ortholog_one2one",100,100,1
"TTC39C","Ttc39c","ortholog_one2one",100,100,1
"CYP8B1","Cyp8b1","ortholog_one2one",100,100,1
"LRWD1","Lrwd1","ortholog_one2one",100,100,1
"TMEM14C","Tmem14c","ortholog_one2one",100,100,1
"LRRC15","Lrrc15","ortholog_one2one",100,100,1
"GASK1A","Gask1a","ortholog_one2one",100,100,1
"ZSCAN26","Zscan26","ortholog_one2one",100,97.03,1
"DOCK11","Dock11","ortholog_one2one",50,100,1
"C9orf131","1700022I11Rik","ortholog_one2one",100,95.17,0
"RAD1","Rad1","ortholog_one2one",100,100,1
"NXPH2","Nxph2","ortholog_one2one",50,100,1
"ZNF408","Zfp408","ortholog_one2one",100,100,1
"EIF4E2","Eif4e2","ortholog_one2one",100,100,1
"RHNO1","Rhno1","ortholog_one2one",100,100,1
"IKZF2","Ikzf2","ortholog_one2one",100,100,1
"TCIRG1","Tcirg1","ortholog_one2one",100,100,1
"HDDC2","Hddc2","ortholog_one2one",100,100,1
"MYBPC2","Mybpc2","ortholog_one2one",100,100,1
"CALM3","Calm3","ortholog_one2one",100,100,1
"MAPK15","Mapk15","ortholog_one2one",100,100,1
"OCA2","Oca2","ortholog_one2one",75,100,1
"ABCA5","Abca5","ortholog_one2one",100,100,1
"TMEM163","Tmem163","ortholog_one2one",100,100,1
"KCNV2","Kcnv2","ortholog_one2one",100,100,1
"PNMA8B","Pnmal2","ortholog_one2one",100,99.19,1
"CACNA1B","Cacna1b","ortholog_one2one",50,100,1
"ZNF428","Zfp428","ortholog_one2one",100,94.86,1
"KBTBD2","Kbtbd2","ortholog_one2one",100,100,1
"PADI2","Padi2","ortholog_one2one",100,100,1
"EMC4","Emc4","ortholog_one2one",100,100,1
"PRR36","Prr36","ortholog_one2one",100,98.95,0
"SRRM5","Gm50092","ortholog_one2one",100,95.12,0
"POMGNT2","Pomgnt2","ortholog_one2one",100,100,1
"LRRN4CL","Lrrn4cl","ortholog_one2one",100,100,1
"NOSTRIN","Nostrin","ortholog_one2one",100,100,1
"KMT2C","Kmt2c","ortholog_one2one",100,100,1
"FKBP9","Fkbp9","ortholog_one2one",75,100,1
"TET1","Tet1","ortholog_one2one",100,97.67,1
"CLTA","Clta","ortholog_one2one",100,100,1
"KATNBL1","Katnbl1","ortholog_one2one",100,100,1
"TALDO1","Taldo1","ortholog_one2one",75,100,1
"EVI5L","Evi5l","ortholog_one2one",100,100,0
"GP5","Gp5","ortholog_one2one",100,100,1
"MANEA","Manea","ortholog_one2one",100,100,1
"MGAT5","Mgat5","ortholog_one2one",100,100,1
"CLP1","Clp1","ortholog_one2one",100,99.65,1
"CCDC80","Ccdc80","ortholog_one2one",100,100,1
"PLA2G2D","Pla2g2d","ortholog_one2one",100,100,1
"SEC16B","Sec16b","ortholog_one2one",100,100,1
"SNRK","Snrk","ortholog_one2one",100,100,1
"ELL","Ell","ortholog_one2one",100,100,1
"KCNK6","Kcnk6","ortholog_one2one",100,100,1
"TAS2R16","Tas2r118","ortholog_one2one",100,100,1
"TRIP13","Trip13","ortholog_one2one",100,100,1
"DNAH12","Dnah12","ortholog_one2one",100,100,1
"SLC25A33","Slc25a33","ortholog_one2one",100,100,1
"LEXM","Lexm","ortholog_one2one",100,100,1
"NUAK2","Nuak2","ortholog_one2one",100,100,1
"UNC45B","Unc45b","ortholog_one2one",75,100,1
"ZIK1","Zik1","ortholog_one2one",0,100,1
"COL9A2","Col9a2","ortholog_one2one",100,100,1
"TTLL2","Ttll2","ortholog_one2one",25,94.35,1
"COL27A1","Col27a1","ortholog_one2one",100,100,1
"C12orf66","BC048403","ortholog_one2one",100,100,1
"MED9","Med9","ortholog_one2one",100,100,1
"BNIP3","Bnip3","ortholog_one2one",100,87.85,1
"SLC13A1","Slc13a1","ortholog_one2one",100,100,1
"RASD1","Rasd1","ortholog_one2one",100,100,1
"DUSP28","Dusp28","ortholog_one2one",100,98.55,1
"SIAH2","Siah2","ortholog_one2one",100,100,1
"NCOR2","Ncor2","ortholog_one2one",100,99.54,1
"SDK2","Sdk2","ortholog_one2one",100,100,1
"STN1","Stn1","ortholog_one2one",100,100,1
"NFKBIZ","Nfkbiz","ortholog_one2one",100,100,1
"TMEM132B","Tmem132b","ortholog_one2one",100,99.89,1
"MINDY4B","Mindy4b-ps","ortholog_one2one",100,100,1
"MED24","Med24","ortholog_one2one",100,100,1
"TMEM30B","Tmem30b","ortholog_one2one",100,100,1
"SCAF8","Scaf8","ortholog_one2one",50,100,1
"AKIRIN1","Akirin1","ortholog_one2one",100,100,1
"EQTN","Eqtn","ortholog_one2one",50,100,0
"FAM193B","Fam193b","ortholog_one2one",100,100,1
"ANGPT1","Angpt1","ortholog_one2one",100,100,1
"SERPINA6","Serpina6","ortholog_one2one",100,100,1
"CXADR","Cxadr","ortholog_one2one",100,100,1
"ANPEP","Anpep","ortholog_one2one",100,100,1
"CXCL13","Cxcl13","ortholog_one2one",100,100,0
"EIF4G2","Eif4g2","ortholog_one2one",100,100,1
"CCN4","Ccn4","ortholog_one2one",100,100,1
"MDFIC","Mdfic","ortholog_one2one",100,100,1
"MAP3K14","Map3k14","ortholog_one2one",100,100,1
"SLC6A1","Slc6a1","ortholog_one2one",100,100,1
"GPR137B","Gpr137b","ortholog_one2one",100,83.6,1
"ATP6V0A1","Atp6v0a1","ortholog_one2one",100,100,1
"ANO10","Ano10","ortholog_one2one",100,100,1
"TRDMT1","Trdmt1","ortholog_one2one",100,100,1
"S1PR5","S1pr5","ortholog_one2one",100,100,1
"SLFN5","Slfn5","ortholog_one2one",75,100,1
"QRFP","Qrfp","ortholog_one2one",100,100,1
"ZNF346","Zfp346","ortholog_one2one",100,100,1
"CANT1","Cant1","ortholog_one2one",100,100,1
"RAD54B","Rad54b","ortholog_one2one",100,100,1
"SLCO3A1","Slco3a1","ortholog_one2one",75,100,1
"PSMD6","Psmd6","ortholog_one2one",50,100,1
"RHBDL2","Rhbdl2","ortholog_one2one",100,100,1
"ATP4B","Atp4b","ortholog_one2one",100,100,1
"YPEL4","Ypel4","ortholog_one2one",100,100,1
"CCSER2","Ccser2","ortholog_one2one",75,100,1
"CFL1","Cfl1","ortholog_one2one",75,91.49,1
"ZNF638","Zfp638","ortholog_one2one",50,100,1
"TTC22","Ttc22","ortholog_one2one",100,100,1
"BTG3","Btg3","ortholog_one2one",100,100,1
"IQUB","Iqub","ortholog_one2one",100,100,1
"TDP1","Tdp1","ortholog_one2one",100,100,1
"SNX32","Snx32","ortholog_one2one",100,100,1
"TBC1D22B","Tbc1d22b","ortholog_one2one",75,100,1
"IRGQ","Irgq","ortholog_one2one",100,98.53,1
"PLA2G5","Pla2g5","ortholog_one2one",100,100,0
"PRPF8","Prpf8","ortholog_one2one",100,100,1
"PINLYP","Pinlyp","ortholog_one2one",100,100,1
"RPS28","Rps28","ortholog_one2one",100,100,1
"FSTL5","Fstl5","ortholog_one2one",50,100,1
"FSBP","Fsbp","ortholog_one2one",100,100,1
"GRIN2B","Grin2b","ortholog_one2one",100,100,1
"C1QTNF1","C1qtnf1","ortholog_one2one",100,100,1
"IGFLR1","Igflr1","ortholog_one2one",100,100,1
"ANXA4","Anxa4","ortholog_one2one",100,100,1
"FAM83H","Fam83h","ortholog_one2one",100,100,1
"TBC1D10A","Tbc1d10a","ortholog_one2one",100,100,1
"MAB21L2","Mab21l2","ortholog_one2one",75,100,1
"PSENEN","Psenen","ortholog_one2one",100,100,1
"NUCKS1","Nucks1","ortholog_one2one",100,100,1
"NSMCE3","1700020D05Rik","ortholog_one2one",0,0,0
"CMTR1","Cmtr1","ortholog_one2one",100,100,1
"UGGT1","Uggt1","ortholog_one2one",25,100,1
"IQANK1","Iqank1","ortholog_one2one",100,100,1
"KCNS3","Kcns3","ortholog_one2one",100,100,1
"NDUFA5","Ndufa5","ortholog_one2one",100,92.39,1
"CNTFR","Cntfr","ortholog_one2one",100,100,1
"PLA2G2A","Pla2g2a","ortholog_one2one",100,100,1
"KANK3","Kank3","ortholog_one2one",100,96.95,1
"PEX11B","Pex11b","ortholog_one2one",100,100,1
"MYLIP","Mylip","ortholog_one2one",100,100,1
"LIPN","Lipn","ortholog_one2one",100,100,1
"ZNF655","Zfp655","ortholog_one2one",75,100,1
"PEMT","Pemt","ortholog_one2one",100,100,1
"ECM1","Ecm1","ortholog_one2one",100,100,1
"FBXL13","Fbxl13","ortholog_one2one",50,100,1
"ZMPSTE24","Zmpste24","ortholog_one2one",100,100,1
"DBNL","Dbnl","ortholog_one2one",100,100,1
"PON2","Pon2","ortholog_one2one",100,100,1
"PNMA8A","Pnmal1","ortholog_one2one",100,100,1
"SHISA7","Shisa7","ortholog_one2one",100,100,1
"PCTP","Pctp","ortholog_one2one",100,94.89,1
"PLEKHB1","Plekhb1","ortholog_one2one",100,100,1
"NKAPL","Nkapl","ortholog_one2one",75,100,1
"SLC2A9","Slc2a9","ortholog_one2one",75,100,1
"SSMEM1","Ssmem1","ortholog_one2one",100,100,1
"PHYH","Phyh","ortholog_one2one",100,100,1
"IL13","Il13","ortholog_one2one",100,100,1
"ATP13A3","Atp13a3","ortholog_one2one",100,100,1
"PHRF1","Phrf1","ortholog_one2one",100,100,1
"SERPINA2","Serpina1f","ortholog_one2one",100,90.02,0
"PUM3","Pum3","ortholog_one2one",100,100,1
"PNMA8C","Gm42372","ortholog_one2one",100,100,1
"RAB2A","Rab2a","ortholog_one2one",100,100,1
"GEM","Gem","ortholog_one2one",75,100,1
"TRH","Trh","ortholog_one2one",0,98.72,1
"SLC35A5","Slc35a5","ortholog_one2one",100,100,1
"DQX1","Dqx1","ortholog_one2one",100,100,1
"AP4E1","Ap4e1","ortholog_one2one",50,100,1
"PDZD8","Pdzd8","ortholog_one2one",100,100,1
"HGSNAT","Hgsnat","ortholog_one2one",50,94.01,1
"SYNPO2L","Synpo2l","ortholog_one2one",100,100,1
"ABHD5","Abhd5","ortholog_one2one",100,100,1
"LIMK2","Limk2","ortholog_one2one",100,95.76,1
"UBA2","Uba2","ortholog_one2one",100,100,1
"ZNF330","Zfp330","ortholog_one2one",100,100,1
"ENGASE","Engase","ortholog_one2one",100,100,1
"SPSB1","Spsb1","ortholog_one2one",100,100,1
"TMCO2","Tmco2","ortholog_one2one",100,100,1
"GPR139","Gpr139","ortholog_one2one",100,100,1
"TFEC","Tfec","ortholog_one2one",100,100,1
"SIGMAR1","Sigmar1","ortholog_one2one",100,100,1
"PKP2","Pkp2","ortholog_one2one",50,98.05,1
"ZIC1","Zic1","ortholog_one2one",50,100,1
"GPX6","Gpx6","ortholog_one2one",75,100,1
"LRRC17","Lrrc17","ortholog_one2one",100,100,1
"PARP14","Parp14","ortholog_one2one",100,100,1
"AMBRA1","Ambra1","ortholog_one2one",100,100,1
"CLCF1","Clcf1","ortholog_one2one",75,100,1
"ZIC4","Zic4","ortholog_one2one",75,100,1
"COL8A1","Col8a1","ortholog_one2one",75,100,1
"AIG1","Aig1","ortholog_one2one",100,98.6,1
"UBXN1","Ubxn1","ortholog_one2one",100,100,1
"MDM2","Mdm2","ortholog_one2one",100,97.45,1
"KIF1C","Kif1c","ortholog_one2one",75,100,1
"IRF7","Irf7","ortholog_one2one",100,100,1
"EMX2","Emx2","ortholog_one2one",100,100,1
"ILVBL","Ilvbl","ortholog_one2one",50,100,1
"TMEM100","Tmem100","ortholog_one2one",100,100,1
"CASTOR1","Castor1","ortholog_one2one",100,100,1
"PKHD1L1","Pkhd1l1","ortholog_one2one",100,100,1
"TOPAZ1","Topaz1","ortholog_one2one",100,100,1
"OR2T6","Olfr720","ortholog_one2one",0,100,1
"GRK1","Grk1","ortholog_one2one",100,100,1
"PTCH1","Ptch1","ortholog_one2one",100,100,1
"AL353579.1","Gm17657","ortholog_one2one",100,100,0
"RXRA","Rxra","ortholog_one2one",100,100,1
"ISYNA1","Isyna1","ortholog_one2one",100,100,1
"NT5C3A","Nt5c3","ortholog_one2one",50,100,1
"LMBR1L","Lmbr1l","ortholog_one2one",100,100,1
"DCST2","Dcst2","ortholog_one2one",100,100,1
"ZNF668","Zfp668","ortholog_one2one",100,100,1
"EXOC1L","Gm7271","ortholog_one2one",100,100,1
"RMI1","Rmi1","ortholog_one2one",100,100,1
"DCST1","Dcst1","ortholog_one2one",100,100,1
"TMEM217","Tmem217","ortholog_one2one",100,95.2,0
"TMEM107","Tmem107","ortholog_one2one",100,100,1
"GNB4","Gnb4","ortholog_one2one",100,100,1
"GINM1","Ginm1","ortholog_one2one",100,100,1
"NAMPT","Nampt","ortholog_one2one",100,100,1
"MSGN1","Msgn1","ortholog_one2one",100,100,1
"SLC23A2","Slc23a2","ortholog_one2one",100,100,1
"TLX2","Tlx2","ortholog_one2one",100,100,1
"SMIM36","Gm45716","ortholog_one2one",100,100,1
"TCAIM","Tcaim","ortholog_one2one",100,100,1
"MMD","Mmd","ortholog_one2one",100,100,1
"CCDC167","Ccdc167","ortholog_one2one",100,97.11,1
"ZNF606","Zfp606","ortholog_one2one",0,100,1
"ADNP2","Adnp2","ortholog_one2one",75,99.11,1
"SLC25A16","Slc25a16","ortholog_one2one",100,100,1
"CDON","Cdon","ortholog_one2one",100,100,1
"AK1","Ak1","ortholog_one2one",100,100,1
"ZNF646","Zfp646","ortholog_one2one",100,100,1
"PRSS53","Prss53","ortholog_one2one",100,100,1
"RBFA","Rbfa","ortholog_one2one",100,100,1
"KHDRBS3","Khdrbs3","ortholog_one2one",100,100,1
"RRAGC","Rragc","ortholog_one2one",100,100,1
"BHLHE22","Bhlhe22","ortholog_one2one",50,100,1
"UQCC3","Uqcc3","ortholog_one2one",100,100,1
"ATG4D","Atg4d","ortholog_one2one",100,100,1
"ZNF445","Zfp445","ortholog_one2one",100,99.01,1
"DDX49","Ddx49","ortholog_one2one",100,100,1
"SLC4A3","Slc4a3","ortholog_one2one",100,100,1
"C19orf85","Gm36210","ortholog_one2one",100,100,1
"MFSD4A","Mfsd4a","ortholog_one2one",100,98.81,1
"KRI1","Kri1","ortholog_one2one",100,100,1
"CPT1C","Cpt1c","ortholog_one2one",100,100,1
"SPART","Spg20","ortholog_one2one",100,100,1
"OSBPL1A","Osbpl1a","ortholog_one2one",100,100,1
"ZKSCAN7","Zkscan7","ortholog_one2one",100,100,1
"EPPK1","Eppk1","ortholog_one2one",100,99.87,1
"RAPGEF1","Rapgef1","ortholog_one2one",75,100,1
"INTS5","Ints5","ortholog_one2one",100,100,1
"PAN2","Pan2","ortholog_one2one",100,100,1
"TUBA1A","Tuba1a","ortholog_one2one",75,100,1
"ZNF35","Zfp105","ortholog_one2one",100,100,1
"GPANK1","Gpank1","ortholog_one2one",100,100,1
"PARS2","Pars2","ortholog_one2one",100,100,1
"SMIM13","Smim13","ortholog_one2one",100,100,1
"RNPEPL1","Rnpepl1","ortholog_one2one",100,100,1
"GRIPAP1","Gripap1","ortholog_one2one",100,100,1
"TUBA1C","Gm49450","ortholog_one2one",0,1.68,0
"TUBA1B","Tuba1b","ortholog_one2one",75,100,1
"KIAA1143","1110059G10Rik","ortholog_one2one",100,100,1
"C6orf47","D17H6S53E","ortholog_one2one",100,100,1
"TNFRSF8","Tnfrsf8","ortholog_one2one",100,98.06,0
"CCKAR","Cckar","ortholog_one2one",100,100,1
"AMDHD1","Amdhd1","ortholog_one2one",100,100,1
"TEC","Tec","ortholog_one2one",100,100,1
"CSNK2B","Csnk2b","ortholog_one2one",100,100,1
"IL13RA1","Il13ra1","ortholog_one2one",50,100,1
"KIF15","Kif15","ortholog_one2one",100,100,1
"RAX","Rax","ortholog_one2one",100,100,1
"C5orf22","6030458C11Rik","ortholog_one2one",100,100,1
"ATP5F1C","Atp5c1","ortholog_one2one",100,100,1
"CRB1","Crb1","ortholog_one2one",100,100,1
"HNRNPAB","Hnrnpab","ortholog_one2one",100,100,1
"TMEM255B","Tmem255b","ortholog_one2one",100,100,1
"PLSCR5","Plscr5","ortholog_one2one",100,100,1
"ATG3","Atg3","ortholog_one2one",100,100,1
"EPS15","Eps15","ortholog_one2one",100,100,1
"F11","F11","ortholog_one2one",100,100,1
"RAI1","Rai1","ortholog_one2one",100,100,1
"GABRB1","Gabrb1","ortholog_one2one",100,100,1
"MBNL1","Mbnl1","ortholog_one2one",100,100,1
"GP2","Gp2","ortholog_one2one",100,100,1
"ALKBH4","Alkbh4","ortholog_one2one",100,100,1
"BTN2A2","Btn2a2","ortholog_one2one",25,100,1
"VSIG10L2","Gm1113","ortholog_one2one",100,100,1
"OR2T1","Olfr31","ortholog_one2one",25,100,1
"NOS1","Nos1","ortholog_one2one",100,100,1
"PHYKPL","Phykpl","ortholog_one2one",100,100,1
"CPLX4","Cplx4","ortholog_one2one",100,100,1
"GAS6","Gas6","ortholog_one2one",100,100,1
"SREBF1","Srebf1","ortholog_one2one",100,100,1
"ATP8B4","Atp8b4","ortholog_one2one",100,100,1
"H6PD","H6pd","ortholog_one2one",100,100,1
"PLCB1","Plcb1","ortholog_one2one",100,100,1
"GABRA4","Gabra4","ortholog_one2one",100,100,1
"TRIM54","Trim54","ortholog_one2one",100,96.12,1
"FREM1","Frem1","ortholog_one2one",100,100,1
"ELK4","Elk4","ortholog_one2one",100,100,1
"SDHB","Sdhb","ortholog_one2one",100,100,1
"VPS4B","Vps4b","ortholog_one2one",100,100,1
"DLC1","Dlc1","ortholog_one2one",100,99.75,1
"PI4KA","Pi4ka","ortholog_one2one",50,100,1
"MIDEAS","Elmsan1","ortholog_one2one",100,100,1
"CDC25C","Cdc25c","ortholog_one2one",100,92.49,1
"ORAI2","Orai2","ortholog_one2one",100,100,1
"SLC45A3","Slc45a3","ortholog_one2one",100,100,1
"AGFG2","Agfg2","ortholog_one2one",100,100,1
"FNDC1","Fndc1","ortholog_one2one",50,100,1
"KPNA1","Kpna1","ortholog_one2one",100,100,1
"MAPK3","Mapk3","ortholog_one2one",100,100,1
"SLC8A3","Slc8a3","ortholog_one2one",75,100,1
"CPVL","Cpvl","ortholog_one2one",100,100,1
"ABCG2","Abcg3","ortholog_one2one",50,4.11,0
"HDAC3","Hdac3","ortholog_one2one",100,100,1
"PI16","Pi16","ortholog_one2one",100,97.85,1
"PRPH","Prph","ortholog_one2one",75,100,1
"CYP7B1","Cyp7b1","ortholog_one2one",100,100,1
"PRR33","Prr33","ortholog_one2one",75,99.13,1
"RAB1A","Rab1a","ortholog_one2one",100,100,1
"SRGAP1","Srgap1","ortholog_one2one",100,100,1
"C12orf65","2810006K23Rik","ortholog_one2one",100,100,1
"FIBCD1","Fibcd1","ortholog_one2one",100,100,1
"SBF2","Sbf2","ortholog_one2one",100,100,1
"RLF","Rlf","ortholog_one2one",100,100,1
"ZDHHC3","Zdhhc3","ortholog_one2one",100,100,1
"PHF19","Phf19","ortholog_one2one",100,99.28,1
"FRY","Fry","ortholog_one2one",100,99.99,1
"MPHOSPH9","Mphosph9","ortholog_one2one",100,100,1
"TMED9","Tmed9","ortholog_one2one",75,100,1
"CAPN10","Capn10","ortholog_one2one",75,100,1
"FAM53C","Fam53c","ortholog_one2one",100,100,1
"WFIKKN1","Wfikkn1","ortholog_one2one",100,100,1
"DTX3L","Dtx3l","ortholog_one2one",100,100,1
"RAB11FIP4","Rab11fip4","ortholog_one2one",100,100,1
"COL5A1","Col5a1","ortholog_one2one",100,100,1
"DCTN3","Dctn3","ortholog_one2one",100,100,1
"SPC25","Spc25","ortholog_one2one",100,100,1
"GABRG3","Gabrg3","ortholog_one2one",100,100,1
"PODXL2","Podxl2","ortholog_one2one",100,100,1
"ZSCAN25","Zscan25","ortholog_one2one",50,100,1
"LAMC3","Lamc3","ortholog_one2one",100,100,1
"NXPE3","Nxpe3","ortholog_one2one",100,100,1
"LMBR1","Lmbr1","ortholog_one2one",100,96.97,1
"EPC1","Epc1","ortholog_one2one",50,100,1
"HRH1","Hrh1","ortholog_one2one",100,100,1
"TROAP","Troap","ortholog_one2one",100,97.22,0
"ARID3C","Arid3c","ortholog_one2one",100,100,1
"PARP9","Parp9","ortholog_one2one",100,100,1
"SOD1","Sod1","ortholog_one2one",100,100,1
"AGA","Aga","ortholog_one2one",100,100,1
"TXNL4A","Txnl4a","ortholog_one2one",100,100,1
"ZBTB41","Zbtb41","ortholog_one2one",100,100,1
"CLRN1","Clrn1","ortholog_one2one",100,100,1
"SLC19A3","Slc19a3","ortholog_one2one",100,100,1
"SCAF4","Scaf4","ortholog_one2one",100,98.29,1
"TMEM42","Tmem42","ortholog_one2one",100,100,1
"RPP25L","Rpp25l","ortholog_one2one",100,100,1
"SNAP29","Snap29","ortholog_one2one",100,100,1
"GALT","Galt","ortholog_one2one",75,100,1
"TAPT1","Tapt1","ortholog_one2one",100,100,1
"FCRL5","Fcrl5","ortholog_one2one",75,87.56,0
"SUFU","Sufu","ortholog_one2one",100,100,1
"RAB40C","Rab40c","ortholog_one2one",75,100,1
"KTN1","Ktn1","ortholog_one2one",100,100,1
"BICD2","Bicd2","ortholog_one2one",75,100,1
"SERPIND1","Serpind1","ortholog_one2one",50,100,1
"TGM4","Tgm4","ortholog_one2one",100,100,1
"KLRG2","Klrg2","ortholog_one2one",100,100,1
"GPR157","Gpr157","ortholog_one2one",100,100,1
"RBL2","Rbl2","ortholog_one2one",100,100,1
"TFG","Tfg","ortholog_one2one",100,100,1
"HIC2","Hic2","ortholog_one2one",25,100,1
"PCGF1","Pcgf1","ortholog_one2one",100,100,1
"BTLA","Btla","ortholog_one2one",100,99.31,1
"PLSCR4","Plscr4","ortholog_one2one",100,100,1
"RGR","Rgr","ortholog_one2one",100,100,1
"CFLAR","Cflar","ortholog_one2one",75,100,1
"CFAP298","Cfap298","ortholog_one2one",100,100,1
"CYP4F3","Cyp4f18","ortholog_one2one",0,0.62,0
"TERB1","Terb1","ortholog_one2one",100,98.47,1
"CABYR","Cabyr","ortholog_one2one",100,98.12,1
"ADAM23","Adam23","ortholog_one2one",100,100,1
"XRCC1","Xrcc1","ortholog_one2one",100,100,1
"ANKRD35","Ankrd35","ortholog_one2one",100,100,1
"RGS2","Rgs2","ortholog_one2one",100,100,1
"CCDC59","Ccdc59","ortholog_one2one",100,100,1
"ANKRD27","Ankrd27","ortholog_one2one",100,100,1
"RSPO2","Rspo2","ortholog_one2one",100,100,1
"EXOSC7","Exosc7","ortholog_one2one",100,100,1
"ZNF101","Zfp961","ortholog_one2one",0,0,0
"AQR","Aqr","ortholog_one2one",100,100,1
"CNGB1","Cngb1","ortholog_one2one",100,97.25,1
"PKN3","Pkn3","ortholog_one2one",100,100,1
"ASB4","Asb4","ortholog_one2one",100,100,1
"NHLRC4","Nhlrc4","ortholog_one2one",100,100,1
"METTL25","Mettl25","ortholog_one2one",100,100,1
"PLOD2","Plod2","ortholog_one2one",100,100,1
"PIGQ","Pigq","ortholog_one2one",100,92.96,1
"PRKRIP1","Prkrip1","ortholog_one2one",100,100,1
"ACTL9","Actl9","ortholog_one2one",50,100,1
"TMCC2","Tmcc2","ortholog_one2one",100,100,1
"NFILZ","Gm4125","ortholog_one2one",75,100,1
"LRIT1","Lrit1","ortholog_one2one",100,100,1
"ATP8B2","Atp8b2","ortholog_one2one",100,100,1
"POMK","Pomk","ortholog_one2one",75,100,1
"PDK4","Pdk4","ortholog_one2one",100,100,1
"SLC27A2","Slc27a2","ortholog_one2one",100,100,1
"PLD1","Pld1","ortholog_one2one",100,100,1
"MROH2B","Mroh2b","ortholog_one2one",100,100,1
"TIAM2","Tiam2","ortholog_one2one",75,99.35,1
"TRAF1","Traf1","ortholog_one2one",100,100,1
"ARHGAP42","Arhgap42","ortholog_one2one",100,100,1
"HIF1A","Hif1a","ortholog_one2one",100,100,1
"CLEC2L","Clec2l","ortholog_one2one",100,100,1
"ECH1","Ech1","ortholog_one2one",100,100,1
"SLC35E3","Slc35e3","ortholog_one2one",100,100,1
"CCDC8","Ccdc8","ortholog_one2one",100,91.83,1
"GATD1","Gatd1","ortholog_one2one",100,100,1
"P2RY14","P2ry14","ortholog_one2one",100,100,1
"CLEC3B","Clec3b","ortholog_one2one",100,100,1
"OSM","Osm","ortholog_one2one",100,98.69,0
"UCMA","Ucma","ortholog_one2one",100,100,1
"ATP5MPL","Atp5mpl","ortholog_one2one",100,78.95,0
"UCN","Ucn","ortholog_one2one",100,100,1
"ID2","Id2","ortholog_one2one",100,100,1
"TMEM260","Tmem260","ortholog_one2one",100,100,1
"AP3S2","Ap3s2","ortholog_one2one",100,97.95,1
"GDPD3","Gdpd3","ortholog_one2one",100,100,1
"CDCP1","Cdcp1","ortholog_one2one",100,100,1
"ZNF628","Zfp628","ortholog_one2one",100,99.88,1
"AKTIP","Aktip","ortholog_one2one",100,100,1
"ZNF575","Zfp575","ortholog_one2one",100,91.65,1
"COBL","Cobl","ortholog_one2one",100,100,1
"UMOD","Umod","ortholog_one2one",100,100,1
"ASPM","Aspm","ortholog_one2one",100,97.41,1
"ETHE1","Ethe1","ortholog_one2one",100,96.13,1
"TMEM174","Tmem174","ortholog_one2one",100,100,1
"PRICKLE2","Prickle2","ortholog_one2one",50,100,1
"GPR171","Gpr171","ortholog_one2one",100,100,1
"LIPM","Lipm","ortholog_one2one",100,100,1
"GPR12","Gpr12","ortholog_one2one",100,100,1
"CDH17","Cdh17","ortholog_one2one",100,100,1
"NEDD9","Nedd9","ortholog_one2one",100,100,1
"MAN1B1","Man1b1","ortholog_one2one",25,100,1
"SLC2A5","Slc2a5","ortholog_one2one",100,100,1
"MED12L","Med12l","ortholog_one2one",100,100,1
"ZDHHC12","Zdhhc12","ortholog_one2one",100,100,1
"TMEM158","Tmem158","ortholog_one2one",100,100,1
"H1-3","H1f3","ortholog_one2one",0,100,1
"CCDC38","Ccdc38","ortholog_one2one",100,100,1
"CCDC18","Ccdc18","ortholog_one2one",75,100,1
"DHRS13","Dhrs13","ortholog_one2one",100,100,1
"MYC","Myc","ortholog_one2one",75,100,1
"CD79B","Cd79b","ortholog_one2one",100,100,1
"ANKRD22","Ankrd22","ortholog_one2one",100,100,1
"SERPING1","Serping1","ortholog_one2one",100,100,1
"AC011530.1","Dmpk","ortholog_one2one",100,56.96,0
"LARS2","Lars2","ortholog_one2one",100,100,1
"HELB","Helb","ortholog_one2one",100,99.4,1
"SNAP23","Snap23","ortholog_one2one",100,100,1
"EXOC1","Exoc1","ortholog_one2one",100,100,1
"STEAP2","Steap2","ortholog_one2one",100,100,1
"PHF12","Phf12","ortholog_one2one",75,100,1
"YWHAZ","Ywhaz","ortholog_one2one",100,100,1
"C1QL4","C1ql4","ortholog_one2one",100,100,1
"UBTFL1","Ubtfl1","ortholog_one2one",0,98.86,1
"RNF166","Rnf166","ortholog_one2one",100,100,1
"C8orf48","AI429214","ortholog_one2one",100,100,0
"ETV3","Etv3","ortholog_one2one",75,100,1
"DNAJC22","Dnajc22","ortholog_one2one",100,100,1
"OR6C3","Olfr788","ortholog_one2one",25,100,1
"CYP4V2","Cyp4v3","ortholog_one2one",100,100,1
"NAT14","Nat14","ortholog_one2one",100,100,1
"SPIRE2","Spire2","ortholog_one2one",100,100,1
"PDGFA","Pdgfa","ortholog_one2one",100,100,1
"ETV3L","ETV3L","ortholog_one2one",100,100,1
"PRSS22","Prss22","ortholog_one2one",25,100,1
"KRT28","Krt28","ortholog_one2one",100,100,1
"PARP10","Parp10","ortholog_one2one",100,100,1
"CEND1","Cend1","ortholog_one2one",100,100,1
"VRK1","Vrk1","ortholog_one2one",100,100,1
"DIPK2A","Dipk2a","ortholog_one2one",100,100,1
"ZCCHC24","Zcchc24","ortholog_one2one",50,100,1
"SLC51A","Slc51a","ortholog_one2one",100,100,1
"SCRN2","Scrn2","ortholog_one2one",100,100,1
"PDE9A","Pde9a","ortholog_one2one",100,100,1
"KLKB1","Klkb1","ortholog_one2one",100,96.37,1
"TPD52L1","Tpd52l1","ortholog_one2one",100,100,1
"USP12","Usp12","ortholog_one2one",100,100,1
"CAV2","Cav2","ortholog_one2one",100,100,1
"RGS13","Rgs13","ortholog_one2one",100,100,1
"ANKRD24","Ankrd24","ortholog_one2one",0,91.24,0
"SPATS2","Spats2","ortholog_one2one",100,100,1
"TVP23B","Tvp23b","ortholog_one2one",50,100,1
"PCYT1A","Pcyt1a","ortholog_one2one",100,97.95,1
"NHP2","Nhp2","ortholog_one2one",100,100,1
"FGFR4","Fgfr4","ortholog_one2one",100,100,1
"RNF150","Rnf150","ortholog_one2one",100,100,1
"KRT10","Krt10","ortholog_one2one",100,100,1
"RMND5B","Rmnd5b","ortholog_one2one",75,100,1
"PRSS27","Prss27","ortholog_one2one",50,98.32,1
"ZC3H18","Zc3h18","ortholog_one2one",100,92.88,1
"CAV1","Cav1","ortholog_one2one",100,100,1
"ZC2HC1B","Zc2hc1b","ortholog_one2one",100,100,1
"PDILT","Pdilt","ortholog_one2one",100,100,1
"QTRT1","Qtrt1","ortholog_one2one",100,100,1
"ABHD12B","Abhd12b","ortholog_one2one",100,100,1
"PIANP","Pianp","ortholog_one2one",100,100,1
"DPPA4","Dppa4","ortholog_one2one",100,95.75,0
"TBC1D9","Tbc1d9","ortholog_one2one",100,100,1
"SAMD8","Samd8","ortholog_one2one",100,100,1
"DSTYK","Dstyk","ortholog_one2one",100,100,1
"P2RY13","P2ry13","ortholog_one2one",100,100,1
"P2RY12","P2ry12","ortholog_one2one",100,100,1
"ACSM5","Acsm5","ortholog_one2one",75,100,1
"AC231657.3","Gm45208","ortholog_one2one",100,100,1
"ACTRT1","Actrt1","ortholog_one2one",0,100,1
"FNTA","Fnta","ortholog_one2one",100,100,1
"LIF","Lif","ortholog_one2one",100,100,1
"SCLT1","Sclt1","ortholog_one2one",100,100,1
"CLDN20","Cldn20","ortholog_one2one",100,100,1
"MYSM1","Mysm1","ortholog_one2one",50,100,1
"WDR45","Wdr45","ortholog_one2one",100,100,1
"TFB1M","Tfb1m","ortholog_one2one",100,100,1
"DDX25","Ddx25","ortholog_one2one",100,100,1
"TRIM26","Trim26","ortholog_one2one",100,99.66,1
"GRIA1","Gria1","ortholog_one2one",100,100,1
"EDARADD","Edaradd","ortholog_one2one",100,95.76,1
"LIMD1","Limd1","ortholog_one2one",100,100,1
"GPR87","Gpr87","ortholog_one2one",100,100,1
"ARHGAP1","Arhgap1","ortholog_one2one",100,100,1
"CCDC169","Ccdc169","ortholog_one2one",100,89.92,1
"GABRB3","Gabrb3","ortholog_one2one",100,100,1
"IGSF10","Igsf10","ortholog_one2one",100,100,1
"ELP4","Elp4","ortholog_one2one",100,94.4,1
"PLA2G2E","Pla2g2e","ortholog_one2one",100,100,1
"DUSP13","Dusp13","ortholog_one2one",100,100,1
"ASB15","Asb15","ortholog_one2one",100,100,1
"SYPL1","Sypl","ortholog_one2one",100,100,1
"SSC5D","Ssc5d","ortholog_one2one",100,98.33,1
"BLVRA","Blvra","ortholog_one2one",0,98.78,1
"TUBG1","Tubg1","ortholog_one2one",100,100,1
"GAS1","Gas1","ortholog_one2one",75,100,1
"SPAG16","Spag16","ortholog_one2one",100,100,1
"TNIK","Tnik","ortholog_one2one",100,100,1
"ACTRT2","Actrt2","ortholog_one2one",100,100,1
"RC3H1","Rc3h1","ortholog_one2one",75,100,1
"PHTF2","Phtf2","ortholog_one2one",100,99.76,1
"MTMR2","Mtmr2","ortholog_one2one",100,100,1
"SBK2","Sbk2","ortholog_one2one",100,100,1
"SACM1L","Sacm1l","ortholog_one2one",100,100,1
"HLF","Hlf","ortholog_one2one",100,100,1
"SLC9A9","Slc9a9","ortholog_one2one",100,100,1
"TMEM171","Tmem171","ortholog_one2one",100,100,1
"RAB11FIP2","Rab11fip2","ortholog_one2one",100,100,1
"TMEM170B","Tmem170b","ortholog_one2one",100,100,1
"UBE2I","Ube2i","ortholog_one2one",100,90.64,1
"KIN","Kin","ortholog_one2one",100,99.69,1
"C13orf46","1700029H14Rik","ortholog_one2one",100,100,0
"MCM2","Mcm2","ortholog_one2one",100,100,1
"TTC23L","Ttc23l","ortholog_one2one",100,98.15,1
"EXOSC6","Exosc6","ortholog_one2one",75,100,1
"LGALS4","Lgals4","ortholog_one2one",100,100,1
"AARS1","Aars","ortholog_one2one",100,100,1
"MMEL1","Mmel1","ortholog_one2one",100,100,1
"LBX2","Lbx2","ortholog_one2one",100,100,1
"SLC24A3","Slc24a3","ortholog_one2one",100,100,1
"GTPBP4","Gtpbp4","ortholog_one2one",75,100,1
"KCTD5","Kctd5","ortholog_one2one",75,100,1
"TUBG2","Tubg2","ortholog_one2one",100,100,1
"GABRA5","Gabra5","ortholog_one2one",100,100,1
"NYAP1","Nyap1","ortholog_one2one",100,100,1
"DNMBP","Dnmbp","ortholog_one2one",100,100,1
"C11orf68","AI837181","ortholog_one2one",100,100,1
"CHST2","Chst2","ortholog_one2one",100,100,1
"MRPL53","Mrpl53","ortholog_one2one",100,100,1
"WASHC5","Washc5","ortholog_one2one",100,100,1
"ARMC1","Armc1","ortholog_one2one",100,100,1
"CCDC85B","Ccdc85b","ortholog_one2one",100,100,1
"SH2B2","Sh2b2","ortholog_one2one",100,99.78,1
"FOSL1","Fosl1","ortholog_one2one",100,100,1
"PHLDB3","Phldb3","ortholog_one2one",100,100,1
"YARS2","Yars2","ortholog_one2one",75,100,1
"KCNH3","Kcnh3","ortholog_one2one",100,100,1
"POLR3E","Polr3e","ortholog_one2one",75,100,1
"WFDC5","Wfdc5","ortholog_one2one",75,100,0
"OTUD3","Otud3","ortholog_one2one",100,100,1
"NEIL3","Neil3","ortholog_one2one",100,100,1
"KCNK13","Kcnk13","ortholog_one2one",100,100,1
"DENND1A","Dennd1a","ortholog_one2one",100,100,1
"GORAB","Gorab","ortholog_one2one",100,100,1
"SPOPL","Spopl","ortholog_one2one",25,100,1
"VIM","Vim","ortholog_one2one",100,100,1
"VPS26C","Vps26c","ortholog_one2one",100,100,1
"LONRF3","Lonrf3","ortholog_one2one",100,100,1
"DCBLD2","Dcbld2","ortholog_one2one",100,99.77,1
"WFDC12","Wfdc12","ortholog_one2one",75,100,0
"GNE","Gne","ortholog_one2one",100,100,1
"PER1","Per1","ortholog_one2one",100,100,1
"RNF186","Rnf186","ortholog_one2one",100,100,1
"AKAP5","Akap5","ortholog_one2one",100,91.88,0
"SLC2A7","Slc2a7","ortholog_one2one",100,100,1
"RPL21","Rpl21","ortholog_one2one",100,100,1
"WDR43","Wdr43","ortholog_one2one",50,100,1
"MCRS1","Mcrs1","ortholog_one2one",75,100,1
"LYSMD3","Lysmd3","ortholog_one2one",100,100,1
"JPT2","Jpt2","ortholog_one2one",100,94.76,1
"B4GALT7","B4galt7","ortholog_one2one",50,100,1
"N4BP3","N4bp3","ortholog_one2one",50,100,1
"TRAPPC2L","Trappc2l","ortholog_one2one",100,100,1
"TANC1","Tanc1","ortholog_one2one",100,100,1
"KAT2A","Kat2a","ortholog_one2one",100,100,1
"H2BC8","H2bc8","ortholog_one2one",0,100,1
"TBC1D19","Tbc1d19","ortholog_one2one",100,100,1
"SHISA6","Shisa6","ortholog_one2one",100,100,1
"HYLS1","Hyls1","ortholog_one2one",100,100,1
"STXBP4","Stxbp4","ortholog_one2one",100,100,1
"ENPP3","Enpp3","ortholog_one2one",50,100,1
"DNAH9","Dnah9","ortholog_one2one",100,100,1
"ST3GAL6","St3gal6","ortholog_one2one",100,100,1
"PATE3","Pate3","ortholog_one2one",75,100,1
"NR1D1","Nr1d1","ortholog_one2one",100,100,1
"PATE2","Pate2","ortholog_one2one",0,100,1
"SCAMP4","Scamp4","ortholog_one2one",100,99.16,1
"ECT2","Ect2","ortholog_one2one",100,100,1
"TEX51","Gm35060","ortholog_one2one",75,100,0
"L1TD1","L1td1","ortholog_one2one",100,61.43,0
"LRRC8E","Lrrc8e","ortholog_one2one",100,100,1
"CRB2","Crb2","ortholog_one2one",75,100,1
"MAP4K4","Map4k4","ortholog_one2one",100,100,1
"THRA","Thra","ortholog_one2one",100,100,1
"GYPC","Gypc","ortholog_one2one",50,95.1,1
"PATE1","Pate1","ortholog_one2one",100,100,1
"DBNDD1","Dbndd1","ortholog_one2one",75,95.04,1
"MYOF","Myof","ortholog_one2one",100,100,1
"RPL38","Rpl38","ortholog_one2one",100,100,1
"LMOD2","Lmod2","ortholog_one2one",100,100,1
"PATE4","Pate4","ortholog_one2one",75,100,0
"KLB","Klb","ortholog_one2one",100,100,1
"PDP1","Pdp1","ortholog_one2one",100,100,1
"TCF21","Tcf21","ortholog_one2one",100,100,1
"PUS3","Pus3","ortholog_one2one",100,100,1
"ERBIN","Erbin","ortholog_one2one",100,100,1
"DCDC2C","Dcdc2c","ortholog_one2one",100,97.51,0
"TSLP","Tslp","ortholog_one2one",50,100,0
"CAMLG","Caml","ortholog_one2one",50,100,1
"FYCO1","Fyco1","ortholog_one2one",75,99.71,1
"KCNK4","Kcnk4","ortholog_one2one",100,100,1
"RPL13","Rpl13","ortholog_one2one",100,100,1
"GTF2H4","Gtf2h4","ortholog_one2one",100,100,1
"LYPLAL1","Lyplal1","ortholog_one2one",100,100,1
"CPN1","Cpn1","ortholog_one2one",100,100,1
"CPA2","Cpa2","ortholog_one2one",100,100,1
"CNOT6L","Cnot6l","ortholog_one2one",100,100,1
"CATSPERZ","Catsperz","ortholog_one2one",100,100,0
"CD200","Cd200","ortholog_one2one",100,100,1
"ACTN4","Actn4","ortholog_one2one",100,100,1
"SIPA1L1","Sipa1l1","ortholog_one2one",100,100,1
"ACBD4","Acbd4","ortholog_one2one",100,100,0
"ZBTB25","Zbtb25","ortholog_one2one",100,100,1
"PABPN1L","Pabpn1l","ortholog_one2one",100,100,1
"LRRC71","Lrrc71","ortholog_one2one",100,100,1
"TBCK","Tbck","ortholog_one2one",100,100,1
"CASP8","Casp8","ortholog_one2one",75,95.96,1
"ASCC1","Ascc1","ortholog_one2one",100,94.67,1
"U2SURP","U2surp","ortholog_one2one",100,100,1
"ADAMTS9","Adamts9","ortholog_one2one",50,100,1
"PODXL","Podxl","ortholog_one2one",100,98.2,0
"TMCO4","Tmco4","ortholog_one2one",100,100,1
"ITSN2","Itsn2","ortholog_one2one",100,99.81,1
"ZNF770","Zfp770","ortholog_one2one",100,100,1
"TTC34","Ttc34","ortholog_one2one",100,100,0
"PGAM2","Pgam2","ortholog_one2one",100,100,1
"DHRS7B","Dhrs7b","ortholog_one2one",50,100,1
"KRT12","Krt12","ortholog_one2one",100,100,1
"CCT8L2","Cct8l1","ortholog_one2one",0,100,1
"LZTFL1","Lztfl1","ortholog_one2one",100,100,1
"EML2","Eml2","ortholog_one2one",100,100,1
"EBAG9","Ebag9","ortholog_one2one",100,100,1
"MC1R","Mc1r","ortholog_one2one",100,97.85,1
"FAM135B","Fam135b","ortholog_one2one",100,100,1
"TMEM60","Tmem60","ortholog_one2one",100,100,1
"ANAPC16","Anapc16","ortholog_one2one",100,100,1
"PRXL2B","Prxl2b","ortholog_one2one",100,100,1
"DPPA2","Dppa2","ortholog_one2one",100,90.09,0
"INSRR","Insrr","ortholog_one2one",100,100,1
"RPS6KA4","Rps6ka4","ortholog_one2one",100,100,1
"RSBN1L","Rsbn1l","ortholog_one2one",100,100,1
"WDR36","Wdr36","ortholog_one2one",50,100,1
"KLHDC4","Klhdc4","ortholog_one2one",100,100,1
"JUN","Jun","ortholog_one2one",50,100,1
"NRBF2","Nrbf2","ortholog_one2one",100,100,1
"FUT11","Fut11","ortholog_one2one",100,100,1
"CA6","Car6","ortholog_one2one",100,95.33,0
"AJAP1","Ajap1","ortholog_one2one",100,100,1
"ADGRG7","Adgrg7","ortholog_one2one",100,100,1
"VEGFC","Vegfc","ortholog_one2one",100,100,1
"CHCHD1","Chchd1","ortholog_one2one",100,100,1
"C3orf85","Gm5485","ortholog_one2one",100,100,1
"KANK4","Kank4","ortholog_one2one",100,100,1
"FAM204A","Fam204a","ortholog_one2one",100,100,1
"ANXA11","Anxa11","ortholog_one2one",50,100,1
"ACP4","Acp4","ortholog_one2one",100,100,1
"CEP68","Cep68","ortholog_one2one",100,100,1
"ASB14","Asb14","ortholog_one2one",100,100,1
"MOGS","Mogs","ortholog_one2one",100,100,1
"ST8SIA6","St8sia6","ortholog_one2one",100,100,1
"WDR1","Wdr1","ortholog_one2one",75,100,1
"LYPD3","Lypd3","ortholog_one2one",100,100,1
"RGS1","Rgs1","ortholog_one2one",100,100,1
"SERPINB5","Serpinb5","ortholog_one2one",100,100,1
"YPEL3","Ypel3","ortholog_one2one",100,100,1
"NTRK1","Ntrk1","ortholog_one2one",100,100,1
"SH3RF1","Sh3rf1","ortholog_one2one",100,100,1
"HSBP1L1","Hsbp1l1","ortholog_one2one",100,100,1
"P2RY1","P2ry1","ortholog_one2one",100,100,1
"AIMP1","Aimp1","ortholog_one2one",100,100,1
"ZNF276","Zfp276","ortholog_one2one",100,100,1
"ASB5","Asb5","ortholog_one2one",100,100,1
"GANAB","Ganab","ortholog_one2one",100,100,1
"FCHO2","Fcho2","ortholog_one2one",100,100,1
"KRT20","Krt20","ortholog_one2one",100,100,1
"KIAA1210","Gm14569","ortholog_one2one",100,90.63,0
"PEAR1","Pear1","ortholog_one2one",75,100,1
"WDR35","Wdr35","ortholog_one2one",100,100,1
"PGRMC1","Pgrmc1","ortholog_one2one",100,100,1
"SYNGAP1","Syngap1","ortholog_one2one",100,100,1
"NOX3","Nox3","ortholog_one2one",100,100,1
"POFUT2","Pofut2","ortholog_one2one",100,100,1
"EIF3E","Eif3e","ortholog_one2one",100,93.18,1
"NOM1","Nom1","ortholog_one2one",100,100,1
"ANO7","Ano7","ortholog_one2one",100,100,1
"COX16","Cox16","ortholog_one2one",75,100,1
"SPATA4","Spata4","ortholog_one2one",100,100,1
"CD320","Cd320","ortholog_one2one",50,98.07,1
"GPR35","Gpr35","ortholog_one2one",75,100,1
"PAM","Pam","ortholog_one2one",75,100,1
"RBFOX3","Rbfox3","ortholog_one2one",100,100,1
"KLHDC1","Klhdc1","ortholog_one2one",100,100,1
"CNTN5","Cntn5","ortholog_one2one",100,100,1
"MTFR1","Mtfr1","ortholog_one2one",100,99.72,1
"DNA2","Dna2","ortholog_one2one",100,100,1
"ACSS3","Acss3","ortholog_one2one",100,100,1
"MYO16","Myo16","ortholog_one2one",100,99.29,1
"TIAL1","Tial1","ortholog_one2one",50,100,1
"ACSF3","Acsf3","ortholog_one2one",100,100,1
"CRAMP1","Cramp1l","ortholog_one2one",75,100,1
"NEURL3","Neurl3","ortholog_one2one",50,100,1
"PAX4","Pax4","ortholog_one2one",100,99.66,1
"CAPN12","Capn12","ortholog_one2one",100,100,1
"TMEM11","Tmem11","ortholog_one2one",50,100,1
"CCR9","Ccr9","ortholog_one2one",100,100,1
"GSE1","Gse1","ortholog_one2one",100,100,1
"ZKSCAN8","Zkscan8","ortholog_one2one",25,100,1
"KCND1","Kcnd1","ortholog_one2one",100,100,1
"ARID5A","Arid5a","ortholog_one2one",50,100,1
"ZBTB1","Zbtb1","ortholog_one2one",75,100,1
"NATD1","Natd1","ortholog_one2one",100,100,1
"MAZ","Maz","ortholog_one2one",100,100,1
"CXCR6","Cxcr6","ortholog_one2one",100,100,1
"OGN","Ogn","ortholog_one2one",100,100,1
"BRMS1L","Brms1l","ortholog_one2one",100,100,1
"HEXIM1","Hexim1","ortholog_one2one",100,100,1
"CBR4","Cbr4","ortholog_one2one",100,100,1
"CPA4","Cpa4","ortholog_one2one",100,100,1
"PPFIA2","Ppfia2","ortholog_one2one",100,100,1
"IPPK","Ippk","ortholog_one2one",50,100,1
"NSMCE2","Nsmce2","ortholog_one2one",100,100,1
"ZNF410","Zfp410","ortholog_one2one",100,100,1
"C1orf174","A430005L14Rik","ortholog_one2one",100,100,1
"KLHL15","Klhl15","ortholog_one2one",75,100,1
"LRRC46","Lrrc46","ortholog_one2one",100,100,1
"WBP1","Wbp1","ortholog_one2one",100,100,1
"SYNJ2BP-COX16","Gm20498","ortholog_one2one",75,100,1
"H1-4","H1f4","ortholog_one2one",25,100,1
"MNX1","Mnx1","ortholog_one2one",100,100,1
"PPP5C","Ppp5c","ortholog_one2one",75,100,1
"KRT23","Krt23","ortholog_one2one",100,100,1
"HGFAC","Hgfac","ortholog_one2one",100,99.84,1
"DLG5","Dlg5","ortholog_one2one",100,100,1
"ECM2","Ecm2","ortholog_one2one",50,100,1
"OSBPL7","Osbpl7","ortholog_one2one",100,100,1
"KDM3B","Kdm3b","ortholog_one2one",100,100,1
"CDRT4","Cdrt4","ortholog_one2one",100,100,0
"CHD7","Chd7","ortholog_one2one",100,100,1
"FAM228A","Fam228a","ortholog_one2one",100,99.86,0
"XCR1","Xcr1","ortholog_one2one",75,100,1
"TRIM8","Trim8","ortholog_one2one",100,100,1
"SLK","Slk","ortholog_one2one",100,100,1
"IMMP1L","Immp1l","ortholog_one2one",100,100,1
"OMD","Omd","ortholog_one2one",100,100,1
"CDHR5","Cdhr5","ortholog_one2one",100,100,1
"DCSTAMP","Dcstamp","ortholog_one2one",100,100,1
"CENPP","Cenpp","ortholog_one2one",0,100,1
"TEKT3","Tekt3","ortholog_one2one",100,100,1
"CCR3","Ccr3","ortholog_one2one",100,100,1
"MRPL10","Mrpl10","ortholog_one2one",100,96.86,1
"GNB1L","Gnb1l","ortholog_one2one",100,100,1
"KRTDAP","Krtdap","ortholog_one2one",100,100,1
"UBAP2L","Ubap2l","ortholog_one2one",100,100,1
"CCR2","Ccr2","ortholog_one2one",50,99.4,1
"DR1","Dr1","ortholog_one2one",50,100,1
"PRLHR","Prlhr","ortholog_one2one",100,100,1
"COMMD8","Commd8","ortholog_one2one",100,100,1
"UCP1","Ucp1","ortholog_one2one",100,100,1
"CDR2","Cdr2","ortholog_one2one",50,100,1
"ASPN","Aspn","ortholog_one2one",75,100,1
"CCR5","Ccr5","ortholog_one2one",50,100,1
"MORC1","Morc1","ortholog_one2one",100,100,1
"POU3F1","Pou3f1","ortholog_one2one",100,100,1
"HORMAD2","Hormad2","ortholog_one2one",100,100,1
"NDUFS8","Ndufs8","ortholog_one2one",100,100,1
"XRCC2","Xrcc2","ortholog_one2one",100,100,1
"PIGG","Pigg","ortholog_one2one",50,99.54,1
"TGFB2","Tgfb2","ortholog_one2one",100,100,1
"COPE","Cope","ortholog_one2one",100,96.86,1
"BCKDK","Bckdk","ortholog_one2one",100,100,1
"OR6A2","Olfr2","ortholog_one2one",75,100,1
"HSPA2","Hspa2","ortholog_one2one",100,100,1
"RXYLT1","Rxylt1","ortholog_one2one",100,100,1
"STAMBPL1","Stambpl1","ortholog_one2one",100,96.6,1
"SPTBN1","Sptbn1","ortholog_one2one",100,100,1
"HOOK3","Hook3","ortholog_one2one",100,100,1
"CAMK4","Camk4","ortholog_one2one",100,100,1
"HTR6","Htr6","ortholog_one2one",100,100,1
"STIM2","Stim2","ortholog_one2one",100,96.87,1
"DDX46","Ddx46","ortholog_one2one",50,100,1
"TTC39A","Ttc39a","ortholog_one2one",100,100,1
"VPS9D1","Vps9d1","ortholog_one2one",100,100,1
"IGSF6","Igsf6","ortholog_one2one",25,100,1
"ATP6V0E1","Atp6v0e","ortholog_one2one",100,100,1
"KRT39","Krt39","ortholog_one2one",100,100,1
"EPHA4","Epha4","ortholog_one2one",100,100,1
"UTP11","Utp11","ortholog_one2one",100,100,1
"HNMT","Hnmt","ortholog_one2one",50,100,1
"KIF22","Kif22","ortholog_one2one",100,100,1
"METTL9","Mettl9","ortholog_one2one",50,100,1
"TMEM67","Tmem67","ortholog_one2one",100,100,1
"ACCS","Accs","ortholog_one2one",100,100,1
"WASL","Wasl","ortholog_one2one",100,100,1
"TNFRSF19","Tnfrsf19","ortholog_one2one",100,100,1
"ARL3","Arl3","ortholog_one2one",100,100,1
"KDM3A","Kdm3a","ortholog_one2one",100,100,1
"LNP1","Lnp1","ortholog_one2one",100,74.54,1
"DCAF17","Dcaf17","ortholog_one2one",100,100,1
"ATP6V0B","Atp6v0b","ortholog_one2one",100,100,1
"SLC1A2","Slc1a2","ortholog_one2one",100,100,1
"H2BC10","H2bc4","ortholog_one2one",0,0,0
"ERLIN1","Erlin1","ortholog_one2one",100,100,1
"VGF","Vgf","ortholog_one2one",100,100,1
"SERPINB12","Serpinb12","ortholog_one2one",100,100,1
"TBC1D32","Tbc1d32","ortholog_one2one",75,100,1
"HSPB9","Hspb9","ortholog_one2one",100,100,0
"SIX5","Six5","ortholog_one2one",100,100,1
"SLC35D1","Slc35d1","ortholog_one2one",75,100,1
"PAQR9","Paqr9","ortholog_one2one",100,100,1
"ADTRP","Adtrp","ortholog_one2one",100,98.07,1
"H1-6","H1f6","ortholog_one2one",75,100,1
"TSC22D4","Tsc22d4","ortholog_one2one",100,99.61,1
"FNDC4","Fndc4","ortholog_one2one",100,100,1
"DNAJC11","Dnajc11","ortholog_one2one",100,95.28,1
"PCOLCE2","Pcolce2","ortholog_one2one",100,100,1
"EGR1","Egr1","ortholog_one2one",100,100,1
"SGCZ","Sgcz","ortholog_one2one",100,100,1
"TBX6","Tbx6","ortholog_one2one",100,100,1
"DCLK2","Dclk2","ortholog_one2one",25,100,1
"HIF3A","Hif3a","ortholog_one2one",75,100,1
"NSD1","Nsd1","ortholog_one2one",100,100,1
"TOM1L1","Tom1l1","ortholog_one2one",100,100,1
"ZNF518B","Zfp518b","ortholog_one2one",100,100,1
"SLC1A4","Slc1a4","ortholog_one2one",100,100,1
"SBK3","Sbk3","ortholog_one2one",100,100,1
"TPM4","Tpm4","ortholog_one2one",50,100,1
"ZFP3","Zfp3","ortholog_one2one",100,100,1
"CREBRF","Crebrf","ortholog_one2one",100,100,1
"RAB18","Rab18","ortholog_one2one",50,94.22,1
"AIF1L","Aif1l","ortholog_one2one",100,96.13,1
"SLC4A7","Slc4a7","ortholog_one2one",50,100,1
"POLM","Polm","ortholog_one2one",100,100,1
"PPP4C","Ppp4c","ortholog_one2one",100,100,1
"PRPF40B","Prpf40b","ortholog_one2one",100,100,1
"YIF1B","Yif1b","ortholog_one2one",75,100,1
"BHMG1","Gm4969","ortholog_one2one",100,97.74,0
"BRD9","Brd9","ortholog_one2one",100,100,1
"CLNK","Clnk","ortholog_one2one",100,99.26,1
"ETF1","Etf1","ortholog_one2one",100,100,1
"EMC8","Emc8","ortholog_one2one",100,100,1
"DFFB","Dffb","ortholog_one2one",100,100,1
"SSBP4","Ssbp4","ortholog_one2one",100,100,1
"MAMDC4","Mamdc4","ortholog_one2one",100,100,1
"AVPR1A","Avpr1a","ortholog_one2one",100,100,1
"CXorf58","AL646049.1","ortholog_one2one",75,100,0
"EGR2","Egr2","ortholog_one2one",100,100,1
"OR6C75","Olfr790","ortholog_one2one",50,39.99,0
"AUH","Auh","ortholog_one2one",100,100,1
"FIBP","Fibp","ortholog_one2one",100,100,1
"PPIL4","Ppil4","ortholog_one2one",100,100,1
"OGDHL","Ogdhl","ortholog_one2one",100,100,1
"ACTR3B","Actr3b","ortholog_one2one",100,100,1
"WT1","Wt1","ortholog_one2one",100,100,1
"SLC66A2","Slc66a2","ortholog_one2one",100,100,1
"USP1","Usp1","ortholog_one2one",100,100,1
"ABCB10","Abcb10","ortholog_one2one",100,100,1
"FMN1","Fmn1","ortholog_one2one",100,99.45,1
"CEP97","Cep97","ortholog_one2one",100,100,1
"FBXO46","Fbxo46","ortholog_one2one",100,100,1
"PICK1","Pick1","ortholog_one2one",100,100,1
"GPI","Gpi1","ortholog_one2one",100,100,1
"C19orf18","2900092C05Rik","ortholog_one2one",25,92.33,0
"EFHD1","Efhd1","ortholog_one2one",100,100,1
"QPCTL","Qpctl","ortholog_one2one",100,100,1
"ACTA2","Acta2","ortholog_one2one",100,100,1
"ARHGEF11","Arhgef11","ortholog_one2one",100,100,1
"PRAF2","Praf2","ortholog_one2one",100,100,1
"GAS8","Gas8","ortholog_one2one",50,99.83,1
"GOLM2","Casc4","ortholog_one2one",100,100,1
"ZNF579","Zfp579","ortholog_one2one",100,100,1
"ELF2","Elf2","ortholog_one2one",100,100,1
"CTSW","Ctsw","ortholog_one2one",100,100,1
"TBPL2","Tbpl2","ortholog_one2one",0,85.93,1
"PHPT1","Phpt1","ortholog_one2one",100,100,1
"MAP2K6","Map2k6","ortholog_one2one",100,100,1
"COX11","Cox11","ortholog_one2one",100,100,1
"BACH2","Bach2","ortholog_one2one",75,100,1
"UBE3C","Ube3c","ortholog_one2one",75,100,1
"NBL1","Nbl1","ortholog_one2one",100,94.38,1
"OR2B6","Olfr11","ortholog_one2one",25,100,1
"MKX","Mkx","ortholog_one2one",50,100,1
"TRAK2","Trak2","ortholog_one2one",100,100,1
"IL6","Il6","ortholog_one2one",0,100,0
"RNF217","Rnf217","ortholog_one2one",100,100,1
"PSMC1","Psmc1","ortholog_one2one",100,100,1
"SNAI3","Snai3","ortholog_one2one",100,100,1
"TUSC3","Tusc3","ortholog_one2one",100,97.01,1
"IL36B","Il1f8","ortholog_one2one",0,0,0
"PDCD5","Pdcd5","ortholog_one2one",100,100,1
"TMEM44","Tmem44","ortholog_one2one",100,98.42,1
"MTHFSD","Mthfsd","ortholog_one2one",100,98.74,1
"METTL8","Mettl8","ortholog_one2one",100,100,1
"SV2B","Sv2b","ortholog_one2one",50,100,1
"RASA3","Rasa3","ortholog_one2one",100,100,1
"ENG","Eng","ortholog_one2one",100,100,1
"OVOL1","Ovol1","ortholog_one2one",75,100,1
"MYLK4","Mylk4","ortholog_one2one",100,100,1
"HABP2","Habp2","ortholog_one2one",100,100,1
"CACUL1","Cacul1","ortholog_one2one",100,100,1
"ITIH2","Itih2","ortholog_one2one",100,100,1
"VSTM2A","Vstm2a","ortholog_one2one",100,100,1
"PELI1","Peli1","ortholog_one2one",100,100,1
"SPOCK2","Spock2","ortholog_one2one",100,100,1
"SCIMP","Scimp","ortholog_one2one",75,100,1
"FANCG","Fancg","ortholog_one2one",100,100,1
"TBATA","Tbata","ortholog_one2one",100,100,1
"SLC16A8","Slc16a8","ortholog_one2one",100,100,1
"ARMC10","Armc10","ortholog_one2one",100,100,1
"GTF2I","Gtf2i","ortholog_one2one",100,94.06,1
"ERO1B","Ero1lb","ortholog_one2one",100,100,1
"PPP1R36","Ppp1r36","ortholog_one2one",100,100,1
"BZW2","Bzw2","ortholog_one2one",100,100,1
"MRPL1","Mrpl1","ortholog_one2one",100,100,1
"RRP15","Rrp15","ortholog_one2one",100,99.15,1
"CDHR3","Cdhr3","ortholog_one2one",100,97.37,1
"TXNL1","Txnl1","ortholog_one2one",50,100,1
"RD3L","Rd3l","ortholog_one2one",100,100,1
"C5orf24","B230219D22Rik","ortholog_one2one",100,100,1
"LRIT2","Lrit2","ortholog_one2one",75,100,1
"STARD4","Stard4","ortholog_one2one",100,100,1
"ADO","Ado","ortholog_one2one",100,100,1
"TMPRSS5","Tmprss5","ortholog_one2one",100,100,1
"ZBTB7B","Zbtb7b","ortholog_one2one",100,100,1
"KLHDC2","Klhdc2","ortholog_one2one",100,100,1
"TDRD9","Tdrd9","ortholog_one2one",100,100,1
"LIAS","Lias","ortholog_one2one",100,100,1
"GALNT18","Galnt18","ortholog_one2one",100,100,1
"NID1","Nid1","ortholog_one2one",100,100,1
"CHCHD3","Chchd3","ortholog_one2one",100,100,1
"C1orf141","4921539E11Rik","ortholog_one2one",50,97.73,0
"PLEKHM1","Plekhm1","ortholog_one2one",50,100,1
"RNF144A","Rnf144a","ortholog_one2one",100,100,1
"TBXAS1","Tbxas1","ortholog_one2one",100,100,1
"NEMF","Nemf","ortholog_one2one",100,100,1
"CPA5","Cpa5","ortholog_one2one",100,100,1
"NRAP","Nrap","ortholog_one2one",100,100,1
"PIAS3","Pias3","ortholog_one2one",100,100,1
"RILP","Rilp","ortholog_one2one",100,100,1
"DPH2","Dph2","ortholog_one2one",100,100,1
"ZNF580","Zfp580","ortholog_one2one",75,100,1
"HACD1","Hacd1","ortholog_one2one",100,100,1
"CDKN2D","Cdkn2d","ortholog_one2one",100,100,1
"CCL20","Ccl20","ortholog_one2one",100,100,1
"MAP2K3","Map2k3","ortholog_one2one",75,100,1
"OR10A4","Olfr17","ortholog_one2one",100,100,1
"ANKMY2","Ankmy2","ortholog_one2one",100,100,1
"WDR7","Wdr7","ortholog_one2one",50,100,1
"ZNF784","Zfp784","ortholog_one2one",75,100,1
"CDHR1","Cdhr1","ortholog_one2one",100,100,1
"ARHGAP27","Arhgap27","ortholog_one2one",75,100,1
"FIZ1","Fiz1","ortholog_one2one",100,100,1
"COL5A2","Col5a2","ortholog_one2one",100,100,1
"G6PC2","G6pc2","ortholog_one2one",100,100,1
"WDR54","Wdr54","ortholog_one2one",100,100,1
"PRR15","Prr15","ortholog_one2one",100,100,1
"CLEC16A","Clec16a","ortholog_one2one",100,100,1
"C10orf99","2610528A11Rik","ortholog_one2one",100,100,1
"WIPF3","Wipf3","ortholog_one2one",100,100,1
"HIPK2","Hipk2","ortholog_one2one",100,100,1
"FPGS","Fpgs","ortholog_one2one",100,100,1
"F13B","F13b","ortholog_one2one",100,100,1
"HFE","Hfe","ortholog_one2one",75,100,1
"STAG3","Stag3","ortholog_one2one",75,100,1
"OR2D3","Olfr716","ortholog_one2one",100,100,1
"OR6C2","Olfr791","ortholog_one2one",0,53.9,0
"SULF1","Sulf1","ortholog_one2one",100,100,1
"NUP107","Nup107","ortholog_one2one",100,100,1
"IL36G","Il1f9","ortholog_one2one",50,100,0
"HIVEP2","Hivep2","ortholog_one2one",100,100,1
"RTKN","Rtkn","ortholog_one2one",100,100,1
"NLRP14","Nlrp14","ortholog_one2one",100,96.35,1
"SCN4A","Scn4a","ortholog_one2one",100,100,1
"ZNF865","Zfp865","ortholog_one2one",100,100,1
"SCRN1","Scrn1","ortholog_one2one",100,100,1
"WRNIP1","Wrnip1","ortholog_one2one",75,100,1
"LENEP","Lenep","ortholog_one2one",100,100,1
"FAM186B","Fam186b","ortholog_one2one",100,100,1
"CCDC106","Ccdc106","ortholog_one2one",75,100,1
"FLAD1","Flad1","ortholog_one2one",100,100,1
"SERTAD2","Sertad2","ortholog_one2one",100,100,1
"CSNK1G2","Csnk1g2","ortholog_one2one",100,100,1
"ALDH3B1","Aldh3b1","ortholog_one2one",100,100,1
"IL36A","Il1f6","ortholog_one2one",50,100,1
"PAX3","Pax3","ortholog_one2one",100,100,1
"HAX1","Hax1","ortholog_one2one",100,100,1
"TRPC1","Trpc1","ortholog_one2one",100,100,1
"TTC32","Ttc32","ortholog_one2one",100,100,1
"GPR4","Gpr4","ortholog_one2one",100,100,1
"HMX2","Hmx2","ortholog_one2one",100,100,1
"MBD3L1","Mbd3l1","ortholog_one2one",25,100,1
"MBIP","Mbip","ortholog_one2one",100,100,1
"RAB5C","Rab5c","ortholog_one2one",100,100,1
"UPF1","Upf1","ortholog_one2one",100,99.95,1
"PSTK","Pstk","ortholog_one2one",100,100,1
"STOML2","Stoml2","ortholog_one2one",100,100,1
"H2BC5","H2bc14","ortholog_one2one",0,0,0
"GJA10","Gja10","ortholog_one2one",75,100,1
"C10orf53","1700024G13Rik","ortholog_one2one",75,100,0
"FANCA","Fanca","ortholog_one2one",100,99.51,1
"NREP","Nrep","ortholog_one2one",100,81.68,0
"NAPEPLD","Napepld","ortholog_one2one",100,100,1
"TOGARAM2","Togaram2","ortholog_one2one",100,100,1
"PTPN12","Ptpn12","ortholog_one2one",100,100,1
"CCDC180","Ccdc180","ortholog_one2one",50,99.58,1
"SLAIN2","Slain2","ortholog_one2one",100,100,1
"HEXIM2","Hexim2","ortholog_one2one",100,100,1
"SSH3","Ssh3","ortholog_one2one",100,100,1
"RASL11A","Rasl11a","ortholog_one2one",100,100,1
"DNAJB6","Dnajb6","ortholog_one2one",50,95.93,1
"OR10P1","Olfr796","ortholog_one2one",0,100,1
"CHST3","Chst3","ortholog_one2one",100,100,1
"KRT40","Krt40","ortholog_one2one",100,100,1
"PPT1","Ppt1","ortholog_one2one",100,96.87,1
"TXNDC15","Txndc15","ortholog_one2one",100,100,1
"FFAR2","Ffar2","ortholog_one2one",100,100,1
"FBXO6","Fbxo6","ortholog_one2one",100,99,1
"HDC","Hdc","ortholog_one2one",100,100,1
"AP5B1","Ap5b1","ortholog_one2one",75,100,1
"CPXM2","Cpxm2","ortholog_one2one",100,100,1
"FAS","Fas","ortholog_one2one",100,100,0
"C1orf43","4933434E20Rik","ortholog_one2many",100,100,1
"CTDSPL2","Ctdspl2","ortholog_one2one",100,100,1
"C1orf189","1700094D03Rik","ortholog_one2one",100,100,1
"CHRM4","Chrm4","ortholog_one2one",100,100,1
"TRAT1","Trat1","ortholog_one2one",100,100,1
"NECAP2","Necap2","ortholog_one2one",100,100,1
"PCBD2","Pcbd2","ortholog_one2one",100,100,1
"ZSCAN18","Zscan18","ortholog_one2one",50,82.76,0
"CUL2","Cul2","ortholog_one2one",25,99.35,1
"HYAL4","Hyal4","ortholog_one2one",100,100,1
"PRSS8","Prss8","ortholog_one2one",100,100,1
"C10orf88","2310057M21Rik","ortholog_one2one",100,100,1
"MXD3","Mxd3","ortholog_one2one",100,100,0
"ARID1B","Arid1b","ortholog_one2one",100,100,1
"UBR1","Ubr1","ortholog_one2one",100,100,1
"ZG16","Zg16","ortholog_one2one",100,100,1
"KAT8","Kat8","ortholog_one2one",100,100,1
"LDB2","Ldb2","ortholog_one2one",100,100,1
"LRRC25","Lrrc25","ortholog_one2one",100,100,0
"PALLD","Palld","ortholog_one2one",100,100,1
"KCNJ16","Kcnj16","ortholog_one2one",100,100,1
"TRBV30","Trbv31","ortholog_one2one",100,100,1
"RNASEH2C","Rnaseh2c","ortholog_one2one",100,96.47,0
"ACRBP","Acrbp","ortholog_one2one",100,100,1
"HUNK","Hunk","ortholog_one2one",100,100,1
"CDC42SE2","Cdc42se2","ortholog_one2one",100,100,1
"GCKR","Gckr","ortholog_one2one",100,100,1
"PRELID1","Prelid1","ortholog_one2one",100,100,1
"GDF15","Gdf15","ortholog_one2one",100,100,1
"SERPINB13","Serpinb13","ortholog_one2one",100,100,1
"PLS1","Pls1","ortholog_one2one",100,100,1
"SFXN2","Sfxn2","ortholog_one2one",100,100,1
"SLPI","Slpi","ortholog_one2one",75,100,1
"FAM53B","Fam53b","ortholog_one2one",100,100,1
"AP1S1","Ap1s1","ortholog_one2one",100,100,1
"PIRT","Pirt","ortholog_one2one",100,100,1
"OPA3","Opa3","ortholog_one2one",100,100,1
"RAB24","Rab24","ortholog_one2one",75,100,1
"OSR1","Osr1","ortholog_one2one",100,100,1
"TMEM204","Tmem204","ortholog_one2one",100,100,1
"KAT5","Kat5","ortholog_one2one",100,100,1
"AP1M2","Ap1m2","ortholog_one2one",100,100,1
"TMEM238L","Tmem238l","ortholog_one2one",100,100,1
"DOK7","Dok7","ortholog_one2one",100,100,1
"CAP1","Cap1","ortholog_one2one",100,100,1
"FCHSD1","Fchsd1","ortholog_one2one",100,100,1
"IFT140","Ift140","ortholog_one2one",100,100,1
"TYMS","Tyms","ortholog_one2one",0,100,1
"PPP1R35","Ppp1r35","ortholog_one2one",100,100,1
"GMPR","Gmpr","ortholog_one2one",100,100,1
"APOO","Apoo","ortholog_one2one",50,99.4,1
"KLHL13","Klhl13","ortholog_one2one",25,100,1
"CH25H","Ch25h","ortholog_one2one",100,100,1
"TNK2","Tnk2","ortholog_one2one",100,100,1
"MAP4K2","Map4k2","ortholog_one2one",100,100,1
"SCT","Sct","ortholog_one2one",100,100,1
"ACTA1","Acta1","ortholog_one2one",100,100,1
"HS3ST1","Hs3st1","ortholog_one2one",100,100,1
"EPHA7","Epha7","ortholog_one2one",100,100,1
"ZNF384","Zfp384","ortholog_one2one",100,100,1
"MBP","Mbp","ortholog_one2one",100,100,1
"MVD","Mvd","ortholog_one2one",100,100,1
"APPL1","Appl1","ortholog_one2one",100,100,1
"EMC2","Emc2","ortholog_one2one",100,100,1
"ATP10D","Atp10d","ortholog_one2one",100,100,0
"PDE7A","Pde7a","ortholog_one2one",100,100,1
"NKX2-1","Nkx2-1","ortholog_one2one",100,100,1
"ATXN1","Atxn1","ortholog_one2one",100,99.26,1
"LIPA","Lipa","ortholog_one2one",100,100,1
"PCDH7","Pcdh7","ortholog_one2one",100,100,1
"FHL3","Fhl3","ortholog_one2one",100,100,1
"MTCH1","Mtch1","ortholog_one2one",100,97.44,1
"XRN1","Xrn1","ortholog_one2one",100,100,1
"BAG3","Bag3","ortholog_one2one",100,100,1
"TTYH2","Ttyh2","ortholog_one2one",100,100,1
"NUDT17","Nudt17","ortholog_one2one",100,98.69,1
"NSMCE4A","Nsmce4a","ortholog_one2one",100,100,1
"DNAJC24","Dnajc24","ortholog_one2one",100,100,1
"FOXC2","Foxc2","ortholog_one2one",100,100,1
"CA5A","Car5a","ortholog_one2one",100,100,1
"HIVEP1","Hivep1","ortholog_one2one",100,100,1
"ALLC","Allc","ortholog_one2one",100,100,1
"FFAR1","Ffar1","ortholog_one2one",100,100,1
"TTC39B","Ttc39b","ortholog_one2one",100,100,1
"MTIF3","Mtif3","ortholog_one2one",100,100,1
"GARRE1","4931406P16Rik","ortholog_one2one",100,100,1
"TMEM230","Tmem230","ortholog_one2one",100,91.23,1
"OMA1","Oma1","ortholog_one2one",50,100,1
"BNIP1","Bnip1","ortholog_one2one",75,100,1
"ZDHHC7","Zdhhc7","ortholog_one2one",100,95.63,1
"NAE1","Nae1","ortholog_one2one",100,100,1
"MSR1","Msr1","ortholog_one2one",100,98.33,1
"FCN1","Fcnb","ortholog_one2one",100,100,0
"HSPA9","Hspa9","ortholog_one2one",100,100,1
"NCAPH","Ncaph","ortholog_one2one",50,100,1
"AFAP1","Afap1","ortholog_one2one",75,100,1
"RELL2","Rell2","ortholog_one2one",100,100,1
"CYBA","Cyba","ortholog_one2one",100,84.98,1
"GPR26","Gpr26","ortholog_one2one",100,100,1
"KRTAP3-1","Krtap3-1","ortholog_one2one",75,100,1
"KCNG2","Kcng2","ortholog_one2one",100,98.31,1
"NAGLU","Naglu","ortholog_one2one",100,100,1
"C16orf54","AI467606","ortholog_one2one",100,100,1
"ETS1","Ets1","ortholog_one2one",100,100,1
"PDPK1","Pdpk1","ortholog_one2one",100,100,1
"GTF3A","Gtf3a","ortholog_one2one",100,100,1
"HS3ST3B1","Hs3st3b1","ortholog_one2one",100,100,1
"UGDH","Ugdh","ortholog_one2one",100,100,1
"MUC16","Muc16","ortholog_one2one",75,65.36,0
"BAD","Bad","ortholog_one2one",100,100,1
"ZC3H12D","Zc3h12d","ortholog_one2one",100,100,1
"KCNJ2","Kcnj2","ortholog_one2one",100,100,1
"PRR29","Prr29","ortholog_one2one",100,100,0
"CDH15","Cdh15","ortholog_one2one",100,100,1
"SERPINC1","Serpinc1","ortholog_one2one",100,100,1
"EDN1","Edn1","ortholog_one2one",100,100,1
"GHITM","Ghitm","ortholog_one2one",100,100,1
"COX10","Cox10","ortholog_one2one",100,100,1
"SNRPD2","Snrpd2","ortholog_one2one",100,100,1
"MET","Met","ortholog_one2one",100,100,1
"VIPR2","Vipr2","ortholog_one2one",50,100,1
"IRAK3","Irak3","ortholog_one2one",100,100,1
"SEC24A","Sec24a","ortholog_one2one",50,100,1
"QPRT","Qprt","ortholog_one2one",75,100,1
"TOMM70","Tomm70a","ortholog_one2one",100,100,1
"AJM1","Ajm1","ortholog_one2one",100,100,1
"FGGY","Fggy","ortholog_one2one",100,98.88,1
"TCF25","Tcf25","ortholog_one2one",100,100,1
"H1-2","H1f2","ortholog_one2one",75,100,1
"IFIT2","Ifit2","ortholog_one2one",75,100,1
"THAP3","Thap3","ortholog_one2one",100,96.15,1
"SACS","Sacs","ortholog_one2one",75,98.66,0
"SMIM14","Smim14","ortholog_one2one",100,100,1
"CCDC88B","Ccdc88b","ortholog_one2one",100,100,1
"IKZF5","Ikzf5","ortholog_one2one",100,100,1
"MBLAC2","Mblac2","ortholog_one2one",100,100,1
"GPR137","Gpr137","ortholog_one2one",100,100,1
"RGS21","Rgs21","ortholog_one2one",100,100,1
"FGF20","Fgf20","ortholog_one2one",100,100,1
"RBBP5","Rbbp5","ortholog_one2one",100,100,1
"OR1M1","Olfr24","ortholog_one2one",0,100,1
"NIT2","Nit2","ortholog_one2one",100,100,1
"RGS18","Rgs18","ortholog_one2one",100,100,1
"MICU3","Micu3","ortholog_one2one",100,100,1
"CASC3","Casc3","ortholog_one2one",100,100,1
"UBE2T","Ube2t","ortholog_one2one",100,100,1
"CETN3","Cetn3","ortholog_one2one",100,100,1
"SERPINE1","Serpine1","ortholog_one2one",100,100,1
"C2orf42","C87436","ortholog_one2one",100,100,1
"DDB1","Ddb1","ortholog_one2one",100,100,1
"ING4","Ing4","ortholog_one2one",100,100,1
"TMEM271","Gm42517","ortholog_one2one",50,100,1
"ITPRIPL1","Itpripl1","ortholog_one2one",75,100,1
"PRRT1B","Gm13420","ortholog_one2one",50,100,1
"ZNF365","Zfp365","ortholog_one2one",100,100,1
"TEX101","Tex101","ortholog_one2one",100,99.12,1
"FBXO21","Fbxo21","ortholog_one2one",100,100,1
"NFIL3","Nfil3","ortholog_one2one",100,100,1
"TAB2","Tab2","ortholog_one2one",100,100,1
"MSL1","Msl1","ortholog_one2one",100,100,1
"CACNB2","Cacnb2","ortholog_one2one",100,100,1
"LMAN1","Lman1","ortholog_one2one",100,100,1
"SCARF1","Scarf1","ortholog_one2one",100,100,1
"RFX3","Rfx3","ortholog_one2one",100,100,1
"ZAR1L","Zar1l","ortholog_one2one",100,100,1
"SGCG","Sgcg","ortholog_one2one",50,100,1
"TMEM74","Tmem74","ortholog_one2one",100,100,1
"ST18","St18","ortholog_one2one",100,100,1
"DYRK1A","Dyrk1a","ortholog_one2one",100,100,1
"MEPCE","Mepce","ortholog_one2one",75,100,1
"SYDE1","Syde1","ortholog_one2one",75,100,1
"SPN","Spn","ortholog_one2one",50,99.76,1
"ATR","Atr","ortholog_one2one",100,100,1
"CATSPER3","Catsper3","ortholog_one2one",100,100,1
"B3GAT3","B3gat3","ortholog_one2one",100,100,1
"ARMC4","Armc4","ortholog_one2one",100,100,1
"CLVS1","Clvs1","ortholog_one2one",75,100,1
"TRIM56","Trim56","ortholog_one2one",100,100,1
"PPM1H","Ppm1h","ortholog_one2one",100,100,1
"TACC2","Tacc2","ortholog_one2one",100,100,1
"EMC7","Emc7","ortholog_one2one",100,100,1
"WDSUB1","Wdsub1","ortholog_one2one",100,100,1
"ICAM2","Icam2","ortholog_one2one",100,100,1
"PCARE","Pcare","ortholog_one2one",100,100,1
"OR1R1P","Olfr398","ortholog_one2one",75,100,1
"ROM1","Rom1","ortholog_one2one",100,100,1
"TPSG1","Tpsg1","ortholog_one2one",100,100,1
"SPATA17","Spata17","ortholog_one2one",100,100,1
"SF3A3","Sf3a3","ortholog_one2one",100,100,1
"SYT9","Syt9","ortholog_one2one",100,100,1
"TEPP","Tepp","ortholog_one2one",100,98.67,1
"SCRIB","Scrib","ortholog_one2one",100,100,1
"RPS18","Rps18-ps5","ortholog_one2one",0,0,0
"ASPH","Asph","ortholog_one2one",50,99.04,1
"CHAT","Chat","ortholog_one2one",100,100,1
"DPP7","Dpp7","ortholog_one2one",0,99.51,1
"FLOT2","Flot2","ortholog_one2one",100,100,1
"ITIH5","Itih5","ortholog_one2one",100,100,1
"SLC9C1","Slc9c1","ortholog_one2one",100,99.05,1
"IRS2","Irs2","ortholog_one2one",100,100,1
"CACNA1H","Cacna1h","ortholog_one2one",100,99.89,1
"CYB561A3","Cyb561a3","ortholog_one2one",100,100,1
"H2BC3","H2bc3","ortholog_one2one",50,100,1
"PSAP","Psap","ortholog_one2one",100,100,1
"RAI14","Rai14","ortholog_one2one",100,100,1
"GAREM2","Garem2","ortholog_one2one",50,100,1
"H3C13","H3c2","ortholog_one2one",0,0,0
"HAUS2","Haus2","ortholog_one2one",100,100,1
"DPY19L3","Dpy19l3","ortholog_one2one",100,100,1
"LRPAP1","Lrpap1","ortholog_one2one",75,100,1
"HADHA","Hadha","ortholog_one2one",50,100,1
"SYNJ1","Synj1","ortholog_one2one",100,100,1
"GIPR","Gipr","ortholog_one2one",100,100,1
"NPNT","Npnt","ortholog_one2one",100,100,1
"TIA1","Tia1","ortholog_one2one",100,100,1
"SLC43A2","Slc43a2","ortholog_one2one",100,100,1
"ZNF319","Zfp319","ortholog_one2one",100,100,1
"NRDE2","Nrde2","ortholog_one2one",100,100,1
"OR1I1","Olfr1357","ortholog_one2one",100,100,1
"PRSS36","Prss36","ortholog_one2one",100,100,1
"H1-1","H1f1","ortholog_one2one",25,100,1
"SLC18A3","Slc18a3","ortholog_one2one",100,100,1
"UTP6","Utp6","ortholog_one2one",75,100,1
"TOM1L2","Tom1l2","ortholog_one2one",100,100,1
"RSAD2","Rsad2","ortholog_one2one",100,100,1
"TMEM138","Tmem138","ortholog_one2one",100,100,1
"NKX2-5","Nkx2-5","ortholog_one2one",50,100,1
"NKAIN2","Nkain2","ortholog_one2one",100,100,1
"HSD17B1","Hsd17b1","ortholog_one2one",100,93.54,1
"RERE","Rere","ortholog_one2one",100,100,1
"VASP","Vasp","ortholog_one2one",100,100,1
"PYGL","Pygl","ortholog_one2one",100,100,1
"GK5","Gk5","ortholog_one2one",100,100,1
"LGR6","Lgr6","ortholog_one2one",100,100,1
"CHUK","Chuk","ortholog_one2one",100,100,1
"SGPP2","Sgpp2","ortholog_one2one",100,100,1
"TKFC","Tkfc","ortholog_one2one",100,100,1
"TMEM229A","Tmem229a","ortholog_one2one",100,100,1
"SFMBT2","Sfmbt2","ortholog_one2one",100,96.92,1
"CHRM5","Chrm5","ortholog_one2one",100,100,1
"C2orf73","4930505A04Rik","ortholog_one2one",100,100,1
"FARSB","Farsb","ortholog_one2one",100,100,1
"DPYS","Dpys","ortholog_one2one",100,100,1
"NKX2-8","Nkx2-9","ortholog_one2one",100,100,1
"FRAS1","Fras1","ortholog_one2one",100,100,1
"POLD2","Pold2","ortholog_one2one",100,100,1
"COQ4","Coq4","ortholog_one2one",50,100,1
"COLEC11","Colec11","ortholog_one2one",100,99.29,1
"CDC16","Cdc16","ortholog_one2one",100,100,1
"PAX9","Pax9","ortholog_one2one",100,100,1
"USB1","Usb1","ortholog_one2one",100,100,1
"SLC25A21","Slc25a21","ortholog_one2one",100,98.06,1
"PHF13","Phf13","ortholog_one2one",100,100,1
"PAXBP1","Paxbp1","ortholog_one2one",100,100,1
"SND1","Snd1","ortholog_one2one",100,100,1
"FAM114A2","Fam114a2","ortholog_one2one",100,100,1
"TRIB1","Trib1","ortholog_one2one",75,100,1
"PHF1","Phf1","ortholog_one2one",50,100,1
"SLC17A3","Slc17a3","ortholog_one2one",75,100,1
"MUC17","Muc3","ortholog_one2one",100,72.61,0
"DNAI2","Dnaic2","ortholog_one2one",100,100,1
"AEBP1","Aebp1","ortholog_one2one",100,100,1
"INPP5B","Inpp5b","ortholog_one2one",100,100,1
"ABCB11","Abcb11","ortholog_one2one",100,100,1
"FAM237A","Gm39653","ortholog_one2one",100,100,1
"ADRA2C","Adra2c","ortholog_one2one",50,100,1
"DRD4","Drd4","ortholog_one2one",100,100,1
"BRCA2","Brca2","ortholog_one2one",100,100,1
"JPH3","Jph3","ortholog_one2one",100,100,1
"TLCD3B","Fam57b","ortholog_one2one",100,100,1
"GTF2E1","Gtf2e1","ortholog_one2one",100,100,1
"KCNH4","Kcnh4","ortholog_one2one",100,100,1
"EYA3","Eya3","ortholog_one2one",100,100,1
"NRG3","Nrg3","ortholog_one2one",100,100,1
"KLHL21","Klhl21","ortholog_one2one",100,100,1
"SDC2","Sdc2","ortholog_one2one",50,100,1
"SF1","Sf1","ortholog_one2one",100,99.74,1
"POU4F3","Pou4f3","ortholog_one2one",100,100,1
"OLFML1","Olfml1","ortholog_one2one",100,100,0
"CD177","Cd177","ortholog_one2one",75,79.72,0
"APOF","Apof","ortholog_one2one",100,100,1
"SAR1B","Sar1b","ortholog_one2one",75,100,1
"TRUB2","Trub2","ortholog_one2one",50,100,1
"OAT","Oat","ortholog_one2one",100,100,1
"COL4A1","Col4a1","ortholog_one2one",100,100,1
"GABRP","Gabrp","ortholog_one2one",75,100,1
"TBX21","Tbx21","ortholog_one2one",100,100,1
"CCDC83","Ccdc83","ortholog_one2one",100,97.55,1
"CBFA2T3","Cbfa2t3","ortholog_one2one",100,100,1
"MTMR3","Mtmr3","ortholog_one2one",100,100,1
"TMEM242","Tmem242","ortholog_one2one",100,100,1
"TFDP2","Tfdp2","ortholog_one2one",100,100,1
"CD2BP2","Cd2bp2","ortholog_one2one",50,100,1
"FAM162B","Fam162b","ortholog_one2one",50,100,1
"IPO13","Ipo13","ortholog_one2one",100,100,1
"TBKBP1","Tbkbp1","ortholog_one2one",100,100,1
"ATE1","Ate1","ortholog_one2one",100,100,1
"ADAMTS10","Adamts10","ortholog_one2one",100,100,1
"LDHAL6B","Ldhal6b","ortholog_one2one",0,100,1
"MIS18A","Mis18a","ortholog_one2one",100,100,1
"LSG1","Lsg1","ortholog_one2one",100,100,1
"CEP104","Cep104","ortholog_one2one",100,100,1
"CUTA","Cuta","ortholog_one2one",100,100,1
"HMX1","Hmx1","ortholog_one2one",50,100,1
"EPHB6","Ephb6","ortholog_one2one",100,100,1
"BRINP3","Brinp3","ortholog_one2one",100,100,1
"SEMA3G","Sema3g","ortholog_one2one",100,100,1
"OLFM1","Olfm1","ortholog_one2one",100,100,1
"PDE6B","Pde6b","ortholog_one2one",100,100,1
"PPM1N","Ppm1n","ortholog_one2one",100,97.08,1
"LRRC4","Lrrc4","ortholog_one2one",100,100,1
"LRRC8B","Lrrc8b","ortholog_one2one",50,100,1
"RTN2","Rtn2","ortholog_one2one",100,100,1
"CASP8AP2","Casp8ap2","ortholog_one2one",0,99.58,1
"RABL3","Rabl3","ortholog_one2one",100,100,1
"ERN1","Ern1","ortholog_one2one",100,100,1
"ATP10A","Atp10a","ortholog_one2one",100,100,1
"CCSAP","Ccsap","ortholog_one2one",100,100,1
"PCNA","Pcna","ortholog_one2one",100,100,1
"MRAP","Mrap","ortholog_one2one",100,100,0
"PDPR","Pdpr","ortholog_one2one",0,100,1
"SERPINA9","Serpina9","ortholog_one2one",100,100,1
"MUC3A","Muc3a","ortholog_one2one",100,58.8,0
"OTUD5","Otud5","ortholog_one2one",100,100,1
"SERPINA11","Serpina11","ortholog_one2one",100,100,1
"UST","Ust","ortholog_one2one",100,100,1
"TMEM132C","Tmem132c","ortholog_one2one",100,100,1
"ACHE","Ache","ortholog_one2one",100,100,1
"GPR37","Gpr37","ortholog_one2one",100,100,1
"STAT2","Stat2","ortholog_one2one",100,100,1
"ATP11B","Atp11b","ortholog_one2one",100,100,1
"ZNF329","Zfp329","ortholog_one2one",50,100,1
"CEP55","Cep55","ortholog_one2one",100,100,1
"ANKRD13D","Ankrd13d","ortholog_one2one",100,100,1
"LAMA4","Lama4","ortholog_one2one",100,100,1
"APOM","Apom","ortholog_one2one",100,100,1
"DNAJC5B","Dnajc5b","ortholog_one2one",100,100,1
"GEN1","Gen1","ortholog_one2one",100,100,1
"ELMOD2","Elmod2","ortholog_one2one",100,100,1
"CDH10","Cdh10","ortholog_one2one",75,100,1
"ZBTB48","Zbtb48","ortholog_one2one",100,100,1
"SPINT2","Spint2","ortholog_one2one",100,100,1
"RPS7","Rps7","ortholog_one2one",100,100,1
"PHACTR2","Phactr2","ortholog_one2one",100,100,1
"IDH2","Idh2","ortholog_one2one",100,100,1
"ARTN","Artn","ortholog_one2one",100,100,1
"WDR44","Wdr44","ortholog_one2one",50,100,1
"DNM1L","Dnm1l","ortholog_one2one",75,100,1
"ZDHHC14","Zdhhc14","ortholog_one2one",100,100,1
"OR6C65","Olfr808","ortholog_one2one",50,0,0
"PVRIG","Pvrig","ortholog_one2one",50,100,0
"ZNF706","Zfp706","ortholog_one2one",100,100,1
"TRHR","Trhr","ortholog_one2one",100,99.86,1
"CALM1","Calm1","ortholog_one2one",100,100,1
"AVEN","Aven","ortholog_one2one",100,100,1
"KIF2B","Kif2b","ortholog_one2one",100,100,1
"TMEM81","Tmem81","ortholog_one2one",100,100,1
"EHMT1","Ehmt1","ortholog_one2one",75,100,1
"BANP","Banp","ortholog_one2one",100,95.06,1
"NANOS1","Nanos1","ortholog_one2one",100,100,1
"CAPZB","Capzb","ortholog_one2one",100,100,1
"COL4A2","Col4a2","ortholog_one2one",100,100,1
"MGAT4D","Mgat4d","ortholog_one2one",100,100,1
"COQ10A","Coq10a","ortholog_one2one",100,100,1
"INPP5F","Inpp5f","ortholog_one2one",100,100,1
"TNFRSF13B","Tnfrsf13b","ortholog_one2one",0,100,0
"FKBP14","Fkbp14","ortholog_one2one",100,100,1
"LARP4B","Larp4b","ortholog_one2one",75,100,1
"C4orf33","D3Ertd751e","ortholog_one2one",100,100,1
"ZBTB37","Zbtb37","ortholog_one2one",100,100,1
"TNPO1","Tnpo1","ortholog_one2one",100,100,1
"ATP5ME","Atp5k","ortholog_one2one",100,100,1
"DRD2","Drd2","ortholog_one2one",100,100,1
"SPATA21","Spata21","ortholog_one2one",100,99.42,0
"RYR3","Ryr3","ortholog_one2one",100,100,1
"FAM149A","Fam149a","ortholog_one2one",100,100,1
"DYTN","Dytn","ortholog_one2one",100,100,1
"PLEKHA8","Plekha8","ortholog_one2one",100,100,1
"ANKK1","Ankk1","ortholog_one2one",100,100,1
"COX7C","Cox7c","ortholog_one2one",100,100,1
"TDRD7","Tdrd7","ortholog_one2one",50,99.88,1
"TAS1R1","Tas1r1","ortholog_one2one",100,100,1
"H1-5","H1f5","ortholog_one2one",25,100,1
"LNX2","Lnx2","ortholog_one2one",100,100,1
"H3C7","H3c11","ortholog_one2one",0,0,0
"PPP1R14A","Ppp1r14a","ortholog_one2one",100,100,1
"JRKL","Jrkl","ortholog_one2one",100,100,1
"PLEKHG3","Plekhg3","ortholog_one2one",100,100,1
"TEX2","Tex2","ortholog_one2one",100,100,1
"RBPJL","Rbpjl","ortholog_one2one",100,100,1
"PDE10A","Pde10a","ortholog_one2one",100,100,1
"ATP1A4","Atp1a4","ortholog_one2one",75,100,1
"SLC49A3","Mfsd7a","ortholog_one2one",100,94.7,1
"CTDP1","Ctdp1","ortholog_one2one",100,100,1
"DEAF1","Deaf1","ortholog_one2one",75,100,1
"ATG16L1","Atg16l1","ortholog_one2one",100,100,1
"TBC1D10B","Tbc1d10b","ortholog_one2one",50,100,1
"KCNJ6","Kcnj6","ortholog_one2one",100,100,1
"PPM1K","Ppm1k","ortholog_one2one",50,100,1
"BAZ2B","Baz2b","ortholog_one2one",100,99.72,1
"ABRAXAS2","Abraxas2","ortholog_one2one",100,100,1
"SLC25A43","Slc25a43","ortholog_one2one",100,100,1
"LYZL6","Lyzl6","ortholog_one2one",0,100,1
"DYNC2I1","Wdr60","ortholog_one2one",75,97.11,1
"SEC61G","Sec61g","ortholog_one2one",75,100,1
"TRIM38","Trim38","ortholog_one2one",0,100,1
"MPV17","Mpv17","ortholog_one2one",100,100,1
"SLC25A5","Slc25a5","ortholog_one2one",100,100,1
"HERC6","Herc6","ortholog_one2one",25,100,1
"PMPCB","Pmpcb","ortholog_one2one",100,100,1
"RPRD2","Rprd2","ortholog_one2one",100,100,1
"CA7","Car7","ortholog_one2one",100,100,1
"MATN4","Matn4","ortholog_one2one",50,100,1
"WBP1L","Wbp1l","ortholog_one2one",100,98.96,1
"UFSP1","Ufsp1","ortholog_one2one",100,100,1
"HOOK1","Hook1","ortholog_one2one",100,100,1
"CPZ","Cpz","ortholog_one2one",75,100,1
"PLXNA4","Plxna4","ortholog_one2one",100,100,1
"ENPP7","Enpp7","ortholog_one2one",100,93.22,1
"CNTN2","Cntn2","ortholog_one2one",100,100,1
"N4BP2L1","N4bp2l1","ortholog_one2one",100,100,1
"ZNF512","Zfp512","ortholog_one2one",100,100,1
"REEP1","Reep1","ortholog_one2one",100,100,1
"SPTB","Sptb","ortholog_one2one",100,100,1
"GREM1","Grem1","ortholog_one2one",100,100,1
"HMX3","Hmx3","ortholog_one2one",100,100,1
"MDH1B","Mdh1b","ortholog_one2one",100,100,1
"KIF19","Kif19a","ortholog_one2one",100,100,1
"CTBP2","Ctbp2","ortholog_one2one",100,100,1
"COASY","Coasy","ortholog_one2one",100,99.33,1
"BCL11B","Bcl11b","ortholog_one2one",100,100,1
"DNAJC2","Dnajc2","ortholog_one2one",100,100,1
"ZER1","Zer1","ortholog_one2one",100,100,1
"TARS2","Tars2","ortholog_one2one",100,100,1
"CBX2","Cbx2","ortholog_one2one",100,100,1
"RPGRIP1L","Rpgrip1l","ortholog_one2one",100,100,1
"ERCC6","Ercc6","ortholog_one2one",75,100,1
"MYLPF","Mylpf","ortholog_one2one",75,100,1
"SORCS2","Sorcs2","ortholog_one2one",100,100,1
"IL36RN","Il1f5","ortholog_one2one",100,100,1
"FBXW8","Fbxw8","ortholog_one2one",100,100,1
"UBE2A","Ube2a","ortholog_one2one",100,100,1
"CAPZA2","Capza2","ortholog_one2one",100,100,1
"WDR75","Wdr75","ortholog_one2one",75,100,1
"SOX9","Sox9","ortholog_one2one",100,100,1
"TRPV6","Trpv6","ortholog_one2one",100,100,1
"CMPK2","Cmpk2","ortholog_one2one",100,100,1
"MGARP","Mgarp","ortholog_one2one",100,95.91,0
"MAGED1","Maged1","ortholog_one2one",0,100,1
"STAM","Stam","ortholog_one2one",100,100,1
"TPPP","Tppp","ortholog_one2one",100,100,1
"LCN2","Lcn2","ortholog_one2one",100,100,1
"HRK","Hrk","ortholog_one2one",100,100,1
"BTBD17","Btbd17","ortholog_one2one",100,100,1
"BLVRB","Blvrb","ortholog_one2one",100,100,1
"NDRG1","Ndrg1","ortholog_one2one",100,100,1
"IL1R2","Il1r2","ortholog_one2one",100,98.99,1
"PSAPL1","Psapl1","ortholog_one2one",100,100,1
"BLOC1S4","Bloc1s4","ortholog_one2one",100,100,1
"ESRRA","Esrra","ortholog_one2one",100,100,1
"STMND1","Stmnd1","ortholog_one2one",100,100,1
"RPRML","Rprml","ortholog_one2one",50,100,1
"GCSAM","Gcsam","ortholog_one2one",100,100,1
"PTPN7","Ptpn7","ortholog_one2one",100,100,1
"CD274","Cd274","ortholog_one2one",100,100,1
"PHF7","Phf7","ortholog_one2one",100,100,1
"CXorf56","C330007P06Rik","ortholog_one2one",100,100,1
"CPA1","Cpa1","ortholog_one2one",100,100,1
"OMP","Omp","ortholog_one2one",100,100,1
"CAPN5","Capn5","ortholog_one2one",100,100,1
"TRMT112","Trmt112","ortholog_one2one",100,100,1
"KCNJ15","Kcnj15","ortholog_one2one",100,100,1
"GLIS3","Glis3","ortholog_one2one",100,100,1
"LRRC8C","Lrrc8c","ortholog_one2one",50,100,1
"UPF3A","Upf3a","ortholog_one2one",75,96.04,1
"SERTAD3","Sertad3","ortholog_one2one",100,100,1
"CIBAR1","Fam92a","ortholog_one2one",100,100,1
"ROR2","Ror2","ortholog_one2one",75,100,1
"CLEC11A","Clec11a","ortholog_one2one",100,100,1
"INTS12","Ints12","ortholog_one2one",100,100,1
"C3orf52","BC016579","ortholog_one2one",100,93.72,0
"LMAN2","Lman2","ortholog_one2one",75,100,1
"PCSK5","Pcsk5","ortholog_one2one",100,100,1
"CASP14","Casp14","ortholog_one2one",100,100,1
"DZIP3","Dzip3","ortholog_one2one",100,100,1
"PRDX5","Prdx5","ortholog_one2one",100,100,1
"HS3ST3A1","Hs3st3a1","ortholog_one2one",100,100,1
"FBXO31","Fbxo31","ortholog_one2one",100,100,1
"FUCA2","Fuca2","ortholog_one2one",100,100,1
"TMEM141","Tmem141","ortholog_one2one",100,100,1
"GSTCD","Gstcd","ortholog_one2one",100,100,1
"RAP1B","Rap1b","ortholog_one2one",100,100,1
"PDP2","Pdp2","ortholog_one2one",100,100,1
"LEP","Lep","ortholog_one2one",100,100,1
"CBX8","Cbx8","ortholog_one2one",100,99.09,1
"ZNF383","Zfp383","ortholog_one2one",25,99.72,1
"SEMA4B","Sema4b","ortholog_one2one",100,100,1
"EYA4","Eya4","ortholog_one2one",100,100,1
"DAB1","Dab1","ortholog_one2one",75,100,1
"PITX1","Pitx1","ortholog_one2one",100,100,1
"STRADB","Stradb","ortholog_one2one",100,100,1
"TRIM55","Trim55","ortholog_one2one",75,100,1
"CHST15","Chst15","ortholog_one2one",100,100,1
"MRPL35","Mrpl35","ortholog_one2one",100,100,1
"MACROH2A1","Macroh2a1","ortholog_one2one",100,100,1
"WDR17","Wdr17","ortholog_one2one",100,100,1
"ZNF569","Zfp74","ortholog_one2one",50,99.38,1
"THAP1","Thap1","ortholog_one2one",50,100,1
"ZNF8","Zfp128","ortholog_one2one",75,100,1
"EML3","Eml3","ortholog_one2one",100,100,1
"FFAR4","Ffar4","ortholog_one2one",100,98.4,1
"CEP135","Cep135","ortholog_one2one",100,100,1
"MMP15","Mmp15","ortholog_one2one",100,100,1
"GINS2","Gins2","ortholog_one2one",100,100,1
"GPRC6A","Gprc6a","ortholog_one2one",50,100,1
"SUZ12","Suz12","ortholog_one2one",50,100,1
"LYST","Lyst","ortholog_one2one",100,99.98,1
"CTNNA1","Ctnna1","ortholog_one2one",100,100,1
"PPFIBP2","Ppfibp2","ortholog_one2one",100,100,1
"PLCB4","Plcb4","ortholog_one2one",100,100,1
"RABL6","Rabl6","ortholog_one2one",100,100,1
"SASH1","Sash1","ortholog_one2one",100,100,1
"NKX1-2","Nkx1-2","ortholog_one2one",100,100,1
"TELO2","Telo2","ortholog_one2one",75,100,1
"SPG11","Spg11","ortholog_one2one",100,100,1
"BUB3","Bub3","ortholog_one2one",100,100,1
"RHOU","Rhou","ortholog_one2one",50,100,1
"IMMT","Immt","ortholog_one2one",100,100,1
"SNRNP200","Snrnp200","ortholog_one2one",100,100,1
"ARL11","Arl11","ortholog_one2one",50,100,1
"SPATA33","Spata33","ortholog_one2one",100,100,1
"TTC12","Ttc12","ortholog_one2one",100,99.38,1
"TMEM236","Tmem236","ortholog_one2one",100,100,1
"AKAP13","Akap13","ortholog_one2one",25,100,1
"PPP1R26","Ppp1r26","ortholog_one2one",100,100,1
"MYL7","Myl7","ortholog_one2one",100,100,1
"ACYP2","Acyp2","ortholog_one2one",100,76.4,0
"RAB8A","Rab8a","ortholog_one2one",50,100,1
"POLR1D","Polr1d","ortholog_one2one",100,100,1
"RAB4A","Rab4a","ortholog_one2one",50,100,1
"MANEAL","Maneal","ortholog_one2one",100,100,1
"U2AF2","U2af2","ortholog_one2one",75,100,1
"MTF1","Mtf1","ortholog_one2one",100,100,1
"BTBD16","Btbd16","ortholog_one2one",100,99.77,1
"HSH2D","Hsh2d","ortholog_one2one",100,100,0
"MIPOL1","Mipol1","ortholog_one2one",100,100,1
"ZNF507","Zfp507","ortholog_one2one",100,100,1
"FASTKD2","Fastkd2","ortholog_one2one",100,100,1
"SHC1","Shc1","ortholog_one2one",100,100,1
"LRRTM2","Lrrtm2","ortholog_one2one",100,100,1
"RIC1","Ric1","ortholog_one2one",100,100,1
"N4BP2L2","N4bp2l2","ortholog_one2one",100,100,0
"GPATCH2","Gpatch2","ortholog_one2one",100,100,1
"CYP17A1","Cyp17a1","ortholog_one2one",100,100,1
"C1orf122","1110065P20Rik","ortholog_one2one",100,100,1
"CRACD","C530008M17Rik","ortholog_one2one",100,100,1
"GRM8","Grm8","ortholog_one2one",100,100,1
"SNRPN","Snrpn","ortholog_one2one",100,99.01,1
"AFTPH","Aftph","ortholog_one2one",100,100,1
"ZSCAN22","Zscan22","ortholog_one2one",50,100,1
"HTRA1","Htra1","ortholog_one2one",100,100,1
"CYB5R2","Cyb5r2","ortholog_one2one",100,100,1
"IL1F10","Il1f10","ortholog_one2one",100,100,1
"UAP1L1","Uap1l1","ortholog_one2one",50,100,1
"USP22","Usp22","ortholog_one2one",0,100,1
"YRDC","Yrdc","ortholog_one2one",100,100,1
"COMP","Comp","ortholog_one2one",100,100,1
"TBX1","Tbx1","ortholog_one2one",100,100,1
"ZNF317","Zfp317","ortholog_one2one",25,100,1
"OTOA","Otoa","ortholog_one2one",50,100,1
"CEP57","Cep57","ortholog_one2one",100,100,1
"COX4I1","Cox4i1","ortholog_one2one",100,100,1
"NLN","Nln","ortholog_one2one",100,100,1
"LCP2","Lcp2","ortholog_one2one",75,99.86,1
"IMPACT","Impact","ortholog_one2one",100,100,1
"EPB41L4A","Epb41l4a","ortholog_one2one",100,100,1
"ZRANB1","Zranb1","ortholog_one2one",100,100,1
"DAXX","Daxx","ortholog_one2one",75,100,1
"GSAP","Gsap","ortholog_one2one",75,100,1
"PCGF3","Pcgf3","ortholog_one2one",100,100,1
"FAM43A","Fam43a","ortholog_one2one",100,100,1
"CRH","Crh","ortholog_one2one",50,100,1
"TREM1","Trem1","ortholog_one2one",75,57.36,0
"ARHGEF2","Arhgef2","ortholog_one2one",100,100,1
"SNX9","Snx9","ortholog_one2one",100,100,1
"BTBD2","Btbd2","ortholog_one2one",100,100,1
"NFATC1","Nfatc1","ortholog_one2one",100,100,1
"EBPL","Ebpl","ortholog_one2one",50,100,1
"JADE2","Jade2","ortholog_one2one",100,100,1
"HES7","Hes7","ortholog_one2one",100,100,1
"SERPINA12","Serpina12","ortholog_one2one",100,100,1
"C10orf120","4933402N03Rik","ortholog_one2one",100,100,0
"FAM102B","Fam102b","ortholog_one2one",100,100,1
"SOX4","Sox4","ortholog_one2one",100,100,1
"CHAMP1","Champ1","ortholog_one2one",50,100,1
"SERTAD1","Sertad1","ortholog_one2one",100,100,1
"CBX4","Cbx4","ortholog_one2one",100,100,1
"PLEKHA1","Plekha1","ortholog_one2one",100,100,1
"CIB3","Cib3","ortholog_one2one",100,100,1
"CLIP4","Clip4","ortholog_one2one",100,100,1
"DDX60","Ddx60","ortholog_one2one",100,100,1
"KCNMB1","Kcnmb1","ortholog_one2one",100,100,1
"AKNA","Akna","ortholog_one2one",100,100,1
"CEP57L1","Cep57l1","ortholog_one2one",100,98.99,1
"FAM32A","Fam32a","ortholog_one2one",100,100,1
"SERPINA5","Serpina5","ortholog_one2one",100,100,1
"PDCD1LG2","Pdcd1lg2","ortholog_one2one",100,97.93,1
"KCNIP1","Kcnip1","ortholog_one2one",100,100,1
"LYPD4","Lypd4","ortholog_one2one",75,100,1
"ANKRD11","Ankrd11","ortholog_one2one",100,100,1
"XKR8","Xkr8","ortholog_one2one",100,100,1
"PCNP","Pcnp","ortholog_one2one",100,100,1
"IGSF8","Igsf8","ortholog_one2one",100,100,1
"CCDC105","Ccdc105","ortholog_one2one",100,100,1
"HNRNPA1P48","Gm5269","ortholog_one2one",0,0,0
"SBNO1","Sbno1","ortholog_one2one",100,100,1
"PRMT1","Prmt1","ortholog_one2one",100,100,1
"PARP12","Parp12","ortholog_one2one",100,100,1
"UBE3A","Ube3a","ortholog_one2one",100,100,1
"COL16A1","Col16a1","ortholog_one2one",100,100,1
"TRIQK","Triqk","ortholog_one2one",100,100,1
"ADGRG6","Adgrg6","ortholog_one2one",100,100,1
"EDIL3","Edil3","ortholog_one2one",100,100,1
"MPPED2","Mpped2","ortholog_one2one",100,100,1
"PIP5K1C","Pip5k1c","ortholog_one2one",100,100,1
"YWHAQ","Ywhaq","ortholog_one2one",100,100,1
"IL1R1","Il1r1","ortholog_one2one",100,100,1
"OTX2","Otx2","ortholog_one2one",100,100,1
"CTU2","Ctu2","ortholog_one2one",100,99.24,1
"LRFN5","Lrfn5","ortholog_one2one",100,100,1
"PIM2","Pim2","ortholog_one2one",100,100,1
"RBP4","Rbp4","ortholog_one2one",100,100,1
"CPQ","Cpq","ortholog_one2one",50,100,1
"COPRS","Coprs","ortholog_one2one",0,69.3,0
"PAX6","Pax6","ortholog_one2one",100,100,1
"RBM24","Rbm24","ortholog_one2one",100,100,1
"USP47","Usp47","ortholog_one2one",100,100,1
"CWF19L1","Cwf19l1","ortholog_one2one",100,100,1
"GRK2","Grk2","ortholog_one2one",100,100,1
"C9orf116","1700007K13Rik","ortholog_one2one",75,96.95,1
"DMRTC2","Dmrtc2","ortholog_one2one",100,100,1
"ZBTB11","Zbtb11","ortholog_one2one",100,100,1
"CAP2","Cap2","ortholog_one2one",100,100,1
"SIL1","Sil1","ortholog_one2one",100,100,1
"EIF3K","Eif3k","ortholog_one2one",100,100,1
"ATP1A2","Atp1a2","ortholog_one2one",100,100,1
"KDM7A","Kdm7a","ortholog_one2one",100,100,1
"TNC","Tnc","ortholog_one2one",100,100,1
"LHPP","Lhpp","ortholog_one2one",100,100,1
"RPL24","Rpl24","ortholog_one2one",100,100,1
"SOSTDC1","Sostdc1","ortholog_one2one",100,100,1
"HGD","Hgd","ortholog_one2one",100,100,1
"MFAP3","Mfap3","ortholog_one2one",100,100,1
"NOL9","Nol9","ortholog_one2one",100,100,1
"RBM28","Rbm28","ortholog_one2one",100,100,1
"CFAP20","Cfap20","ortholog_one2one",100,100,1
"GPN1","Gpn1","ortholog_one2one",100,99.43,1
"ZCWPW1","Zcwpw1","ortholog_one2one",50,100,1
"PIGO","Pigo","ortholog_one2one",100,100,1
"CDKN2AIPNL","Cdkn2aipnl","ortholog_one2one",100,100,1
"DMBT1","Dmbt1","ortholog_one2one",100,76.6,0
"TRMT44","Trmt44","ortholog_one2one",100,98.61,1
"PYURF","Pyurf","ortholog_one2one",50,100,1
"GALNT10","Galnt10","ortholog_one2one",100,100,1
"ZNF804B","Zfp804b","ortholog_one2one",100,100,1
"GABPB1","Gabpb1","ortholog_one2one",100,100,1
"IRF8","Irf8","ortholog_one2one",100,100,1
"TEX47","Tex47","ortholog_one2one",100,100,1
"FAM78A","Fam78a","ortholog_one2one",100,100,1
"TADA2B","Tada2b","ortholog_one2one",100,100,1
"SAPCD2","Sapcd2","ortholog_one2one",75,100,1
"RNF185","Rnf185","ortholog_one2one",100,100,1
"GRPEL1","Grpel1","ortholog_one2one",75,100,1
"NUP214","Nup214","ortholog_one2one",100,100,1
"NAP1L1","Nap1l1","ortholog_one2one",100,100,1
"MRPS2","Mrps2","ortholog_one2one",50,100,1
"DHRS9","Dhrs9","ortholog_one2one",100,97.42,1
"HSF2","Hsf2","ortholog_one2one",75,100,1
"FGL2","Fgl2","ortholog_one2one",75,100,1
"CCDC146","Ccdc146","ortholog_one2one",75,100,1
"SYT16","Syt16","ortholog_one2one",100,100,1
"MTURN","Mturn","ortholog_one2one",100,100,1
"APC","Apc","ortholog_one2one",100,100,1
"CRPPA","Crppa","ortholog_one2one",100,100,1
"MTA2","Mta2","ortholog_one2one",100,100,1
"ANKRD52","Ankrd52","ortholog_one2one",100,100,1
"HESX1","Hesx1","ortholog_one2one",100,100,1
"LRRC8D","Lrrc8d","ortholog_one2one",100,100,1
"UBE2B","Ube2b","ortholog_one2one",100,100,1
"CPLX1","Cplx1","ortholog_one2one",100,100,1
"HRH4","Hrh4","ortholog_one2one",100,100,1
"SPTLC1","Sptlc1","ortholog_one2one",50,100,1
"RNF115","Rnf115","ortholog_one2one",100,100,1
"MPP7","Mpp7","ortholog_one2one",75,100,1
"GPR142","Gpr142","ortholog_one2one",100,100,1
"HCRT","Hcrt","ortholog_one2one",100,100,1
"MGAT5B","Mgat5b","ortholog_one2one",100,100,1
"ARHGAP39","Arhgap39","ortholog_one2one",75,100,1
"MRC1","Mrc1","ortholog_one2one",100,100,1
"GNG4","Gng4","ortholog_one2one",100,100,1
"F13A1","F13a1","ortholog_one2one",100,100,1
"PITPNA","Pitpna","ortholog_one2one",100,100,1
"DYNC1I1","Dync1i1","ortholog_one2one",100,100,1
"HNRNPH3","Hnrnph3","ortholog_one2one",100,100,1
"ANK3","Ank3","ortholog_one2one",100,100,0
"ST3GAL3","St3gal3","ortholog_one2one",100,92.22,1
"SOX11","Sox11","ortholog_one2one",100,99.17,1
"GHDC","Ghdc","ortholog_one2one",100,100,1
"RPS5","Rps5","ortholog_one2one",50,96.54,1
"POLR3C","Polr3c","ortholog_one2one",100,100,1
"SLC17A2","Slc17a2","ortholog_one2one",75,100,1
"TAPBP","Tapbp","ortholog_one2one",100,99.77,1
"ACOX3","Acox3","ortholog_one2one",100,100,1
"ACADSB","Acadsb","ortholog_one2one",100,100,1
"PLPP6","Plpp6","ortholog_one2one",100,100,1
"SLC1A1","Slc1a1","ortholog_one2one",100,100,1
"FBXO25","Fbxo25","ortholog_one2one",50,100,1
"SLC39A5","Slc39a5","ortholog_one2one",100,100,1
"URB2","Urb2","ortholog_one2one",100,100,1
"ADAMTS14","Adamts14","ortholog_one2one",100,100,1
"FAM13A","Fam13a","ortholog_one2one",100,86.17,1
"OR1D2","Olfr412","ortholog_one2one",75,19.38,1
"DCLK1","Dclk1","ortholog_one2one",75,100,1
"CIBAR2","Fam92b","ortholog_one2one",100,93.46,1
"NABP2","Nabp2","ortholog_one2one",100,100,1
"PRRT4","Prrt4","ortholog_one2one",100,100,1
"RUFY2","Rufy2","ortholog_one2one",100,97.67,1
"IL1RL2","Il1rl2","ortholog_one2one",100,98.97,1
"MUS81","Mus81","ortholog_one2one",75,100,1
"ZNF608","Zfp608","ortholog_one2one",100,100,1
"CCDC70","Ccdc70","ortholog_one2one",50,100,1
"FOXF1","Foxf1","ortholog_one2one",100,100,1
"TRPV5","Trpv5","ortholog_one2one",100,100,1
"FGFR2","Fgfr2","ortholog_one2one",100,100,1
"RNF225","Rnf225","ortholog_one2one",50,100,1
"NUP133","Nup133","ortholog_one2one",100,100,1
"ZNF521","Zfp521","ortholog_one2one",100,100,1
"SPATA6L","4430402I18Rik","ortholog_one2one",100,100,0
"SLC40A1","Slc40a1","ortholog_one2one",50,100,1
"CDS2","Cds2","ortholog_one2one",100,100,1
"RNF38","Rnf38","ortholog_one2one",100,100,1
"ZBTB22","Zbtb22","ortholog_one2one",100,100,1
"CACNA1G","Cacna1g","ortholog_one2one",100,100,1
"CES5A","Ces5a","ortholog_one2one",100,96.22,1
"PRX","Prx","ortholog_one2one",100,99.06,1
"ANXA3","Anxa3","ortholog_one2one",100,100,1
"SLC1A6","Slc1a6","ortholog_one2one",100,100,1
"TSHZ3","Tshz3","ortholog_one2one",100,100,1
"TREML4","Treml4","ortholog_one2one",0,93.53,0
"KRTAP16-1","Krtap16-1","ortholog_one2one",100,98.07,1
"CCBE1","Ccbe1","ortholog_one2one",75,100,1
"BLOC1S2","Bloc1s2","ortholog_one2one",100,100,1
"NDUFC1","Ndufc1","ortholog_one2one",100,100,1
"TBC1D16","Tbc1d16","ortholog_one2one",100,100,1
"CIAO1","Ciao1","ortholog_one2one",100,100,1
"NCBP1","Ncbp1","ortholog_one2one",100,100,1
"CDK10","Cdk10","ortholog_one2one",100,100,1
"RTKN2","Rtkn2","ortholog_one2one",100,100,1
"DEK","Dek","ortholog_one2one",100,100,1
"TGFBR3L","Tgfbr3l","ortholog_one2one",100,97.22,1
"PPP4R3A","Ppp4r3a","ortholog_one2one",75,100,1
"KLHL25","Klhl25","ortholog_one2one",0,100,1
"MDN1","Mdn1","ortholog_one2one",75,100,1
"SETD3","Setd3","ortholog_one2one",100,100,1
"EFEMP2","Efemp2","ortholog_one2one",100,100,1
"GSPT2","Gspt2","ortholog_one2one",0,100,1
"OR7C2","Olfr1356","ortholog_one2one",75,100,1
"GSX1","Gsx1","ortholog_one2one",100,100,1
"KPNA3","Kpna3","ortholog_one2one",100,100,1
"SEPTIN2","Septin2","ortholog_one2many",100,100,1
"GPRC5C","Gprc5c","ortholog_one2one",100,100,1
"PDX1","Pdx1","ortholog_one2one",100,100,1
"TTC7B","Ttc7b","ortholog_one2one",100,100,1
"PDE6C","Pde6c","ortholog_one2one",100,100,1
"SH2D4B","Sh2d4b","ortholog_one2one",100,100,1
"XPA","Xpa","ortholog_one2one",100,100,1
"NOVA1","Nova1","ortholog_one2one",50,100,1
"LAMP5","Lamp5","ortholog_one2one",100,100,1
"KDM1B","Kdm1b","ortholog_one2one",100,100,1
"B4GALNT2","B4galnt2","ortholog_one2one",100,94.59,1
"WNT9B","Wnt9b","ortholog_one2one",100,100,1
"ARHGEF38","Arhgef38","ortholog_one2one",100,100,0
"BRINP2","Brinp2","ortholog_one2one",100,100,1
"LANCL2","Lancl2","ortholog_one2one",25,100,1
"TMEM62","Tmem62","ortholog_one2one",100,100,1
"IL17C","Il17c","ortholog_one2one",100,99.58,1
"ASCC2","Ascc2","ortholog_one2one",100,100,1
"CPNE7","Cpne7","ortholog_one2one",100,95.5,1
"ALDH3A1","Aldh3a1","ortholog_one2one",50,100,1
"ELP1","Elp1","ortholog_one2one",100,100,1
"ACTL6A","Actl6a","ortholog_one2one",100,100,1
"TMEM127","Tmem127","ortholog_one2one",100,100,1
"MFSD2A","Mfsd2a","ortholog_one2one",100,100,1
"RGS14","Rgs14","ortholog_one2one",100,100,1
"ALOXE3","Aloxe3","ortholog_one2one",100,100,1
"TMOD1","Tmod1","ortholog_one2one",100,100,1
"NKRF","Nkrf","ortholog_one2one",100,100,1
"VOPP1","Vopp1","ortholog_one2one",0,100,1
"ESRRG","Esrrg","ortholog_one2one",100,99.12,1
"TPMT","Tpmt","ortholog_one2one",100,100,1
"KIAA0513","6430548M08Rik","ortholog_one2one",100,100,1
"PROKR2","Prokr2","ortholog_one2one",100,100,1
"IL5","Il5","ortholog_one2one",100,100,1
"CD69","Cd69","ortholog_one2one",25,100,1
"HAPLN1","Hapln1","ortholog_one2one",100,100,1
"ADARB1","Adarb1","ortholog_one2one",100,98.37,1
"GJA8","Gja8","ortholog_one2one",100,100,1
"MIS12","Mis12","ortholog_one2one",100,100,1
"NSUN6","Nsun6","ortholog_one2one",100,100,1
"GBGT1","Gbgt1","ortholog_one2one",50,100,1
"TSTD2","Tstd2","ortholog_one2one",100,100,1
"MOGAT1","Mogat1","ortholog_one2one",100,100,1
"RAP1GAP2","Rap1gap2","ortholog_one2one",100,100,1
"DPF1","Dpf1","ortholog_one2one",75,100,1
"CDX2","Cdx2","ortholog_one2one",100,100,1
"AP1M1","Ap1m1","ortholog_one2one",100,98.78,1
"CDH16","Cdh16","ortholog_one2one",100,100,1
"SPRYD7","Spryd7","ortholog_one2one",100,100,1
"SEC14L1","Sec14l1","ortholog_one2one",100,100,1
"DERL2","Derl2","ortholog_one2one",100,100,1
"ANXA10","Anxa10","ortholog_one2one",100,100,1
"ZNRF2","Znrf2","ortholog_one2one",100,100,1
"B3GNT6","B3gnt6","ortholog_one2one",75,100,1
"WNT3","Wnt3","ortholog_one2one",100,100,1
"UNC93B1","Unc93b1","ortholog_one2one",100,100,1
"TBC1D13","Tbc1d13","ortholog_one2one",100,100,1
"NCAM1","Ncam1","ortholog_one2one",100,99.95,1
"LSM14A","Lsm14a","ortholog_one2one",100,100,1
"MRPL47","Mrpl47","ortholog_one2one",100,100,1
"CA10","Car10","ortholog_one2one",100,100,1
"TSPAN14","Tspan14","ortholog_one2one",100,100,1
"SMPDL3B","Smpdl3b","ortholog_one2one",100,100,1
"BAP1","Bap1","ortholog_one2one",75,100,1
"GJA5","Gja5","ortholog_one2one",100,100,1
"LLCFC1","Llcfc1","ortholog_one2one",100,100,0
"NDUFB5","Ndufb5","ortholog_one2one",100,100,1
"PDZK1","Pdzk1","ortholog_one2one",75,100,1
"MAN2B2","Man2b2","ortholog_one2one",100,100,1
"VPS11","Vps11","ortholog_one2one",100,100,1
"KCNK9","Kcnk9","ortholog_one2one",100,94.72,1
"GP1BB","Gp1bb","ortholog_one2one",100,100,1
"ALOX12B","Alox12b","ortholog_one2one",100,100,1
"SLC44A2","Slc44a2","ortholog_one2one",100,100,1
"SAMD5","Samd5","ortholog_one2one",100,100,1
"ATP1B3","Atp1b3","ortholog_one2one",100,100,1
"PLA2G4A","Pla2g4a","ortholog_one2one",100,100,1
"ERAL1","Eral1","ortholog_one2one",100,100,1
"RNFT2","Rnft2","ortholog_one2one",100,100,1
"EPN1","Epn1","ortholog_one2one",50,100,1
"XXYLT1","Xxylt1","ortholog_one2one",100,100,1
"CSNK1A1","Csnk1a1","ortholog_one2one",100,97.19,1
"C21orf62","4932438H23Rik","ortholog_one2one",100,96.61,1
"ARL5B","Arl5b","ortholog_one2one",100,100,1
"ABITRAM","Abitram","ortholog_one2one",100,100,1
"ACTR1B","Actr1b","ortholog_one2one",100,100,1
"KEL","Kel","ortholog_one2one",100,100,1
"MCM10","Mcm10","ortholog_one2one",100,100,1
"OVCH2","Ovch2","ortholog_one2one",100,100,1
"SNAPC3","Snapc3","ortholog_one2one",100,100,1
"TDRP","Tdrp","ortholog_one2one",50,100,1
"KCNH5","Kcnh5","ortholog_one2one",100,100,1
"FLT3","Flt3","ortholog_one2one",100,100,1
"KLF2","Klf2","ortholog_one2one",100,100,1
"FMNL3","Fmnl3","ortholog_one2one",75,100,1
"SLC22A4","Slc22a4","ortholog_one2one",100,100,1
"SERINC1","Serinc1","ortholog_one2one",50,99.95,1
"UBE2K","Ube2k","ortholog_one2one",100,100,1
"SPIN4","Spin4","ortholog_one2one",50,100,1
"ZNF326","Zfp326","ortholog_one2one",100,100,1
"UTP18","Utp18","ortholog_one2one",100,100,1
"HS3ST2","Hs3st2","ortholog_one2one",50,100,1
"GPM6A","Gpm6a","ortholog_one2one",100,100,1
"ZNF800","Zfp800","ortholog_one2one",100,100,1
"C2orf92","4933424G06Rik","ortholog_one2one",100,84.42,0
"ZCCHC14","Zcchc14","ortholog_one2one",100,100,1
"OR9A2","Olfr459","ortholog_one2one",100,100,1
"HIPK4","Hipk4","ortholog_one2one",100,100,1
"IRF3","Irf3","ortholog_one2one",100,100,1
"CTNND2","Ctnnd2","ortholog_one2one",100,100,1
"TRDN","Trdn","ortholog_one2one",75,93.25,1
"TREML2","Treml2","ortholog_one2one",75,100,1
"ATP7B","Atp7b","ortholog_one2one",50,100,1
"NDUFB4","Ndufb4","ortholog_one2one",100,100,1
"KCNRG","Kcnrg","ortholog_one2one",100,100,1
"FSCB","Fscb","ortholog_one2one",100,85.77,0
"OSTF1","Ostf1","ortholog_one2one",100,100,1
"CD160","Cd160","ortholog_one2one",100,100,1
"TRIM13","Trim13","ortholog_one2one",100,99.88,1
"TMEM40","Tmem40","ortholog_one2one",100,100,1
"TIGD2","Tigd2","ortholog_one2one",100,100,1
"FAM8A1","Fam8a1","ortholog_one2one",100,100,1
"PTGES2","Ptges2","ortholog_one2one",100,100,1
"SLC25A24","Slc25a24","ortholog_one2one",100,100,1
"CD300LB","Cd300lb","ortholog_one2one",75,100,0
"DRC3","Drc3","ortholog_one2one",100,100,1
"GPRIN3","Gprin3","ortholog_one2one",100,100,1
"FOXL1","Foxl1","ortholog_one2one",100,100,1
"SGTB","Sgtb","ortholog_one2one",75,100,1
"APAF1","Apaf1","ortholog_one2one",100,100,1
"SMIM1","Smim1","ortholog_one2one",100,100,1
"HDLBP","Hdlbp","ortholog_one2one",100,100,1
"GALNS","Galns","ortholog_one2one",100,100,1
"VTA1","Vta1","ortholog_one2one",75,100,1
"SEPTIN6","Septin6","ortholog_one2one",100,100,1
"PPP2R2C","Ppp2r2c","ortholog_one2one",100,100,1
"ELAPOR2","9330182L06Rik","ortholog_one2one",100,100,1
"GRHL2","Grhl2","ortholog_one2one",100,100,1
"TRAPPC9","Trappc9","ortholog_one2one",100,100,1
"NSF","Nsf","ortholog_one2one",75,100,1
"KPNB1","Kpnb1","ortholog_one2one",75,100,1
"MYCL","Mycl","ortholog_one2one",100,100,1
"SPATA2L","Spata2l","ortholog_one2one",100,100,1
"ESYT2","Esyt2","ortholog_one2one",100,97.48,1
"CCDC68","Ccdc68","ortholog_one2one",75,100,1
"NARS1","Nars","ortholog_one2one",100,100,1
"PSIP1","Psip1","ortholog_one2one",100,100,1
"AKR1E2","Akr1e1","ortholog_one2one",100,100,1
"CIB1","Cib1","ortholog_one2one",100,100,1
"BCL2L12","Bcl2l12","ortholog_one2one",100,100,1
"SPG7","Spg7","ortholog_one2one",100,96.07,1
"POU2F2","Pou2f2","ortholog_one2one",100,100,1
"ZNF446","Zfp446","ortholog_one2one",100,100,0
"FASTKD3","Fastkd3","ortholog_one2one",75,100,1
"PYGO2","Pygo2","ortholog_one2one",100,100,1
"ZNF251","Zfp251","ortholog_one2one",50,98.05,1
"EEF1G","Eef1g","ortholog_one2one",100,100,1
"LRRC47","Lrrc47","ortholog_one2one",100,100,1
"PKD2L1","Pkd2l1","ortholog_one2one",100,100,1
"IL1RL1","Il1rl1","ortholog_one2one",100,100,1
"TREM2","Trem2","ortholog_one2one",75,100,0
"IL1RN","Il1rn","ortholog_one2one",100,100,1
"CCDC120","Ccdc120","ortholog_one2one",100,100,1
"RAPGEFL1","Rapgefl1","ortholog_one2one",100,100,1
"TPRA1","Tpra1","ortholog_one2one",100,100,1
"UBTD1","Ubtd1","ortholog_one2one",100,100,1
"SLC34A1","Slc34a1","ortholog_one2one",100,100,1
"LRP12","Lrp12","ortholog_one2one",75,100,1
"ENTPD2","Entpd2","ortholog_one2one",100,100,1
"TIFAB","Tifab","ortholog_one2one",100,100,1
"FAM162A","Fam162a","ortholog_one2one",100,100,1
"STON2","Ston2","ortholog_one2one",100,100,1
"SLC45A1","Slc45a1","ortholog_one2one",100,100,1
"WDR5B","Wdr5b","ortholog_one2one",100,100,1
"NUF2","Nuf2","ortholog_one2one",100,100,1
"SMC6","Smc6","ortholog_one2one",100,100,1
"BAMBI","Bambi","ortholog_one2one",25,100,1
"PPA2","Ppa2","ortholog_one2one",100,100,1
"PPP2R1A","Ppp2r1a","ortholog_one2one",50,100,1
"NEUROG1","Neurog1","ortholog_one2one",100,100,1
"USP50","Usp50","ortholog_one2one",100,99.92,1
"SOCS1","Socs1","ortholog_one2one",100,100,1
"BAG6","Bag6","ortholog_one2one",100,99.51,1
"RAB27B","Rab27b","ortholog_one2one",100,100,1
"GNAO1","Gnao1","ortholog_one2one",100,100,1
"TNP2","Tnp2","ortholog_one2one",100,100,0
"RAB28","Rab28","ortholog_one2one",100,100,1
"GSTT4","Gstt4","ortholog_one2one",0,100,1
"AGBL1","Agbl1","ortholog_one2one",75,98.99,1
"FAM76B","Fam76b","ortholog_one2one",100,100,1
"IL17RD","Il17rd","ortholog_one2one",100,100,1
"TREML1","Treml1","ortholog_one2one",100,100,1
"EPHA10","Epha10","ortholog_one2one",100,100,0
"STEAP4","Steap4","ortholog_one2one",75,100,1
"PRM3","Prm3","ortholog_one2one",100,100,1
"NPDC1","Npdc1","ortholog_one2one",100,100,1
"CLEC12A","Clec12a","ortholog_one2one",25,92.17,0
"PRM2","Prm2","ortholog_one2one",100,100,0
"PTPN5","Ptpn5","ortholog_one2one",100,100,1
"C16orf92","4930451I11Rik","ortholog_one2one",100,100,0
"MYCT1","Myct1","ortholog_one2one",100,100,1
"TTN","Ttn","ortholog_one2one",100,99.96,1
"PAK5","Pak7","ortholog_one2one",100,100,1
"CYBRD1","Cybrd1","ortholog_one2one",100,100,1
"USP8","Usp8","ortholog_one2one",100,98.95,1
"TMPRSS7","Tmprss7","ortholog_one2one",100,100,1
"ACER3","Acer3","ortholog_one2one",100,100,1
"ADM","Adm","ortholog_one2one",100,100,1
"SRI","Sri","ortholog_one2one",100,100,1
"PFN3","Pfn3","ortholog_one2one",100,100,1
"LYRM7","Lyrm7","ortholog_one2one",75,100,1
"MARCHF7","Marchf7","ortholog_one2one",100,100,1
"SPOCK3","Spock3","ortholog_one2one",100,100,1
"TM4SF20","Tm4sf20","ortholog_one2one",100,100,1
"ANKRD2","Ankrd2","ortholog_one2one",100,100,1
"CCNK","Ccnk","ortholog_one2one",100,100,1
"SDC4","Sdc4","ortholog_one2one",100,100,1
"OLIG2","Olig2","ortholog_one2one",100,100,1
"COMMD5","Commd5","ortholog_one2one",0,100,1
"TEKT4","Tekt4","ortholog_one2one",0,100,1
"DEF8","Def8","ortholog_one2one",100,100,1
"ADAM29","Adam29","ortholog_one2one",100,95.33,1
"RASA2","Rasa2","ortholog_one2one",100,100,1
"RNF141","Rnf141","ortholog_one2one",100,100,1
"CCDC85C","Ccdc85c","ortholog_one2one",100,100,1
"CCNDBP1","Ccndbp1","ortholog_one2one",100,100,1
"CFAP57","Cfap57","ortholog_one2one",100,100,1
"ALK","Alk","ortholog_one2one",100,100,1
"ARAP2","Arap2","ortholog_one2one",100,100,1
"ERRFI1","Errfi1","ortholog_one2one",100,100,1
"PRKAR1B","Prkar1b","ortholog_one2one",100,100,1
"INPP5K","Inpp5k","ortholog_one2one",100,100,1
"NKX3-2","Nkx3-2","ortholog_one2one",100,100,1
"YPEL5","Ypel5","ortholog_one2one",100,100,1
"CRLF3","Crlf3","ortholog_one2one",50,100,1
"SLC66A1","Pqlc2","ortholog_one2one",100,100,1
"ZNF48","Zfp553","ortholog_one2one",100,100,1
"TRIT1","Trit1","ortholog_one2one",100,100,1
"IGKV1OR2-108","Igkv20-101-2","ortholog_one2one",0,0,0
"SHCBP1L","Shcbp1l","ortholog_one2one",100,100,1
"VAV3","Vav3","ortholog_one2one",100,100,1
"RPS12","Rps12","ortholog_one2one",100,100,1
"SEPTIN1","Septin1","ortholog_one2one",100,100,1
"PTX4","Ptx4","ortholog_one2one",100,100,1
"CEP72","Cep72","ortholog_one2one",100,100,1
"SLC16A12","Slc16a12","ortholog_one2one",75,100,1
"TRPM1","Trpm1","ortholog_one2one",100,100,1
"FSTL1","Fstl1","ortholog_one2one",100,100,1
"ZNF536","Zfp536","ortholog_one2one",100,100,1
"WIPF2","Wipf2","ortholog_one2one",100,100,1
"HINT1","Hint1","ortholog_one2one",50,100,1
"AMPD3","Ampd3","ortholog_one2one",100,100,1
"RHOJ","Rhoj","ortholog_one2one",100,100,1
"TP53TG5","Trp53tg5","ortholog_one2one",100,100,0
"ZBTB38","Zbtb38","ortholog_one2one",100,100,1
"POM121L2","Pom121l2","ortholog_one2one",25,98.64,0
"THEM4","Them4","ortholog_one2one",100,100,1
"DBNDD2","Dbndd2","ortholog_one2one",100,100,1
"LYRM2","Lyrm2","ortholog_one2one",75,81.49,1
"PANK1","Pank1","ortholog_one2one",50,100,1
"EGFR","Egfr","ortholog_one2one",50,100,1
"TAGLN3","Tagln3","ortholog_one2one",100,100,1
"COMTD1","Comtd1","ortholog_one2one",100,100,1
"ERICH1","Erich1","ortholog_one2one",100,88.23,0
"ZFP14","Zfp14","ortholog_one2one",50,89.5,1
"NR1H3","Nr1h3","ortholog_one2one",100,100,1
"TRAV4","Trav2","ortholog_one2one",75,100,1
"CSNK2A2","Csnk2a2","ortholog_one2one",100,100,1
"SEPTIN12","Septin12","ortholog_one2one",100,96.47,1
"TRIB3","Trib3","ortholog_one2one",100,96.65,1
"SLC35A2","Slc35a2","ortholog_one2one",75,100,1
"RPS19","Rps19","ortholog_one2one",100,100,1
"PLA2G3","Pla2g3","ortholog_one2one",100,100,1
"SPRING1","2410131K14Rik","ortholog_one2one",100,100,1
"VDAC2","Vdac2","ortholog_one2one",100,100,1
"RELA","Rela","ortholog_one2one",100,100,1
"NELFA","Nelfa","ortholog_one2one",100,100,1
"DNAAF5","Dnaaf5","ortholog_one2one",100,100,1
"HIRIP3","Hirip3","ortholog_one2one",100,100,1
"AC083977.1","AC132407.1","ortholog_one2one",100,100,1
"PXYLP1","Pxylp1","ortholog_one2one",100,100,1
"RMI2","Rmi2","ortholog_one2one",0,100,1
"HOGA1","Hoga1","ortholog_one2one",100,100,1
"NRG1","Nrg1","ortholog_one2one",100,100,1
"KLF7","Klf7","ortholog_one2one",100,100,1
"DOC2A","Doc2a","ortholog_one2one",100,100,1
"INPP5J","Inpp5j","ortholog_one2one",100,100,1
"WAC","Wac","ortholog_one2one",50,100,1
"BMP2K","Bmp2k","ortholog_one2one",100,100,1
"CXCL14","Cxcl14","ortholog_one2one",100,100,1
"ZDHHC19","Zdhhc19","ortholog_one2one",100,100,1
"C10orf62","4933411K16Rik","ortholog_one2one",100,91.42,0
"ARL14EP","Arl14ep","ortholog_one2one",100,100,1
"MED23","Med23","ortholog_one2one",75,100,1
"GLRA3","Glra3","ortholog_one2one",100,100,1
"C5orf49","1700001L19Rik","ortholog_one2one",75,100,1
"FAM104B","Fam104a","ortholog_one2one",0,2.85,0
"DYNAP","AC124764.1","ortholog_one2one",100,97.97,0
"COG1","Cog1","ortholog_one2one",100,100,1
"NSD2","Nsd2","ortholog_one2one",100,100,1
"FUS","Fus","ortholog_one2one",100,100,1
"CLEC12B","Clec12b","ortholog_one2one",25,100,1
"OLIG1","Olig1","ortholog_one2one",100,100,1
"RRAD","Rrad","ortholog_one2one",100,100,1
"GPHB5","Gphb5","ortholog_one2one",100,100,1
"BOD1L1","Bod1l","ortholog_one2one",100,100,1
"PLPP7","Plpp7","ortholog_one2one",100,100,1
"ANKRD17","Ankrd17","ortholog_one2one",100,100,1
"DTHD1","Dthd1","ortholog_one2one",100,100,1
"SLC25A22","Slc25a22","ortholog_one2one",100,100,1
"INO80E","Ino80e","ortholog_one2one",100,100,1
"DAPK1","Dapk1","ortholog_one2one",50,100,1
"PAQR3","Paqr3","ortholog_one2one",100,100,1
"SRRT","Srrt","ortholog_one2one",100,100,1
"HHIPL1","Hhipl1","ortholog_one2one",100,100,1
"NWD2","Nwd2","ortholog_one2one",100,100,1
"SYS1-DBNDD2","Gm20458","ortholog_one2one",100,93.81,1
"ZNF721","Gm29106","ortholog_one2one",0,0,0
"AHNAK","Ahnak","ortholog_one2one",100,98.99,1
"DDR1","Ddr1","ortholog_one2one",100,100,1
"ANLN","Anln","ortholog_one2one",25,100,1
"TET2","Tet2","ortholog_one2one",100,99.85,1
"KCNJ9","Kcnj9","ortholog_one2one",50,100,1
"ARID5B","Arid5b","ortholog_one2one",100,100,1
"RPA2","Rpa2","ortholog_one2one",100,100,1
"PRF1","Prf1","ortholog_one2one",100,100,1
"PLCH2","Plch2","ortholog_one2one",100,100,1
"C1orf109","9930104L06Rik","ortholog_one2one",100,100,1
"MORN4","Morn4","ortholog_one2one",100,100,1
"RPL8","Rpl8","ortholog_one2one",0,100,1
"SLC25A13","Slc25a13","ortholog_one2one",100,100,1
"TLR3","Tlr3","ortholog_one2one",100,100,1
"SPSB4","Spsb4","ortholog_one2one",100,100,1
"NRSN2","Nrsn2","ortholog_one2one",100,100,1
"HPGD","Hpgd","ortholog_one2one",100,100,1
"SLC27A5","Slc27a5","ortholog_one2one",75,100,1
"CDCA8","Cdca8","ortholog_one2one",100,100,1
"APRT","Aprt","ortholog_one2one",100,100,1
"SLC25A36","Slc25a36","ortholog_one2one",100,100,1
"PSME4","Psme4","ortholog_one2one",100,100,1
"NFYA","Nfya","ortholog_one2one",100,100,1
"PRPF3","Prpf3","ortholog_one2one",100,100,1
"GPX3","Gpx3","ortholog_one2one",50,100,1
"USP31","Usp31","ortholog_one2one",50,100,1
"ALDH3A2","Aldh3a2","ortholog_one2one",75,97.58,1
"KANSL3","Kansl3","ortholog_one2one",100,100,1
"FNBP1","Fnbp1","ortholog_one2one",100,100,1
"BARHL2","Barhl2","ortholog_one2one",100,100,1
"BAIAP2L2","Baiap2l2","ortholog_one2one",100,100,1
"TSKU","Tsku","ortholog_one2one",100,100,1
"TSPYL5","Tspyl5","ortholog_one2one",100,100,1
"IGFL2","Igfl3","ortholog_one2one",0,82.2,0
"BTN3A1","Gm36028","ortholog_one2one",0,0,0
"HEXD","Hexdc","ortholog_one2one",50,100,1
"AKR7L","Akr7a5","ortholog_one2one",100,99.44,1
"CUX1","Cux1","ortholog_one2one",100,100,1
"ATP6V0C","Atp6v0c","ortholog_one2one",100,100,1
"DPEP1","Dpep1","ortholog_one2one",100,100,1
"MYO15B","Myo15b","ortholog_one2one",100,99.52,1
"TMBIM6","Tmbim6","ortholog_one2one",100,100,1
"GJE1","Gje1","ortholog_one2one",100,100,1
"RGL2","Rgl2","ortholog_one2one",75,100,1
"ELANE","Elane","ortholog_one2one",100,100,1
"NOL8","Nol8","ortholog_one2one",75,100,1
"CACTIN","Cactin","ortholog_one2one",100,99.98,1
"NMBR","Nmbr","ortholog_one2one",100,100,1
"LBH","Lbh","ortholog_one2one",100,100,1
"SCNN1G","Scnn1g","ortholog_one2one",100,100,1
"ZNF644","Zfp644","ortholog_one2one",100,100,1
"CIAO2B","Ciao2b","ortholog_one2one",100,100,1
"SLC39A11","Slc39a11","ortholog_one2one",100,100,1
"CEP41","Cep41","ortholog_one2one",100,100,1
"PIEZO1","Piezo1","ortholog_one2one",100,99.62,1
"PLET1","Plet1","ortholog_one2one",100,95.24,0
"QDPR","Qdpr","ortholog_one2one",100,100,1
"CCDC58","Ccdc58","ortholog_one2one",100,100,1
"IMPDH1","Impdh1","ortholog_one2one",100,100,1
"CAPN15","Capn15","ortholog_one2one",100,100,1
"LRRC58","Lrrc58","ortholog_one2one",100,100,1
"CLEC9A","Clec9a","ortholog_one2one",50,96.82,1
"VIP","Vip","ortholog_one2one",100,100,1
"CXXC4","Cxxc4","ortholog_one2one",100,100,1
"GPR156","Gpr156","ortholog_one2one",100,100,1
"SSTR5","Sstr5","ortholog_one2one",100,100,1
"ACAP2","Acap2","ortholog_one2one",100,100,1
"OGFOD3","Ogfod3","ortholog_one2one",75,100,1
"ZNF703","Zfp703","ortholog_one2one",50,100,1
"C18orf54","4930503L19Rik","ortholog_one2one",100,100,1
"COG7","Cog7","ortholog_one2one",100,100,1
"MRPS21","Mrps21","ortholog_one2one",100,100,1
"LCLAT1","Lclat1","ortholog_one2one",100,96.9,1
"CIP2A","Cip2a","ortholog_one2one",100,100,1
"SEPTIN9","Septin9","ortholog_one2one",100,100,1
"CLEC1B","Clec1b","ortholog_one2one",25,100,1
"CYBC1","Cybc1","ortholog_one2one",100,100,1
"ACY3","Acy3","ortholog_one2one",100,100,1
"PRR35","A930017K11Rik","ortholog_one2one",75,100,1
"NOD1","Nod1","ortholog_one2one",100,100,1
"LRTM2","Lrtm2","ortholog_one2one",100,100,1
"FAM207A","Fam207a","ortholog_one2one",100,100,1
"CD79A","Cd79a","ortholog_one2one",100,100,0
"CNOT7","Cnot7","ortholog_one2one",100,100,1
"SCNN1B","Scnn1b","ortholog_one2one",100,97.51,1
"RECQL5","Recql5","ortholog_one2one",100,100,1
"IL18R1","Il18r1","ortholog_one2one",100,100,1
"IGF2BP1","Igf2bp1","ortholog_one2one",100,100,1
"TMED1","Tmed1","ortholog_one2one",100,100,1
"TBXA2R","Tbxa2r","ortholog_one2one",100,90.79,1
"MELK","Melk","ortholog_one2one",100,100,1
"CACNA2D4","Cacna2d4","ortholog_one2one",100,100,1
"FRA10AC1","Fra10ac1","ortholog_one2one",100,100,1
"ATG7","Atg7","ortholog_one2one",100,98.38,1
"CRISPLD2","Crispld2","ortholog_one2one",100,100,1
"DNM2","Dnm2","ortholog_one2one",100,100,1
"ATAD5","Atad5","ortholog_one2one",50,100,1
"KRT34","Krt34","ortholog_one2one",100,100,1
"USH2A","Ush2a","ortholog_one2one",100,100,1
"MAP3K8","Map3k8","ortholog_one2one",75,100,1
"CD22","Cd22","ortholog_one2one",100,100,1
"OR6C74","Olfr821","ortholog_one2one",0,15.71,0
"SOCS6","Socs6","ortholog_one2one",100,100,1
"NAA15","Naa15","ortholog_one2one",100,100,1
"CLIP2","Clip2","ortholog_one2one",100,100,1
"ARL8A","Arl8a","ortholog_one2one",100,100,1
"ACCSL","Accsl","ortholog_one2one",100,99.65,1
"C2CD6","C2cd6","ortholog_one2one",100,97.09,0
"MTMR7","Mtmr7","ortholog_one2one",100,100,1
"SSTR2","Sstr2","ortholog_one2one",100,100,1
"VSNL1","Vsnl1","ortholog_one2one",100,100,1
"ZFP37","Zfp37","ortholog_one2one",100,100,1
"SCGB1A1","Scgb1a1","ortholog_one2one",75,100,1
"PRSS16","Prss16","ortholog_one2one",50,100,1
"OPTN","Optn","ortholog_one2one",100,100,1
"KCNT2","Kcnt2","ortholog_one2one",75,100,1
"PSMC2","Psmc2","ortholog_one2one",100,97.47,1
"SAP30BP","Sap30bp","ortholog_one2one",100,97.19,1
"RASL11B","Rasl11b","ortholog_one2one",100,100,1
"ATXN7L1","Atxn7l1","ortholog_one2one",75,100,1
"CDT1","Cdt1","ortholog_one2one",100,100,1
"MAP4K1","Map4k1","ortholog_one2one",100,98.26,1
"GPR37L1","Gpr37l1","ortholog_one2one",100,100,1
"NCAPG2","Ncapg2","ortholog_one2one",75,99.01,1
"PPIE","Ppie","ortholog_one2one",100,94.97,1
"SNAPC2","Snapc2","ortholog_one2one",100,100,1
"SLC2A8","Slc2a8","ortholog_one2one",100,100,1
"STARD6","Stard6","ortholog_one2one",100,100,1
"MKNK2","Mknk2","ortholog_one2one",100,100,1
"PECAM1","Pecam1","ortholog_one2one",100,100,1
"TBR1","Tbr1","ortholog_one2one",100,100,1
"RGS5","Rgs5","ortholog_one2one",100,95.21,1
"FSHB","Fshb","ortholog_one2one",100,100,1
"RUNX1T1","Runx1t1","ortholog_one2one",100,100,1
"FOXG1","Gm43517","ortholog_one2one",100,86.83,0
"SMIM5","Smim5","ortholog_one2one",100,100,1
"KRT32","Krt32","ortholog_one2one",100,100,1
"FBXO5","Fbxo5","ortholog_one2one",100,100,1
"CFD","Cfd","ortholog_one2one",100,98.43,1
"SLC7A5","Slc7a5","ortholog_one2one",100,99.72,1
"SOX12","Sox12","ortholog_one2one",100,100,1
"ACSL3","Acsl3","ortholog_one2one",100,100,1
"DHX9","Dhx9","ortholog_one2one",100,97.75,1
"SOX8","Sox8","ortholog_one2one",100,100,1
"MYO1F","Myo1f","ortholog_one2one",100,100,1
"CTXN1","Ctxn1","ortholog_one2one",100,100,1
"MALRD1","Malrd1","ortholog_one2one",100,100,1
"SESN1","Sesn1","ortholog_one2one",100,100,1
"LRRC32","Lrrc32","ortholog_one2one",100,100,1
"VPS37A","Vps37a","ortholog_one2one",100,100,1
"HILPDA","Hilpda","ortholog_one2one",100,100,1
"SNX29","Snx29","ortholog_one2one",100,100,1
"ASPG","Aspg","ortholog_one2one",100,100,1
"RAD51AP2","Rad51ap2","ortholog_one2one",100,95.28,0
"THEMIS2","Themis2","ortholog_one2one",100,100,1
"TACR3","Tacr3","ortholog_one2one",100,100,1
"FGD4","Fgd4","ortholog_one2one",50,100,1
"ZFPM1","Zfpm1","ortholog_one2one",100,100,1
"KCNA4","Kcna4","ortholog_one2one",100,100,1
"MTPAP","Mtpap","ortholog_one2one",100,100,1
"ZNF771","Zfp771","ortholog_one2one",75,100,1
"GAK","Gak","ortholog_one2one",100,100,1
"FBXO2","Fbxo2","ortholog_one2one",100,100,1
"CAPN13","Capn13","ortholog_one2one",100,100,1
"FAM71F2","Fam71f2","ortholog_one2one",100,100,1
"GIPC3","Gipc3","ortholog_one2one",100,96.85,0
"ZNF469","Zfp469","ortholog_one2one",100,100,0
"RAB33B","Rab33b","ortholog_one2one",100,93.83,1
"MRPL37","Mrpl37","ortholog_one2one",100,93.28,1
"SRP19","Srp19","ortholog_one2one",75,100,1
"USP10","Usp10","ortholog_one2one",100,100,1
"ASRGL1","Asrgl1","ortholog_one2one",75,99.92,1
"PHLDA1","Phlda1","ortholog_one2one",100,100,1
"FAM222B","Fam222b","ortholog_one2one",100,100,1
"ANKRD6","Ankrd6","ortholog_one2one",100,100,1
"MED13L","Med13l","ortholog_one2one",100,100,1
"UBR5","Ubr5","ortholog_one2one",100,99.13,1
"KCNJ10","Kcnj10","ortholog_one2one",100,100,1
"PTS","Pts","ortholog_one2one",100,100,1
"BEST2","Best2","ortholog_one2one",100,100,1
"OASL","Oasl1","ortholog_one2one",50,100,1
"NMRK1","Nmrk1","ortholog_one2one",100,100,1
"PIGM","Pigm","ortholog_one2one",100,100,1
"ARAP3","Arap3","ortholog_one2one",100,100,1
"MCCC1","Mccc1","ortholog_one2one",50,100,1
"WNT8B","Wnt8b","ortholog_one2one",100,100,1
"CCDC6","Ccdc6","ortholog_one2one",100,100,1
"ZNF250","Zfp647","ortholog_one2one",50,88.65,1
"CCDC3","Ccdc3","ortholog_one2one",100,100,1
"UQCR10","Uqcr10","ortholog_one2one",100,100,1
"THEM5","Them5","ortholog_one2one",100,100,1
"ZDHHC2","Zdhhc2","ortholog_one2one",100,100,1
"SLC9A6","Slc9a6","ortholog_one2one",50,100,1
"SLAMF9","Slamf9","ortholog_one2one",75,100,1
"MTRF1L","Mtrf1l","ortholog_one2one",100,100,1
"SLC25A48","Slc25a48","ortholog_one2one",100,100,1
"RAB20","Rab20","ortholog_one2one",100,100,1
"RPL32","Rpl32","ortholog_one2one",50,100,1
"ZNF366","Zfp366","ortholog_one2one",100,100,1
"PSD4","Psd4","ortholog_one2one",75,99.8,1
"CAND2","Cand2","ortholog_one2one",75,100,1
"GLG1","Glg1","ortholog_one2one",75,100,1
"ITCH","Itch","ortholog_one2one",50,98.03,1
"CIART","Ciart","ortholog_one2one",100,100,1
"PBXIP1","Pbxip1","ortholog_one2one",100,100,1
"PRKCQ","Prkcq","ortholog_one2one",100,100,1
"BCO2","Bco2","ortholog_one2one",75,100,1
"PDS5A","Pds5a","ortholog_one2one",100,100,1
"C11orf96","Gm13889","ortholog_one2one",100,100,0
"GRAMD2B","Gramd3","ortholog_one2one",100,97.04,1
"AKT1S1","Akt1s1","ortholog_one2one",100,100,1
"EXOC4","Exoc4","ortholog_one2one",100,100,1
"TEX12","Tex12","ortholog_one2one",100,100,1
"SAMD4A","Samd4","ortholog_one2one",100,100,1
"DLX6","Dlx6","ortholog_one2one",100,100,1
"TRPM2","Trpm2","ortholog_one2one",100,100,1
"PHACTR1","Phactr1","ortholog_one2one",100,100,1
"IL18","Il18","ortholog_one2one",100,97.44,1
"TAF5L","Taf5l","ortholog_one2one",100,100,1
"C1orf54","BC028528","ortholog_one2one",100,79.95,1
"PCMTD1","Pcmtd1","ortholog_one2one",75,100,1
"KLF6","Klf6","ortholog_one2one",100,100,1
"PIGT","Pigt","ortholog_one2one",100,100,1
"ARF6","Arf6","ortholog_one2one",100,100,1
"ZNF414","Zfp414","ortholog_one2one",100,100,1
"TBC1D17","Tbc1d17","ortholog_one2one",100,100,1
"TRIM42","Trim42","ortholog_one2one",100,100,1
"GET3","Asna1","ortholog_one2one",100,100,1
"TIMD4","Timd4","ortholog_one2one",75,94.42,0
"LIN7A","Lin7a","ortholog_one2one",100,100,1
"ZCCHC3","Zcchc3","ortholog_one2one",100,100,1
"MAGOH","Magoh","ortholog_one2one",100,100,1
"RGS4","Rgs4","ortholog_one2one",100,99.87,1
"CLSTN2","Clstn2","ortholog_one2one",100,100,1
"IL9","Il9","ortholog_one2one",100,100,1
"MIF","Mif","ortholog_one2one",50,100,1
"CP","Cp","ortholog_one2one",50,100,1
"CPEB2","Cpeb2","ortholog_one2one",100,100,1
"LENG8","Leng8","ortholog_one2one",100,100,1
"SMIM22","Smim22","ortholog_one2one",100,100,0
"CABCOCO1","Cabcoco1","ortholog_one2one",100,100,1
"ASTN1","Astn1","ortholog_one2one",100,100,1
"SHLD3","Shld3","ortholog_one2one",100,100,1
"PLD3","Pld3","ortholog_one2one",100,100,1
"TRAPPC13","Trappc13","ortholog_one2one",100,100,1
"PRAM1","Pram1","ortholog_one2one",100,100,1
"CLNS1A","Clns1a","ortholog_one2one",100,100,1
"SLC29A1","Slc29a1","ortholog_one2one",100,100,1
"TRIR","Trir","ortholog_one2one",100,100,1
"SLC18B1","Slc18b1","ortholog_one2one",100,100,1
"AASDH","Aasdh","ortholog_one2one",100,100,1
"NMNAT3","Nmnat3","ortholog_one2one",100,93.36,1
"GRM3","Grm3","ortholog_one2one",100,100,1
"MOB3A","Mob3a","ortholog_one2one",100,100,1
"RAD18","Rad18","ortholog_one2one",100,97.47,1
"GIP","Gip","ortholog_one2one",100,100,1
"TLL1","Tll1","ortholog_one2one",100,100,1
"NUP62","Nup62","ortholog_one2one",100,99.89,1
"PRXL2A","Prxl2a","ortholog_one2one",100,100,1
"GALNT14","Galnt14","ortholog_one2one",100,99.04,1
"RAP2B","Rap2b","ortholog_one2one",100,100,1
"TRAF4","Traf4","ortholog_one2one",100,100,1
"CABP7","Cabp7","ortholog_one2one",100,100,1
"ACRV1","Acrv1","ortholog_one2one",100,100,1
"RSF1","Rsf1","ortholog_one2one",75,100,1
"SS18","Ss18","ortholog_one2one",100,100,1
"ZMAT5","Zmat5","ortholog_one2one",100,100,1
"IL4I1","Il4i1","ortholog_one2one",100,87.96,1
"GSK3B","Gsk3b","ortholog_one2one",100,95.97,1
"RBP1","Rbp1","ortholog_one2one",100,100,1
"PLEKHH3","Plekhh3","ortholog_one2one",75,100,1
"ANKEF1","Ankef1","ortholog_one2one",100,100,1
"CARNMT1","Carnmt1","ortholog_one2one",100,100,1
"RBP2","Rbp2","ortholog_one2one",100,100,1
"PTCD2","Ptcd2","ortholog_one2one",100,100,1
"MYF5","Myf5","ortholog_one2one",100,100,1
"N4BP2","N4bp2","ortholog_one2one",100,100,1
"ZAP70","Zap70","ortholog_one2one",100,100,1
"CYP46A1","Cyp46a1","ortholog_one2one",100,100,1
"REEP5","Reep5","ortholog_one2one",50,100,1
"LY86","Ly86","ortholog_one2one",100,100,1
"MDGA1","Mdga1","ortholog_one2one",100,98.91,1
"LENG9","Leng9","ortholog_one2one",100,100,1
"RFWD3","Rfwd3","ortholog_one2one",100,100,1
"FOSB","Fosb","ortholog_one2one",100,100,1
"MYF6","Myf6","ortholog_one2one",100,100,1
"SGCD","Sgcd","ortholog_one2one",50,100,1
"NCKAP5L","Nckap5l","ortholog_one2one",100,100,1
"FSIP2","Fsip2","ortholog_one2one",100,99.38,1
"SLC26A7","Slc26a7","ortholog_one2one",100,100,1
"ALOX15B","Alox8","ortholog_one2one",100,100,1
"FBXO48","Fbxo48","ortholog_one2one",50,100,1
"ATF5","Atf5","ortholog_one2one",100,100,1
"FOXA1","Foxa1","ortholog_one2one",100,100,1
"KIF20B","Kif20b","ortholog_one2one",100,100,1
"GGA2","Gga2","ortholog_one2one",100,100,1
"C9orf40","D030056L22Rik","ortholog_one2one",100,100,0
"RFX6","Rfx6","ortholog_one2one",100,100,1
"AC055839.2","6330403K07Rik","ortholog_one2one",100,100,1
"RSPO1","Rspo1","ortholog_one2one",100,100,1
"LPAR5","Lpar5","ortholog_one2one",100,100,1
"COPB2","Copb2","ortholog_one2one",100,100,1
"ADI1","Adi1","ortholog_one2one",100,100,1
"KSR1","Ksr1","ortholog_one2one",50,100,1
"KCTD3","Kctd3","ortholog_one2one",100,100,1
"KIF26A","Kif26a","ortholog_one2one",75,100,1
"CCR10","Ccr10","ortholog_one2one",100,100,1
"ACSM1","Acsm1","ortholog_one2one",0,100,1
"DCTPP1","Dctpp1","ortholog_one2one",100,100,1
"NGDN","Ngdn","ortholog_one2one",100,100,1
"CNTNAP1","Cntnap1","ortholog_one2one",100,100,1
"STX8","Stx8","ortholog_one2one",100,100,1
"TIMM44","Timm44","ortholog_one2one",100,100,1
"VPS54","Vps54","ortholog_one2one",100,100,1
"PMVK","Pmvk","ortholog_one2one",100,100,1
"ELF3","Elf3","ortholog_one2one",100,99.16,1
"CAMK1D","Camk1d","ortholog_one2one",100,100,1
"LRRC69","Lrrc69","ortholog_one2one",100,100,1
"MYH15","Myh15","ortholog_one2one",100,27.58,1
"PRKD1","Prkd1","ortholog_one2one",100,100,1
"SOWAHD","Sowahd","ortholog_one2one",75,100,1
"DNAH1","Dnah1","ortholog_one2one",50,99.98,1
"C2CD4D","C2cd4d","ortholog_one2one",100,100,1
"BCDIN3D","Bcdin3d","ortholog_one2one",100,100,1
"HNF1A","Hnf1a","ortholog_one2one",100,100,1
"NLRP2","Nlrp2","ortholog_one2one",0,95.58,0
"NTNG1","Ntng1","ortholog_one2one",100,100,1
"MRPS22","Mrps22","ortholog_one2one",100,100,1
"LINGO4","Lingo4","ortholog_one2one",100,100,1
"SEPHS2","Sephs2","ortholog_one2one",100,100,1
"RORC","Rorc","ortholog_one2one",100,100,1
"RNPEP","Rnpep","ortholog_one2one",100,100,1
"KRT35","Krt35","ortholog_one2one",100,100,1
"KCNN3","Kcnn3","ortholog_one2one",100,100,1
"TRPM6","Trpm6","ortholog_one2one",100,99.99,1
"NTN1","Ntn1","ortholog_one2one",100,100,1
"AP5M1","Ap5m1","ortholog_one2one",100,100,1
"DLGAP2","Dlgap2","ortholog_one2one",100,100,1
"EPS15L1","Eps15l1","ortholog_one2one",100,99.88,1
"HPS3","Hps3","ortholog_one2one",75,100,1
"EBNA1BP2","Ebna1bp2","ortholog_one2one",100,100,1
"VNN3","Vnn3","ortholog_one2one",100,100,0
"ARHGEF26","Arhgef26","ortholog_one2one",100,100,1
"CLUH","Cluh","ortholog_one2one",100,100,1
"C12orf43","2210016L21Rik","ortholog_one2one",75,100,1
"STARD7","Stard7","ortholog_one2one",100,100,1
"CFAP92","1810020O05Rik","ortholog_one2one",50,99.42,1
"SEC31B","Sec31b","ortholog_one2one",100,100,1
"FOXL2","Foxl2","ortholog_one2one",50,100,1
"PLEKHG5","Plekhg5","ortholog_one2one",100,100,1
"DISP3","Disp3","ortholog_one2one",100,99.45,1
"ILF3","Ilf3","ortholog_one2one",100,100,1
"FAIM2","Faim2","ortholog_one2one",100,100,1
"APLF","Aplf","ortholog_one2one",50,100,1
"RNASEH2B","Rnaseh2b","ortholog_one2one",100,93.3,1
"PEF1","Pef1","ortholog_one2one",100,100,1
"RGS17","Rgs17","ortholog_one2one",100,100,1
"DPH6","Dph6","ortholog_one2one",100,100,1
"KDM2A","Kdm2a","ortholog_one2one",100,100,1
"SLC27A4","Slc27a4","ortholog_one2one",100,100,1
"EXOC5","Exoc5","ortholog_one2one",100,99.94,1
"ALOX12","Alox12","ortholog_one2one",50,100,1
"NPL","Npl","ortholog_one2one",100,100,1
"MLKL","Mlkl","ortholog_one2one",100,97.42,1
"DLEU7","Dleu7","ortholog_one2one",100,100,1
"TRNAU1AP","Trnau1ap","ortholog_one2one",75,100,1
"FAM13B","Fam13b","ortholog_one2one",50,97.62,1
"MBD4","Mbd4","ortholog_one2one",50,100,1
"NGRN","Ngrn","ortholog_one2one",50,100,1
"CTNNAL1","Ctnnal1","ortholog_one2one",100,100,1
"WDR4","Wdr4","ortholog_one2one",100,99.85,1
"C8orf33","1110038F14Rik","ortholog_one2one",0,95.67,1
"MSX2","Msx2","ortholog_one2one",0,100,1
"CENPE","Cenpe","ortholog_one2one",100,98.95,1
"RP9","Rp9","ortholog_one2one",50,100,1
"LECT2","Lect2","ortholog_one2one",100,100,1
"PALD1","Pald1","ortholog_one2one",100,100,1
"TEFM","Tefm","ortholog_one2one",75,100,1
"EFCAB12","Efcab12","ortholog_one2one",50,95.71,0
"DLX5","Dlx5","ortholog_one2one",100,100,1
"NUP153","Nup153","ortholog_one2one",100,99.22,1
"OARD1","Oard1","ortholog_one2one",0,100,1
"NFASC","Nfasc","ortholog_one2one",100,100,1
"ABHD10","Abhd10","ortholog_one2one",100,100,1
"ZNF503","Zfp503","ortholog_one2one",100,100,1
"TMEM26","Tmem26","ortholog_one2one",100,100,1
"CHAC2","Chac2","ortholog_one2one",50,100,1
"ADAP2","Adap2","ortholog_one2one",50,100,1
"NR1I2","Nr1i2","ortholog_one2one",100,100,1
"KIAA0895","9530077C05Rik","ortholog_one2one",25,94.9,1
"TSN","Tsn","ortholog_one2one",50,100,1
"GPR75","Gpr75","ortholog_one2one",100,100,1
"CPE","Cpe","ortholog_one2one",50,100,1
"VCPKMT","Vcpkmt","ortholog_one2one",100,100,1
"ASB3","Asb3","ortholog_one2one",0,100,1
"CDC42EP5","Cdc42ep5","ortholog_one2one",100,100,1
"GAA","Gaa","ortholog_one2one",100,100,1
"PKD2L2","Pkd2l2","ortholog_one2one",50,100,1
"COQ6","Coq6","ortholog_one2one",100,100,1
"SCFD2","Scfd2","ortholog_one2one",100,100,1
"ZFP82","Zfp82","ortholog_one2one",25,93.36,1
"APOBEC2","Apobec2","ortholog_one2one",75,100,1
"SDHAF3","Sdhaf3","ortholog_one2one",100,100,1
"ROGDI","Rogdi","ortholog_one2one",100,100,1
"MRPS27","Mrps27","ortholog_one2one",100,99.1,1
"ENDOG","Endog","ortholog_one2one",100,100,1
"JCAD","Jcad","ortholog_one2one",75,100,1
"NIFK","Nifk","ortholog_one2one",75,94.92,1
"ZNF517","Zfp275","ortholog_one2one",0,0,0
"OTC","Otc","ortholog_one2one",100,100,1
"CASR","Casr","ortholog_one2one",100,100,1
"KIF1A","Kif1a","ortholog_one2one",75,100,1
"C19orf47","2310022A10Rik","ortholog_one2one",100,98.53,1
"URI1","Uri1","ortholog_one2one",100,100,1
"SPOUT1","Spout1","ortholog_one2one",100,100,1
"CREB1","Creb1","ortholog_one2one",100,100,1
"SELENOM","Selenom","ortholog_one2one",100,100,1
"RFC2","Rfc2","ortholog_one2one",100,100,1
"SLC31A2","Slc31a2","ortholog_one2one",100,100,1
"XRCC4","Xrcc4","ortholog_one2one",100,100,1
"WFDC2","Wfdc2","ortholog_one2one",100,100,0
"PDLIM4","Pdlim4","ortholog_one2one",100,100,1
"WHRN","Whrn","ortholog_one2one",100,100,1
"NEK8","Nek8","ortholog_one2one",100,100,1
"TMEM233","Tmem233","ortholog_one2one",100,100,1
"ERLEC1","Erlec1","ortholog_one2one",75,100,1
"PTGER2","Ptger2","ortholog_one2one",50,100,1
"HTR7","Htr7","ortholog_one2one",100,100,1
"MB","Mb","ortholog_one2one",50,100,1
"CPPED1","Cpped1","ortholog_one2one",100,100,1
"DRGX","Prrxl1","ortholog_one2one",100,100,1
"PTGDR","Ptgdr","ortholog_one2one",0,80.67,1
"GARS1","Gars","ortholog_one2one",75,100,1
"SLC26A5","Slc26a5","ortholog_one2one",100,100,1
"NMRK2","Nmrk2","ortholog_one2one",100,100,1
"SPINT3","Spint3","ortholog_one2one",100,100,0
"AC136352.4","Gm1123","ortholog_one2one",0,0,0
"OTUD6B","Otud6b","ortholog_one2one",100,100,1
"TMEM167A","Tmem167","ortholog_one2one",100,100,1
"PTPRQ","Ptprq","ortholog_one2one",100,99.92,1
"ADCY2","Adcy2","ortholog_one2one",100,100,1
"ATCAY","Atcay","ortholog_one2one",100,100,1
"FAM214B","Fam214b","ortholog_one2one",100,100,1
"SYBU","Sybu","ortholog_one2one",100,100,1
"MRTO4","Mrto4","ortholog_one2one",100,100,1
"AQP2","Aqp2","ortholog_one2one",100,100,1
"C1QTNF7","C1qtnf7","ortholog_one2one",100,100,1
"APOL6","Apol6","ortholog_one2one",50,88.59,0
"LAT2","Lat2","ortholog_one2one",100,100,0
"C14orf28","Gm527","ortholog_one2one",100,100,1
"PTGS2","Ptgs2","ortholog_one2one",100,100,1
"ENOPH1","Enoph1","ortholog_one2one",100,100,1
"VCAN","Vcan","ortholog_one2one",100,100,1
"HCRTR1","Hcrtr1","ortholog_one2one",100,100,1
"AQP5","Aqp5","ortholog_one2one",100,100,1
"PIP4P2","Pip4p2","ortholog_one2one",100,100,1
"IL18RAP","Il18rap","ortholog_one2one",100,100,1
"TTC6","Ttc6","ortholog_one2one",100,98.81,1
"CDC123","Cdc123","ortholog_one2one",100,100,1
"TIMM8B","Timm8b","ortholog_one2one",100,100,1
"PIH1D2","Pih1d2","ortholog_one2one",100,100,1
"FAM161B","Fam161b","ortholog_one2one",100,100,1
"SNCA","Snca","ortholog_one2one",100,99.94,1
"IER3","Ier3","ortholog_one2one",100,100,1
"IARS1","Iars","ortholog_one2one",50,100,1
"ARMC2","Armc2","ortholog_one2one",100,100,0
"TSPO2","Tspo2","ortholog_one2one",75,100,1
"IZUMO4","Izumo4","ortholog_one2one",100,100,1
"PIK3CB","Pik3cb","ortholog_one2one",25,100,1
"UPF3B","Upf3b","ortholog_one2one",50,100,1
"SSTR1","Sstr1","ortholog_one2one",100,100,1
"ACSM4","Acsm4","ortholog_one2one",0,100,1
"SETD7","Setd7","ortholog_one2one",100,100,1
"CLVS2","Clvs2","ortholog_one2one",50,100,1
"DUSP2","Dusp2","ortholog_one2one",100,100,1
"CCDC60","Ccdc60","ortholog_one2one",100,100,1
"AMACR","Amacr","ortholog_one2one",100,99.78,1
"DERL3","Derl3","ortholog_one2one",75,96.68,1
"VGLL2","Vgll2","ortholog_one2one",100,99.24,1
"NKAPD1","Nkapd1","ortholog_one2one",100,100,1
"ZNF260","Zfp260","ortholog_one2one",0,100,1
"NECAB1","Necab1","ortholog_one2one",100,100,1
"CLEC14A","Clec14a","ortholog_one2one",100,100,1
"THTPA","Thtpa","ortholog_one2one",100,100,1
"ARC","Arc","ortholog_one2one",100,100,1
"NEUROD4","Neurod4","ortholog_one2one",25,100,1
"AP1G2","Ap1g2","ortholog_one2one",100,100,1
"PFDN6","Pfdn6","ortholog_one2one",100,100,1
"CLRN2","Clrn2","ortholog_one2one",100,100,1
"WFS1","Wfs1","ortholog_one2one",100,100,1
"DPP6","Dpp6","ortholog_one2one",100,100,1
"KIF18A","Kif18a","ortholog_one2one",100,100,1
"SEC61A2","Sec61a2","ortholog_one2one",100,100,1
"ZBTB45","Zbtb45","ortholog_one2one",100,100,1
"SLC9A4","Slc9a4","ortholog_one2one",100,100,1
"ZSWIM8","Zswim8","ortholog_one2one",100,100,1
"CHURC1","Churc1","ortholog_one2one",100,100,1
"TRIM69","Trim69","ortholog_one2one",100,100,1
"SCGB2A1","Scgb2a2","ortholog_one2one",0,0,0
"CDC73","Cdc73","ortholog_one2one",100,100,1
"SLC45A2","Slc45a2","ortholog_one2one",100,100,1
"CDKL3","Cdkl3","ortholog_one2one",100,100,1
"TMEM131","Tmem131","ortholog_one2one",100,100,1
"EFCAB10","Efcab10","ortholog_one2one",50,31.47,0
"SNAP25","Snap25","ortholog_one2one",100,100,1
"TRIM28","Trim28","ortholog_one2one",100,100,1
"RTTN","Rttn","ortholog_one2one",100,100,1
"PAICS","Paics","ortholog_one2one",100,99.33,1
"FTO","Fto","ortholog_one2one",100,97.19,1
"FA2H","Fa2h","ortholog_one2one",100,100,1
"EHD3","Ehd3","ortholog_one2one",100,100,1
"AQP6","Aqp6","ortholog_one2one",100,98.21,1
"RAB19","Rab19","ortholog_one2one",100,100,1
"NODAL","Nodal","ortholog_one2one",100,100,1
"RACK1","Rack1","ortholog_one2one",50,94.71,1
"B2M","B2m","ortholog_one2one",100,100,1
"GSC","Gsc","ortholog_one2one",100,100,1
"KMT5A","Kmt5a","ortholog_one2one",100,98.62,1
"SAP30L","Sap30l","ortholog_one2one",100,100,1
"PATL2","Patl2","ortholog_one2one",100,100,1
"KIRREL3","Kirrel3","ortholog_one2one",100,100,1
"BDH2","Bdh2","ortholog_one2one",100,100,1
"CCDC113","Ccdc113","ortholog_one2one",100,100,1
"DHX36","Dhx36","ortholog_one2one",100,100,1
"CLN8","Cln8","ortholog_one2one",100,100,1
"RPP30","Rpp30","ortholog_one2one",100,94.47,1
"ITFG2","Itfg2","ortholog_one2one",75,100,1
"MAST2","Mast2","ortholog_one2one",100,100,1
"GCH1","Gch1","ortholog_one2one",100,100,1
"B3GALT2","B3galt2","ortholog_one2one",100,100,1
"C14orf180","A530016L24Rik","ortholog_one2one",100,100,0
"TRIM41","Trim41","ortholog_one2one",25,100,1
"ZNF382","Zfp382","ortholog_one2one",25,100,1
"DYDC2","Dydc2","ortholog_one2one",100,93.86,0
"EIF4EBP2","Eif4ebp2","ortholog_one2one",100,100,1
"METTL15","Mettl15","ortholog_one2one",100,100,1
"CEP70","Cep70","ortholog_one2one",75,100,1
"SYT12","Syt12","ortholog_one2one",100,100,1
"NUDT5","Nudt5","ortholog_one2one",100,99.59,1
"KLHL28","Klhl28","ortholog_one2one",100,100,1
"RAB15","Rab15","ortholog_one2one",100,100,1
"TESPA1","Tespa1","ortholog_one2one",50,98.04,1
"ANKRD1","Ankrd1","ortholog_one2one",100,100,1
"CD300E","Cd300e","ortholog_one2one",75,100,1
"DYDC1","Dydc1","ortholog_one2one",75,98.55,1
"PCDH1","Pcdh1","ortholog_one2one",100,100,1
"NTRK3","Ntrk3","ortholog_one2one",50,100,1
"DRD1","Drd1","ortholog_one2one",50,100,1
"JRK","Jrk","ortholog_one2one",100,100,1
"HAND1","Hand1","ortholog_one2one",100,100,1
"TRIP6","Trip6","ortholog_one2one",100,100,1
"RHOD","Rhod","ortholog_one2one",100,100,1
"PSCA","Psca","ortholog_one2one",100,100,1
"PPAT","Ppat","ortholog_one2one",100,96.58,1
"ASTL","Astl","ortholog_one2one",100,100,1
"ST3GAL1","St3gal1","ortholog_one2one",100,100,1
"AMFR","Amfr","ortholog_one2one",100,100,1
"ACP6","Acp6","ortholog_one2one",75,100,1
"TRAPPC12","Trappc12","ortholog_one2one",100,100,1
"SEC16A","Sec16a","ortholog_one2one",100,100,1
"MMRN1","Mmrn1","ortholog_one2one",100,100,1
"RGS8","Rgs8","ortholog_one2one",100,100,1
"LRRC20","Lrrc20","ortholog_one2one",100,100,1
"C10orf71","3425401B19Rik","ortholog_one2one",100,100,1
"MKRN1","Mkrn1","ortholog_one2one",100,100,1
"KCNK2","Kcnk2","ortholog_one2one",100,100,1
"LMF1","Lmf1","ortholog_one2one",100,100,1
"TAC1","Tac1","ortholog_one2one",75,100,1
"ALS2","Als2","ortholog_one2one",100,100,1
"MC4R","Mc4r","ortholog_one2one",50,100,1
"TFE3","Tfe3","ortholog_one2one",100,100,1
"KCNE4","Kcne4","ortholog_one2one",100,100,1
"EFCC1","Efcc1","ortholog_one2one",50,100,1
"GPX2","Gpx2","ortholog_one2one",100,100,1
"LAP3","Lap3","ortholog_one2one",100,100,1
"SOS2","Sos2","ortholog_one2one",100,100,1
"MSMO1","Msmo1","ortholog_one2one",100,100,1
"GCC2","Gcc2","ortholog_one2one",50,100,1
"BAK1","Bak1","ortholog_one2one",100,100,1
"IKBIP","Ikbip","ortholog_one2one",100,100,1
"NKAP","Nkap","ortholog_one2one",50,100,1
"FAM71F1","Fam71f1","ortholog_one2one",100,100,1
"SLC16A9","Slc16a9","ortholog_one2one",100,100,1
"CALR3","Calr3","ortholog_one2one",100,100,1
"SLC47A1","Slc47a1","ortholog_one2one",100,97.9,1
"NCR1","Ncr1","ortholog_one2one",100,100,1
"LITAF","Litaf","ortholog_one2one",100,100,1
"ZFHX2","Zfhx2","ortholog_one2one",100,100,1
"TEX52","Tex52","ortholog_one2one",100,100,1
"AKAP14","Akap14","ortholog_one2one",75,80.02,0
"PIK3R5","Pik3r5","ortholog_one2one",100,100,1
"TMEM150C","Tmem150c","ortholog_one2one",100,100,1
"PFN4","Pfn4","ortholog_one2one",100,100,1
"POLR1F","Twistnb","ortholog_one2one",50,100,1
"SNN","Snn","ortholog_one2one",100,100,1
"KRT36","Krt36","ortholog_one2one",100,100,1
"ZFP92","Zfp92","ortholog_one2one",50,100,1
"FOXM1","Foxm1","ortholog_one2one",100,98.23,1
"TXNDC11","Txndc11","ortholog_one2one",100,99.14,1
"CHEK1","Chek1","ortholog_one2one",100,100,1
"SAG","Sag","ortholog_one2one",100,100,1
"ESYT3","Esyt3","ortholog_one2one",100,100,1
"PEX10","Pex10","ortholog_one2one",100,100,1
"GP6","Gp6","ortholog_one2one",75,93.03,0
"CDKAL1","Cdkal1","ortholog_one2one",100,100,1
"PRMT6","Prmt6","ortholog_one2one",100,100,1
"ERG","Erg","ortholog_one2one",100,100,1
"GUCY2D","Gucy2e","ortholog_one2one",100,100,1
"UBR4","Ubr4","ortholog_one2one",100,100,1
"UNC5CL","Unc5cl","ortholog_one2one",100,100,1
"SFXN1","Sfxn1","ortholog_one2one",50,100,1
"GPSM3","Gpsm3","ortholog_one2one",100,100,1
"MTMR10","Mtmr10","ortholog_one2one",75,100,1
"ARHGEF9","Arhgef9","ortholog_one2one",50,100,1
"GPR149","Gpr149","ortholog_one2one",100,100,1
"NDUFV1","Ndufv1","ortholog_one2one",100,100,1
"CHTF18","Chtf18","ortholog_one2one",100,100,1
"DNALI1","Dnali1","ortholog_one2one",100,100,1
"PBX2","Pbx2","ortholog_one2one",100,100,1
"PLCB3","Plcb3","ortholog_one2one",100,100,1
"NRP2","Nrp2","ortholog_one2one",100,100,1
"PRSS54","Prss54","ortholog_one2one",100,100,1
"RHOH","Rhoh","ortholog_one2one",100,100,1
"MPP4","Mpp4","ortholog_one2one",100,100,1
"CLEC1A","Clec1a","ortholog_one2one",50,100,1
"CDIN1","BC052040","ortholog_one2one",100,100,1
"TMEM64","Tmem64","ortholog_one2one",100,100,1
"GNL2","Gnl2","ortholog_one2one",100,100,1
"TNRC6C","Tnrc6c","ortholog_one2one",100,99.26,1
"TREX2","Trex2","ortholog_one2one",100,100,1
"MRAS","Mras","ortholog_one2one",100,100,1
"TRIM9","Trim9","ortholog_one2one",75,100,1
"UBIAD1","Ubiad1","ortholog_one2one",75,100,1
"DYNLRB1","Dynlrb1","ortholog_one2one",100,100,1
"TGFBI","Tgfbi","ortholog_one2one",100,100,1
"PHAX","Phax","ortholog_one2one",100,100,1
"UBFD1","Ubfd1","ortholog_one2one",100,100,1
"PPEF2","Ppef2","ortholog_one2one",100,100,1
"GP9","Gp9","ortholog_one2one",100,100,1
"DIP2C","Dip2c","ortholog_one2one",75,100,1
"LRP2","Lrp2","ortholog_one2one",100,100,1
"ZNF146","Zfp146","ortholog_one2one",50,100,1
"CHERP","Cherp","ortholog_one2one",100,99.99,1
"SHISA9","Shisa9","ortholog_one2one",100,100,1
"USE1","Use1","ortholog_one2one",100,97.77,1
"PTPRD","Ptprd","ortholog_one2one",100,100,1
"EARS2","Ears2","ortholog_one2one",100,100,1
"MED16","Med16","ortholog_one2one",100,97.58,1
"PSMD2","Psmd2","ortholog_one2one",100,100,1
"PAPPA","Pappa","ortholog_one2one",100,100,1
"CPOX","Cpox","ortholog_one2one",100,100,1
"ALDH7A1","Aldh7a1","ortholog_one2one",100,98.92,1
"SLURP1","Slurp1","ortholog_one2one",100,100,1
"HPDL","Hpdl","ortholog_one2one",100,100,1
"LRFN2","Lrfn2","ortholog_one2one",100,100,1
"THEM6","Them6","ortholog_one2one",100,100,1
"TNPO2","Tnpo2","ortholog_one2one",100,100,1
"IRX4","Irx4","ortholog_one2one",100,100,1
"ASNS","Asns","ortholog_one2one",50,100,1
"GPR15","Gpr15","ortholog_one2one",100,100,1
"NME9","Nme9","ortholog_one2one",100,100,1
"EBF4","Ebf4","ortholog_one2one",100,100,1
"MAP1LC3A","Map1lc3a","ortholog_one2one",100,93.89,1
"RER1","Rer1","ortholog_one2one",100,100,1
"ARMC8","Armc8","ortholog_one2one",100,100,1
"B3GALNT2","B3galnt2","ortholog_one2one",100,96.95,1
"PRRC2A","Prrc2a","ortholog_one2one",100,100,1
"SLC4A10","Slc4a10","ortholog_one2one",100,100,1
"GNG13","Gng13","ortholog_one2one",100,100,1
"HAUS7","Haus7","ortholog_one2one",100,100,1
"ABAT","Abat","ortholog_one2one",100,100,1
"TEDC2","Tedc2","ortholog_one2one",100,100,1
"AL034430.1","AL731706.1","ortholog_one2one",100,100,1
"SLX4IP","Slx4ip","ortholog_one2one",100,100,1
"KRT15","Krt15","ortholog_one2one",100,100,1
"USP15","Usp15","ortholog_one2one",100,100,1
"ARG1","Arg1","ortholog_one2one",100,100,1
"SLC12A9","Slc12a9","ortholog_one2one",100,100,1
"RABEP1","Rabep1","ortholog_one2one",100,100,1
"C19orf44","1700030K09Rik","ortholog_one2one",100,100,0
"ATP8B1","Atp8b1","ortholog_one2one",100,100,1
"RDH13","Rdh13","ortholog_one2one",100,100,1
"POLR1G","Cd3eap","ortholog_one2one",100,99.13,0
"USP13","Usp13","ortholog_one2one",100,100,1
"DELE1","Dele1","ortholog_one2one",100,100,1
"SLC39A10","Slc39a10","ortholog_one2one",75,91.66,1
"ERCC1","Ercc1","ortholog_one2one",100,97.71,1
"MGST2","Mgst2","ortholog_one2one",75,100,1
"C1GALT1","C1galt1","ortholog_one2one",50,100,1
"AL034430.2","AL731706.2","ortholog_one2one",100,100,1
"MKKS","Mkks","ortholog_one2one",100,100,1
"FBXW9","Fbxw9","ortholog_one2one",100,100,1
"RACGAP1","Racgap1","ortholog_one2one",100,100,1
"CDCP2","Cdcp2","ortholog_one2one",100,100,1
"CA14","Car14","ortholog_one2one",100,100,1
"EPS8L1","Eps8l1","ortholog_one2one",100,100,1
"IGSF9","Igsf9","ortholog_one2one",100,100,1
"CCNE1","Ccne1","ortholog_one2one",100,100,1
"RSPH4A","Rsph4a","ortholog_one2one",25,100,1
"KRT19","Krt19","ortholog_one2one",100,100,1
"TRIM23","Trim23","ortholog_one2one",75,100,1
"CCSER1","Ccser1","ortholog_one2one",100,100,1
"ADD3","Add3","ortholog_one2one",100,100,1
"FERD3L","Ferd3l","ortholog_one2one",75,100,1
"TWIST1","Twist1","ortholog_one2one",100,100,1
"SNF8","Snf8","ortholog_one2one",100,100,1
"APH1A","Aph1a","ortholog_one2one",100,100,1
"EIPR1","Eipr1","ortholog_one2one",100,100,1
"TMEM176B","Tmem176b","ortholog_one2one",100,100,1
"C11orf86","2010003K11Rik","ortholog_one2one",75,100,1
"INCENP","Incenp","ortholog_one2one",75,100,1
"IFT57","Ift57","ortholog_one2one",100,100,1
"SNTG1","Sntg1","ortholog_one2one",50,100,1
"PDC","Pdc","ortholog_one2one",100,100,1
"PIP","Pip","ortholog_one2one",100,100,0
"TMEM237","Tmem237","ortholog_one2one",100,100,1
"PSMA8","Psma8","ortholog_one2one",100,100,1
"COX7A1","Cox7a1","ortholog_one2one",75,100,1
"SLC17A1","Slc17a1","ortholog_one2one",100,100,1
"NDUFA1","Ndufa1","ortholog_one2one",75,100,1
"STXBP5","Stxbp5","ortholog_one2one",100,100,1
"FOXI1","Foxi1","ortholog_one2one",75,100,1
"ADIPOR2","Adipor2","ortholog_one2one",50,100,1
"NPFFR1","Npffr1","ortholog_one2one",100,100,1
"PQBP1","Pqbp1","ortholog_one2one",100,100,1
"ERMP1","Ermp1","ortholog_one2one",75,100,1
"LARP1","Larp1","ortholog_one2one",100,100,1
"BCL9","Bcl9","ortholog_one2one",100,100,1
"SUPT7L","Supt7l","ortholog_one2one",100,100,1
"ALB","Alb","ortholog_one2one",100,100,1
"CHMP2A","Chmp2a","ortholog_one2one",75,100,1
"EMC1","Emc1","ortholog_one2one",100,100,1
"GPCPD1","Gpcpd1","ortholog_one2one",100,100,1
"THUMPD1","Thumpd1","ortholog_one2one",75,100,1
"CLEC7A","Clec7a","ortholog_one2one",100,100,0
"GINS3","Gins3","ortholog_one2one",100,92.68,1
"KLHL2","Klhl2","ortholog_one2one",75,100,1
"SLC4A1AP","Slc4a1ap","ortholog_one2one",100,99.28,1
"SCAF1","Scaf1","ortholog_one2one",100,100,1
"HPCAL4","Hpcal4","ortholog_one2one",100,100,1
"LGI1","Lgi1","ortholog_one2one",100,100,1
"ITGAL","Itgal","ortholog_one2one",100,100,1
"EMSY","Emsy","ortholog_one2one",100,100,1
"PHF3","Phf3","ortholog_one2one",100,100,1
"ELAVL1","Elavl1","ortholog_one2one",75,100,1
"CLDND1","Cldnd1","ortholog_one2one",100,100,1
"MID1IP1","Mid1ip1","ortholog_one2one",100,100,1
"CRHR1","Crhr1","ortholog_one2one",50,100,1
"CITED2","Cited2","ortholog_one2one",75,100,1
"SLC9A2","Slc9a2","ortholog_one2one",100,100,1
"SLC17A6","Slc17a6","ortholog_one2one",100,100,1
"CYRIA","Fam49a","ortholog_one2one",100,100,1
"HIF1AN","Hif1an","ortholog_one2one",100,100,1
"VNN1","Vnn1","ortholog_one2one",100,100,1
"MAT1A","Mat1a","ortholog_one2one",50,100,1
"DENND2A","Dennd2a","ortholog_one2one",100,100,1
"CHRNA9","Chrna9","ortholog_one2one",100,100,1
"ZFAND3","Zfand3","ortholog_one2one",100,100,1
"WDR46","Wdr46","ortholog_one2one",100,100,1
"TDRKH","Tdrkh","ortholog_one2one",100,98.59,1
"NAAA","Naaa","ortholog_one2one",100,100,1
"EZH1","Ezh1","ortholog_one2one",75,100,1
"NT5C1A","Nt5c1a","ortholog_one2one",100,100,1
"CLDN5","Cldn5","ortholog_one2one",100,100,1
"PEX5L","Pex5l","ortholog_one2one",100,100,1
"TMEM179","Tmem179","ortholog_one2one",100,100,1
"TAAR1","Taar1","ortholog_one2one",100,100,1
"HNRNPM","Hnrnpm","ortholog_one2one",100,100,1
"TAAR2","Taar2","ortholog_one2one",75,100,1
"MRPL46","Mrpl46","ortholog_one2one",100,100,1
"KRT78","Krt78","ortholog_one2one",100,86.06,0
"MAP1B","Map1b","ortholog_one2one",100,100,1
"CNRIP1","Cnrip1","ortholog_one2one",100,100,1
"C19orf12","1600014C10Rik","ortholog_one2one",100,98.17,1
"HRH2","Hrh2","ortholog_one2one",100,100,1
"TENT4A","Tent4a","ortholog_one2one",75,100,1
"MRPS11","Mrps11","ortholog_one2one",100,100,1
"FAXDC2","Gm12248","ortholog_one2one",100,97.91,1
"PLEK","Plek","ortholog_one2one",75,99.85,1
"ABHD14B","Abhd14b","ortholog_one2one",100,100,1
"MED28","Med28","ortholog_one2one",100,100,1
"CARS2","Cars2","ortholog_one2one",100,100,1
"SIPA1","Sipa1","ortholog_one2one",100,100,1
"ADRA2B","Adra2b","ortholog_one2one",100,100,1
"CALB1","Calb1","ortholog_one2one",100,100,1
"TMEM176A","Tmem176a","ortholog_one2one",75,100,1
"B3GALT4","B3galt4","ortholog_one2one",100,100,1
"MOCS1","Mocs1","ortholog_one2one",100,100,1
"NTN3","Ntn3","ortholog_one2one",100,100,1
"GPAT2","Gpat2","ortholog_one2one",100,100,1
"FUT7","Fut7","ortholog_one2one",100,95.56,1
"PLPP2","Plpp2","ortholog_one2one",50,100,1
"TCERG1","Tcerg1","ortholog_one2one",100,100,1
"SRD5A1","Srd5a1","ortholog_one2one",100,100,1
"TLCD1","Tlcd1","ortholog_one2one",100,100,1
"COL28A1","Col28a1","ortholog_one2one",50,100,1
"IFNAR2","Ifnar2","ortholog_one2one",100,100,0
"PPA1","Ppa1","ortholog_one2one",100,100,1
"TMEM192","Tmem192","ortholog_one2one",75,100,1
"MRPL9","Mrpl9","ortholog_one2one",100,100,1
"NSUN2","Nsun2","ortholog_one2one",100,100,1
"ATPAF2","Atpaf2","ortholog_one2one",100,100,1
"NUP88","Nup88","ortholog_one2one",100,100,1
"PAX5","Pax5","ortholog_one2one",100,100,1
"SCG2","Scg2","ortholog_one2one",100,100,1
"C4orf48","Gm1673","ortholog_one2one",100,100,1
"ABHD14A","Abhd14a","ortholog_one2one",100,100,1
"TAAR5","Taar5","ortholog_one2one",75,100,1
"ERLIN2","Erlin2","ortholog_one2one",50,100,1
"OAZ3","Oaz3","ortholog_one2one",100,100,1
"SF3B6","Sf3b6","ortholog_one2one",100,100,1
"MAG","Mag","ortholog_one2one",100,100,1
"GID4","Gid4","ortholog_one2one",100,100,0
"NEDD4L","Nedd4l","ortholog_one2one",100,100,1
"PTPRN2","Ptprn2","ortholog_one2one",50,100,1
"RAB37","Rab37","ortholog_one2one",50,100,1
"NAXD","Naxd","ortholog_one2one",100,100,1
"PIGU","Pigu","ortholog_one2one",75,100,1
"LRMDA","Lrmda","ortholog_one2one",100,100,1
"PLXNA1","Plxna1","ortholog_one2one",100,100,1
"DECR1","Decr1","ortholog_one2one",100,100,1
"PAX2","Pax2","ortholog_one2one",100,100,1
"OGG1","Ogg1","ortholog_one2one",100,88.59,1
"SPPL3","Sppl3","ortholog_one2one",100,100,1
"DHTKD1","Dhtkd1","ortholog_one2one",100,100,1
"DBR1","Dbr1","ortholog_one2one",100,100,1
"TRIM7","Trim7","ortholog_one2one",75,100,1
"MORN1","Morn1","ortholog_one2one",100,100,1
"PYGM","Pygm","ortholog_one2one",100,100,1
"DICER1","Dicer1","ortholog_one2one",100,100,1
"CARD14","Card14","ortholog_one2one",100,100,1
"KRR1","Krr1","ortholog_one2one",75,100,1
"KCTD15","Kctd15","ortholog_one2one",100,100,1
"LYPD2","Lypd2","ortholog_one2one",100,100,1
"CAMK1","Camk1","ortholog_one2one",100,100,1
"POLI","Poli","ortholog_one2one",100,100,1
"RORB","Rorb","ortholog_one2one",100,100,1
"KRT8","Krt8","ortholog_one2one",100,98.95,1
"SNIP1","Snip1","ortholog_one2one",100,100,1
"MARCHF2","Marchf2","ortholog_one2one",100,92.42,1
"INF2","Inf2","ortholog_one2one",75,100,1
"CNOT8","Cnot8","ortholog_one2one",100,100,1
"KRT18","Krt18","ortholog_one2one",100,100,1
"SPPL2C","Sppl2c","ortholog_one2one",50,100,1
"PGPEP1","Pgpep1","ortholog_one2one",100,100,1
"RGS16","Rgs16","ortholog_one2one",100,100,1
"APOBEC1","Apobec1","ortholog_one2one",50,100,1
"A4GNT","A4gnt","ortholog_one2one",100,100,1
"BGN","Bgn","ortholog_one2one",100,100,1
"EPB42","Epb42","ortholog_one2one",100,100,1
"SGSH","Sgsh","ortholog_one2one",100,100,1
"PTPN21","Ptpn21","ortholog_one2one",100,100,1
"CNTROB","Cntrob","ortholog_one2one",100,100,1
"GLIPR1","Glipr1","ortholog_one2one",75,100,1
"MIOS","Mios","ortholog_one2one",100,100,1
"ALOX15","Alox15","ortholog_one2one",50,100,1
"DZIP1L","Dzip1l","ortholog_one2one",100,100,1
"TBX3","Tbx3","ortholog_one2one",100,100,1
"PI4K2A","Pi4k2a","ortholog_one2one",100,100,1
"CPXM1","Cpxm1","ortholog_one2one",100,100,1
"ANKRD33B","Ankrd33b","ortholog_one2one",100,100,1
"KCNV1","Kcnv1","ortholog_one2one",100,100,1
"TAF1B","Taf1b","ortholog_one2one",100,84.37,1
"CPLX2","Cplx2","ortholog_one2one",100,100,1
"DGKQ","Dgkq","ortholog_one2one",75,100,1
"MFSD9","Mfsd9","ortholog_one2one",100,100,1
"TMEM220","Tmem220","ortholog_one2one",100,97.03,1
"ITPR3","Itpr3","ortholog_one2one",100,100,1
"IL17B","Il17b","ortholog_one2one",100,100,1
"FAM184B","Fam184b","ortholog_one2one",100,100,1
"CHD1L","Chd1l","ortholog_one2one",100,99.87,1
"SF3B1","Sf3b1","ortholog_one2one",100,100,1
"C4orf19","0610040J01Rik","ortholog_one2one",100,100,1
"LYNX1","Lynx1","ortholog_one2one",75,100,1
"HEYL","Heyl","ortholog_one2one",100,100,1
"SEC23A","Sec23a","ortholog_one2one",100,100,1
"POPDC2","Popdc2","ortholog_one2one",100,100,1
"LRGUK","Lrguk","ortholog_one2one",100,99.83,0
"AFP","Afp","ortholog_one2one",100,100,1
"CD86","Cd86","ortholog_one2one",100,95.03,0
"PITRM1","Pitrm1","ortholog_one2one",100,100,1
"LY6D","Ly6d","ortholog_one2one",50,100,1
"PAPPA2","Pappa2","ortholog_one2one",100,100,1
"PPP2R5E","Ppp2r5e","ortholog_one2one",100,100,1
"WDR59","Wdr59","ortholog_one2one",100,100,1
"TTC4","Ttc4","ortholog_one2one",100,100,1
"RNASEL","Rnasel","ortholog_one2one",100,100,1
"NDUFAB1","Ndufab1","ortholog_one2one",100,100,1
"SZRD1","Szrd1","ortholog_one2one",100,100,1
"HFM1","Hfm1","ortholog_one2one",100,100,1
"SLC9B2","Slc9b2","ortholog_one2one",100,100,1
"CRYBB3","Crybb3","ortholog_one2one",100,100,1
"GEMIN5","Gemin5","ortholog_one2one",75,100,1
"CNTRL","Cntrl","ortholog_one2one",100,100,1
"PCYOX1L","Pcyox1l","ortholog_one2one",100,100,1
"PTP4A1","Ptp4a1","ortholog_one2many",50,100,1
"TP53INP2","Trp53inp2","ortholog_one2one",100,100,1
"PCBP4","Pcbp4","ortholog_one2one",100,100,1
"SESN3","Sesn3","ortholog_one2one",100,100,1
"TMEM245","Tmem245","ortholog_one2one",100,100,1
"PAX8","Pax8","ortholog_one2one",50,100,1
"PPP1R8","Ppp1r8","ortholog_one2one",100,100,1
"PCDH12","Pcdh12","ortholog_one2one",100,100,1
"FLOT1","Flot1","ortholog_one2one",100,100,1
"CFAP410","Cfap410","ortholog_one2one",100,90.01,0
"GIGYF2","Gigyf2","ortholog_one2one",100,100,1
"F12","F12","ortholog_one2one",100,100,1
"SLC35B4","Slc35b4","ortholog_one2one",100,100,1
"SLC9A3","Slc9a3","ortholog_one2one",100,100,1
"MME","Mme","ortholog_one2one",100,100,1
"SLC15A4","Slc15a4","ortholog_one2one",100,100,1
"WFDC8","Wfdc8","ortholog_one2one",100,83.7,0
"TIMM17B","Timm17b","ortholog_one2one",100,95.81,1
"WDHD1","Wdhd1","ortholog_one2one",100,100,1
"NPEPPS","Npepps","ortholog_one2one",50,98.63,1
"NDUFB2","Ndufb2","ortholog_one2one",100,100,1
"SMARCB1","Smarcb1","ortholog_one2one",100,100,1
"NAT8L","Nat8l","ortholog_one2one",100,100,1
"ALG11","Alg11","ortholog_one2one",100,100,1
"PAFAH1B1","Pafah1b1","ortholog_one2one",100,98.22,1
"AVPI1","Avpi1","ortholog_one2one",100,100,1
"FOXO3B","Foxo3","ortholog_one2one",0,95.08,0
"BRAF","Braf","ortholog_one2one",100,99.31,1
"SH2D2A","Sh2d2a","ortholog_one2one",75,99.34,1
"RELL1","Rell1","ortholog_one2one",100,100,1
"KRT9","Krt9","ortholog_one2one",100,100,1
"NUDT21","Nudt21","ortholog_one2one",100,100,1
"GAS2","Gas2","ortholog_one2one",100,100,1
"DAAM2","Daam2","ortholog_one2one",75,100,1
"FAHD2A","Fahd2a","ortholog_one2one",100,100,1
"GLT1D1","Glt1d1","ortholog_one2one",100,96.48,1
"TMC6","Tmc6","ortholog_one2one",100,99.51,1
"ADPRM","Adprm","ortholog_one2one",100,100,1
"IDUA","Idua","ortholog_one2one",100,100,1
"GDF3","Gdf3","ortholog_one2one",50,100,1
"CENPK","Cenpk","ortholog_one2one",100,100,1
"MAML3","Maml3","ortholog_one2one",50,100,1
"FAM229B","Fam229b","ortholog_one2one",100,100,1
"MARVELD1","Marveld1","ortholog_one2one",100,100,1
"LSM4","Lsm4","ortholog_one2one",100,74.53,0
"POC5","Poc5","ortholog_one2one",75,100,1
"TRPM7","Trpm7","ortholog_one2one",100,100,1
"CEP44","Cep44","ortholog_one2one",100,96.56,1
"TRIM22","Trim75","ortholog_one2one",0,0,0
"VPS52","Vps52","ortholog_one2one",100,100,1
"TNFRSF25","Tnfrsf25","ortholog_one2one",100,100,1
"SPHKAP","Sphkap","ortholog_one2one",100,99.65,1
"FANCF","Fancf","ortholog_one2one",100,100,0
"TAGLN2","Tagln2","ortholog_one2one",100,100,1
"MRPL36","Mrpl36","ortholog_one2one",100,100,1
"MYT1L","Myt1l","ortholog_one2one",100,100,1
"RNF41","Rnf41","ortholog_one2one",100,100,1
"TMEM182","Tmem182","ortholog_one2one",100,100,1
"POLD1","Pold1","ortholog_one2one",75,100,1
"WSCD1","Wscd1","ortholog_one2one",100,100,1
"KRT14","Krt14","ortholog_one2one",100,100,1
"NDUFS6","Ndufs6","ortholog_one2one",100,89.47,0
"PFKP","Pfkp","ortholog_one2one",100,100,1
"PTCD3","Ptcd3","ortholog_one2one",100,100,1
"CLDN18","Cldn18","ortholog_one2one",100,100,1
"WFDC9","Wfdc9","ortholog_one2one",100,100,1
"PPWD1","Ppwd1","ortholog_one2one",100,100,1
"E2F3","E2f3","ortholog_one2one",75,100,1
"ZSWIM5","Zswim5","ortholog_one2one",100,100,1
"WFDC10A","Wfdc10","ortholog_one2one",100,100,0
"TAAR9","Taar9","ortholog_one2one",75,100,1
"FOXN2","Foxn2","ortholog_one2one",100,100,1
"BDNF","Bdnf","ortholog_one2one",100,100,1
"WNT8A","Wnt8a","ortholog_one2one",100,100,1
"HYOU1","Hyou1","ortholog_one2one",100,100,1
"DKK3","Dkk3","ortholog_one2one",100,100,1
"C13orf42","Gm4131","ortholog_one2one",100,100,1
"TOP3B","Top3b","ortholog_one2one",75,100,1
"FAM124A","Fam124a","ortholog_one2one",100,98.34,1
"OLR1","Olr1","ortholog_one2one",100,92.04,0
"WDR89","Wdr89","ortholog_one2one",100,100,1
"SLC26A1","Slc26a1","ortholog_one2one",100,100,1
"FAN1","Fan1","ortholog_one2one",50,100,1
"SLC9B1","Slc9b1","ortholog_one2one",100,97.15,1
"SOX14","Sox14","ortholog_one2one",100,100,1
"TAS2R39","Tas2r139","ortholog_one2one",100,100,1
"ATRX","Atrx","ortholog_one2one",100,100,1
"CARHSP1","Carhsp1","ortholog_one2one",100,100,1
"TAS2R40","Tas2r144","ortholog_one2one",100,100,1
"AL035460.1","Gm28372","ortholog_one2one",100,100,1
"TMEM239","Tmem239","ortholog_one2one",100,100,1
"CDH12","Cdh12","ortholog_one2one",75,100,1
"TMEM175","Tmem175","ortholog_one2one",100,100,1
"ASIC1","Asic1","ortholog_one2one",100,100,1
"LY6K","Ly6k","ortholog_one2one",0,0,0
"PMM2","Pmm2","ortholog_one2one",100,100,1
"METTL21A","Mettl21a","ortholog_one2one",100,100,1
"GLYR1","Glyr1","ortholog_one2one",100,100,1
"MEST","Mest","ortholog_one2one",100,100,1
"FBXO42","Fbxo42","ortholog_one2one",100,100,1
"ARHGEF10","Arhgef10","ortholog_one2one",100,99.49,1
"AGER","Ager","ortholog_one2one",100,100,1
"CCDC190","Ccdc190","ortholog_one2one",100,100,1
"YARS1","Yars","ortholog_one2one",100,100,1
"NAA30","Naa30","ortholog_one2one",100,100,1
"ZNF768","Zfp768","ortholog_one2one",100,100,1
"RAMP2","Ramp2","ortholog_one2one",100,100,1
"WFDC11","Wfdc11","ortholog_one2one",100,92.36,0
"MEOX2","Meox2","ortholog_one2one",100,100,1
"IFT122","Ift122","ortholog_one2one",100,100,1
"WFDC13","Wfdc13","ortholog_one2one",100,100,0
"TMC8","Tmc8","ortholog_one2one",100,100,1
"SPA17","Spa17","ortholog_one2one",100,100,1
"JUND","Jund","ortholog_one2one",100,100,1
"C20orf96","6820408C15Rik","ortholog_one2one",100,95.23,0
"CCNYL1","Ccnyl1","ortholog_one2one",100,100,1
"SPINT4","Spint4","ortholog_one2one",100,100,0
"CAPN7","Capn7","ortholog_one2one",50,100,1
"IQCN","Iqcn","ortholog_one2one",100,96.93,0
"IL20RB","Il20rb","ortholog_one2one",100,100,1
"TMEM186","Tmem186","ortholog_one2one",100,100,1
"SCO1","Sco1","ortholog_one2one",100,100,1
"CCDC198","ccdc198","ortholog_one2one",100,97.12,1
"NEK5","Nek5","ortholog_one2one",75,93.13,0
"CISD2","Cisd2","ortholog_one2one",100,100,1
"SLC35G1","Slc35g1","ortholog_one2one",100,100,1
"KRT16","Krt16","ortholog_one2one",100,100,1
"VPS25","Vps25","ortholog_one2one",100,100,1
"TBRG1","Tbrg1","ortholog_one2one",75,100,1
"PID1","Pid1","ortholog_one2one",100,94.31,1
"NCK1","Nck1","ortholog_one2one",100,100,1
"ABCC12","Abcc12","ortholog_one2one",100,100,1
"WFDC3","Wfdc3","ortholog_one2one",100,100,0
"TMEM52B","Tmem52b","ortholog_one2one",100,100,1
"COL17A1","Col17a1","ortholog_one2one",100,100,1
"GPR62","Gpr62","ortholog_one2one",100,100,1
"KIAA1522","C77080","ortholog_one2one",100,100,1
"SORL1","Sorl1","ortholog_one2one",100,100,1
"R3HDM4","R3hdm4","ortholog_one2one",100,100,1
"TMEM132D","Tmem132d","ortholog_one2one",100,100,1
"ERAS","Eras","ortholog_one2one",100,100,1
"LSR","Lsr","ortholog_one2one",100,100,1
"IPP","Ipp","ortholog_one2one",100,100,1
"GABARAPL1","Gabarapl1","ortholog_one2one",75,100,1
"FMO5","Fmo5","ortholog_one2one",75,100,1
"SLC35G2","Slc35g2","ortholog_one2one",100,100,1
"XDH","Xdh","ortholog_one2one",100,100,1
"PCSK1N","Pcsk1n","ortholog_one2one",75,100,1
"CD44","Cd44","ortholog_one2one",100,100,1
"SIAE","Siae","ortholog_one2one",100,100,1
"TNS2","Tns2","ortholog_one2one",100,100,1
"SMARCD1","Smarcd1","ortholog_one2one",100,100,1
"KISS1R","Kiss1r","ortholog_one2one",100,100,1
"SRGAP3","Srgap3","ortholog_one2one",100,100,1
"GSTK1","Gstk1","ortholog_one2one",100,100,1
"RRAS","Rras","ortholog_one2one",100,100,1
"VEZT","Vezt","ortholog_one2one",100,100,1
"COQ10B","Coq10b","ortholog_one2one",100,100,1
"DEFB129","Defb23","ortholog_one2one",100,100,0
"SH3BP5","Sh3bp5","ortholog_one2one",50,100,1
"FRRS1L","Frrs1l","ortholog_one2one",100,100,1
"JAG1","Jag1","ortholog_one2one",100,100,1
"FBXL14","Fbxl14","ortholog_one2one",100,97.79,1
"TRAPPC1","Trappc1","ortholog_one2one",100,100,1
"GPR151","Gpr151","ortholog_one2one",100,100,1
"WNT5B","Wnt5b","ortholog_one2one",100,100,1
"STX12","Stx12","ortholog_one2one",100,100,1
"TPR","Tpr","ortholog_one2one",100,100,1
"LCN8","Lcn8","ortholog_one2one",100,95.87,1
"DEFB128","Defb20","ortholog_one2one",100,100,0
"TMEM139","Tmem139","ortholog_one2one",100,100,1
"CRKL","Crkl","ortholog_one2one",100,100,1
"TEX43","Tex43","ortholog_one2one",100,98.34,1
"TINAGL1","Tinagl1","ortholog_one2one",100,100,1
"HSD17B7","Hsd17b7","ortholog_one2one",100,98.94,1
"DPPA3","Dppa3","ortholog_one2one",100,1.66,0
"UBE2L6","Ube2l6","ortholog_one2one",100,100,1
"CZIB","Czib","ortholog_one2one",100,100,1
"AIF1","Aif1","ortholog_one2one",100,100,1
"INSYN2B","Insyn2b","ortholog_one2one",100,100,1
"UTP4","Utp4","ortholog_one2one",100,100,1
"VWC2L","Vwc2l","ortholog_one2one",100,100,1
"SKI","Ski","ortholog_one2one",100,100,1
"ENDOD1","Endod1","ortholog_one2one",100,100,1
"HADHB","Hadhb","ortholog_one2one",100,100,1
"NOTCH1","Notch1","ortholog_one2one",100,100,1
"GPD1","Gpd1","ortholog_one2one",100,100,1
"DOCK2","Dock2","ortholog_one2one",100,100,1
"SLC26A11","Slc26a11","ortholog_one2one",100,100,1
"FZD5","Fzd5","ortholog_one2one",100,100,1
"TGM5","Tgm5","ortholog_one2one",100,100,1
"COPG2","Copg2","ortholog_one2one",100,100,1
"METTL11B","Mettl11b","ortholog_one2one",100,100,1
"MEAF6","Meaf6","ortholog_one2one",100,100,1
"CDC6","Cdc6","ortholog_one2one",100,99.86,1
"WNT11","Wnt11","ortholog_one2one",100,100,1
"COX14","Cox14","ortholog_one2one",100,100,1
"TRIM15","Trim15","ortholog_one2one",100,96.88,0
"GK2","Gk2","ortholog_one2one",100,100,1
"RPS6KA1","Rps6ka1","ortholog_one2one",100,100,1
"TAFA2","Tafa2","ortholog_one2one",100,100,1
"PELP1","Pelp1","ortholog_one2one",50,100,1
"LIMA1","Lima1","ortholog_one2one",100,100,1
"PRCC","Prcc","ortholog_one2one",100,100,1
"CELF3","Celf3","ortholog_one2one",100,100,1
"PPP1R21","Ppp1r21","ortholog_one2one",100,100,1
"REEP6","Reep6","ortholog_one2one",100,100,1
"UQCC2","Uqcc2","ortholog_one2one",100,100,1
"TRIM10","Trim10","ortholog_one2one",100,100,1
"CEPT1","Cept1","ortholog_one2one",100,100,1
"DLAT","Dlat","ortholog_one2one",100,100,1
"KDM4D","Kdm4d","ortholog_one2one",100,100,1
"HDGF","Hdgf","ortholog_one2one",100,94.19,1
"HMG20B","Hmg20b","ortholog_one2one",75,99.28,1
"PRKAB2","Prkab2","ortholog_one2one",50,99.01,1
"ZC3H12A","Zc3h12a","ortholog_one2one",100,100,1
"RNPC3","Rnpc3","ortholog_one2one",100,100,1
"RIN2","Rin2","ortholog_one2one",100,100,1
"CDK9","Cdk9","ortholog_one2one",100,100,1
"RPA3","Rpa3","ortholog_one2one",100,100,1
"AFM","Afm","ortholog_one2one",100,100,1
"TGM7","Tgm7","ortholog_one2one",100,100,1
"MINK1","Mink1","ortholog_one2one",100,100,1
"USF2","Usf2","ortholog_one2one",100,100,1
"ANP32E","Anp32e","ortholog_one2one",100,100,1
"IRX3","Irx3","ortholog_one2one",100,100,1
"ADAL","Adal","ortholog_one2one",100,100,1
"AEN","Aen","ortholog_one2one",100,100,1
"DARS2","Dars2","ortholog_one2one",100,100,1
"CTXND1","Gm2115","ortholog_one2one",100,100,1
"NFATC2","Nfatc2","ortholog_one2one",100,100,1
"FAAP20","Faap20","ortholog_one2one",100,90.51,0
"UBE2D3","Ube2d3","ortholog_one2one",100,97.31,1
"DENND2D","Dennd2d","ortholog_one2one",100,100,1
"SNTB2","Sntb2","ortholog_one2one",100,100,1
"EXOC3","Exoc3","ortholog_one2one",100,100,1
"CARTPT","Cartpt","ortholog_one2one",100,100,1
"SPRYD3","Spryd3","ortholog_one2one",100,98.54,1
"VWCE","Vwce","ortholog_one2one",100,100,1
"CERS5","Cers5","ortholog_one2one",100,100,1
"IP6K3","Ip6k3","ortholog_one2one",100,100,1
"TMEM69","Tmem69","ortholog_one2one",100,100,1
"TRIM40","Trim40","ortholog_one2one",100,97.13,1
"GLCCI1","Glcci1","ortholog_one2one",100,100,1
"CPLANE2","Cplane2","ortholog_one2one",100,100,1
"TECPR2","Tecpr2","ortholog_one2one",100,100,1
"EVL","Evl","ortholog_one2one",100,100,1
"SYTL2","Sytl2","ortholog_one2one",100,99.7,0
"G2E3","G2e3","ortholog_one2one",100,99.99,1
"FRYL","Fryl","ortholog_one2one",100,100,1
"TRIM31","Trim31","ortholog_one2one",100,78.29,0
"METTL16","Mettl16","ortholog_one2one",100,100,1
"ADAR","Adar","ortholog_one2one",100,98.4,1
"DNER","Dner","ortholog_one2one",100,100,1
"UGP2","Ugp2","ortholog_one2one",100,100,1
"LEMD2","Lemd2","ortholog_one2one",100,100,1
"CLCN7","Clcn7","ortholog_one2one",100,100,1
"LMAN2L","Lman2l","ortholog_one2one",100,100,1
"CHST8","Chst8","ortholog_one2one",100,100,1
"KIFAP3","Kifap3","ortholog_one2one",100,100,1
"NME5","Nme5","ortholog_one2one",100,100,1
"RRP9","Rrp9","ortholog_one2one",100,100,1
"LGSN","Lgsn","ortholog_one2one",75,100,1
"ODR4","Odr4","ortholog_one2one",100,100,1
"DRAM2","Dram2","ortholog_one2one",100,100,1
"TUBB","Tubb5","ortholog_one2one",100,100,1
"RIIAD1","Riiad1","ortholog_one2one",100,94.58,1
"SGPP1","Sgpp1","ortholog_one2one",100,100,1
"BTBD3","Btbd3","ortholog_one2one",100,100,1
"BEST1","Best1","ortholog_one2one",75,100,1
"OR5H2","Olfr186","ortholog_one2one",50,100,1
"SEL1L","Sel1l","ortholog_one2one",100,100,1
"SLC16A7","Slc16a7","ortholog_one2one",100,100,1
"LCMT2","Lcmt2","ortholog_one2one",100,100,1
"LRRN2","Lrrn2","ortholog_one2one",100,100,1
"UPF2","Upf2","ortholog_one2one",100,100,1
"ST3GAL4","St3gal4","ortholog_one2one",100,100,1
"PARP3","Parp3","ortholog_one2one",100,100,1
"BBS9","Bbs9","ortholog_one2one",75,98.32,1
"ZCCHC7","Zcchc7","ortholog_one2one",100,100,1
"NEK3","Nek3","ortholog_one2one",50,100,1
"FER1L5","Fer1l5","ortholog_one2one",100,99.99,1
"NEK10","Nek10","ortholog_one2one",75,100,1
"KCNJ13","Kcnj13","ortholog_one2one",100,100,1
"PGM2","Pgm2","ortholog_one2one",100,100,1
"PAN3","Pan3","ortholog_one2one",100,100,1
"WDR92","Wdr92","ortholog_one2one",75,100,1
"AKAP7","Akap7","ortholog_one2one",100,100,1
"PRR12","Prr12","ortholog_one2one",100,100,1
"STT3A","Stt3a","ortholog_one2one",100,100,1
"CABP2","Cabp2","ortholog_one2one",100,100,1
"THOC3","Thoc3","ortholog_one2one",100,100,1
"STAG1","Stag1","ortholog_one2one",100,100,1
"POU3F3","Pou3f3","ortholog_one2one",100,100,1
"FBXO8","Fbxo8","ortholog_one2one",100,100,1
"SLC35E1","Slc35e1","ortholog_one2one",100,100,1
"PNO1","Pno1","ortholog_one2one",75,100,1
"FKBP2","Fkbp2","ortholog_one2one",100,100,1
"C6orf118","1700010I14Rik","ortholog_one2one",100,96.59,0
"NTRK2","Ntrk2","ortholog_one2one",100,100,1
"NDRG4","Ndrg4","ortholog_one2one",100,100,1
"TMX1","Tmx1","ortholog_one2one",75,100,1
"DEFB125","Defb26","ortholog_one2one",50,51.64,0
"UBE2Z","Ube2z","ortholog_one2one",100,100,1
"PLA2R1","Pla2r1","ortholog_one2one",100,100,1
"RRS1","Rrs1","ortholog_one2one",50,100,1
"DEFB115","Defb28","ortholog_one2one",50,98.34,0
"SNX17","Snx17","ortholog_one2one",100,100,1
"ATP2B3","Atp2b3","ortholog_one2one",100,100,1
"DEFB116","Defb29","ortholog_one2one",50,100,0
"PIK3R6","Pik3r6","ortholog_one2one",100,100,1
"TBC1D7","Tbc1d7","ortholog_one2one",100,100,1
"SYCP1","Sycp1","ortholog_one2one",100,99.13,1
"ZFYVE27","Zfyve27","ortholog_one2one",100,100,1
"ARRDC1","Arrdc1","ortholog_one2one",100,100,1
"GRHL1","Grhl1","ortholog_one2one",100,100,1
"SRP72","Srp72","ortholog_one2one",100,98.79,1
"DEDD2","Dedd2","ortholog_one2one",100,100,1
"HSD17B12","Hsd17b12","ortholog_one2one",100,100,1
"PRKCZ","Prkcz","ortholog_one2one",100,100,1
"DDR2","Ddr2","ortholog_one2one",100,100,1
"DCPS","Dcps","ortholog_one2one",100,100,1
"CASP2","Casp2","ortholog_one2one",100,100,1
"PDF","Pdf","ortholog_one2one",100,100,1
"TBX5","Tbx5","ortholog_one2one",100,100,1
"MICAL2","Mical2","ortholog_one2one",100,100,0
"DEFB118","Defb21","ortholog_one2one",100,100,0
"LST1","Lst1","ortholog_one2one",100,93.67,0
"AC026464.6","Cog8","ortholog_one2one",100,88.35,0
"MPHOSPH10","Mphosph10","ortholog_one2one",25,100,1
"LTB","Ltb","ortholog_one2one",100,100,1
"ANTXR2","Antxr2","ortholog_one2one",100,100,1
"KCNAB3","Kcnab3","ortholog_one2one",100,100,1
"ZNF526","Zfp526","ortholog_one2one",100,100,1
"ERCC4","Ercc4","ortholog_one2one",100,100,1
"IGFBP6","Igfbp6","ortholog_one2one",100,100,1
"GRPEL2","Grpel2","ortholog_one2one",100,100,1
"OTOGL","Otogl","ortholog_one2one",100,99.9,1
"FAH","Fah","ortholog_one2one",75,100,1
"SC5D","Sc5d","ortholog_one2one",100,100,1
"SMTN","Smtn","ortholog_one2one",100,100,1
"PRG4","Prg4","ortholog_one2one",100,98.4,1
"PLEKHM3","Plekhm3","ortholog_one2one",100,100,1
"SOAT2","Soat2","ortholog_one2one",100,100,1
"DEGS2","Degs2","ortholog_one2one",100,100,1
"FKBP15","Fkbp15","ortholog_one2one",100,100,1
"PCDH10","Pcdh10","ortholog_one2one",100,100,1
"DRG2","Drg2","ortholog_one2one",100,100,1
"PLEKHO1","Plekho1","ortholog_one2one",100,100,1
"ANXA1","Anxa1","ortholog_one2one",100,100,1
"NCOA6","Ncoa6","ortholog_one2one",100,100,1
"TCEANC2","Tceanc2","ortholog_one2one",100,100,1
"DEFB123","Defb36","ortholog_one2one",100,100,1
"TUBE1","Tube1","ortholog_one2one",100,100,1
"FAM83F","Fam83f","ortholog_one2one",100,100,1
"EML1","Eml1","ortholog_one2one",100,98.92,1
"DEFB124","Defb25","ortholog_one2one",100,100,1
"RTN4R","Rtn4r","ortholog_one2one",75,98.11,1
"METTL17","Mettl17","ortholog_one2one",50,100,1
"SMIM7","Smim7","ortholog_one2one",100,84.94,1
"TTLL7","Ttll7","ortholog_one2one",100,100,1
"REM1","Rem1","ortholog_one2one",100,100,1
"IQCF1","Iqcf1","ortholog_one2one",75,86.41,1
"MCEE","Mcee","ortholog_one2one",25,100,1
"TNF","Tnf","ortholog_one2one",100,100,1
"KIAA1671","2900026A02Rik","ortholog_one2one",100,99.56,0
"KLRD1","Klrd1","ortholog_one2one",75,100,1
"PPP1R13L","Ppp1r13l","ortholog_one2one",100,100,1
"MDC1","Mdc1","ortholog_one2one",100,99.34,0
"AIPL1","Aipl1","ortholog_one2one",100,100,1
"NCAPG","Ncapg","ortholog_one2one",100,100,1
"ROPN1L","Ropn1l","ortholog_one2one",100,100,1
"CCN6","Ccn6","ortholog_one2one",100,100,1
"IQCF5","Iqcf5","ortholog_one2one",100,100,1
"SFRP5","Sfrp5","ortholog_one2one",100,100,1
"PRRG2","Prrg2","ortholog_one2one",100,100,1
"UAP1","Uap1","ortholog_one2one",100,100,1
"IQCF6","Iqcf6","ortholog_one2one",75,100,1
"KLRK1","Klrk1","ortholog_one2one",50,97.01,1
"COP1","Cop1","ortholog_one2one",100,100,1
"SERPINE3","Serpine3","ortholog_one2one",100,99.78,1
"GRM2","Grm2","ortholog_one2one",100,100,1
"INTS6","Ints6","ortholog_one2one",75,100,1
"MDM1","Mdm1","ortholog_one2one",75,100,1
"VEGFB","Vegfb","ortholog_one2one",100,100,1
"PRDM8","Prdm8","ortholog_one2one",100,100,1
"VWA3B","Vwa3b","ortholog_one2one",100,100,0
"CHRNB2","Chrnb2","ortholog_one2one",100,100,1
"PPP2R2B","Ppp2r2b","ortholog_one2one",100,100,1
"TMEM59","Tmem59","ortholog_one2one",100,100,1
"TEX264","Tex264","ortholog_one2one",100,100,1
"BBS5","Bbs5","ortholog_one2one",100,100,1
"KIF6","Kif6","ortholog_one2one",50,100,1
"RNF213","Rnf213","ortholog_one2one",100,100,1
"ZNF513","Zfp513","ortholog_one2one",100,100,1
"AHRR","Ahrr","ortholog_one2one",100,96.04,1
"SAR1A","Sar1a","ortholog_one2one",100,100,1
"HSPD1","Hspd1","ortholog_one2one",100,100,1
"C19orf38","AB124611","ortholog_one2one",100,100,1
"MEIS2","Meis2","ortholog_one2one",100,100,1
"SORBS3","Sorbs3","ortholog_one2one",100,100,1
"SPX","Spx","ortholog_one2one",100,100,1
"REXO5","Rexo5","ortholog_one2one",100,100,0
"EIF2B4","Eif2b4","ortholog_one2one",100,100,1
"NOSIP","Nosip","ortholog_one2one",100,100,1
"PLXDC2","Plxdc2","ortholog_one2one",100,100,1
"C17orf80","D11Wsu47e","ortholog_one2one",100,97.67,0
"CHRNA10","Chrna10","ortholog_one2one",100,100,1
"PEPD","Pepd","ortholog_one2one",100,100,1
"SRD5A2","Srd5a2","ortholog_one2one",100,100,1
"CFAP45","Cfap45","ortholog_one2one",100,100,1
"DNAJC4","Dnajc4","ortholog_one2one",100,100,1
"RHOT1","Rhot1","ortholog_one2one",50,100,1
"ART1","Art1","ortholog_one2one",50,100,1
"FGF5","Fgf5","ortholog_one2one",100,100,1
"FHL1","Fhl1","ortholog_one2one",100,100,1
"SPTLC3","Sptlc3","ortholog_one2one",100,100,1
"SFTPD","Sftpd","ortholog_one2one",0,100,1
"SLC9A3R1","Slc9a3r1","ortholog_one2one",100,100,1
"DNTTIP1","Dnttip1","ortholog_one2one",100,100,1
"IRX5","Irx5","ortholog_one2one",100,100,1
"OR2V2","Olfr1396","ortholog_one2one",75,100,1
"CHMP1B","Chmp1b","ortholog_one2one",50,100,1
"CCDC188","Ccdc188","ortholog_one2one",100,100,1
"GNAL","Gnal","ortholog_one2one",50,100,1
"ZMYND19","Zmynd19","ortholog_one2one",100,100,1
"ART5","Art5","ortholog_one2one",50,100,1
"RAD54L2","Rad54l2","ortholog_one2one",100,100,1
"DPP4","Dpp4","ortholog_one2one",100,100,1
"PTTG1IP","Pttg1ip","ortholog_one2one",100,100,1
"ADAMTSL5","Adamtsl5","ortholog_one2one",100,100,1
"MAPT","Mapt","ortholog_one2one",75,100,0
"UBN1","Ubn1","ortholog_one2one",100,100,1
"RO60","Ro60","ortholog_one2one",75,100,1
"ETS2","Ets2","ortholog_one2one",100,100,1
"VPS37C","Vps37c","ortholog_one2one",100,100,1
"ACSM3","Acsm3","ortholog_one2one",50,100,1
"CDC7","Cdc7","ortholog_one2one",100,100,1
"FZD10","Fzd10","ortholog_one2one",100,100,1
"LTA","Lta","ortholog_one2one",100,100,1
"PPP3CC","Ppp3cc","ortholog_one2one",100,100,1
"VSIG8","Vsig8","ortholog_one2one",100,100,1
"ADGRF3","Adgrf3","ortholog_one2one",100,98.55,1
"CRTAC1","Crtac1","ortholog_one2one",100,100,1
"MUC4","Muc4","ortholog_one2one",75,56.27,0
"SHLD1","Shld1","ortholog_one2one",100,100,1
"BARD1","Bard1","ortholog_one2one",100,100,1
"CENPF","Cenpf","ortholog_one2one",100,98.88,1
"RAB43","Rab43","ortholog_one2one",100,100,1
"PCCB","Pccb","ortholog_one2one",100,97.64,1
"CFAP299","Cfap299","ortholog_one2one",100,100,1
"TXLNB","Txlnb","ortholog_one2one",100,100,1
"MOCS2","Mocs2","ortholog_one2one",100,100,1
"LCN10","Lcn10","ortholog_one2one",50,100,1
"CPSF4L","Cpsf4l","ortholog_one2one",100,90.16,0
"SLC17A4","Slc17a4","ortholog_one2one",100,100,1
"DUSP9","Dusp9","ortholog_one2one",100,97.34,1
"OR2V1","Olfr56","ortholog_one2one",75,100,1
"SLC35F4","Slc35f4","ortholog_one2one",75,100,1
"SPDL1","Spdl1","ortholog_one2one",75,100,1
"PTPRF","Ptprf","ortholog_one2one",100,100,1
"SLC39A2","Slc39a2","ortholog_one2one",100,100,1
"NFKBIL1","Nfkbil1","ortholog_one2one",100,100,1
"DOCK3","Dock3","ortholog_one2one",75,100,1
"SIPA1L3","Sipa1l3","ortholog_one2one",100,100,1
"ATF7IP","Atf7ip","ortholog_one2one",100,99.46,1
"RNF39","Rnf39","ortholog_one2one",100,100,1
"RFTN1","Rftn1","ortholog_one2one",50,100,1
"ATP6V1G2-DDX39B","Atp6v1g2","ortholog_one2one",100,82.83,1
"RHO","Rho","ortholog_one2one",100,100,1
"MUC20","Muc20","ortholog_one2one",50,76.88,0
"KCNIP3","Kcnip3","ortholog_one2one",100,100,1
"LMNB1","Lmnb1","ortholog_one2one",100,100,1
"RRAGD","Rragd","ortholog_one2one",100,100,1
"GOLGA7B","Golga7b","ortholog_one2one",100,100,1
"GRIK3","Grik3","ortholog_one2one",100,100,1
"CHCHD6","Chchd6","ortholog_one2one",100,95.64,1
"AMER1","Amer1","ortholog_one2one",100,99.58,1
"CKAP2","Ckap2","ortholog_one2one",50,100,1
"GTF2A1L","Gtf2a1l","ortholog_one2one",100,100,1
"CHGB","Chgb","ortholog_one2one",100,100,1
"SMARCA1","Smarca1","ortholog_one2one",75,100,1
"PDE4DIP","Pde4dip","ortholog_one2one",0,100,1
"ASB12","Asb12","ortholog_one2one",100,100,1
"CEBPG","Cebpg","ortholog_one2one",100,100,1
"AKR1B1","Akr1b3","ortholog_one2one",100,100,1
"CD5","Cd5","ortholog_one2one",100,100,1
"ARHGEF19","Arhgef19","ortholog_one2one",100,100,1
"TMEFF2","Tmeff2","ortholog_one2one",100,100,1
"CCDC17","Ccdc17","ortholog_one2one",100,100,1
"ZFAT","Zfat","ortholog_one2one",100,100,1
"AFG1L","Afg1l","ortholog_one2one",100,100,1
"VPS45","Vps45","ortholog_one2one",100,100,1
"MEMO1","Memo1","ortholog_one2one",100,97.01,1
"SLC2A1","Slc2a1","ortholog_one2one",100,100,1
"RNF227","Rnf227","ortholog_one2one",100,100,1
"FSHR","Fshr","ortholog_one2one",75,100,1
"TMEM211","Tmem211","ortholog_one2one",75,100,1
"GSS","Gss","ortholog_one2one",100,100,1
"VXN","Vxn","ortholog_one2one",100,100,1
"GPBP1L1","Gpbp1l1","ortholog_one2one",100,100,1
"CEBPA","Cebpa","ortholog_one2one",100,100,1
"AGMO","Agmo","ortholog_one2one",100,100,1
"MAGT1","Magt1","ortholog_one2one",100,100,1
"ING1","Ing1","ortholog_one2one",100,95.26,1
"ZDHHC8","Zdhhc8","ortholog_one2one",100,100,1
"MYO1C","Myo1c","ortholog_one2one",100,100,1
"DPF3","Dpf3","ortholog_one2one",100,100,1
"VPS16","Vps16","ortholog_one2one",100,100,1
"C17orf99","6030468B19Rik","ortholog_one2one",100,91.46,0
"KBTBD11","Kbtbd11","ortholog_one2one",100,100,1
"HAND2","Hand2","ortholog_one2one",100,100,1
"TAF4B","Taf4b","ortholog_one2one",100,100,1
"MSL2","Msl2","ortholog_one2one",100,100,1
"MPPE1","Mppe1","ortholog_one2one",100,100,1
"MDH1","Mdh1","ortholog_one2one",100,100,1
"RYR1","Ryr1","ortholog_one2one",100,100,1
"TMEM104","Tmem104","ortholog_one2one",100,100,1
"SYNC","Sync","ortholog_one2one",100,100,1
"HAUS3","Haus3","ortholog_one2one",100,100,1
"IRX6","Irx6","ortholog_one2one",100,100,1
"TK1","Tk1","ortholog_one2one",100,100,1
"PPP2R3A","Ppp2r3a","ortholog_one2one",75,100,1
"WDFY2","Wdfy2","ortholog_one2one",50,100,1
"PIMREG","Pimreg","ortholog_one2one",100,100,1
"PIWIL1","Piwil1","ortholog_one2one",100,100,1
"SMTNL1","Smtnl1","ortholog_one2one",100,97.98,1
"RBBP4","Rbbp4","ortholog_one2one",100,100,1
"POLN","Poln","ortholog_one2one",100,100,1
"ST8SIA3","St8sia3","ortholog_one2one",100,100,1
"UBE2M","Ube2m","ortholog_one2one",75,100,1
"BMP3","Bmp3","ortholog_one2one",100,100,1
"ERI2","Eri2","ortholog_one2one",75,100,1
"DCAF1","Dcaf1","ortholog_one2one",75,100,1
"NAT9","Nat9","ortholog_one2one",100,100,1
"AFMID","Afmid","ortholog_one2one",100,97.74,1
"WDR83OS","Wdr83os","ortholog_one2one",75,100,1
"MRPL22","Mrpl22","ortholog_one2one",50,64.3,0
"UBE2C","Ube2c","ortholog_one2one",100,100,1
"RPS6KA5","Rps6ka5","ortholog_one2one",100,100,1
"APBA2","Apba2","ortholog_one2one",50,100,1
"FAM168A","Fam168a","ortholog_one2one",100,100,1
"ANKRD9","Ankrd9","ortholog_one2one",100,100,1
"KIAA1191","4833439L19Rik","ortholog_one2one",100,100,1
"WDPCP","Wdpcp","ortholog_one2one",100,94.6,1
"PABPC4","Pabpc4","ortholog_one2one",100,99.99,1
"GARNL3","Garnl3","ortholog_one2one",75,99.85,1
"GGT7","Ggt7","ortholog_one2one",75,100,1
"URM1","Urm1","ortholog_one2one",100,89.38,1
"TNNC2","Tnnc2","ortholog_one2one",100,100,1
"TECTA","Tecta","ortholog_one2one",100,100,1
"TNRC6B","Tnrc6b","ortholog_one2one",100,100,1
"SYNGR2","Syngr2","ortholog_one2one",100,100,1
"CDC42EP4","Cdc42ep4","ortholog_one2one",100,100,1
"SFR1","Sfr1","ortholog_one2one",100,95.63,0
"ATOH7","Atoh7","ortholog_one2one",100,100,1
"CALU","Calu","ortholog_one2one",100,100,1
"DEFB135","Defb30","ortholog_one2one",75,100,0
"NIP7","Nip7","ortholog_one2one",100,100,1
"FOXE1","Foxe1","ortholog_one2one",100,100,1
"SLC4A5","Slc4a5","ortholog_one2one",100,100,1
"WDR83","Wdr83","ortholog_one2one",75,100,1
"OGFOD1","Ogfod1","ortholog_one2one",100,100,1
"DEFB136","Defb42","ortholog_one2one",75,100,0
"VPS36","Vps36","ortholog_one2one",25,100,1
"RAB11B","Rab11b","ortholog_one2one",100,100,1
"PPP1R11","Ppp1r11","ortholog_one2one",100,100,1
"ACSS2","Acss2","ortholog_one2one",100,100,1
"PCED1A","Pced1a","ortholog_one2one",100,100,1
"ARL9","Arl9","ortholog_one2one",100,83.65,0
"PTPN14","Ptpn14","ortholog_one2one",100,100,1
"CERCAM","Cercam","ortholog_one2one",100,100,1
"THEGL","Thegl","ortholog_one2one",100,100,1
"PSMG1","Psmg1","ortholog_one2one",100,100,1
"EPHB1","Ephb1","ortholog_one2one",100,100,1
"PROSER2","Proser2","ortholog_one2one",100,100,1
"FOXJ2","Foxj2","ortholog_one2one",100,100,1
"NAA20","Naa20","ortholog_one2one",100,100,1
"TRMT6","Trmt6","ortholog_one2one",100,100,1
"MLANA","Mlana","ortholog_one2one",100,100,1
"RBM15B","Rbm15b","ortholog_one2one",100,100,1
"TBC1D1","Tbc1d1","ortholog_one2one",100,100,1
"BCL6","Bcl6","ortholog_one2one",100,100,1
"SIMC1","Simc1","ortholog_one2one",100,85.58,1
"PROM2","Prom2","ortholog_one2one",100,100,1
"MANF","Manf","ortholog_one2one",100,100,1
"TMEM38A","Tmem38a","ortholog_one2one",100,100,1
"CAPNS1","Capns1","ortholog_one2one",100,100,1
"THUMPD3","Thumpd3","ortholog_one2one",100,100,1
"CDK2AP2","Cdk2ap2","ortholog_one2one",100,100,1
"RGSL1","Rgsl1","ortholog_one2one",100,99.9,1
"ATP6V1G1","Atp6v1g1","ortholog_one2one",100,100,1
"CASP7","Casp7","ortholog_one2one",100,100,1
"PAIP2","Paip2","ortholog_one2one",100,100,1
"RPP14","Rpp14","ortholog_one2one",100,100,1
"LRRC3B","Lrrc3b","ortholog_one2one",100,100,1
"MYH3","Myh3","ortholog_one2one",100,100,1
"C1QC","C1qc","ortholog_one2one",100,100,1
"NARF","Narf","ortholog_one2one",100,100,1
"SPPL2A","Sppl2a","ortholog_one2one",75,100,1
"IRF1","Irf1","ortholog_one2one",100,100,1
"VGLL4","Vgll4","ortholog_one2one",100,100,1
"POLR1A","Polr1a","ortholog_one2one",100,100,1
"QKI","Qk","ortholog_one2one",100,100,1
"MARCHF3","Marchf3","ortholog_one2one",100,98.49,1
"TXNRD3","Txnrd3","ortholog_one2one",100,100,1
"OPN1SW","Opn1sw","ortholog_one2one",100,100,1
"GYS2","Gys2","ortholog_one2one",100,100,1
"ZNF740","Zfp740","ortholog_one2one",100,100,1
"COX7B","Cox7b","ortholog_one2one",100,100,1
"DDX39B","Ddx39b","ortholog_one2one",100,100,1
"ZC4H2","Zc4h2","ortholog_one2one",100,100,1
"MMP11","Mmp11","ortholog_one2one",100,100,1
"SOCS4","Socs4","ortholog_one2one",100,100,1
"HGS","Hgs","ortholog_one2one",100,100,1
"SLC39A14","Slc39a14","ortholog_one2one",100,100,1
"GSK3A","Gsk3a","ortholog_one2one",100,100,1
"ABCB6","Abcb6","ortholog_one2one",100,100,1
"EPB41L4B","Epb41l4b","ortholog_one2one",100,100,1
"P4HA2","P4ha2","ortholog_one2one",100,100,1
"CNNM4","Cnnm4","ortholog_one2one",100,100,1
"LARP4","Larp4","ortholog_one2one",100,100,1
"SRRM1","Srrm1","ortholog_one2one",100,100,1
"SLC23A1","Slc23a1","ortholog_one2one",100,100,1
"CAMK2B","Camk2b","ortholog_one2one",100,100,1
"UBE2Q1","Ube2q1","ortholog_one2one",100,100,1
"TRMT2A","Trmt2a","ortholog_one2one",100,99.53,1
"SLAMF8","Slamf8","ortholog_one2one",100,100,1
"MMP2","Mmp2","ortholog_one2one",100,100,1
"SCX","Scx","ortholog_one2one",100,100,1
"ILDR1","Ildr1","ortholog_one2one",100,100,1
"C22orf15","Gm867","ortholog_one2one",75,100,0
"BOP1","Bop1","ortholog_one2one",100,100,1
"JPH4","Jph4","ortholog_one2one",100,100,1
"CHCHD10","Chchd10","ortholog_one2one",100,100,1
"SMYD2","Smyd2","ortholog_one2one",100,100,1
"ZC3H15","Zc3h15","ortholog_one2one",100,100,1
"ANKZF1","Ankzf1","ortholog_one2one",100,100,1
"CSAD","Csad","ortholog_one2one",100,100,1
"H2BC1","H2bc1","ortholog_one2one",100,100,1
"RASSF6","Rassf6","ortholog_one2one",75,100,1
"PPP1R18","Ppp1r18","ortholog_one2one",100,100,1
"H2AC1","H2ac1","ortholog_one2one",100,100,1
"PDCD6","Pdcd6","ortholog_one2one",100,100,1
"NUDT22","Nudt22","ortholog_one2one",100,100,1
"FRMD6","Frmd6","ortholog_one2one",50,100,1
"LOXL4","Loxl4","ortholog_one2one",100,100,1
"CPT2","Cpt2","ortholog_one2one",100,100,1
"TIMM10","Timm10","ortholog_one2one",100,100,1
"BCOR","Bcor","ortholog_one2one",100,100,1
"THSD1","Thsd1","ortholog_one2one",50,100,1
"MROH1","Mroh1","ortholog_one2one",100,100,1
"MFSD6L","Mfsd6l","ortholog_one2one",100,100,1
"CATSPERB","Catsperb","ortholog_one2one",0,45.63,0
"DPY30","Dpy30","ortholog_one2one",100,100,1
"OCEL1","Ocel1","ortholog_one2one",100,79.19,0
"FGD6","Fgd6","ortholog_one2one",100,100,1
"C5orf63","C330018D20Rik","ortholog_one2one",100,100,0
"ADSS1","Adssl1","ortholog_one2one",100,94.99,1
"MRPL24","Mrpl24","ortholog_one2one",100,100,1
"NRM","Nrm","ortholog_one2one",100,100,1
"OTUD7B","Otud7b","ortholog_one2one",100,100,1
"NR2F6","Nr2f6","ortholog_one2one",100,100,1
"LPCAT2","Lpcat2","ortholog_one2one",100,100,1
"PTH","Pth","ortholog_one2one",100,100,1
"AQP11","Aqp11","ortholog_one2one",100,100,1
"SNX3","Snx3","ortholog_one2one",100,100,1
"PLPBP","Plpbp","ortholog_one2one",100,100,1
"C7","C7","ortholog_one2one",100,100,1
"MNT","Mnt","ortholog_one2one",100,100,1
"AL354761.1","Gm13539","ortholog_one2one",50,100,1
"SELENOI","Selenoi","ortholog_one2one",100,100,1
"GLT6D1","Glt6d1","ortholog_one2one",100,100,1
"ATG9A","Atg9a","ortholog_one2one",100,100,1
"CCDC42","Ccdc42","ortholog_one2one",100,100,1
"PLCE1","Plce1","ortholog_one2one",100,100,1
"EI24","Ei24","ortholog_one2one",100,100,1
"R3HCC1L","R3hcc1l","ortholog_one2one",100,100,1
"HSPB8","Hspb8","ortholog_one2one",100,100,1
"CALCOCO2","Calcoco2","ortholog_one2one",100,56.86,0
"TRMO","Trmo","ortholog_one2one",100,95.01,1
"ADAM32","Adam32","ortholog_one2one",100,89.19,1
"IQCG","Iqcg","ortholog_one2one",100,97.5,1
"ISG20","Isg20","ortholog_one2one",100,100,0
"ENTPD5","Entpd5","ortholog_one2one",100,100,1
"PDE4D","Pde4d","ortholog_one2one",100,100,1
"NEB","Neb","ortholog_one2one",100,100,1
"PARK7","Park7","ortholog_one2one",100,100,1
"DUSP23","Dusp23","ortholog_one2one",100,100,1
"EPHA2","Epha2","ortholog_one2one",100,100,1
"GRIN2C","Grin2c","ortholog_one2one",100,100,1
"SRRM4","Srrm4","ortholog_one2one",100,100,1
"POLR1H","Znrd1","ortholog_one2one",100,100,1
"ISG20L2","Isg20l2","ortholog_one2one",100,100,1
"FAM13C","Fam13c","ortholog_one2one",100,100,1
"LRCH3","Lrch3","ortholog_one2one",100,100,1
"CRP","Crp","ortholog_one2one",100,100,1
"SEC31A","Sec31a","ortholog_one2one",100,100,1
"RRNAD1","Rrnad1","ortholog_one2one",100,100,1
"PLCL2","Plcl2","ortholog_one2one",100,100,1
"MRPL41","Mrpl41","ortholog_one2one",100,100,1
"SNX21","Snx21","ortholog_one2one",100,100,1
"DPH7","Dph7","ortholog_one2one",100,100,1
"CAPNS2","Capns2","ortholog_one2one",100,100,1
"APCS","Apcs","ortholog_one2one",100,100,1
"ACOT8","Acot8","ortholog_one2one",100,100,1
"DHRS2","Dhrs2","ortholog_one2one",100,10.2,1
"TNR","Tnr","ortholog_one2one",100,100,1
"AK3","Ak3","ortholog_one2one",100,100,1
"SLC7A10","Slc7a10","ortholog_one2one",100,100,1
"ACADS","Acads","ortholog_one2one",100,100,1
"WSB1","Wsb1","ortholog_one2one",50,100,1
"HYI","Hyi","ortholog_one2one",100,100,1
"OR10J5","Olfr16","ortholog_one2one",100,100,1
"PARVA","Parva","ortholog_one2one",100,100,1
"CDC37L1","Cdc37l1","ortholog_one2one",100,100,1
"SCYL3","Scyl3","ortholog_one2one",100,100,1
"KY","Ky","ortholog_one2one",100,100,1
"MIER2","Mier2","ortholog_one2one",50,100,1
"PDHX","Pdhx","ortholog_one2one",100,100,1
"SH2D3C","Sh2d3c","ortholog_one2one",75,100,1
"PNCK","Pnck","ortholog_one2one",100,100,1
"UNC119B","Unc119b","ortholog_one2one",100,100,1
"RBKS","Rbks","ortholog_one2one",100,100,1
"SZT2","Szt2","ortholog_one2one",100,100,1
"CWC15","Cwc15","ortholog_one2one",100,100,1
"DIXDC1","Dixdc1","ortholog_one2one",100,100,1
"LRP3","Lrp3","ortholog_one2one",100,100,1
"ANKRD10","Ankrd10","ortholog_one2one",100,100,1
"ANAPC13","Anapc13","ortholog_one2one",100,100,1
"CDC45","Cdc45","ortholog_one2one",100,100,1
"BABAM2","Babam2","ortholog_one2one",100,99.77,1
"PHYHIPL","Phyhipl","ortholog_one2one",100,100,1
"RAB14","Rab14","ortholog_one2one",100,100,1
"CENPL","Cenpl","ortholog_one2one",100,94.86,1
"GLB1L","Glb1l","ortholog_one2one",100,100,1
"ATP7A","Atp7a","ortholog_one2one",100,100,1
"AFAP1L1","Afap1l1","ortholog_one2one",100,100,1
"PLK1","Plk1","ortholog_one2one",100,100,1
"CEP63","Cep63","ortholog_one2one",75,99.58,1
"RREB1","Rreb1","ortholog_one2one",100,100,1
"ONECUT2","Onecut2","ortholog_one2one",100,100,1
"TTLL6","Ttll6","ortholog_one2one",100,98.54,1
"TIRAP","Tirap","ortholog_one2one",75,100,1
"MTHFD2","Mthfd2","ortholog_one2one",100,100,1
"TMEM268","Tmem268","ortholog_one2one",100,100,1
"POLR3A","Polr3a","ortholog_one2one",100,100,1
"PACRG","Pacrg","ortholog_one2one",100,96.57,1
"ARHGAP23","Arhgap23","ortholog_one2one",100,100,1
"MYPN","Mypn","ortholog_one2one",100,100,1
"C1orf112","BC055324","ortholog_one2one",0,100,1
"RANBP1","Ranbp1","ortholog_one2one",100,100,1
"FAM131C","Fam131c","ortholog_one2one",100,100,1
"CD226","Cd226","ortholog_one2one",100,100,1
"RCC1","Rcc1","ortholog_one2one",100,100,1
"MRPS9","Mrps9","ortholog_one2one",100,100,1
"ZNF236","Zfp236","ortholog_one2one",100,99.24,1
"CRHR2","Crhr2","ortholog_one2one",75,100,1
"PLEKHS1","Plekhs1","ortholog_one2one",100,100,1
"OXSM","Oxsm","ortholog_one2one",100,100,1
"TRPT1","Trpt1","ortholog_one2one",100,100,1
"C3AR1","C3ar1","ortholog_one2one",100,100,1
"HDAC6","Hdac6","ortholog_one2one",100,98.88,1
"UMODL1","Umodl1","ortholog_one2one",50,97.9,1
"SCRG1","Scrg1","ortholog_one2one",100,100,1
"MOB4","Mob4","ortholog_one2one",100,100,1
"ATXN7L3B","Atxn7l3b","ortholog_one2one",100,100,1
"FERMT3","Fermt3","ortholog_one2one",100,100,1
"PRKG2","Prkg2","ortholog_one2one",100,100,1
"NGLY1","Ngly1","ortholog_one2one",100,100,1
"ERN2","Ern2","ortholog_one2one",100,100,1
"UHMK1","Uhmk1","ortholog_one2one",100,100,1
"IFT81","Ift81","ortholog_one2one",50,100,1
"HERC4","Herc4","ortholog_one2one",100,100,1
"MARCHF6","Marchf6","ortholog_one2one",100,100,1
"UFD1","Ufd1","ortholog_one2one",75,100,1
"TRIM32","Trim32","ortholog_one2one",100,100,1
"RARA","Rara","ortholog_one2one",100,100,1
"TYSND1","Tysnd1","ortholog_one2one",100,100,1
"PFKL","Pfkl","ortholog_one2one",100,100,1
"CLMN","Clmn","ortholog_one2one",100,100,1
"FOXRED1","Foxred1","ortholog_one2one",100,100,1
"ISM1","Ism1","ortholog_one2one",100,100,1
"DIP2B","Dip2b","ortholog_one2one",100,100,1
"ASTN2","Astn2","ortholog_one2one",100,100,1
"CCDC171","Ccdc171","ortholog_one2one",100,100,1
"SCGN","Scgn","ortholog_one2one",100,100,1
"LMLN","Lmln","ortholog_one2one",50,100,1
"SEC22B","Sec22b","ortholog_one2one",50,100,1
"ABCA12","Abca12","ortholog_one2one",100,100,1
"PANX3","Panx3","ortholog_one2one",100,100,1
"APIP","Apip","ortholog_one2one",100,100,1
"USHBP1","Ushbp1","ortholog_one2one",100,91.13,1
"CDH18","Cdh18","ortholog_one2one",75,100,1
"HM13","H13","ortholog_one2one",100,100,1
"UVRAG","Uvrag","ortholog_one2one",100,100,1
"RPL35A","Rpl35a","ortholog_one2one",75,100,1
"RCOR1","Rcor1","ortholog_one2one",100,100,1
"ARMH4","Armh4","ortholog_one2one",50,100,1
"C1QA","C1qa","ortholog_one2one",100,100,1
"ATP9A","Atp9a","ortholog_one2one",100,99.96,1
"PAK1","Pak1","ortholog_one2one",75,100,1
"CNGA3","Cnga3","ortholog_one2one",100,100,1
"ITPRIP","Itprip","ortholog_one2one",100,100,1
"SIVA1","Siva1","ortholog_one2one",100,100,1
"MAPKAPK3","Mapkapk3","ortholog_one2one",100,100,1
"GSTO1","Gsto1","ortholog_one2one",100,100,1
"PPP1R12A","Ppp1r12a","ortholog_one2one",100,100,1
"PKIB","Pkib","ortholog_one2one",100,100,1
"TBC1D5","Tbc1d5","ortholog_one2one",100,99.15,1
"HOPX","Hopx","ortholog_one2one",100,100,0
"TERF2","Terf2","ortholog_one2one",100,100,1
"ITGB6","Itgb6","ortholog_one2one",100,100,1
"ZNF692","Zfp692","ortholog_one2one",50,100,1
"LIMK1","Limk1","ortholog_one2one",100,97.38,1
"IGF2BP2","Igf2bp2","ortholog_one2one",100,100,1
"OR52E4","Olfr677","ortholog_one2one",50,100,1
"CFAP43","Cfap43","ortholog_one2one",100,98.72,1
"EPHA8","Epha8","ortholog_one2one",100,100,1
"MCCC2","Mccc2","ortholog_one2one",75,100,1
"ZNF691","Zfp691","ortholog_one2one",100,98.08,1
"NOTCH2","Notch2","ortholog_one2one",75,100,1
"ZNF672","Zfp672","ortholog_one2one",75,100,1
"GFOD1","Gfod1","ortholog_one2one",100,100,1
"SRPRA","Srpr","ortholog_one2one",100,100,1
"TEAD1","Tead1","ortholog_one2one",100,100,1
"SFSWAP","Sfswap","ortholog_one2one",75,100,1
"ERCC2","Ercc2","ortholog_one2one",100,100,1
"FAM189A1","Fam189a1","ortholog_one2one",25,100,1
"RAPGEF5","Rapgef5","ortholog_one2one",50,99.81,1
"PHLDB2","Phldb2","ortholog_one2one",100,100,1
"PPP2CA","Ppp2ca","ortholog_one2one",100,100,1
"OR52E5","Olfr678","ortholog_one2one",100,100,1
"JAKMIP1","Jakmip1","ortholog_one2one",100,100,1
"DOK6","Dok6","ortholog_one2one",75,100,1
"SAP30","Sap30","ortholog_one2one",100,100,1
"PLBD1","Plbd1","ortholog_one2one",100,100,1
"CISH","Cish","ortholog_one2one",100,100,1
"SLC1A7","Slc1a7","ortholog_one2one",100,100,1
"ACTR10","Actr10","ortholog_one2one",50,100,1
"FAM118B","Fam118b","ortholog_one2one",75,100,1
"MOB1A","Mob1a","ortholog_one2one",100,100,1
"GCG","Gcg","ortholog_one2one",100,100,1
"AP3D1","Ap3d1","ortholog_one2one",100,99.97,1
"ZC3H12B","Zc3h12b","ortholog_one2one",100,100,1
"PSMC3","Psmc3","ortholog_one2one",100,100,1
"HEMK1","Hemk1","ortholog_one2one",100,100,1
"SUDS3","Suds3","ortholog_one2one",100,100,1
"SLC31A1","Slc31a1","ortholog_one2one",100,100,1
"GSTO2","Gsto2","ortholog_one2one",100,100,1
"ENDOV","Endov","ortholog_one2one",100,99.53,1
"FDFT1","Fdft1","ortholog_one2one",100,100,1
"NWD1","Nwd1","ortholog_one2one",100,100,1
"H1-8","H1f8","ortholog_one2one",100,100,0
"CARD6","Card6","ortholog_one2one",100,94.5,1
"ST3GAL5","St3gal5","ortholog_one2one",100,96.12,1
"CDC26","Cdc26","ortholog_one2one",100,100,1
"GLO1","Glo1","ortholog_one2one",100,100,1
"MRPL33","Mrpl33","ortholog_one2one",100,100,1
"C3orf18","6430571L13Rik","ortholog_one2one",100,100,1
"CTSB","Ctsb","ortholog_one2one",100,99.24,1
"GPR107","Gpr107","ortholog_one2one",100,99.91,1
"C17orf64","1700125H20Rik","ortholog_one2one",100,100,1
"SETD6","Setd6","ortholog_one2one",100,97.96,1
"HOXB13","Hoxb13","ortholog_one2one",100,100,1
"CFAP61","Cfap61","ortholog_one2one",100,99.4,0
"C2orf16","4932415D10Rik","ortholog_one2one",0,26.69,0
"ITGB7","Itgb7","ortholog_one2one",100,100,1
"NECAP1","Necap1","ortholog_one2one",75,100,1
"GEMIN2","Gemin2","ortholog_one2one",100,100,1
"C4orf50","Gm1043","ortholog_one2one",100,100,0
"OR4P4","Olfr1192-ps1","ortholog_one2one",25,1.16,0
"SDAD1","Sdad1","ortholog_one2one",100,100,1
"API5","Api5","ortholog_one2one",100,100,1
"STK32A","Stk32a","ortholog_one2one",100,100,1
"SPAST","Spast","ortholog_one2one",100,100,1
"TOGARAM1","Togaram1","ortholog_one2one",100,100,1
"ACAN","Acan","ortholog_one2one",100,99.4,1
"CHP2","Chp2","ortholog_one2one",100,100,1
"MRTFB","Mrtfb","ortholog_one2one",100,100,1
"MLEC","Mlec","ortholog_one2one",100,100,1
"TAMM41","Tamm41","ortholog_one2one",100,100,1
"PHF21A","Phf21a","ortholog_one2one",100,100,1
"ABLIM3","Ablim3","ortholog_one2one",100,100,1
"RELT","Relt","ortholog_one2one",100,100,1
"TRAF3","Traf3","ortholog_one2one",100,100,1
"NDUFS1","Ndufs1","ortholog_one2one",100,100,1
"RARG","Rarg","ortholog_one2one",100,100,1
"PLCXD2","Plcxd2","ortholog_one2one",100,100,1
"TRHDE","Trhde","ortholog_one2one",100,100,1
"CCDC141","Ccdc141","ortholog_one2one",100,100,1
"KLHL41","Klhl41","ortholog_one2one",100,100,1
"TTC17","Ttc17","ortholog_one2one",100,100,1
"NOC3L","Noc3l","ortholog_one2one",100,100,1
"PABPC4L","Pabpc4l","ortholog_one2one",100,100,1
"GPR45","Gpr45","ortholog_one2one",100,100,1
"FAM151A","Fam151a","ortholog_one2one",100,100,1
"ERF","Erf","ortholog_one2one",100,100,1
"DNAH8","Dnah8","ortholog_one2one",75,100,1
"KLC3","Klc3","ortholog_one2one",100,100,1
"CNNM3","Cnnm3","ortholog_one2one",100,100,1
"CATIP","Catip","ortholog_one2one",100,89.13,1
"LCN9","Lcn9","ortholog_one2one",100,100,1
"RPL37","Rpl37","ortholog_one2one",100,100,1
"HMGB2","Hmgb2","ortholog_one2one",100,100,1
"FAM76A","Fam76a","ortholog_one2one",100,96.29,1
"ZDHHC13","Zdhhc13","ortholog_one2one",100,100,1
"TRAPPC6B","Trappc6b","ortholog_one2one",100,100,1
"ABCA3","Abca3","ortholog_one2one",100,100,1
"ACOT11","Acot11","ortholog_one2one",100,96.63,1
"GUCY2C","Gucy2c","ortholog_one2one",100,100,1
"TASP1","Tasp1","ortholog_one2one",100,100,1
"FCER1A","Fcer1a","ortholog_one2one",100,100,0
"SLC39A13","Slc39a13","ortholog_one2one",100,100,1
"PLK5","Plk5","ortholog_one2one",100,100,0
"PCNT","Pcnt","ortholog_one2one",100,94.87,1
"CRNKL1","Crnkl1","ortholog_one2one",100,99.42,1
"PITPNM3","Pitpnm3","ortholog_one2one",100,100,1
"SOHLH1","Sohlh1","ortholog_one2one",100,90.46,0
"SLC37A4","Slc37a4","ortholog_one2one",100,100,1
"APPBP2","Appbp2","ortholog_one2one",100,100,1
"HAPLN3","Hapln3","ortholog_one2one",100,96.33,1
"KIAA2026","9930021J03Rik","ortholog_one2one",100,100,1
"HEMGN","Hemgn","ortholog_one2one",100,98.6,0
"KHDRBS2","Khdrbs2","ortholog_one2one",75,100,1
"CEL","Cel","ortholog_one2one",100,93.58,1
"GRK6","Grk6","ortholog_one2one",100,100,1
"TEX48","Tex48","ortholog_one2one",100,100,0
"MTMR11","Mtmr11","ortholog_one2one",100,100,1
"AC021072.1","Gm9918","ortholog_one2one",100,100,1
"GPR176","Gpr176","ortholog_one2one",100,100,1
"PLA2G6","Pla2g6","ortholog_one2one",100,98.69,1
"MFSD5","Mfsd5","ortholog_one2one",100,100,1
"PROB1","Prob1","ortholog_one2one",100,100,1
"FSIP1","Fsip1","ortholog_one2one",100,99.83,0
"ADGRL2","Adgrl2","ortholog_one2one",100,100,1
"SGSM2","Sgsm2","ortholog_one2one",100,99.9,1
"SCFD1","Scfd1","ortholog_one2one",100,100,1
"ZNRF1","Znrf1","ortholog_one2one",100,100,1
"CD6","Cd6","ortholog_one2one",100,100,1
"ZNF2","Zfp661","ortholog_one2one",100,93.2,1
"RCL1","Rcl1","ortholog_one2one",100,100,1
"CXCL6","Cxcl5","ortholog_one2one",75,100,0
"GTF3C5","Gtf3c5","ortholog_one2one",100,100,1
"KCNJ8","Kcnj8","ortholog_one2one",100,100,1
"AMOTL2","Amotl2","ortholog_one2one",100,100,1
"PPBP","Ppbp","ortholog_one2one",0,100,0
"ALDH6A1","Aldh6a1","ortholog_one2one",100,100,1
"GRID2","Grid2","ortholog_one2one",100,100,1
"NCMAP","Ncmap","ortholog_one2one",100,94.74,1
"CACNA2D2","Cacna2d2","ortholog_one2one",100,100,1
"ZFAND6","Zfand6","ortholog_one2one",50,98.12,1
"SIKE1","Sike1","ortholog_one2one",100,100,1
"SUMO3","Sumo3","ortholog_one2one",100,100,1
"MZB1","Mzb1","ortholog_one2one",100,100,1
"PPL","Ppl","ortholog_one2one",100,100,1
"KIF13A","Kif13a","ortholog_one2one",100,100,1
"AGO2","Ago2","ortholog_one2one",100,100,1
"SF3B4","Sf3b4","ortholog_one2one",100,100,1
"RANBP6","Ranbp6","ortholog_one2one",75,100,1
"MFSD12","Mfsd12","ortholog_one2one",100,100,1
"BBOF1","Bbof1","ortholog_one2one",100,100,1
"DRC1","Drc1","ortholog_one2one",100,100,1
"POLR2I","Polr2i","ortholog_one2one",100,100,1
"PAWR","Pawr","ortholog_one2one",100,100,1
"CADM3","Cadm3","ortholog_one2one",100,100,1
"IL31","Il31","ortholog_one2one",100,100,0
"PTGES3L","Ptges3l","ortholog_one2one",100,100,1
"FZR1","Fzr1","ortholog_one2one",75,100,1
"CHRAC1","Chrac1","ortholog_one2one",100,100,1
"MRPL12","Mrpl12","ortholog_one2one",100,100,1
"LRRC43","Lrrc43","ortholog_one2one",100,100,1
"MINDY4","Mindy4","ortholog_one2one",75,100,1
"DCLRE1A","Dclre1a","ortholog_one2one",100,100,1
"CSRP3","Csrp3","ortholog_one2one",100,100,1
"AAK1","Aak1","ortholog_one2one",100,100,1
"HOXB9","Hoxb9","ortholog_one2one",100,100,1
"TBCB","Tbcb","ortholog_one2one",100,95.37,1
"ATIC","Atic","ortholog_one2one",100,100,1
"LNX1","Lnx1","ortholog_one2one",100,100,1
"UBE2G2","Ube2g2","ortholog_one2one",75,100,1
"RUNDC1","Rundc1","ortholog_one2one",100,100,1
"STIP1","Stip1","ortholog_one2one",75,100,1
"KLHL20","Klhl20","ortholog_one2one",75,100,1
"TIMM29","Timm29","ortholog_one2one",100,100,1
"FBXO36","Fbxo36","ortholog_one2one",100,100,1
"BBS2","Bbs2","ortholog_one2one",100,100,1
"YIPF2","Yipf2","ortholog_one2one",100,100,1
"MXD4","Mxd4","ortholog_one2one",100,100,1
"ITGA2","Itga2","ortholog_one2one",75,100,1
"VPREB3","Vpreb3","ortholog_one2one",50,100,1
"TGFBR3","Tgfbr3","ortholog_one2one",100,100,1
"ACKR1","Ackr1","ortholog_one2one",100,100,1
"AIM2","Aim2","ortholog_one2one",100,97.26,1
"AP000471.1","AC141477.1","ortholog_one2one",100,100,1
"TRIP12","Trip12","ortholog_one2one",100,99.97,1
"LDHD","Ldhd","ortholog_one2one",100,100,1
"SH3BP5L","Sh3bp5l","ortholog_one2one",100,100,1
"UROD","Urod","ortholog_one2one",100,100,1
"EEF1B2","Eef1b2","ortholog_one2one",100,100,1
"SPINK2","Spink2","ortholog_one2one",100,100,0
"HOXB8","Hoxb8","ortholog_one2one",100,100,1
"FOXK2","Foxk2","ortholog_one2one",100,100,1
"SIRT5","Sirt5","ortholog_one2one",100,100,1
"MT4","Mt4","ortholog_one2one",100,100,1
"SPIC","Spic","ortholog_one2one",100,100,1
"TBC1D12","Tbc1d12","ortholog_one2one",100,99.01,1
"NR2E1","Nr2e1","ortholog_one2one",100,100,1
"FLRT1","Flrt1","ortholog_one2one",100,100,1
"NDN","Ndn","ortholog_one2one",100,100,1
"MT3","Mt3","ortholog_one2one",75,96.88,1
"MACROD1","Macrod1","ortholog_one2one",100,100,1
"MKRN3","Mkrn3","ortholog_one2one",50,97.82,1
"MAGEL2","Magel2","ortholog_one2one",75,96.15,1
"CARM1","Carm1","ortholog_one2one",100,100,1
"THEG","Theg","ortholog_one2one",100,100,1
"C19orf71","4930404N11Rik","ortholog_one2one",100,100,1
"HOXB7","Hoxb7","ortholog_one2one",100,100,1
"SEC14L5","Sec14l5","ortholog_one2one",100,100,1
"ADAM30","Adam30","ortholog_one2one",100,93.91,1
"MAP7D3","Map7d3","ortholog_one2one",100,93.99,0
"PLXND1","Plxnd1","ortholog_one2one",75,100,1
"NHLRC2","Nhlrc2","ortholog_one2one",100,100,1
"OR4N5","Olfr722","ortholog_one2one",50,100,1
"ATOH8","Atoh8","ortholog_one2one",100,100,1
"RBFOX2","Rbfox2","ortholog_one2one",100,100,1
"ATF1","Atf1","ortholog_one2one",100,100,1
"SH3TC2","Sh3tc2","ortholog_one2one",100,100,1
"SLC43A1","Slc43a1","ortholog_one2one",100,100,1
"TADA3","Tada3","ortholog_one2one",100,100,1
"OR8B8","Olfr145","ortholog_one2one",100,100,1
"HOXB5","Hoxb5","ortholog_one2one",100,100,1
"NR1D2","Nr1d2","ortholog_one2one",100,100,1
"RBM19","Rbm19","ortholog_one2one",100,100,1
"GPNMB","Gpnmb","ortholog_one2one",50,96.99,1
"REG4","Reg4","ortholog_one2one",100,100,1
"SYN3","Syn3","ortholog_one2one",75,100,1
"OR8B4","Olfr878","ortholog_one2one",100,100,1
"RCCD1","Rccd1","ortholog_one2one",100,100,1
"HOXB6","Hoxb6","ortholog_one2one",100,100,1
"RNF144B","Rnf144b","ortholog_one2one",75,100,1
"INO80D","Ino80d","ortholog_one2one",100,100,1
"REST","Rest","ortholog_one2one",100,100,1
"OCRL","Ocrl","ortholog_one2one",50,100,1
"DHX16","Dhx16","ortholog_one2one",100,100,1
"ZFHX4","Zfhx4","ortholog_one2one",75,100,1
"TBC1D14","Tbc1d14","ortholog_one2one",100,99.41,1
"E2F8","E2f8","ortholog_one2one",100,100,1
"SOCS2","Socs2","ortholog_one2one",100,100,1
"AIFM2","Aifm2","ortholog_one2one",100,100,1
"ZC3H7A","Zc3h7a","ortholog_one2one",100,100,1
"CLASP1","Clasp1","ortholog_one2one",100,100,1
"AQP1","Aqp1","ortholog_one2one",50,100,1
"DNAH3","Dnah3","ortholog_one2one",100,99.65,1
"CRLS1","Crls1","ortholog_one2one",100,100,1
"FASTKD1","Fastkd1","ortholog_one2one",100,100,1
"SLIT3","Slit3","ortholog_one2one",100,100,1
"SVIP","Svip","ortholog_one2one",100,100,1
"SKP1","Skp1a","ortholog_one2one",100,100,1
"CYB5B","Cyb5b","ortholog_one2one",100,100,1
"TIMP3","Timp3","ortholog_one2one",50,100,1
"NOS1AP","Nos1ap","ortholog_one2one",75,100,1
"OTUB1","Otub1","ortholog_one2one",75,97.07,1
"RYK","Ryk","ortholog_one2one",100,100,1
"ZBTB40","Zbtb40","ortholog_one2one",100,100,1
"NAV2","Nav2","ortholog_one2one",100,100,1
"PRC1","Prc1","ortholog_one2one",100,100,1
"PODN","Podn","ortholog_one2one",100,100,1
"CXCL9","Cxcl9","ortholog_one2one",100,100,1
"TLR4","Tlr4","ortholog_one2one",100,100,1
"MT1X","Mt2","ortholog_one2one",100,0,1
"CLEC4A","Clec4a1","ortholog_one2one",50,0,0
"FAR1","Far1","ortholog_one2one",100,100,1
"DCUN1D3","Dcun1d3","ortholog_one2one",100,100,1
"MEGF10","Megf10","ortholog_one2one",100,100,1
"PRPF40A","Prpf40a","ortholog_one2one",100,100,1
"ADRB2","Adrb2","ortholog_one2one",100,100,1
"ZBTB8OS","Zbtb8os","ortholog_one2one",100,100,1
"CSF2","Csf2","ortholog_one2one",100,100,1
"UGT1A1","Ugt1a1","ortholog_one2one",100,100,1
"PARD3","Pard3","ortholog_one2one",50,99.61,1
"HTRA3","Htra3","ortholog_one2one",100,100,1
"ABCF3","Abcf3","ortholog_one2one",100,100,1
"LYRM1","Lyrm1","ortholog_one2one",100,100,1
"KCTD1","Kctd1","ortholog_one2one",100,100,1
"IL33","Il33","ortholog_one2one",100,100,1
"MACROH2A2","Macroh2a2","ortholog_one2one",100,100,1
"RAB3A","Rab3a","ortholog_one2one",100,100,1
"PRKN","Prkn","ortholog_one2one",100,100,1
"TGFBRAP1","Tgfbrap1","ortholog_one2one",100,100,1
"SCP2","Scp2","ortholog_one2one",100,100,1
"ARL1","Arl1","ortholog_one2one",100,100,1
"PGK1","Pgk1","ortholog_one2one",100,100,1
"TXNDC16","Txndc16","ortholog_one2one",50,100,1
"CIDEA","Cidea","ortholog_one2one",100,100,1
"HMGCS2","Hmgcs2","ortholog_one2one",100,100,1
"SPATA46","Spata46","ortholog_one2one",75,100,1
"HECA","Heca","ortholog_one2one",100,100,1
"ERMAP","Ermap","ortholog_one2one",100,98.53,1
"AL512785.2","Gm7694","ortholog_one2one",75,100,1
"IMPA2","Impa2","ortholog_one2one",100,100,1
"ZBTB8A","Zbtb8a","ortholog_one2one",100,100,1
"TMPRSS12","Tmprss12","ortholog_one2one",100,100,1
"MZF1","Mzf1","ortholog_one2one",50,100,1
"ADAM9","Adam9","ortholog_one2one",100,95.93,1
"DNAJC18","Dnajc18","ortholog_one2one",75,100,1
"DGAT2","Dgat2","ortholog_one2one",100,100,1
"TAF9B","Taf9b","ortholog_one2one",100,97.88,1
"PXK","Pxk","ortholog_one2one",100,100,1
"BTBD9","Btbd9","ortholog_one2one",100,100,1
"RFTN2","Rftn2","ortholog_one2one",100,100,1
"NR2C1","Nr2c1","ortholog_one2one",100,100,1
"SLC15A2","Slc15a2","ortholog_one2one",100,100,1
"GLUL","Glul","ortholog_one2one",100,100,1
"MPV17L2","Mpv17l2","ortholog_one2one",100,93.56,1
"BABAM1","Babam1","ortholog_one2one",100,100,1
"NPTX1","Nptx1","ortholog_one2one",100,100,1
"ZFP57","Zfp57","ortholog_one2one",100,97.35,0
"BIRC5","Birc5","ortholog_one2one",100,93.56,1
"SFTPB","Sftpb","ortholog_one2one",75,100,1
"GHRHR","Ghrhr","ortholog_one2one",100,100,1
"SMIM33","1700066B19Rik","ortholog_one2one",100,100,1
"C2CD4C","C2cd4c","ortholog_one2one",100,100,1
"CRYGC","Crygc","ortholog_one2one",100,100,1
"SLCO2A1","Slco2a1","ortholog_one2one",100,100,1
"IL3","Il3","ortholog_one2one",100,100,0
"ZNF516","Zfp516","ortholog_one2one",100,100,1
"OTX1","Otx1","ortholog_one2one",100,100,1
"ARRB2","Arrb2","ortholog_one2one",100,100,1
"SYNE3","Syne3","ortholog_one2one",100,100,1
"SGSM1","Sgsm1","ortholog_one2one",50,100,1
"TPD52L3","Trpd52l3","ortholog_one2one",100,100,0
"ESF1","Esf1","ortholog_one2one",100,100,1
"CRYGB","Crygb","ortholog_one2one",100,100,1
"HTR4","Htr4","ortholog_one2one",75,97.09,1
"AGTPBP1","Agtpbp1","ortholog_one2one",100,100,1
"CCDC179","1700015G11Rik","ortholog_one2one",75,96.7,1
"UBE2J1","Ube2j1","ortholog_one2one",100,100,1
"ADAMTS6","Adamts6","ortholog_one2one",100,100,1
"HELLS","Hells","ortholog_one2one",100,95.64,1
"COX8A","Cox8a","ortholog_one2one",100,100,1
"OVOL3","Ovol3","ortholog_one2one",100,100,1
"TMEM132A","Tmem132a","ortholog_one2one",100,100,1
"CHAD","Chad","ortholog_one2one",100,100,1
"ZFYVE28","Zfyve28","ortholog_one2one",100,100,1
"RNF5","Rnf5","ortholog_one2one",100,100,1
"ID4","Id4","ortholog_one2one",50,100,1
"ZFR2","Zfr2","ortholog_one2one",100,86.92,0
"ACSF2","Acsf2","ortholog_one2one",100,100,1
"ATOH1","Atoh1","ortholog_one2one",100,100,1
"SLC15A3","Slc15a3","ortholog_one2one",100,100,1
"BRINP1","Brinp1","ortholog_one2one",100,100,1
"MT1A","Mt1","ortholog_one2one",100,83.77,1
"PIWIL2","Piwil2","ortholog_one2one",100,100,1
"MYMX","Mymx","ortholog_one2one",100,100,1
"HIGD1C","Higd1c","ortholog_one2one",100,100,1
"ANP32B","Anp32b","ortholog_one2one",100,100,1
"TC2N","Tc2n","ortholog_one2one",75,100,1
"ANKRD39","Ankrd39","ortholog_one2one",100,100,1
"SERINC2","Serinc2","ortholog_one2one",100,100,1
"CCNA2","Ccna2","ortholog_one2one",100,100,1
"TCF7","Tcf7","ortholog_one2one",100,100,0
"EPB41L2","Epb41l2","ortholog_one2one",100,100,1
"ID1","Id1","ortholog_one2one",100,100,1
"GDPD4","Gdpd4","ortholog_one2one",100,97.54,1
"PTPN3","Ptpn3","ortholog_one2one",100,100,1
"TMEM82","Tmem82","ortholog_one2one",100,100,1
"RAB6B","Rab6b","ortholog_one2one",100,100,1
"TEX50","Tex50","ortholog_one2one",100,100,1
"SLC25A15","Slc25a15","ortholog_one2one",25,100,1
"PHGDH","Phgdh","ortholog_one2one",100,100,1
"H4C14","H4f16","ortholog_one2one",0,0,0
"LRIF1","Lrif1","ortholog_one2one",100,100,1
"SYN2","Syn2","ortholog_one2one",100,100,1
"ITGAV","Itgav","ortholog_one2one",100,100,1
"OR5K3","Olfr195","ortholog_one2one",25,0,0
"CRYGA","Cryga","ortholog_one2one",100,100,1
"CRMP1","Crmp1","ortholog_one2one",100,100,1
"SRPRB","Srprb","ortholog_one2one",100,100,1
"MMP17","Mmp17","ortholog_one2one",50,100,1
"H2AJ","H2aj","ortholog_one2one",100,100,1
"ARL10","Arl10","ortholog_one2one",100,100,1
"RBAK","Rbak","ortholog_one2one",0,100,1
"ZCCHC17","Zcchc17","ortholog_one2one",75,100,1
"ARPC4","Arpc4","ortholog_one2one",100,100,1
"SUN1","Sun1","ortholog_one2one",100,99.8,1
"NOL7","Nol7","ortholog_one2one",100,100,1
"DGKB","Dgkb","ortholog_one2one",100,100,1
"OR4K1","Olfr728","ortholog_one2one",100,100,1
"GPR137C","Gpr137c","ortholog_one2one",100,100,1
"TTC33","Ttc33","ortholog_one2one",100,100,1
"EXOSC9","Exosc9","ortholog_one2one",100,100,1
"CAPN11","Capn11","ortholog_one2one",100,98.74,1
"C2orf49","AI597479","ortholog_one2one",100,100,1
"MOGAT2","Mogat2","ortholog_one2one",100,100,1
"TF","Trf","ortholog_one2one",100,100,1
"GLP1R","Glp1r","ortholog_one2one",50,99.67,1
"FABP3","Fabp3","ortholog_one2one",100,100,1
"COCH","Coch","ortholog_one2one",100,100,1
"SALL4","Sall4","ortholog_one2one",100,100,1
"BRDT","Brdt","ortholog_one2one",100,99.25,1
"JAKMIP3","Jakmip3","ortholog_one2one",100,94.76,1
"RPL15","Rpl15","ortholog_one2one",100,100,1
"TXNDC17","Txndc17","ortholog_one2one",100,100,1
"NUP188","Nup188","ortholog_one2one",100,100,1
"METTL18","Mettl18","ortholog_one2one",100,100,1
"RANBP9","Ranbp9","ortholog_one2one",100,100,1
"LITAFD","Gm5767","ortholog_one2one",100,100,1
"RCN3","Rcn3","ortholog_one2one",100,94.69,1
"CABP1","Cabp1","ortholog_one2one",100,100,1
"CAVIN2","Cavin2","ortholog_one2one",100,100,1
"COX4I2","Cox4i2","ortholog_one2one",100,100,1
"MRPS18B","Mrps18b","ortholog_one2one",100,100,1
"TIMP4","Timp4","ortholog_one2one",100,100,1
"LUZP2","Luzp2","ortholog_one2one",50,100,1
"PTGER4","Ptger4","ortholog_one2one",100,100,1
"TJP1","Tjp1","ortholog_one2one",50,100,1
"NR1H2","Nr1h2","ortholog_one2one",100,100,1
"FADS6","Fads6","ortholog_one2one",75,100,1
"ADGRG4","Adgrg4","ortholog_one2one",100,100,0
"NKIRAS1","Nkiras1","ortholog_one2one",100,100,1
"SELE","Sele","ortholog_one2one",50,100,1
"HECTD3","Hectd3","ortholog_one2one",100,100,1
"KIAA0232","D5Ertd579e","ortholog_one2one",100,100,1
"MED8","Med8","ortholog_one2one",100,100,1
"PRKAA1","Prkaa1","ortholog_one2one",75,100,1
"FYTTD1","Fyttd1","ortholog_one2one",50,100,1
"UBE2E1","Ube2e1","ortholog_one2one",75,100,1
"TERB2","Terb2","ortholog_one2one",100,100,1
"GLRX5","Glrx5","ortholog_one2one",100,100,1
"AKT2","Akt2","ortholog_one2one",100,100,1
"FCGRT","Fcgrt","ortholog_one2one",100,99.44,1
"SLFN14","Slfn14","ortholog_one2one",75,100,1
"PRPF4","Prpf4","ortholog_one2one",100,100,1
"RAB34","Rab34","ortholog_one2one",100,100,1
"NRXN1","Nrxn1","ortholog_one2one",50,100,1
"ACMSD","Acmsd","ortholog_one2one",100,100,1
"MFGE8","Mfge8","ortholog_one2one",100,100,1
"SMCO3","Smco3","ortholog_one2one",100,100,1
"TNFSF15","Tnfsf15","ortholog_one2one",100,100,1
"CMBL","Cmbl","ortholog_one2one",100,100,1
"WDR45B","Wdr45b","ortholog_one2one",100,100,1
"EVC","Evc","ortholog_one2one",100,100,1
"SLC25A34","Slc25a34","ortholog_one2one",100,100,1
"C12orf60","BC049715","ortholog_one2one",100,100,1
"PDS5B","Pds5b","ortholog_one2one",100,100,1
"GCGR","Gcgr","ortholog_one2one",100,100,1
"RHBDL3","Rhbdl3","ortholog_one2one",50,100,1
"CHRNA7","Chrna7","ortholog_one2one",50,100,1
"AIFM3","Aifm3","ortholog_one2one",100,100,1
"TMEM39A","Tmem39a","ortholog_one2one",100,100,1
"FKBP4","Fkbp4","ortholog_one2one",50,100,1
"ATAT1","Atat1","ortholog_one2one",100,100,1
"MRPL13","Mrpl13","ortholog_one2one",100,97.71,1
"MED21","Med21","ortholog_one2one",100,92.6,1
"SP140","Sp100","ortholog_one2one",100,4.16,0
"SLC6A2","Slc6a2","ortholog_one2one",100,100,1
"GFI1B","Gfi1b","ortholog_one2one",100,100,1
"LHX5","Lhx5","ortholog_one2one",100,100,1
"PIDD1","Pidd1","ortholog_one2one",100,100,1
"TM7SF3","Tm7sf3","ortholog_one2one",100,100,1
"LPCAT1","Lpcat1","ortholog_one2one",100,100,1
"SYT1","Syt1","ortholog_one2one",100,100,1
"NOA1","Noa1","ortholog_one2one",100,100,1
"SLC11A2","Slc11a2","ortholog_one2one",100,100,1
"BRS3","Brs3","ortholog_one2one",100,100,1
"ADRB1","Adrb1","ortholog_one2one",100,100,1
"FBXO38","Fbxo38","ortholog_one2one",75,100,1
"MTBP","Mtbp","ortholog_one2one",100,100,1
"CD53","Cd53","ortholog_one2one",100,100,1
"APLN","Apln","ortholog_one2one",100,100,1
"CDCA7L","Cdca7l","ortholog_one2one",75,100,1
"SIN3B","Sin3b","ortholog_one2one",75,98.76,1
"OR52L1","Olfr685","ortholog_one2one",100,100,1
"RUBCN","Rubcn","ortholog_one2one",50,100,1
"MOG","Mog","ortholog_one2one",75,100,1
"C12orf73","1190007I07Rik","ortholog_one2one",50,0.22,0
"BCL2L1","Bcl2l1","ortholog_one2one",100,100,1
"TRIM14","Trim14","ortholog_one2one",100,100,1
"RNF183","Rnf183","ortholog_one2one",100,100,1
"DOLK","Dolk","ortholog_one2one",100,100,1
"JAK2","Jak2","ortholog_one2one",100,100,1
"RTN4RL2","Rtn4rl2","ortholog_one2one",100,100,1
"DNAH11","Dnah11","ortholog_one2one",100,99.84,1
"PHYHD1","Phyhd1","ortholog_one2one",100,100,0
"UHRF2","Uhrf2","ortholog_one2one",75,100,1
"ROS1","Ros1","ortholog_one2one",100,100,1
"WDR88","Wdr88","ortholog_one2one",100,77.56,0
"MTHFD2L","Mthfd2l","ortholog_one2one",75,100,1
"BOLA3","Bola3","ortholog_one2one",100,100,1
"MEX3D","Mex3d","ortholog_one2one",100,98.52,1
"CSDE1","Csde1","ortholog_one2one",100,100,1
"ARHGEF17","Arhgef17","ortholog_one2one",100,100,1
"CORO2A","Coro2a","ortholog_one2one",100,100,1
"ARID3A","Arid3a","ortholog_one2one",100,100,1
"FLRT2","Flrt2","ortholog_one2one",100,100,1
"AKT1","Akt1","ortholog_one2one",100,100,1
"MARS2","Mars2","ortholog_one2one",100,100,1
"PHACTR4","Phactr4","ortholog_one2one",100,100,1
"NUP210L","Nup210l","ortholog_one2one",100,100,1
"OLFML2B","Olfml2b","ortholog_one2one",100,100,1
"C1orf87","Gm12695","ortholog_one2one",100,100,1
"TPH2","Tph2","ortholog_one2one",100,100,1
"KLF3","Klf3","ortholog_one2one",100,100,1
"MIIP","Miip","ortholog_one2one",100,100,1
"NASP","Nasp","ortholog_one2one",100,100,1
"TTC16","Ttc16","ortholog_one2one",100,99.59,0
"ELOVL1","Elovl1","ortholog_one2one",100,100,1
"IFNAR1","Ifnar1","ortholog_one2one",100,96.66,0
"OTOP2","Otop2","ortholog_one2one",100,100,1
"ATP6AP1L","Atp6ap1l","ortholog_one2one",100,96.43,0
"KCNA3","Kcna3","ortholog_one2one",100,100,1
"PRKCB","Prkcb","ortholog_one2one",100,100,1
"NANS","Nans","ortholog_one2one",100,100,1
"RAB40B","Rab40b","ortholog_one2one",100,100,1
"LONP2","Lonp2","ortholog_one2one",100,100,1
"TNFSF8","Tnfsf8","ortholog_one2one",100,100,1
"PRPF39","Prpf39","ortholog_one2one",100,100,1
"ODF3L2","Odf3l2","ortholog_one2one",100,100,1
"USH1G","Ush1g","ortholog_one2one",100,100,1
"BOLL","Boll","ortholog_one2one",100,97.74,1
"CCDC89","Ccdc89","ortholog_one2one",100,100,1
"SESTD1","Sestd1","ortholog_one2one",100,100,1
"FECH","Fech","ortholog_one2one",100,100,1
"MRPS5","Mrps5","ortholog_one2one",75,100,1
"TMCC1","Tmcc1","ortholog_one2one",50,100,1
"MRPS31","Mrps31","ortholog_one2one",25,100,1
"EPHX4","Ephx4","ortholog_one2one",100,100,1
"GRIK4","Grik4","ortholog_one2one",100,100,1
"SLC43A3","Slc43a3","ortholog_one2one",100,100,1
"PYROXD2","Pyroxd2","ortholog_one2one",100,100,1
"MYBL1","Mybl1","ortholog_one2one",100,100,1
"PANK3","Pank3","ortholog_one2one",100,100,1
"CLGN","Clgn","ortholog_one2one",75,100,1
"FGR","Fgr","ortholog_one2one",100,100,1
"USP40","Usp40","ortholog_one2one",100,100,1
"FHL2","Fhl2","ortholog_one2one",100,100,1
"CDC20","Cdc20","ortholog_one2one",100,100,1
"CSF3R","Csf3r","ortholog_one2one",100,100,1
"DPYSL3","Dpysl3","ortholog_one2one",100,100,1
"AMOTL1","Amotl1","ortholog_one2one",100,100,1
"KCNA2","Kcna2","ortholog_one2one",100,100,1
"C6orf136","2310061I04Rik","ortholog_one2one",100,100,1
"MED31","Med31","ortholog_one2one",100,100,1
"TUBB6","Tubb6","ortholog_one2one",100,100,1
"TOPBP1","Topbp1","ortholog_one2one",100,100,1
"HOXB4","Hoxb4","ortholog_one2one",100,100,1
"HROB","Hrob","ortholog_one2one",100,99,1
"RPS27","Rps27","ortholog_one2one",100,100,1
"POP5","Pop5","ortholog_one2one",100,100,1
"HTATSF1","Htatsf1","ortholog_one2one",100,100,1
"USP39","Usp39","ortholog_one2one",100,100,1
"CDKN2C","Cdkn2c","ortholog_one2one",100,100,1
"C17orf100","4930563E22Rik","ortholog_one2one",100,100,1
"OTUD7A","Otud7a","ortholog_one2one",75,100,1
"FKBP3","Fkbp3","ortholog_one2one",100,100,1
"SVBP","Svbp","ortholog_one2one",75,100,1
"GALNT7","Galnt7","ortholog_one2one",100,100,1
"PNN","Pnn","ortholog_one2one",100,100,1
"CRABP2","Crabp2","ortholog_one2one",100,100,1
"AMN","Amn","ortholog_one2one",100,100,1
"MAL","Mal","ortholog_one2one",50,100,1
"SNORC","Snorc","ortholog_one2one",100,100,1
"SMG6","Smg6","ortholog_one2one",100,100,1
"LHX2","Lhx2","ortholog_one2one",100,100,1
"TOR2A","Tor2a","ortholog_one2one",100,100,1
"NDUFV3","Ndufv3","ortholog_one2one",100,100,0
"FAM171B","Fam171b","ortholog_one2one",100,100,1
"NABP1","Nabp1","ortholog_one2one",100,100,1
"MDM4","Mdm4","ortholog_one2one",100,100,1
"HOXB3","Hoxb3","ortholog_one2one",100,100,1
"C2orf68","0610030E20Rik","ortholog_one2one",100,100,1
"RNF10","Rnf10","ortholog_one2one",100,100,1
"NDUFAF5","Ndufaf5","ortholog_one2one",100,100,1
"SRCIN1","Srcin1","ortholog_one2one",100,100,1
"MAP6","Map6","ortholog_one2one",100,96.12,1
"AGPAT1","Agpat1","ortholog_one2one",100,100,1
"RIMBP2","Rimbp2","ortholog_one2one",100,100,1
"FAP","Fap","ortholog_one2one",100,100,1
"OTOP3","Otop3","ortholog_one2one",75,100,1
"ISG15","Isg15","ortholog_one2one",100,100,1
"ADGRA2","Adgra2","ortholog_one2one",100,100,1
"HOXB2","Hoxb2","ortholog_one2one",100,100,1
"BNC2","Bnc2","ortholog_one2one",100,100,1
"TULP1","Tulp1","ortholog_one2one",100,100,1
"ZNF345","Zfp11","ortholog_one2one",0,0,0
"NFU1","Nfu1","ortholog_one2one",100,100,1
"DENND10","Fam45a","ortholog_one2one",100,100,1
"TMEM273","Tmem273","ortholog_one2one",100,100,0
"INSL6","Insl6","ortholog_one2one",100,100,0
"SEPTIN14","Septin14","ortholog_one2one",50,100,1
"DGLUCY","Dglucy","ortholog_one2one",100,100,1
"TAOK3","Taok3","ortholog_one2one",100,100,1
"OR4K5","Olfr729","ortholog_one2one",100,100,1
"GATA1","Gata1","ortholog_one2one",100,100,1
"FABP7","Fabp7","ortholog_one2one",75,100,1
"MRPL42","Mrpl42","ortholog_one2one",100,91.87,1
"OR4K2","Olfr730","ortholog_one2one",100,100,1
"PRIM2","Prim2","ortholog_one2one",75,94.85,1
"ATF6","Atf6","ortholog_one2one",100,100,1
"GSN","Gsn","ortholog_one2one",100,100,1
"BTNL9","Btnl9","ortholog_one2one",75,100,1
"FAM170B","Fam170b","ortholog_one2one",100,95.65,0
"RANBP2","Ranbp2","ortholog_one2one",100,99.2,1
"ZSWIM3","Zswim3","ortholog_one2one",100,100,1
"LETMD1","Letmd1","ortholog_one2one",100,100,1
"POLR3D","Polr3d","ortholog_one2one",100,100,1
"ART4","Art4","ortholog_one2one",100,100,1
"NHLRC1","Nhlrc1","ortholog_one2one",100,100,1
"ZSWIM1","Zswim1","ortholog_one2one",100,100,1
"EGFL8","Egfl8","ortholog_one2one",100,100,1
"ZNF781","Zfp84","ortholog_one2one",50,92.83,0
"MYO10","Myo10","ortholog_one2one",100,100,1
"SPATA25","Spata25","ortholog_one2one",100,100,1
"EPGN","Epgn","ortholog_one2one",50,100,1
"TET3","Tet3","ortholog_one2one",100,100,1
"IDH1","Idh1","ortholog_one2one",100,100,1
"FN3KRP","Fn3krp","ortholog_one2one",100,100,1
"SRR","Srr","ortholog_one2one",100,100,1
"DGKD","Dgkd","ortholog_one2one",100,99.83,1
"SCOC","Scoc","ortholog_one2one",50,100,1
"C21orf58","2610028H24Rik","ortholog_one2one",75,94.46,0
"PKNOX1","Pknox1","ortholog_one2one",100,100,1
"NEIL2","Neil2","ortholog_one2one",100,100,1
"BRF2","Brf2","ortholog_one2one",100,100,1
"BSDC1","Bsdc1","ortholog_one2one",75,100,1
"GLOD5","Glod5","ortholog_one2one",100,100,1
"KCNA10","Kcna10","ortholog_one2one",100,100,1
"PEX12","Pex12","ortholog_one2one",50,100,1
"EREG","Ereg","ortholog_one2one",100,100,1
"RING1","Ring1","ortholog_one2one",100,100,1
"TSHZ1","Tshz1","ortholog_one2one",100,100,1
"YBEY","Ybey","ortholog_one2one",100,99.19,1
"ZNF697","Zfp697","ortholog_one2one",100,100,1
"PHYHIP","Phyhip","ortholog_one2one",100,100,1
"ZNF280B","Zfp280b","ortholog_one2one",0,100,1
"MCM3AP","Mcm3ap","ortholog_one2one",100,100,1
"SMIM19","Smim19","ortholog_one2one",50,98.94,1
"TPX2","Tpx2","ortholog_one2one",100,98.22,1
"ZADH2","Zadh2","ortholog_one2one",100,100,1
"LAS1L","Las1l","ortholog_one2one",100,99.04,1
"NFIA","Nfia","ortholog_one2one",100,100,1
"ADGRL4","Adgrl4","ortholog_one2one",100,95.06,1
"WRN","Wrn","ortholog_one2one",75,100,1
"PEX2","Pex2","ortholog_one2one",100,100,1
"RPS23","Rps23","ortholog_one2one",100,100,1
"WSCD2","Wscd2","ortholog_one2one",50,100,1
"MALL","Mall","ortholog_one2one",50,100,1
"SLC20A2","Slc20a2","ortholog_one2one",75,100,1
"AFG3L2","Afg3l2","ortholog_one2one",100,100,1
"DPYSL4","Dpysl4","ortholog_one2one",100,100,1
"MYH1","Myh1","ortholog_one2one",100,100,1
"SMPDL3A","Smpdl3a","ortholog_one2one",50,100,1
"AP2B1","Ap2b1","ortholog_one2one",100,100,1
"GPR68","Gpr68","ortholog_one2one",100,100,1
"C17orf75","5730455P16Rik","ortholog_one2one",100,100,1
"SLCO5A1","Slco5a1","ortholog_one2one",100,100,1
"CSRNP2","Csrnp2","ortholog_one2one",100,100,1
"PLA1A","Pla1a","ortholog_one2one",100,100,1
"LGALS3","Lgals3","ortholog_one2one",100,98.01,1
"DGAT1","Dgat1","ortholog_one2one",100,100,1
"NFAT5","Nfat5","ortholog_one2one",100,100,1
"UNC13B","Unc13b","ortholog_one2one",100,99.71,0
"ZFP30","Zfp30","ortholog_one2one",50,90.83,1
"CDV3","Cdv3","ortholog_one2one",100,100,1
"WDR18","Wdr18","ortholog_one2one",100,100,1
"ZFP64","Zfp64","ortholog_one2one",100,100,1
"FBLL1","Fbll1","ortholog_one2one",100,100,1
"ADPRH","Adprh","ortholog_one2one",100,100,1
"BRWD1","Brwd1","ortholog_one2one",100,100,1
"ARL6IP6","Arl6ip6","ortholog_one2one",100,100,1
"TMEM109","Tmem109","ortholog_one2one",100,100,1
"MALSU1","Malsu1","ortholog_one2one",50,100,1
"ATG10","Atg10","ortholog_one2one",100,100,1
"SPINK13","Spink13","ortholog_one2one",25,100,1
"B3GNT4","B3gnt4","ortholog_one2one",100,97.99,1
"SNRNP40","Snrnp40","ortholog_one2one",75,100,1
"IGF2BP3","Igf2bp3","ortholog_one2one",100,100,1
"ACAD9","Acad9","ortholog_one2one",0,84.15,1
"DIABLO","Diablo","ortholog_one2one",100,100,1
"RASGEF1B","Rasgef1b","ortholog_one2one",100,100,1
"CHRNE","Chrne","ortholog_one2one",100,100,1
"MRPS15","Mrps15","ortholog_one2one",100,100,1
"SPINK7","Spink7","ortholog_one2one",50,100,1
"MAGI1","Magi1","ortholog_one2one",100,100,1
"SREK1IP1","Srek1ip1","ortholog_one2one",100,100,1
"CREBZF","Crebzf","ortholog_one2one",100,100,1
"VDAC1","Vdac1","ortholog_one2one",100,100,1
"INSM1","Insm1","ortholog_one2one",100,100,1
"POLR1C","Polr1c","ortholog_one2one",100,100,1
"SELL","Sell","ortholog_one2one",100,97.22,1
"FAM131B","Fam131b","ortholog_one2one",100,100,1
"PROX1","Prox1","ortholog_one2one",100,100,1
"CWC27","Cwc27","ortholog_one2one",100,100,1
"TM2D2","Tm2d2","ortholog_one2one",100,100,1
"UBE2QL1","Ube2ql1","ortholog_one2one",75,97.19,1
"C17orf107","4930544D05Rik","ortholog_one2one",100,100,1
"FBLN5","Fbln5","ortholog_one2one",50,98.08,1
"LAPTM4B","Laptm4b","ortholog_one2one",100,100,1
"ZFP1","Zfp1","ortholog_one2one",100,100,1
"SETD5","Setd5","ortholog_one2one",100,100,1
"PERM1","Perm1","ortholog_one2one",100,100,0
"NAPSA","Napsa","ortholog_one2one",100,100,1
"TSR1","Tsr1","ortholog_one2one",100,100,1
"OSCP1","Oscp1","ortholog_one2one",100,100,1
"TMEM63B","Tmem63b","ortholog_one2one",100,100,1
"ASB16","Asb16","ortholog_one2one",100,100,1
"EIF2B3","Eif2b3","ortholog_one2one",100,100,1
"COL11A1","Col11a1","ortholog_one2one",100,100,1
"GLIPR1L2","Glipr1l2","ortholog_one2one",0,100,1
"SORD","Sord","ortholog_one2one",100,100,1
"ZBTB42","Zbtb42","ortholog_one2one",100,100,1
"CHML","Chml","ortholog_one2one",100,100,1
"PRELID3A","Prelid3a","ortholog_one2one",100,92.2,1
"OPN3","Opn3","ortholog_one2one",100,100,1
"NKAIN1","Nkain1","ortholog_one2one",0,100,1
"GALK1","Galk1","ortholog_one2one",100,100,1
"CCNT2","Ccnt2","ortholog_one2one",100,100,1
"SDSL","Sdsl","ortholog_one2one",100,100,1
"ELN","Eln","ortholog_one2one",100,89.38,1
"WDR62","Wdr62","ortholog_one2one",100,100,1
"SPON1","Spon1","ortholog_one2one",100,100,1
"CFAP99","Cfap99","ortholog_one2one",100,100,1
"PARN","Parn","ortholog_one2one",100,100,1
"CTSA","Ctsa","ortholog_one2one",100,100,1
"NDUFA12","Ndufa12","ortholog_one2one",100,100,1
"NES","Nes","ortholog_one2one",100,94.79,1
"UBXN6","Ubxn6","ortholog_one2one",100,100,1
"RNF4","Rnf4","ortholog_one2one",100,100,1
"ZNF407","Zfp407","ortholog_one2one",100,100,1
"TMEM150A","Tmem150a","ortholog_one2one",75,100,1
"PROCA1","Proca1","ortholog_one2one",100,100,0
"CD80","Cd80","ortholog_one2one",100,93.72,0
"NEIL1","Neil1","ortholog_one2one",100,100,1
"CLCN1","Clcn1","ortholog_one2one",100,100,1
"DYNC1I2","Dync1i2","ortholog_one2one",100,100,1
"VSTM4","Vstm4","ortholog_one2one",75,100,1
"CFAP58","Cfap58","ortholog_one2one",100,100,1
"ITGB4","Itgb4","ortholog_one2one",100,100,1
"AGPAT4","Agpat4","ortholog_one2one",75,100,1
"NAP1L5","Nap1l5","ortholog_one2one",50,100,1
"SLC2A2","Slc2a2","ortholog_one2one",100,100,1
"RPRM","Rprm","ortholog_one2one",100,100,1
"METTL6","Mettl6","ortholog_one2one",100,97.15,1
"C1QTNF5","C1qtnf5","ortholog_one2one",75,100,1
"FBXO33","Fbxo33","ortholog_one2one",100,100,1
"N4BP1","N4bp1","ortholog_one2one",100,100,1
"MRPL40","Mrpl40","ortholog_one2one",100,100,1
"LPP","Lpp","ortholog_one2one",100,100,1
"MADCAM1","Madcam1","ortholog_one2one",100,100,0
"CDC42BPB","Cdc42bpb","ortholog_one2one",100,100,1
"F5","F5","ortholog_one2one",100,99.83,1
"PTRH1","Ptrh1","ortholog_one2one",100,100,1
"TMEM108","Tmem108","ortholog_one2one",100,100,1
"TIMM17A","Timm17a","ortholog_one2one",100,100,1
"HIRA","Hira","ortholog_one2one",25,100,1
"CFAP157","Cfap157","ortholog_one2one",100,100,1
"ZNF12","Zfp12","ortholog_one2one",50,100,1
"CYSLTR1","Cysltr1","ortholog_one2one",100,99.75,1
"ZNF420","Zfp790","ortholog_one2one",50,0,0
"CHAF1A","Chaf1a","ortholog_one2one",100,96.3,1
"TMEM269","Tmem269","ortholog_one2one",100,100,1
"ARHGAP31","Arhgap31","ortholog_one2one",100,100,1
"LRRC59","Lrrc59","ortholog_one2one",75,100,1
"TOP2B","Top2b","ortholog_one2one",100,100,1
"PALB2","Palb2","ortholog_one2one",100,99.49,1
"POLR2B","Polr2b","ortholog_one2one",100,100,1
"OCIAD1","Ociad1","ortholog_one2one",100,100,1
"SELP","Selp","ortholog_one2one",100,100,1
"ZNF316","Zfp316","ortholog_one2one",75,100,1
"IFI44","Ifi44","ortholog_one2one",100,100,1
"CTXN3","Ctxn3","ortholog_one2one",100,100,1
"C1orf50","AU022252","ortholog_one2one",100,100,1
"PLGRKT","Plgrkt","ortholog_one2one",100,100,1
"USP2","Usp2","ortholog_one2one",100,100,1
"CCDC192","Ccdc192","ortholog_one2one",100,100,1
"SERPINH1","Serpinh1","ortholog_one2one",100,100,1
"EAF1","Eaf1","ortholog_one2one",100,100,1
"TPGS1","Tpgs1","ortholog_one2one",100,100,1
"KLHL17","Plekhn1","ortholog_one2one",100,100,1
"WDR64","Wdr64","ortholog_one2one",100,99.9,1
"PSMA3","Psma3","ortholog_one2one",50,100,1
"BFSP2","Bfsp2","ortholog_one2one",100,100,1
"GLDC","Gldc","ortholog_one2one",50,100,1
"NCK2","Nck2","ortholog_one2one",100,100,1
"MRPL27","Mrpl27","ortholog_one2one",100,100,1
"MILR1","Milr1","ortholog_one2one",100,79.24,0
"GP1BA","Gp1ba","ortholog_one2one",100,100,1
"PRRC1","Prrc1","ortholog_one2one",100,100,1
"RNPS1","Rnps1","ortholog_one2one",100,100,1
"LRIG3","Lrig3","ortholog_one2one",100,100,1
"LIN54","Lin54","ortholog_one2one",100,100,1
"ADSL","Adsl","ortholog_one2one",100,100,1
"SMARCC2","Smarcc2","ortholog_one2one",100,100,1
"MRPL14","Mrpl14","ortholog_one2one",100,100,1
"EME1","Eme1","ortholog_one2one",100,100,1
"XPNPEP2","Xpnpep2","ortholog_one2one",100,100,1
"TFCP2","Tfcp2","ortholog_one2one",100,100,1
"IGFBP7","Igfbp7","ortholog_one2one",100,98.81,1
"CMKLR1","Cmklr1","ortholog_one2one",50,99.92,1
"AREG","Areg","ortholog_one2one",100,100,1
"CXCL10","Cxcl10","ortholog_one2one",100,100,1
"DUSP12","Dusp12","ortholog_one2one",100,100,1
"SMARCAD1","Smarcad1","ortholog_one2one",75,100,1
"RRAS2","Rras2","ortholog_one2one",100,100,1
"NAGPA","Nagpa","ortholog_one2one",75,100,1
"SMARCA2","Smarca2","ortholog_one2one",100,100,1
"TSSK3","Tssk3","ortholog_one2one",100,100,1
"OSTM1","Ostm1","ortholog_one2one",100,100,1
"CXCL11","Cxcl11","ortholog_one2one",100,100,1
"ABHD2","Abhd2","ortholog_one2one",100,100,1
"AGL","Agl","ortholog_one2one",100,100,1
"ART3","Art3","ortholog_one2one",100,97.95,1
"GABRD","Gabrd","ortholog_one2one",100,100,1
"POLK","Polk","ortholog_one2one",100,100,1
"AHDC1","Ahdc1","ortholog_one2one",100,100,1
"RARB","Rarb","ortholog_one2one",100,100,1
"TMUB2","Tmub2","ortholog_one2one",100,100,1
"FN3K","Fn3k","ortholog_one2one",100,100,1
"TMC1","Tmc1","ortholog_one2one",100,100,1
"CCDC127","Ccdc127","ortholog_one2one",75,100,1
"ZSWIM2","Zswim2","ortholog_one2one",100,100,1
"CDK15","Cdk15","ortholog_one2one",100,100,1
"TBC1D15","Tbc1d15","ortholog_one2one",100,100,1
"PLXNA3","Plxna3","ortholog_one2one",100,100,1
"CHD3","Chd3","ortholog_one2one",100,100,1
"ECRG4","Ecrg4","ortholog_one2one",75,100,1
"WNK4","Wnk4","ortholog_one2one",100,100,1
"RPAP1","Rpap1","ortholog_one2one",100,99.65,1
"PLTP","Pltp","ortholog_one2one",100,100,1
"LRRC14B","Lrrc14b","ortholog_one2one",50,100,1
"EIF5A2","Eif5a2","ortholog_one2one",75,100,1
"PROK1","Prok1","ortholog_one2one",100,100,1
"MED18","Med18","ortholog_one2one",100,100,1
"ZNF791","Zfp791","ortholog_one2one",50,86.3,1
"SHISAL2B","Shisal2b","ortholog_one2one",100,100,1
"OR10K1","Olfr370","ortholog_one2one",0,97.83,1
"BTC","Btc","ortholog_one2one",100,100,1
"BDP1","Bdp1","ortholog_one2one",50,99.59,1
"MYH9","Myh9","ortholog_one2one",100,100,1
"CNTLN","Cntln","ortholog_one2one",100,100,1
"CCNF","Ccnf","ortholog_one2one",100,100,1
"EHF","Ehf","ortholog_one2one",100,100,1
"VGLL1","Vgll1","ortholog_one2one",100,97.91,0
"PLBD2","Plbd2","ortholog_one2one",100,100,1
"FAF1","Faf1","ortholog_one2one",100,100,1
"DGKZ","Dgkz","ortholog_one2one",100,100,1
"NDRG2","Ndrg2","ortholog_one2one",100,100,1
"MBL2","Mbl2","ortholog_one2one",50,100,1
"KLF13","Klf13","ortholog_one2one",100,100,1
"VDAC3","Vdac3","ortholog_one2one",100,100,1
"POLG2","Polg2","ortholog_one2one",100,97.71,1
"PNLDC1","Pnldc1","ortholog_one2one",100,100,1
"MED10","Med10","ortholog_one2one",100,100,1
"MGP","Mgp","ortholog_one2one",100,100,1
"CNOT1","Cnot1","ortholog_one2one",100,100,1
"CCDC138","Ccdc138","ortholog_one2one",100,100,1
"GRM4","Grm4","ortholog_one2one",100,100,1
"OR11L1","Olfr323","ortholog_one2one",50,100,1
"LAMTOR5","Lamtor5","ortholog_one2one",100,100,1
"WNT4","Wnt4","ortholog_one2one",100,100,1
"P2RY6","P2ry6","ortholog_one2one",100,100,1
"NYNRIN","Nynrin","ortholog_one2one",100,99.74,1
"PURG","Purg","ortholog_one2one",100,100,1
"SPIRE1","Spire1","ortholog_one2one",75,100,1
"AKR1A1","Akr1a1","ortholog_one2one",100,100,1
"MYLK2","Mylk2","ortholog_one2one",100,100,1
"POU6F1","Pou6f1","ortholog_one2one",100,100,1
"PRG3","Prg3","ortholog_one2one",100,100,1
"AC004556.3","Mrpl23","ortholog_one2one",0,100,1
"EMILIN3","Emilin3","ortholog_one2one",100,100,1
"ZNF169","Zfp169","ortholog_one2one",50,90.67,1
"TSPEAR","Tspear","ortholog_one2one",100,100,1
"CIC","Cic","ortholog_one2one",100,100,1
"CBLN3","Cbln3","ortholog_one2one",100,100,1
"NDUFB7","Ndufb7","ortholog_one2one",50,100,1
"SUV39H1","Suv39h1","ortholog_one2one",100,99.37,1
"ERP27","Erp27","ortholog_one2one",100,100,1
"MRPL57","Mrpl57","ortholog_one2one",100,100,1
"PRDM14","Prdm14","ortholog_one2one",100,100,1
"TSHZ2","Tshz2","ortholog_one2one",100,100,1
"OR52B2","Olfr691","ortholog_one2one",100,100,1
"ARSJ","Arsj","ortholog_one2one",100,100,1
"SDS","Sds","ortholog_one2one",100,100,1
"OR52W1","Olfr692","ortholog_one2one",75,100,1
"FCRLB","Fcrlb","ortholog_one2one",100,100,1
"SFXN4","Sfxn4","ortholog_one2one",100,100,1
"IFI44L","Ifi44l","ortholog_one2one",100,100,0
"CHD6","Chd6","ortholog_one2one",100,100,1
"P2RY2","P2ry2","ortholog_one2one",100,100,1
"DUOX2","Duox2","ortholog_one2one",100,100,1
"SLC6A3","Slc6a3","ortholog_one2one",100,100,1
"PARM1","Parm1","ortholog_one2one",100,100,1
"CD40LG","Cd40lg","ortholog_one2one",100,100,1
"BMP1","Bmp1","ortholog_one2one",100,100,1
"CDK5RAP2","Cdk5rap2","ortholog_one2one",75,100,1
"BLCAP","Blcap","ortholog_one2one",100,100,1
"COPB1","Copb1","ortholog_one2one",100,100,1
"C16orf89","AU021092","ortholog_one2one",100,91.92,1
"PLEKHA2","Plekha2","ortholog_one2one",100,100,1
"MED11","Med11","ortholog_one2one",100,100,1
"ARHGEF12","Arhgef12","ortholog_one2one",100,100,1
"EXO1","Exo1","ortholog_one2one",100,100,1
"NEURL2","Neurl2","ortholog_one2one",100,100,1
"PDHB","Pdhb","ortholog_one2one",100,100,1
"TMEM270","Tmem270","ortholog_one2one",100,100,1
"PPARG","Pparg","ortholog_one2one",100,100,1
"C11orf52","2310030G06Rik","ortholog_one2one",100,100,1
"ANGPTL7","Angptl7","ortholog_one2one",100,100,1
"CFAP74","Cfap74","ortholog_one2one",100,100,0
"SLC5A4","Slc5a4a","ortholog_one2one",0,100,1
"CLCN2","Clcn2","ortholog_one2one",100,100,1
"GPS2","Gps2","ortholog_one2one",100,100,1
"MTOR","Mtor","ortholog_one2one",100,100,1
"CACNG3","Cacng3","ortholog_one2one",100,100,1
"STK38L","Stk38l","ortholog_one2one",100,100,1
"NUP93","Nup93","ortholog_one2one",75,98.88,1
"CRYAB","Cryab","ortholog_one2one",100,100,1
"RAB23","Rab23","ortholog_one2one",100,100,1
"MFRP","Mfrp","ortholog_one2one",75,100,1
"CBLN1","Cbln1","ortholog_one2one",100,100,1
"RPL22L1","Rpl22l1","ortholog_one2one",50,100,1
"KHNYN","Khnyn","ortholog_one2one",100,100,1
"RGS7BP","Rgs7bp","ortholog_one2one",100,100,1
"ECI1","Eci1","ortholog_one2one",100,85.87,1
"BCAR1","Bcar1","ortholog_one2one",100,100,1
"ANKLE1","Ankle1","ortholog_one2one",100,89.07,0
"CREB3L4","Creb3l4","ortholog_one2one",100,100,1
"SORCS3","Sorcs3","ortholog_one2one",100,100,1
"RTL3","Rtl3","ortholog_one2one",100,98.61,1
"TMEM47","Tmem47","ortholog_one2one",100,100,1
"LMOD1","Lmod1","ortholog_one2one",100,100,1
"TRIM58","Trim58","ortholog_one2one",25,100,1
"SDR39U1","Sdr39u1","ortholog_one2one",100,100,1
"LPAR4","Lpar4","ortholog_one2one",100,100,1
"GATA4","Gata4","ortholog_one2one",100,100,1
"UBA5","Uba5","ortholog_one2one",50,100,1
"PLEKHM2","Plekhm2","ortholog_one2one",100,100,1
"CCDC186","Ccdc186","ortholog_one2one",100,100,1
"FOXS1","Foxs1","ortholog_one2one",100,100,1
"PTGFR","Ptgfr","ortholog_one2one",100,100,1
"PRDX3","Prdx3","ortholog_one2one",75,100,1
"ZDHHC20","Zdhhc20","ortholog_one2one",100,100,1
"FRRS1","Frrs1","ortholog_one2one",100,100,1
"PTCH2","Ptch2","ortholog_one2one",100,100,1
"FZD7","Fzd7","ortholog_one2one",100,100,1
"VWA5B2","Vwa5b2","ortholog_one2one",100,100,1
"SLC16A4","Slc16a4","ortholog_one2one",100,100,1
"SHISA4","Shisa4","ortholog_one2one",100,100,1
"TMEM126A","Tmem126a","ortholog_one2one",100,100,1
"KCNC3","Kcnc3","ortholog_one2one",75,100,1
"CLTB","Cltb","ortholog_one2one",100,100,1
"DMRTA2","Dmrta2","ortholog_one2one",100,100,1
"MXI1","Mxi1","ortholog_one2one",100,100,1
"COMMD4","Commd4","ortholog_one2one",100,100,1
"EXOSC10","Exosc10","ortholog_one2one",75,100,1
"CDC42","Cdc42","ortholog_one2one",100,100,1
"HTRA4","Htra4","ortholog_one2one",100,100,1
"BLK","Blk","ortholog_one2one",100,100,1
"DKK1","Dkk1","ortholog_one2one",50,100,1
"GRK5","Grk5","ortholog_one2one",50,100,1
"ATP23","Atp23","ortholog_one2one",100,100,1
"KL","Kl","ortholog_one2one",75,100,1
"ORC6","Orc6","ortholog_one2one",50,100,1
"ACKR4","Ackr4","ortholog_one2one",75,100,1
"HPGDS","Hpgds","ortholog_one2one",50,100,1
"ZNF385B","Zfp385b","ortholog_one2one",100,100,1
"CENATAC","Ccdc84","ortholog_one2one",100,100,1
"GFPT1","Gfpt1","ortholog_one2one",100,100,1
"F2RL3","F2rl3","ortholog_one2one",50,100,1
"MANBA","Manba","ortholog_one2one",100,97.93,1
"LIN52","Lin52","ortholog_one2one",100,100,1
"DUOXA2","Duoxa2","ortholog_one2one",100,100,1
"CLIP3","Clip3","ortholog_one2one",100,100,1
"SLC39A1","Slc39a1","ortholog_one2one",100,100,1
"DUSP15","Dusp15","ortholog_one2one",100,83.95,0
"AP4S1","Ap4s1","ortholog_one2one",100,100,1
"RPUSD3","Rpusd3","ortholog_one2one",100,100,1
"DUOXA1","Duoxa1","ortholog_one2one",100,98.57,1
"HDGFL2","Hdgfl2","ortholog_one2one",100,100,1
"FER","Fer","ortholog_one2one",100,100,1
"RPS11","Rps11","ortholog_one2one",100,100,1
"HSD17B8","H2-Ke6","ortholog_one2one",100,100,1
"VPS35","Vps35","ortholog_one2one",50,100,1
"CAPN8","Capn8","ortholog_one2one",100,100,1
"NEK6","Nek6","ortholog_one2one",100,100,1
"STRN3","Strn3","ortholog_one2one",100,100,1
"BECN1","Becn1","ortholog_one2one",100,100,1
"ZNF217","Zfp217","ortholog_one2one",100,100,1
"TIMMDC1","Timmdc1","ortholog_one2one",100,100,1
"TEX15","Tex15","ortholog_one2one",100,100,0
"RBMS1","Rbms1","ortholog_one2one",100,100,1
"CFDP1","Cfdp1","ortholog_one2one",100,100,1
"NR1I3","Nr1i3","ortholog_one2one",100,100,1
"TMEM170A","Tmem170","ortholog_one2one",100,100,1
"TPRG1","Tprg","ortholog_one2one",100,100,1
"P2RY10","P2ry10","ortholog_one2one",100,100,1
"MTDH","Mtdh","ortholog_one2one",100,100,1
"EEF1AKMT4","Eef1akmt4","ortholog_one2one",100,100,1
"EDAR","Edar","ortholog_one2one",100,100,1
"FCRLA","Fcrla","ortholog_one2one",100,100,1
"DKK4","Dkk4","ortholog_one2one",100,100,1
"UBE2E2","Ube2e2","ortholog_one2one",50,100,1
"KCTD6","Kctd6","ortholog_one2one",100,100,1
"TMEM126B","Tmem126b","ortholog_one2one",100,100,1
"VAMP5","Vamp5","ortholog_one2one",100,100,1
"WDFY4","Wdfy4","ortholog_one2one",100,100,1
"SLC30A6","Slc30a6","ortholog_one2one",100,96.51,1
"RARS1","Rars","ortholog_one2one",100,100,1
"POLR2H","Polr2h","ortholog_one2one",100,100,1
"PKIA","Pkia","ortholog_one2one",100,100,1
"VCPIP1","Vcpip1","ortholog_one2one",100,100,1
"PPP2CB","Ppp2cb","ortholog_one2one",100,100,1
"CEP76","Cep76","ortholog_one2one",100,100,1
"ACAD11","Acad11","ortholog_one2one",75,100,1
"HECTD1","Hectd1","ortholog_one2one",100,100,1
"SPI1","Spi1","ortholog_one2one",100,100,1
"SFTPC","Sftpc","ortholog_one2one",100,100,1
"UBXN8","Ubxn8","ortholog_one2one",100,100,1
"PFN1","Pfn1","ortholog_one2one",100,100,0
"PSMA1","Psma1","ortholog_one2one",100,98.78,1
"FAM131A","Fam131a","ortholog_one2one",100,100,1
"PLIN4","Plin4","ortholog_one2one",100,93.35,1
"SLC39A7","Slc39a7","ortholog_one2one",100,100,1
"MEGF9","Megf9","ortholog_one2one",50,100,1
"LARGE1","Large1","ortholog_one2one",50,100,1
"VAMP8","Vamp8","ortholog_one2one",100,100,1
"RNF167","Rnf167","ortholog_one2one",100,100,1
"TM2D3","Tm2d3","ortholog_one2one",75,100,1
"MAST3","Mast3","ortholog_one2one",100,99.97,1
"GPR174","Gpr174","ortholog_one2one",100,100,1
"FAM187B","Fam187b","ortholog_one2one",100,100,0
"BECN2","Gm38100","ortholog_one2one",100,100,1
"LRRC18","Lrrc18","ortholog_one2one",100,100,1
"RBM15","Rbm15","ortholog_one2one",100,100,1
"PALMD","Palmd","ortholog_one2one",100,100,1
"ZMYND15","Zmynd15","ortholog_one2one",100,100,1
"PRKG1","Prkg1","ortholog_one2one",100,100,1
"TOMM40L","Tomm40l","ortholog_one2one",100,100,1
"POLB","Polb","ortholog_one2one",100,100,1
"NIPSNAP2","Nipsnap2","ortholog_one2one",100,100,1
"TRAV27","Trav18","ortholog_one2one",75,100,1
"DAZAP2","Dazap2","ortholog_one2one",100,100,1
"ENPEP","Enpep","ortholog_one2one",100,100,1
"TLCD5","Tlcd5","ortholog_one2one",100,100,1
"C3orf22","BC048671","ortholog_one2one",100,100,0
"PSMB7","Psmb7","ortholog_one2one",100,100,1
"TARS3","Tarsl2","ortholog_one2one",50,100,1
"CSTF2T","Cstf2t","ortholog_one2one",100,100,1
"ADAMTSL1","Adamtsl1","ortholog_one2one",100,100,1
"CNTD1","Cntd1","ortholog_one2one",100,100,1
"ZC2HC1A","Zc2hc1a","ortholog_one2one",100,100,1
"GABBR1","Gabbr1","ortholog_one2one",100,100,1
"SMAGP","Smagp","ortholog_one2one",100,100,1
"LAGE3","Lage3","ortholog_one2one",100,100,1
"PLD5","Pld5","ortholog_one2one",100,100,1
"TRAV29DV5","Trav19","ortholog_one2one",50,100,1
"SLC25A11","Slc25a11","ortholog_one2one",100,100,1
"STOM","Stom","ortholog_one2one",100,100,1
"ZNF121","Zfp560","ortholog_one2one",50,82.63,0
"TRAV26-2","Trav21-dv12","ortholog_one2one",100,100,1
"COA3","Coa3","ortholog_one2one",100,100,1
"TRAV34","Trdv1","ortholog_one2one",100,100,1
"BCAS1","Bcas1","ortholog_one2one",100,100,1
"KCNC4","Kcnc4","ortholog_one2one",100,100,1
"HID1","Hid1","ortholog_one2one",100,100,1
"SLC10A3","Slc10a3","ortholog_one2one",100,100,1
"PTPDC1","Ptpdc1","ortholog_one2one",75,100,1
"GABRR3","Gabrr3","ortholog_one2one",100,100,1
"SSR1","Ssr1","ortholog_one2one",100,100,1
"IGF2","Igf2","ortholog_one2one",100,100,1
"CXCL16","Cxcl16","ortholog_one2one",100,100,0
"RAB21","Rab21","ortholog_one2one",100,100,1
"ATP6AP2","Atp6ap2","ortholog_one2one",100,100,1
"PDE6H","Pde6h","ortholog_one2one",100,100,1
"PRPF19","Prpf19","ortholog_one2one",100,100,1
"BIN2","Bin2","ortholog_one2one",100,96.34,1
"SLC25A26","Slc25a26","ortholog_one2one",100,100,1
"UBL4A","Ubl4a","ortholog_one2one",100,100,1
"UTP20","Utp20","ortholog_one2one",100,100,1
"SLC13A5","Slc13a5","ortholog_one2one",100,100,1
"VSX2","Vsx2","ortholog_one2one",100,100,1
"ARHGDIB","Arhgdib","ortholog_one2one",100,100,1
"LHFPL4","Lhfpl4","ortholog_one2one",100,100,1
"DNASE1L2","Dnase1l2","ortholog_one2one",100,100,1
"B3GNTL1","B3gntl1","ortholog_one2one",75,100,1
"RPS25","Rps25","ortholog_one2one",100,100,1
"ZNF648","Zfp648","ortholog_one2one",100,100,1
"GALC","Galc","ortholog_one2one",100,100,1
"PLAGL2","Plagl2","ortholog_one2one",100,100,1
"CNDP1","Cndp1","ortholog_one2one",100,99.4,1
"BMPER","Bmper","ortholog_one2one",100,100,1
"PJA2","Pja2","ortholog_one2one",100,99.01,1
"PLIN5","Plin5","ortholog_one2one",100,98.9,1
"ZFP62","Zfp62","ortholog_one2one",100,100,1
"CHST13","Chst13","ortholog_one2one",100,100,1
"TCP1","Tcp1","ortholog_one2one",100,100,1
"LRIG1","Lrig1","ortholog_one2one",100,100,1
"AC132217.2","Gm49394","ortholog_one2one",75,98.29,0
"TMCC3","Tmcc3","ortholog_one2one",100,100,1
"RAB3C","Rab3c","ortholog_one2one",100,100,1
"GSR","Gsr","ortholog_one2one",75,100,1
"TRAPPC4","Trappc4","ortholog_one2one",100,91.65,1
"ZFYVE1","Zfyve1","ortholog_one2one",100,100,1
"CCDC185","Ccdc185","ortholog_one2one",100,100,1
"B4GALT4","B4galt4","ortholog_one2one",100,100,1
"NAA40","Naa40","ortholog_one2one",100,100,1
"LGI3","Lgi3","ortholog_one2one",100,100,1
"CTNNBL1","Ctnnbl1","ortholog_one2one",100,100,1
"APOA1","Apoa1","ortholog_one2one",100,100,1
"SH3GL2","Sh3gl2","ortholog_one2one",100,100,1
"CAPS2","Caps2","ortholog_one2one",75,96.85,1
"CXorf38","1810030O07Rik","ortholog_one2one",100,100,1
"DOT1L","Dot1l","ortholog_one2one",100,100,1
"MYH8","Myh8","ortholog_one2one",100,100,1
"BCAN","Bcan","ortholog_one2one",100,100,1
"LRG1","Lrg1","ortholog_one2one",100,100,1
"DST","Dst","ortholog_one2one",50,99.9,1
"TBCD","Tbcd","ortholog_one2one",100,98.42,1
"ZFAND5","Zfand5","ortholog_one2one",100,100,1
"ELOVL6","Elovl6","ortholog_one2one",100,100,1
"PLPPR4","Plppr4","ortholog_one2one",100,100,1
"BAG2","Bag2","ortholog_one2one",100,100,1
"IFNGR2","Ifngr2","ortholog_one2one",100,100,1
"ABHD8","Abhd8","ortholog_one2one",100,100,1
"SATB1","Satb1","ortholog_one2one",100,100,1
"PXDN","Pxdn","ortholog_one2one",100,100,1
"NPSR1","Npsr1","ortholog_one2one",100,100,1
"MRPL34","Mrpl34","ortholog_one2one",100,82.01,0
"HSPB7","Hspb7","ortholog_one2one",100,100,1
"TRIP11","Trip11","ortholog_one2one",100,100,1
"MAP3K10","Map3k10","ortholog_one2one",100,100,1
"GIPC2","Gipc2","ortholog_one2one",100,100,1
"RSL1D1","Rsl1d1","ortholog_one2one",100,100,1
"RBBP6","Rbbp6","ortholog_one2one",100,100,1
"MCRIP1","Mcrip1","ortholog_one2one",100,98.71,1
"SRARP","Srarp","ortholog_one2one",100,88.04,0
"CNBP","Cnbp","ortholog_one2one",100,100,1
"MRPL45","Mrpl45","ortholog_one2one",50,100,1
"MICU2","Micu2","ortholog_one2one",75,100,1
"GDPD5","Gdpd5","ortholog_one2one",100,100,1
"ISX","Isx","ortholog_one2one",50,100,0
"ALKBH6","Alkbh6","ortholog_one2one",100,100,1
"SLC16A14","Slc16a14","ortholog_one2one",100,100,1
"GLMN","Glmn","ortholog_one2one",100,100,1
"NPHP1","Nphp1","ortholog_one2one",50,100,1
"SEMA6B","Sema6b","ortholog_one2one",100,100,1
"ZNF853","Zfp853","ortholog_one2one",100,98.85,1
"TTC9B","Ttc9b","ortholog_one2one",100,100,1
"KANSL1","Kansl1","ortholog_one2one",50,100,1
"PSMG2","Psmg2","ortholog_one2one",100,100,1
"GPR179","Gpr179","ortholog_one2one",50,100,1
"SASH3","Sash3","ortholog_one2one",100,100,1
"FAM229A","Fam229a","ortholog_one2one",100,100,1
"JAKMIP2","Jakmip2","ortholog_one2one",100,100,1
"EPS8L3","Eps8l3","ortholog_one2one",100,100,1
"UROC1","Uroc1","ortholog_one2one",100,98.04,1
"TRA2A","Tra2a","ortholog_one2one",100,100,1
"TECR","Tecr","ortholog_one2one",75,100,1
"ANXA5","Anxa5","ortholog_one2one",50,99.76,1
"SUSD4","Susd4","ortholog_one2one",100,100,1
"MRPL18","Mrpl18","ortholog_one2one",100,100,1
"OCIAD2","Ociad2","ortholog_one2one",100,100,1
"CACNA1E","Cacna1e","ortholog_one2one",100,100,1
"DNAJC13","Dnajc13","ortholog_one2one",75,100,1
"R3HDM2","R3hdm2","ortholog_one2one",100,100,1
"C15orf39","1700017B05Rik","ortholog_one2one",100,100,1
"PPP1R27","Ppp1r27","ortholog_one2one",100,100,1
"GGCX","Ggcx","ortholog_one2one",100,100,1
"RPS6KC1","Rps6kc1","ortholog_one2one",100,100,1
"FAM160A2","Fam160a2","ortholog_one2one",100,100,1
"GSTM3","Gstm5","ortholog_one2one",75,100,1
"BFAR","Bfar","ortholog_one2one",75,100,1
"REEP4","Reep4","ortholog_one2one",100,100,1
"METTL27","Mettl27","ortholog_one2one",100,100,1
"PLCL1","Plcl1","ortholog_one2one",100,100,1
"C1QBP","C1qbp","ortholog_one2one",100,100,1
"TNFAIP8L1","Tnfaip8l1","ortholog_one2one",100,100,1
"RIOK1","Riok1","ortholog_one2one",100,100,1
"UNCX","Uncx","ortholog_one2one",100,100,1
"ADCY8","Adcy8","ortholog_one2one",100,100,1
"SUMO1","Sumo1","ortholog_one2one",100,88.18,1
"EVC2","Evc2","ortholog_one2one",100,97.74,1
"ZNF750","Zfp750","ortholog_one2one",100,100,1
"PLPPR5","Plppr5","ortholog_one2one",100,100,1
"FYN","Fyn","ortholog_one2one",100,100,1
"RALGAPA2","Ralgapa2","ortholog_one2one",100,99.65,1
"FICD","Ficd","ortholog_one2one",100,100,1
"NSUN3","Nsun3","ortholog_one2one",75,100,1
"H1-0","H1f0","ortholog_one2one",100,100,1
"TRAV39","Trav23","ortholog_one2one",100,100,1
"FAM183A","Fam183b","ortholog_one2one",0,100,1
"EHBP1","Ehbp1","ortholog_one2one",100,100,1
"DCTN5","Dctn5","ortholog_one2one",100,100,1
"RPAIN","Rpain","ortholog_one2one",100,100,1
"KLHL35","Klhl35","ortholog_one2one",100,100,1
"IL12RB1","Il12rb1","ortholog_one2one",100,97.57,0
"PDE3B","Pde3b","ortholog_one2one",100,100,1
"KIAA2012","Gm973","ortholog_one2one",100,99.26,1
"APOC3","Apoc3","ortholog_one2one",100,100,0
"MARCKSL1","Marcksl1","ortholog_one2one",75,100,1
"ITM2A","Itm2a","ortholog_one2one",100,100,1
"GLT8D2","Glt8d2","ortholog_one2one",100,100,1
"FAM167A","Fam167a","ortholog_one2one",100,100,1
"RNF180","Rnf180","ortholog_one2one",100,96.85,1
"PIWIL4","Piwil4","ortholog_one2one",100,98.06,1
"NQO1","Nqo1","ortholog_one2one",100,99.26,1
"ARHGEF6","Arhgef6","ortholog_one2one",100,100,1
"TMX3","Tmx3","ortholog_one2one",50,100,1
"RCHY1","Rchy1","ortholog_one2one",100,100,1
"SNX27","Snx27","ortholog_one2one",100,99.94,1
"CYB5D1","Cyb5d1","ortholog_one2one",100,100,1
"MSN","Msn","ortholog_one2one",100,100,1
"CYP27B1","Cyp27b1","ortholog_one2one",100,100,1
"TMEM259","Tmem259","ortholog_one2one",100,100,1
"IPO9","Ipo9","ortholog_one2one",100,100,1
"TLR5","Tlr5","ortholog_one2one",100,100,1
"TMEM88","Tmem88","ortholog_one2one",100,100,1
"SH3RF3","Sh3rf3","ortholog_one2one",100,100,1
"CLEC6A","Clec4n","ortholog_one2one",75,100,1
"ZNF207","Zfp207","ortholog_one2one",100,99.74,1
"MYDGF","Mydgf","ortholog_one2one",100,100,1
"NAA38","Naa38","ortholog_one2one",100,100,1
"IFIH1","Ifih1","ortholog_one2one",100,100,1
"TMEM231","Tmem231","ortholog_one2one",100,100,1
"PFDN4","Pfdn4","ortholog_one2one",100,100,1
"ALG3","Alg3","ortholog_one2one",100,100,1
"FGF9","Fgf9","ortholog_one2one",50,100,1
"TDG","Tdg","ortholog_one2one",50,97.65,1
"CAGE1","Cage1","ortholog_one2one",100,99.27,1
"DPP9","Dpp9","ortholog_one2one",100,99.12,1
"YIPF3","Yipf3","ortholog_one2one",100,100,1
"VSTM2L","Vstm2l","ortholog_one2one",100,100,1
"TDRD1","Tdrd1","ortholog_one2one",100,100,1
"CNDP2","Cndp2","ortholog_one2one",100,100,1
"MARCHF9","Marchf9","ortholog_one2one",100,100,1
"ESPL1","Espl1","ortholog_one2one",100,100,1
"SOCS7","Socs7","ortholog_one2one",100,100,1
"XYLT2","Xylt2","ortholog_one2one",100,100,1
"SORBS2","Sorbs2","ortholog_one2one",100,100,1
"MAN2A1","Man2a1","ortholog_one2one",75,100,1
"CYP24A1","Cyp24a1","ortholog_one2one",100,100,1
"CCDC126","Ccdc126","ortholog_one2one",100,100,1
"C1orf146","1700028K03Rik","ortholog_one2one",100,100,1
"BPGM","Bpgm","ortholog_one2one",100,100,1
"PRDX1","Prdx1","ortholog_one2one",100,100,1
"ARL13B","Arl13b","ortholog_one2one",75,100,1
"EPB41L3","Epb41l3","ortholog_one2one",100,100,1
"BCAP31","Bcap31","ortholog_one2one",100,100,1
"E4F1","E4f1","ortholog_one2one",100,100,1
"POGLUT1","Poglut1","ortholog_one2one",100,100,1
"CELA1","Cela1","ortholog_one2one",100,100,1
"TP53BP1","Trp53bp1","ortholog_one2one",100,98.5,1
"IFFO1","Iffo1","ortholog_one2one",100,100,1
"FAM193A","Fam193a","ortholog_one2one",100,100,1
"TMEM17","Tmem17","ortholog_one2one",100,100,1
"MAP3K4","Map3k4","ortholog_one2one",50,100,1
"SMARCA4","Smarca4","ortholog_one2one",100,100,1
"RCOR2","Rcor2","ortholog_one2one",100,100,1
"BICC1","Bicc1","ortholog_one2one",100,100,1
"BARX1","Barx1","ortholog_one2one",100,100,1
"STX19","Stx19","ortholog_one2one",100,100,1
"SNX7","Snx7","ortholog_one2one",100,100,1
"GSPT1","Gspt1","ortholog_one2one",100,100,1
"GRIN3B","Grin3b","ortholog_one2one",100,100,1
"FAM3A","Fam3a","ortholog_one2one",75,97.04,1
"DDX5","Ddx5","ortholog_one2one",100,100,1
"TTLL9","Ttll9","ortholog_one2one",100,97.97,1
"MGAT1","Mgat1","ortholog_one2one",100,100,1
"DNAJB4","Dnajb4","ortholog_one2one",100,100,1
"AGMAT","Agmat","ortholog_one2one",100,100,1
"MYH7B","Myh7b","ortholog_one2one",100,100,1
"EIF4H","Eif4h","ortholog_one2one",100,100,1
"OXA1L","Oxa1l","ortholog_one2one",100,99.58,1
"ARRDC2","Arrdc2","ortholog_one2one",100,100,1
"LSM10","Lsm10","ortholog_one2one",100,100,1
"ACP3","Acpp","ortholog_one2one",100,100,1
"CYP2R1","Cyp2r1","ortholog_one2one",75,100,1
"NADK","Nadk","ortholog_one2one",100,94.51,1
"CKM","Ckm","ortholog_one2one",100,100,1
"ODF2","Odf2","ortholog_one2one",100,100,1
"ARL5A","Arl5a","ortholog_one2one",100,100,1
"CRK","Crk","ortholog_one2one",75,100,1
"RPAP2","Rpap2","ortholog_one2one",100,100,1
"TRPC4AP","Trpc4ap","ortholog_one2one",100,100,1
"SART3","Sart3","ortholog_one2one",100,100,1
"GDA","Gda","ortholog_one2one",100,100,1
"SSRP1","Ssrp1","ortholog_one2one",100,100,1
"SLC7A7","Slc7a7","ortholog_one2one",100,100,1
"TBX22","Tbx22","ortholog_one2one",100,100,1
"C11orf1","1110032A03Rik","ortholog_one2one",100,100,1
"CCT6A","Cct6a","ortholog_one2one",100,94.03,1
"SORCS1","Sorcs1","ortholog_one2one",100,98.78,1
"NRAS","Nras","ortholog_one2one",100,100,1
"ERC1","Erc1","ortholog_one2one",75,100,1
"ZRSR2","Zrsr1","ortholog_one2one",0,0,0
"MRPS26","Mrps26","ortholog_one2one",100,100,1
"MPL","Mpl","ortholog_one2one",100,100,1
"PFDN5","Pfdn5","ortholog_one2one",100,97.75,1
"NCOA2","Ncoa2","ortholog_one2one",100,100,1
"GABARAPL2","Gabarapl2","ortholog_one2one",100,100,1
"B3GNT2","B3gnt2","ortholog_one2one",100,100,1
"PTPRA","Ptpra","ortholog_one2one",100,98.44,1
"TRAF3IP2","Traf3ip2","ortholog_one2one",100,100,1
"FDXACB1","Fdxacb1","ortholog_one2one",100,100,1
"CYTH4","Cyth4","ortholog_one2one",100,100,1
"NFS1","Nfs1","ortholog_one2one",100,100,1
"PSPH","Psph","ortholog_one2one",100,100,1
"CEP170B","Cep170b","ortholog_one2one",100,100,1
"KCNC2","Kcnc2","ortholog_one2one",100,100,1
"RALGPS1","Ralgps1","ortholog_one2one",100,100,1
"SLC12A2","Slc12a2","ortholog_one2one",100,100,1
"ARHGEF7","Arhgef7","ortholog_one2one",100,100,1
"DUOX1","Duox1","ortholog_one2one",100,100,1
"STX2","Stx2","ortholog_one2one",100,100,1
"NLRC4","Nlrc4","ortholog_one2one",100,100,1
"TNRC6A","Tnrc6a","ortholog_one2one",100,100,1
"ZSCAN29","Zscan29","ortholog_one2one",100,100,1
"NOB1","Nob1","ortholog_one2one",75,100,1
"ADCYAP1","Adcyap1","ortholog_one2one",25,100,1
"PROS1","Pros1","ortholog_one2one",75,100,1
"MYG1","Myg1","ortholog_one2one",100,100,1
"GALNT6","Galnt6","ortholog_one2one",100,100,1
"TUBGCP4","Tubgcp4","ortholog_one2one",100,100,1
"F9","F9","ortholog_one2one",100,100,1
"FAM221A","Fam221a","ortholog_one2one",100,100,1
"SLC19A2","Slc19a2","ortholog_one2one",100,100,1
"WWC1","Wwc1","ortholog_one2one",100,100,1
"SNRPA1","Snrpa1","ortholog_one2one",100,100,1
"SCRT1","Scrt1","ortholog_one2one",100,100,1
"RBM12","Rbm12","ortholog_one2one",100,100,1
"MICALL2","Micall2","ortholog_one2one",100,100,0
"OSBPL11","Osbpl11","ortholog_one2one",50,100,1
"HR","Hr","ortholog_one2one",100,100,1
"POFUT1","Pofut1","ortholog_one2one",100,100,1
"DBX1","Dbx1","ortholog_one2one",100,100,1
"HTATIP2","Htatip2","ortholog_one2one",100,100,1
"CAMK2N2","Camk2n2","ortholog_one2one",100,100,1
"CLEC4D","Clec4d","ortholog_one2one",25,100,1
"TMEM115","Tmem115","ortholog_one2one",100,100,1
"DIPK1C","Dipk1c","ortholog_one2one",100,100,1
"YIPF4","Yipf4","ortholog_one2one",100,100,1
"ELF5","Elf5","ortholog_one2one",100,100,1
"SESN2","Sesn2","ortholog_one2one",100,100,1
"CYB561D2","Cyb561d2","ortholog_one2one",100,100,1
"ZDHHC9","Zdhhc9","ortholog_one2one",100,100,1
"CPNE1","Cpne1","ortholog_one2one",100,100,1
"PCSK6","Pcsk6","ortholog_one2one",100,100,1
"DNAJC16","Dnajc16","ortholog_one2one",100,100,1
"LRRC73","Lrrc73","ortholog_one2one",75,100,1
"SPINK1","Spink1","ortholog_one2one",100,100,1
"CWH43","Cwh43","ortholog_one2one",100,100,1
"BASP1","Basp1","ortholog_one2one",100,100,1
"NPRL2","Nprl2","ortholog_one2one",100,100,1
"RXFP4","Rxfp4","ortholog_one2one",100,100,1
"P2RX3","P2rx3","ortholog_one2one",100,100,1
"FOSL2","Fosl2","ortholog_one2one",100,100,1
"TRDC","Trdc","ortholog_one2one",100,99.79,1
"TRDV3","Trdv5","ortholog_one2one",100,100,1
"ANGEL2","Angel2","ortholog_one2one",100,100,1
"POU2F3","Pou2f3","ortholog_one2one",100,99.44,1
"TM4SF5","Tm4sf5","ortholog_one2one",100,100,1
"TMEM249","Tmem249","ortholog_one2one",75,100,1
"MBD3","Mbd3","ortholog_one2one",100,100,1
"KHDC4","Khdc4","ortholog_one2one",100,100,1
"SPEN","Spen","ortholog_one2one",100,99.5,1
"TTI1","Tti1","ortholog_one2one",100,100,1
"KIF3B","Kif3b","ortholog_one2one",100,100,1
"SEC63","Sec63","ortholog_one2one",100,100,1
"ABCD1","Abcd1","ortholog_one2one",100,100,1
"VSIG10","Vsig10","ortholog_one2one",100,97.14,1
"CPNE4","Cpne4","ortholog_one2one",100,100,1
"SCGB3A2","Scgb3a2","ortholog_one2one",100,100,1
"SEMA4C","Sema4c","ortholog_one2one",100,100,1
"P4HB","P4hb","ortholog_one2one",100,100,1
"MMACHC","Mmachc","ortholog_one2one",100,100,1
"CMA1","Cma1","ortholog_one2one",100,100,1
"CTDSP2","Ctdsp2","ortholog_one2one",100,100,1
"ZMYND10","Zmynd10","ortholog_one2one",100,100,1
"BTBD8","Gm42669","ortholog_one2one",100,70.64,0
"TBC1D2","Tbc1d2","ortholog_one2one",100,100,1
"TENT5D","Tent5d","ortholog_one2one",100,100,1
"ASXL1","Asxl1","ortholog_one2one",100,100,1
"SDF2","Sdf2","ortholog_one2one",100,100,1
"MROH2A","Mroh2a","ortholog_one2one",100,100,1
"ZNF451","Zfp451","ortholog_one2one",100,100,1
"ANGPTL2","Angptl2","ortholog_one2one",100,100,1
"OLFM3","Olfm3","ortholog_one2one",100,100,1
"SUPT6H","Supt6","ortholog_one2one",100,100,1
"ATP5IF1","Atpif1","ortholog_one2one",100,100,1
"TMCO5A","Tmco5","ortholog_one2one",100,100,1
"STXBP1","Stxbp1","ortholog_one2one",75,100,1
"ZP1","Zp1","ortholog_one2one",100,99.95,1
"ZBTB17","Zbtb17","ortholog_one2one",100,100,1
"HJURP","Hjurp","ortholog_one2one",100,96.39,0
"PIKFYVE","Pikfyve","ortholog_one2one",100,100,1
"ITPKB","Itpkb","ortholog_one2one",100,100,1
"DDA1","Dda1","ortholog_one2one",100,100,1
"HYAL2","Hyal2","ortholog_one2one",100,100,1
"METTL4","Mettl4","ortholog_one2one",0,17.79,0
"TNIP2","Tnip2","ortholog_one2one",100,100,1
"CALCRL","Calcrl","ortholog_one2one",75,100,1
"TJAP1","Tjap1","ortholog_one2one",100,99.95,1
"CDK4","Cdk4","ortholog_one2one",100,100,1
"TCL1A","Tcl1","ortholog_one2one",100,100,0
"C5orf46","Gm94","ortholog_one2one",100,100,1
"GAPT","Gapt","ortholog_one2one",100,100,1
"CEP164","Cep164","ortholog_one2one",100,99.99,1
"C11orf42","Gm5901","ortholog_one2one",100,100,1
"UPK1B","Upk1b","ortholog_one2one",100,100,1
"SNX4","Snx4","ortholog_one2one",75,100,1
"DPY19L1","Dpy19l1","ortholog_one2one",100,100,1
"TUSC2","Tusc2","ortholog_one2one",100,100,1
"DOK5","Dok5","ortholog_one2one",100,100,1
"PAFAH1B3","Pafah1b3","ortholog_one2one",100,100,1
"CCDC181","Ccdc181","ortholog_one2one",100,100,1
"ARNTL2","Arntl2","ortholog_one2one",100,95.66,1
"RASSF1","Rassf1","ortholog_one2one",100,100,1
"GPR65","Gpr65","ortholog_one2one",100,100,1
"EPOP","Epop","ortholog_one2one",100,100,1
"SLC4A8","Slc4a8","ortholog_one2one",100,100,1
"ANO8","Ano8","ortholog_one2one",100,96.08,1
"CLEC4E","Clec4e","ortholog_one2one",50,100,1
"MRPS6","Mrps6","ortholog_one2one",100,100,1
"VSIG4","Vsig4","ortholog_one2one",100,93.2,0
"DTL","Dtl","ortholog_one2one",100,100,1
"VMO1","Vmo1","ortholog_one2one",100,100,1
"SLC5A3","Slc5a3","ortholog_one2one",100,100,1
"PPIG","Ppig","ortholog_one2one",100,100,1
"MATN2","Matn2","ortholog_one2one",100,100,1
"ERO1A","Ero1l","ortholog_one2one",100,100,1
"MYLK3","Mylk3","ortholog_one2one",100,99.11,1
"C9orf85","1110059E24Rik","ortholog_one2one",100,84.89,1
"MTMR9","Mtmr9","ortholog_one2one",100,100,1
"HSD17B3","Hsd17b3","ortholog_one2one",100,100,1
"TMEM92","Tmem92","ortholog_one2one",100,0,0
"TPPP2","Tppp2","ortholog_one2one",100,100,1
"FCHSD2","Fchsd2","ortholog_one2one",100,100,1
"RASSF10","Rassf10","ortholog_one2one",100,100,1
"CEP95","Cep95","ortholog_one2one",75,100,1
"RNASE13","Rnase13","ortholog_one2one",100,100,1
"TSPAN31","Tspan31","ortholog_one2one",100,100,1
"FAM178B","Fam178b","ortholog_one2one",100,100,1
"UBD","Ubd","ortholog_one2one",75,100,1
"SMNDC1","Smndc1","ortholog_one2one",100,100,1
"PPCDC","Ppcdc","ortholog_one2one",100,100,1
"LYNX1-SLURP2","Ly6e","ortholog_one2one",0,0,0
"CEP83","Cep83","ortholog_one2one",100,100,1
"XKR6","Xkr6","ortholog_one2one",100,100,1
"CCDC86","Ccdc86","ortholog_one2one",100,96.83,1
"PUM1","Pum1","ortholog_one2one",75,100,1
"CSF2RA","Csf2ra","ortholog_one2one",0,0,0
"PTGDR2","Ptgdr2","ortholog_one2one",100,100,1
"HDAC1","Hdac1","ortholog_one2one",100,100,1
"NME7","Nme7","ortholog_one2one",100,98.35,1
"PLCH1","Plch1","ortholog_one2one",100,100,1
"SH3TC1","Sh3tc1","ortholog_one2one",100,100,1
"AAAS","Aaas","ortholog_one2one",100,100,1
"S1PR1","S1pr1","ortholog_one2one",100,100,1
"NFKB1","Nfkb1","ortholog_one2one",100,100,1
"C9orf152","D630039A03Rik","ortholog_one2one",100,100,1
"WAS","Was","ortholog_one2one",100,100,1
"SLC6A17","Slc6a17","ortholog_one2one",100,100,1
"HAPLN2","Hapln2","ortholog_one2one",100,100,1
"CALCA","Calca","ortholog_one2one",100,100,1
"PRR19","Prr19","ortholog_one2one",100,100,1
"LDLRAD1","Ldlrad1","ortholog_one2one",100,100,1
"DUSP5","Dusp5","ortholog_one2one",100,100,1
"EPHA1","Epha1","ortholog_one2one",100,100,1
"FUT4","Fut4","ortholog_one2one",100,100,1
"CDR2L","Cdr2l","ortholog_one2one",100,100,1
"BLZF1","Blzf1","ortholog_one2one",100,100,1
"CYRIB","Fam49b","ortholog_one2one",100,100,1
"SHF","Shf","ortholog_one2one",100,94.31,1
"YIPF6","Yipf6","ortholog_one2one",100,100,1
"DPH5","Dph5","ortholog_one2one",100,100,1
"MRPL3","Mrpl3","ortholog_one2one",100,100,1
"XKR4","Xkr4","ortholog_one2one",50,100,1
"AGPAT2","Agpat2","ortholog_one2one",75,100,1
"CRTC2","Crtc2","ortholog_one2one",100,100,1
"ZBTB34","Zbtb34","ortholog_one2one",75,100,1
"GLTPD2","Gltpd2","ortholog_one2one",100,100,1
"SATB2","Satb2","ortholog_one2one",100,100,1
"IL7","Il7","ortholog_one2one",100,95.67,1
"AC005551.1","Gm48552","ortholog_one2one",100,98.43,1
"DOHH","Dohh","ortholog_one2one",100,100,1
"PSMB6","Psmb6","ortholog_one2one",100,100,1
"GTPBP3","Gtpbp3","ortholog_one2one",100,100,1
"TGFB3","Tgfb3","ortholog_one2one",100,100,1
"MED14","Med14","ortholog_one2one",100,100,1
"ZYX","Zyx","ortholog_one2one",100,100,1
"STK40","Stk40","ortholog_one2one",100,100,1
"FBXL6","Fbxl6","ortholog_one2one",75,100,1
"VEGFA","Vegfa","ortholog_one2one",100,100,1
"DIPK1B","Dipk1b","ortholog_one2one",50,100,1
"TSEN2","Tsen2","ortholog_one2one",100,100,1
"TGM2","Tgm2","ortholog_one2one",100,100,1
"EEA1","Eea1","ortholog_one2one",100,100,1
"SPATA20","Spata20","ortholog_one2one",100,100,1
"DNAJB14","Dnajb14","ortholog_one2one",100,100,1
"NUDT18","Nudt18","ortholog_one2one",100,100,1
"PRMT2","Prmt2","ortholog_one2one",50,100,1
"CAPSL","Capsl","ortholog_one2one",100,100,1
"HTR1A","Htr1a","ortholog_one2one",100,100,1
"TH","Th","ortholog_one2one",100,100,1
"ATG16L2","Atg16l2","ortholog_one2one",100,100,1
"MYH13","Myh13","ortholog_one2one",100,100,1
"MATK","Matk","ortholog_one2one",100,98.08,1
"EGFL7","Egfl7","ortholog_one2one",100,100,1
"WASF2","Wasf2","ortholog_one2one",100,100,1
"ATP1B1","Atp1b1","ortholog_one2one",75,100,1
"TMEM50B","Tmem50b","ortholog_one2one",100,100,1
"CBLN4","Cbln4","ortholog_one2one",100,100,1
"C5orf15","9530068E07Rik","ortholog_one2one",100,100,1
"PGP","Pgp","ortholog_one2one",75,100,1
"MKRN2OS","Mkrn2os","ortholog_one2one",100,100,1
"PLA2G10","Pla2g10","ortholog_one2one",50,100,1
"MMP9","Mmp9","ortholog_one2one",100,100,1
"ACOX2","Acox2","ortholog_one2one",100,100,1
"MCF2","Mcf2","ortholog_one2one",100,99.9,1
"SLC35E2B","Slc35e2","ortholog_one2one",100,100,1
"PLVAP","Plvap","ortholog_one2one",100,100,1
"MC3R","Mc3r","ortholog_one2one",100,100,1
"NUDT16","Nudt16l2","ortholog_one2one",100,100,0
"TMEM19","Tmem19","ortholog_one2one",100,100,1
"ISCU","Iscu","ortholog_one2one",100,100,1
"KCNH8","Kcnh8","ortholog_one2one",100,100,1
"SLC22A3","Slc22a3","ortholog_one2one",75,100,1
"HYAL1","Hyal1","ortholog_one2one",100,100,1
"LRRC42","Lrrc42","ortholog_one2one",100,100,1
"FAM160B2","Fam160b2","ortholog_one2one",100,100,1
"SLC12A3","Slc12a3","ortholog_one2one",100,100,1
"WDR31","Wdr31","ortholog_one2one",100,100,1
"RAF1","Raf1","ortholog_one2one",100,100,1
"GPATCH4","Gpatch4","ortholog_one2one",100,100,1
"GZMM","Gzmm","ortholog_one2one",100,100,1
"AMPD1","Ampd1","ortholog_one2one",100,100,1
"ZNF148","Zfp148","ortholog_one2one",100,100,1
"MTLN","Mtln","ortholog_one2one",100,78.21,0
"YWHAE","Ywhae","ortholog_one2one",50,100,1
"HYAL3","Hyal3","ortholog_one2one",100,100,1
"SMURF2","Smurf2","ortholog_one2one",50,100,1
"MS4A10","Ms4a10","ortholog_one2one",100,100,0
"UXS1","Uxs1","ortholog_one2one",50,100,1
"PLG","Plg","ortholog_one2one",0,100,1
"MRPL58","Mrpl58","ortholog_one2one",75,100,1
"NAA80","Naa80","ortholog_one2one",100,100,1
"FAM210B","Fam210b","ortholog_one2one",100,100,1
"KCNN1","Kcnn1","ortholog_one2one",100,100,1
"RPS3","Rps3","ortholog_one2one",100,100,1
"RPRD1B","Rprd1b","ortholog_one2one",100,100,1
"IFI35","Ifi35","ortholog_one2one",100,100,1
"AURKA","Aurka","ortholog_one2one",100,100,1
"PLXNB3","Plxnb3","ortholog_one2one",100,100,1
"SMC3","Smc3","ortholog_one2one",100,100,1
"ASTE1","Aste1","ortholog_one2one",100,100,1
"OR2I1P","Olfr94","ortholog_one2one",100,95.54,1
"SP7","Sp7","ortholog_one2one",100,100,1
"HEPH","Heph","ortholog_one2one",100,100,1
"HMBOX1","Hmbox1","ortholog_one2one",75,100,1
"OR10C1","Olfr95","ortholog_one2one",100,100,1
"EPN3","Epn3","ortholog_one2one",100,100,1
"SP1","Sp1","ortholog_one2one",100,100,1
"OR11A1","Olfr96","ortholog_one2one",100,100,1
"MTMR14","Mtmr14","ortholog_one2one",100,100,1
"ARHGDIA","Arhgdia","ortholog_one2one",100,100,1
"ACOT12","Acot12","ortholog_one2one",100,100,1
"TMEM145","Tmem145","ortholog_one2one",100,99.69,1
"HMGN1","Hmgn1","ortholog_one2one",100,95.11,1
"SLC8B1","Slc8b1","ortholog_one2one",100,100,1
"PLK2","Plk2","ortholog_one2one",100,100,1
"CLDN4","Cldn4","ortholog_one2one",100,100,1
"IFRD2","Ifrd2","ortholog_one2one",100,100,1
"ADGRD1","Adgrd1","ortholog_one2one",100,100,1
"XAF1","Xaf1","ortholog_one2one",100,100,0
"TP63","Trp63","ortholog_one2one",100,100,1
"IER5","Ier5","ortholog_one2one",100,100,1
"PIK3C2B","Pik3c2b","ortholog_one2one",100,100,1
"MR1","Mr1","ortholog_one2one",100,100,1
"CERT1","Col4a3bp","ortholog_one2one",100,100,1
"CTRC","Ctrc","ortholog_one2one",100,100,1
"BUB1","Bub1","ortholog_one2one",100,100,1
"NOL4L","Nol4l","ortholog_one2one",100,100,1
"NEK11","Nek11","ortholog_one2one",100,100,1
"ZBTB43","Zbtb43","ortholog_one2one",100,98.06,1
"SSBP2","Ssbp2","ortholog_one2one",100,100,1
"RAPGEF2","Rapgef2","ortholog_one2one",75,100,1
"C14orf132","D430019H16Rik","ortholog_one2one",100,100,1
"CLDN3","Cldn3","ortholog_one2one",100,100,1
"ANTXR1","Antxr1","ortholog_one2one",100,100,1
"BDKRB2","Bdkrb2","ortholog_one2one",100,100,1
"SRM","Srm","ortholog_one2one",100,99.92,1
"CASP9","Casp9","ortholog_one2one",75,97.44,1
"KCNE2","Kcne2","ortholog_one2one",100,100,1
"CCDC194","Ccdc194","ortholog_one2one",100,100,1
"PTPRT","Ptprt","ortholog_one2one",100,100,1
"PPM1F","Ppm1f","ortholog_one2one",100,100,1
"GABBR2","Gabbr2","ortholog_one2one",100,100,1
"KCNH7","Kcnh7","ortholog_one2one",100,100,1
"BST2","Bst2","ortholog_one2one",100,78.61,0
"BRWD3","Brwd3","ortholog_one2one",100,100,1
"ASCL2","Ascl2","ortholog_one2one",100,100,1
"RERG","Rerg","ortholog_one2one",100,100,1
"TUFT1","Tuft1","ortholog_one2one",100,100,1
"BDKRB1","Bdkrb1","ortholog_one2one",100,100,1
"MKRN2","Mkrn2","ortholog_one2one",100,100,1
"BSG","Bsg","ortholog_one2one",100,100,1
"ARHGAP22","Arhgap22","ortholog_one2one",75,100,1
"IGSF11","Igsf11","ortholog_one2one",100,100,1
"HMCES","Hmces","ortholog_one2one",75,100,1
"LSMEM2","Lsmem2","ortholog_one2one",100,100,1
"GCA","Gca","ortholog_one2one",100,100,1
"AMHR2","Amhr2","ortholog_one2one",100,100,1
"MS4A15","Ms4a15","ortholog_one2one",100,97.17,1
"DNAJC28","Dnajc28","ortholog_one2one",100,98.69,1
"TMEM232","Tmem232","ortholog_one2one",50,100,1
"RXRB","Rxrb","ortholog_one2one",100,100,1
"ATP2C1","Atp2c1","ortholog_one2one",100,100,1
"RAB11FIP1","Rab11fip1","ortholog_one2one",100,97.75,1
"STARD8","Stard8","ortholog_one2one",100,100,1
"EFHB","Efhb","ortholog_one2one",100,100,1
"GART","Gart","ortholog_one2one",100,100,1
"ABHD11","Abhd11","ortholog_one2one",100,100,1
"ILRUN","Ilrun","ortholog_one2one",100,100,1
"COPS4","Cops4","ortholog_one2one",100,97.07,1
"SPINK5","Spink5","ortholog_one2one",100,94.77,1
"COPG1","Copg1","ortholog_one2one",100,100,1
"ABCC10","Abcc10","ortholog_one2one",100,100,1
"CARMIL3","Carmil3","ortholog_one2one",100,100,1
"TANK","Tank","ortholog_one2one",100,100,1
"TSPAN32","Tspan32","ortholog_one2one",100,99.64,1
"LAMTOR3","Lamtor3","ortholog_one2one",100,100,1
"PLXNC1","Plxnc1","ortholog_one2one",100,100,1
"STK32C","Stk32c","ortholog_one2one",100,100,1
"UBL4B","Ubl4b","ortholog_one2one",100,100,1
"KIZ","Kiz","ortholog_one2one",100,99.65,1
"CSTF1","Cstf1","ortholog_one2one",100,100,1
"OXT","Oxt","ortholog_one2one",100,100,1
"ICE1","Ice1","ortholog_one2one",100,100,1
"OAF","Oaf","ortholog_one2one",100,100,1
"WSB2","Wsb2","ortholog_one2one",100,98.13,1
"ABCD4","Abcd4","ortholog_one2one",100,100,1
"SEMA3B","Sema3b","ortholog_one2one",100,100,1
"SCAMP5","Scamp5","ortholog_one2one",100,100,1
"DPY19L2","Dpy19l2","ortholog_one2one",0,100,1
"DCBLD1","Dcbld1","ortholog_one2one",100,89.45,1
"ALX3","Alx3","ortholog_one2one",100,100,1
"EVA1B","Eva1b","ortholog_one2one",100,100,1
"CALCB","Calcb","ortholog_one2one",100,97.28,1
"KCNJ4","Kcnj4","ortholog_one2one",100,100,1
"ANKS1A","Anks1","ortholog_one2one",100,100,1
"FGFRL1","Fgfrl1","ortholog_one2one",50,100,1
"LRRC27","Lrrc27","ortholog_one2one",100,100,1
"ABHD17B","Abhd17b","ortholog_one2one",100,98.81,1
"AC233723.1","Gm40193","ortholog_one2one",100,100,1
"MS4A18","Ms4a18","ortholog_one2one",100,97.15,0
"RFC5","Rfc5","ortholog_one2one",100,100,1
"INTS7","Ints7","ortholog_one2one",100,100,1
"C18orf63","Gm17266","ortholog_one2one",100,98.55,1
"SMLR1","Smlr1","ortholog_one2one",100,100,0
"CCDC124","Ccdc124","ortholog_one2one",100,100,1
"ARNTL","Arntl","ortholog_one2one",100,100,1
"APOA4","Apoa4","ortholog_one2one",100,100,1
"AVP","Avp","ortholog_one2one",100,100,1
"DENND2C","Dennd2c","ortholog_one2one",100,100,1
"INPP4A","Inpp4a","ortholog_one2one",100,100,1
"BBS7","Bbs7","ortholog_one2one",100,100,1
"TXN","Txn1","ortholog_one2one",100,100,1
"PDRG1","Pdrg1","ortholog_one2one",100,100,1
"RTF2","Rtf2","ortholog_one2one",100,96.29,1
"TENM2","Tenm2","ortholog_one2one",100,100,1
"WTAP","Wtap","ortholog_one2one",75,100,1
"H3-5","H3f3b","ortholog_one2one",0,99.52,1
"FSTL4","Fstl4","ortholog_one2one",100,100,1
"STUM","Stum","ortholog_one2one",100,100,1
"PNPLA7","Pnpla7","ortholog_one2one",100,100,1
"ROMO1","Romo1","ortholog_one2one",100,100,1
"VASH2","Vash2","ortholog_one2one",100,100,1
"DISP1","Disp1","ortholog_one2one",100,100,1
"WWP2","Wwp2","ortholog_one2one",50,100,1
"MYH14","Myh14","ortholog_one2one",100,100,1
"ACTBL2","Actbl2","ortholog_one2one",100,100,1
"C7orf26","E130309D02Rik","ortholog_one2one",100,100,1
"PNKP","Pnkp","ortholog_one2one",100,100,1
"TICAM1","Ticam1","ortholog_one2one",100,100,1
"TOM1","Tom1","ortholog_one2one",100,98.83,1
"GCNT7","Gcnt7","ortholog_one2one",100,100,1
"MRPS18A","Mrps18a","ortholog_one2one",100,99.21,1
"PLIN3","Plin3","ortholog_one2one",100,100,1
"FBN2","Fbn2","ortholog_one2one",100,100,1
"ANKS6","Anks6","ortholog_one2one",100,100,1
"CASS4","Cass4","ortholog_one2one",100,100,1
"MCUR1","Mcur1","ortholog_one2one",100,100,1
"PTPRO","Ptpro","ortholog_one2one",100,100,1
"SAMD11","Samd11","ortholog_one2one",50,94.1,1
"STX6","Stx6","ortholog_one2one",100,100,1
"EBF2","Ebf2","ortholog_one2one",100,100,1
"TESK2","Tesk2","ortholog_one2one",100,100,1
"PINX1","Pinx1","ortholog_one2one",100,100,1
"ARRDC5","Arrdc5","ortholog_one2one",100,100,1
"RSPH9","Rsph9","ortholog_one2one",100,100,1
"GPR3","Gpr3","ortholog_one2one",100,100,1
"OMG","Omg","ortholog_one2one",50,100,1
"CD164L2","Cd164l2","ortholog_one2one",100,100,1
"BSPRY","Bspry","ortholog_one2one",100,100,1
"MS4A8","Ms4a8a","ortholog_one2one",100,100,1
"EFNB1","Efnb1","ortholog_one2one",100,100,1
"SOX7","Sox7","ortholog_one2one",100,100,1
"NF1","Nf1","ortholog_one2one",50,100,1
"TXN2","Txn2","ortholog_one2one",100,100,1
"FLVCR1","Flvcr1","ortholog_one2one",100,100,1
"IKBKG","Ikbkg","ortholog_one2one",75,100,1
"NOC2L","Noc2l","ortholog_one2one",75,99.69,1
"RPP25","Rpp25","ortholog_one2one",100,100,1
"GET1","Get1","ortholog_one2one",100,100,1
"DDX17","Ddx17","ortholog_one2one",100,100,1
"TOE1","Toe1","ortholog_one2one",100,100,1
"IKBKB","Ikbkb","ortholog_one2one",100,100,1
"COX5A","Cox5a","ortholog_one2one",100,100,1
"HMGXB4","Hmgxb4","ortholog_one2one",100,100,1
"APCDD1","Apcdd1","ortholog_one2one",50,100,1
"IPO11","Ipo11","ortholog_one2one",100,98.54,1
"LZTR1","Lztr1","ortholog_one2one",100,100,1
"FAM219B","Fam219b","ortholog_one2one",100,100,1
"C8orf74","4930578I06Rik","ortholog_one2one",100,100,1
"DLK2","Dlk2","ortholog_one2one",100,100,1
"LDLR","Ldlr","ortholog_one2one",100,100,1
"APOA5","Apoa5","ortholog_one2one",100,100,1
"MAP3K19","Map3k19","ortholog_one2one",100,97.99,1
"MAFF","Maff","ortholog_one2one",100,100,1
"GOT1L1","Got1l1","ortholog_one2one",100,100,1
"CEP170","Cep170","ortholog_one2one",100,100,1
"CEMIP2","Cemip2","ortholog_one2one",100,100,1
"PIN4","Pin4","ortholog_one2one",100,100,1
"MLLT6","Mllt6","ortholog_one2one",100,100,1
"CAST","Cast","ortholog_one2one",75,100,1
"RAB5A","Rab5a","ortholog_one2one",100,100,1
"FLT1","Flt1","ortholog_one2one",100,100,1
"COL1A1","Col1a1","ortholog_one2one",100,100,1
"HMGN5","Hmgn5","ortholog_one2one",100,98.04,0
"ERCC6L","Ercc6l","ortholog_one2one",100,100,1
"RP1L1","Rp1l1","ortholog_one2one",100,91.49,0
"APOA2","Apoa2","ortholog_one2one",100,100,0
"DLGAP5","Dlgap5","ortholog_one2one",100,96.64,1
"PP2D1","Pp2d1","ortholog_one2one",100,98.64,1
"FKBP5","Fkbp5","ortholog_one2one",100,100,1
"TMEM119","Tmem119","ortholog_one2one",100,100,1
"EGF","Egf","ortholog_one2one",100,100,1
"SLC30A7","Slc30a7","ortholog_one2one",100,100,1
"SLC39A8","Slc39a8","ortholog_one2one",100,100,1
"SH3BGRL","Sh3bgrl","ortholog_one2one",100,100,1
"STRIP1","Strip1","ortholog_one2one",100,100,1
"KCNK10","Kcnk10","ortholog_one2one",100,100,1
"PACSIN1","Pacsin1","ortholog_one2one",100,100,1
"MRPL52","Mrpl52","ortholog_one2one",100,100,1
"NAV1","Nav1","ortholog_one2one",100,100,1
"DMTN","Dmtn","ortholog_one2one",100,100,1
"APOBEC3H","Apobec3","ortholog_one2one",100,70.7,0
"THAP2","Thap2","ortholog_one2one",100,100,1
"FCER1G","Fcer1g","ortholog_one2one",100,88.02,1
"DAB2IP","Dab2ip","ortholog_one2one",100,100,1
"C16orf87","4921524J17Rik","ortholog_one2one",100,100,1
"EDEM2","Edem2","ortholog_one2one",100,100,1
"CAT","Cat","ortholog_one2one",100,100,1
"STK31","Stk31","ortholog_one2one",100,100,1
"KDELR3","Kdelr3","ortholog_one2one",100,96.94,1
"SELPLG","Selplg","ortholog_one2one",100,98.54,0
"PRMT3","Prmt3","ortholog_one2one",100,98.88,1
"ELAVL4","Elavl4","ortholog_one2one",75,100,1
"ATP5PD","Atp5h","ortholog_one2one",100,100,1
"SPATA45","Spata45","ortholog_one2one",100,100,1
"ATP11C","Atp11c","ortholog_one2one",100,100,1
"C2orf69","1700066M21Rik","ortholog_one2one",100,100,1
"PJA1","Pja1","ortholog_one2one",100,99.39,1
"DPYD","Dpyd","ortholog_one2one",100,100,1
"PRSS55","Prss55","ortholog_one2one",75,100,1
"HSF1","Hsf1","ortholog_one2one",100,100,1
"SP4","Sp4","ortholog_one2one",100,100,1
"ASB17","Asb17","ortholog_one2one",100,100,1
"HMGCR","Hmgcr","ortholog_one2one",100,100,1
"AZU1","Prss51","ortholog_one2one",0,0,0
"DAPP1","Dapp1","ortholog_one2one",100,100,1
"C4orf45","Gm17359","ortholog_one2one",100,100,1
"FNIP2","Fnip2","ortholog_one2one",100,100,1
"PTH2R","Pth2r","ortholog_one2one",100,100,1
"SLC22A2","Slc22a2","ortholog_one2one",75,100,1
"NELFCD","Nelfcd","ortholog_one2one",100,100,1
"ACOXL","Acoxl","ortholog_one2one",100,100,1
"KAT2B","Kat2b","ortholog_one2one",75,99.13,1
"BCORL1","Bcorl1","ortholog_one2one",100,100,1
"SLC5A5","Slc5a5","ortholog_one2one",75,100,1
"RNF212","Rnf212","ortholog_one2one",50,81.08,0
"BANK1","Bank1","ortholog_one2one",100,100,1
"SLC5A11","Slc5a11","ortholog_one2one",100,100,1
"C11orf97","1700012B09Rik","ortholog_one2one",100,100,1
"BEND6","Bend6","ortholog_one2one",75,100,1
"GALR3","Galr3","ortholog_one2one",100,99.94,1
"FOXRED2","Foxred2","ortholog_one2one",100,100,1
"SP8","Sp8","ortholog_one2one",100,100,1
"DOC2B","Doc2b","ortholog_one2one",50,100,1
"CYB5A","Cyb5a","ortholog_one2one",75,100,1
"SMIM24","Smim24","ortholog_one2one",100,96.67,1
"FAM155B","Tmem28","ortholog_one2one",100,100,1
"CDC27","Cdc27","ortholog_one2one",50,99.97,1
"INTS9","Ints9","ortholog_one2one",100,100,1
"SLC22A1","Slc22a1","ortholog_one2one",100,100,1
"SH3D21","Sh3d21","ortholog_one2one",100,100,0
"TXNDC8","Txndc8","ortholog_one2one",100,100,1
"GALNT13","Galnt13","ortholog_one2one",100,100,1
"WDR13","Wdr13","ortholog_one2one",100,100,1
"TPO","Tpo","ortholog_one2one",100,98.61,1
"GPT2","Gpt2","ortholog_one2one",100,100,1
"PWWP2B","Pwwp2b","ortholog_one2one",100,100,1
"TPCN1","Tpcn1","ortholog_one2one",100,98.88,1
"BRICD5","Bricd5","ortholog_one2one",100,100,0
"CTSZ","Ctsz","ortholog_one2one",100,100,1
"CXorf66","Gm7073","ortholog_one2one",100,97.54,0
"VAPA","Vapa","ortholog_one2one",50,100,1
"MYCBPAP","Mycbpap","ortholog_one2one",100,100,1
"PROCR","Procr","ortholog_one2one",75,100,1
"LPGAT1","Lpgat1","ortholog_one2one",100,100,1
"RPL18A","Rpl18a","ortholog_one2one",50,100,1
"TATDN3","Tatdn3","ortholog_one2one",100,100,1
"C21orf91","D16Ertd472e","ortholog_one2one",100,100,1
"MLST8","Mlst8","ortholog_one2one",100,100,1
"UHRF1","Uhrf1","ortholog_one2one",100,99.84,1
"RP1","Rp1","ortholog_one2one",75,100,1
"SPDEF","Spdef","ortholog_one2one",100,100,1
"MMP14","Mmp14","ortholog_one2one",100,100,1
"ZNF426","Zfp426","ortholog_one2one",75,92.71,1
"SH3BP2","Sh3bp2","ortholog_one2one",100,100,1
"ST13","St13","ortholog_one2one",100,100,1
"SRPK3","Srpk3","ortholog_one2one",100,100,1
"NPB","Npb","ortholog_one2one",100,100,0
"CDKL2","Cdkl2","ortholog_one2one",100,100,1
"CLPTM1L","Clptm1l","ortholog_one2one",100,100,1
"OTOF","Otof","ortholog_one2one",100,100,1
"LMX1B","Lmx1b","ortholog_one2one",100,100,1
"PSMD7","Psmd7","ortholog_one2one",50,100,1
"PHKG1","Phkg1","ortholog_one2one",75,97.28,1
"PARP1","Parp1","ortholog_one2one",100,100,1
"CBX7","Cbx7","ortholog_one2one",100,100,1
"TIMM21","Timm21","ortholog_one2one",100,100,1
"SNRPC","Snrpc","ortholog_one2one",100,100,1
"DMD","Dmd","ortholog_one2one",100,100,1
"DPT","Dpt","ortholog_one2one",75,100,1
"ATF2","Atf2","ortholog_one2one",100,100,1
"GNAI2","Gnai2","ortholog_one2one",100,100,1
"ABCB5","Abcb5","ortholog_one2one",100,100,1
"MEGF8","Megf8","ortholog_one2one",100,99.71,1
"ZBED9","Zbed5","ortholog_one2one",0,0,0
"XKR7","Xkr7","ortholog_one2one",100,100,1
"MVB12A","Mvb12a","ortholog_one2one",100,100,1
"NUDT3","Nudt3","ortholog_one2one",100,100,1
"C4orf54","1110002E22Rik","ortholog_one2one",100,100,1
"C16orf78","4933402J07Rik","ortholog_one2one",100,100,1
"MAD2L1BP","Mad2l1bp","ortholog_one2one",100,93.4,1
"FBXO15","Fbxo15","ortholog_one2one",100,99.42,1
"CHCHD2","Chchd2","ortholog_one2one",50,100,1
"XRN2","Xrn2","ortholog_one2one",100,100,1
"CIDEC","Cidec","ortholog_one2one",100,100,1
"METRNL","Metrnl","ortholog_one2one",50,100,1
"EXTL2","Extl2","ortholog_one2one",100,100,1
"SLC12A5","Slc12a5","ortholog_one2one",100,100,1
"RFC3","Rfc3","ortholog_one2one",0,100,1
"THRB","Thrb","ortholog_one2one",100,100,1
"RBM20","Rbm20","ortholog_one2one",100,100,1
"ARRB1","Arrb1","ortholog_one2one",100,100,1
"NAXE","Naxe","ortholog_one2one",100,100,1
"INSC","Insc","ortholog_one2one",75,100,1
"CRYBG3","Crybg3","ortholog_one2one",100,100,1
"SLC38A3","Slc38a3","ortholog_one2one",100,100,1
"ATXN7L3","Atxn7l3","ortholog_one2one",100,100,1
"ADAT1","Adat1","ortholog_one2one",100,100,1
"BCL2L11","Bcl2l11","ortholog_one2one",100,100,1
"PPP1R15B","Ppp1r15b","ortholog_one2one",100,100,1
"UBOX5","Ubox5","ortholog_one2one",100,100,1
"SPINK14","Spink14","ortholog_one2one",100,100,1
"CES4A","Ces4a","ortholog_one2one",100,100,1
"CCM2L","Ccm2l","ortholog_one2one",100,100,1
"XPNPEP1","Xpnpep1","ortholog_one2one",100,100,1
"GPR1","Gpr1","ortholog_one2one",100,100,1
"CHIC2","Chic2","ortholog_one2one",100,100,1
"TUBB1","Tubb1","ortholog_one2one",100,100,1
"TUBGCP5","Tubgcp5","ortholog_one2one",50,100,1
"IREB2","Ireb2","ortholog_one2one",100,100,1
"SCN8A","Scn8a","ortholog_one2one",100,100,1
"UHRF1BP1","Uhrf1bp1","ortholog_one2one",100,100,1
"ATP5F1E","Atp5e","ortholog_one2one",100,100,1
"PNPLA2","Pnpla2","ortholog_one2one",100,100,1
"TFAP2C","Tfap2c","ortholog_one2one",100,100,1
"RIOX2","Riox2","ortholog_one2one",100,100,1
"FASTKD5","Fastkd5","ortholog_one2one",100,100,1
"SOX17","Sox17","ortholog_one2one",100,100,1
"PLB1","Plb1","ortholog_one2one",75,99.13,1
"MSH4","Msh4","ortholog_one2one",100,92.34,1
"TRIM29","Trim29","ortholog_one2one",100,100,1
"LZTS3","Lzts3","ortholog_one2one",100,100,1
"RPH3AL","Rph3al","ortholog_one2one",50,100,1
"CRADD","Cradd","ortholog_one2one",100,100,1
"CITED1","Cited1","ortholog_one2one",100,100,1
"ZDBF2","Zdbf2","ortholog_one2one",100,96.83,0
"NXNL1","Nxnl1","ortholog_one2one",100,100,1
"MMP24OS","BC029722","ortholog_one2one",100,100,1
"KIAA1614","BC034090","ortholog_one2one",100,100,0
"BTG1","Btg1","ortholog_one2one",75,100,1
"TAF11","Taf11","ortholog_one2one",100,100,1
"MMP24","Mmp24","ortholog_one2one",100,100,1
"HSPB11","Hspb11","ortholog_one2one",100,81.13,0
"TXNDC2","Txndc2","ortholog_one2one",75,99.87,0
"EFHD2","Efhd2","ortholog_one2one",75,100,1
"BTBD10","Btbd10","ortholog_one2one",100,100,1
"CFAP126","Cfap126","ortholog_one2one",100,100,1
"TMEM52","Tmem52","ortholog_one2one",100,100,1
"MRPL54","Mrpl54","ortholog_one2one",100,100,1
"MPI","Mpi","ortholog_one2one",100,100,1
"SLC12A8","Slc12a8","ortholog_one2one",100,100,1
"KCNAB1","Kcnab1","ortholog_one2one",100,100,1
"TBX20","Tbx20","ortholog_one2one",100,100,1
"BRAP","Brap","ortholog_one2one",100,100,1
"RAB31","Rab31","ortholog_one2one",100,100,1
"C17orf97","1700016K19Rik","ortholog_one2one",100,82.54,0
"RIT1","Rit1","ortholog_one2one",100,100,1
"ELF4","Elf4","ortholog_one2one",100,100,1
"NPY","Npy","ortholog_one2one",100,100,1
"THRAP3","Thrap3","ortholog_one2one",100,100,1
"NSL1","Nsl1","ortholog_one2one",100,100,1
"SPC24","Spc24","ortholog_one2one",100,85.01,1
"SLC27A6","Slc27a6","ortholog_one2one",100,100,1
"ELFN2","Elfn2","ortholog_one2one",100,100,1
"MASP2","Masp2","ortholog_one2one",100,100,1
"CREB3L1","Creb3l1","ortholog_one2one",100,100,1
"SPRED1","Spred1","ortholog_one2one",100,100,1
"SDC3","Sdc3","ortholog_one2one",75,100,1
"CTSG","Ctsg","ortholog_one2one",100,100,1
"DNAJB1","Dnajb1","ortholog_one2one",100,100,1
"PTCHD3","Ptchd3","ortholog_one2one",0,92.42,1
"PLD4","Pld4","ortholog_one2one",100,100,1
"DSP","Dsp","ortholog_one2one",100,100,1
"SGO1","Sgo1","ortholog_one2one",50,97.23,1
"PCYT2","Pcyt2","ortholog_one2one",100,100,1
"FUBP1","Fubp1","ortholog_one2one",100,100,1
"KBTBD8","Kbtbd8","ortholog_one2one",100,100,1
"GET4","Get4","ortholog_one2one",100,100,1
"LCA5L","Lca5l","ortholog_one2one",100,89.15,1
"GTPBP2","Gtpbp2","ortholog_one2one",100,100,1
"SRSF6","Srsf6","ortholog_one2one",100,100,1
"RBM25","Rbm25","ortholog_one2one",100,100,1
"PREX1","Prex1","ortholog_one2one",100,100,1
"BATF3","Batf3","ortholog_one2one",100,100,1
"NR5A1","Nr5a1","ortholog_one2one",100,100,1
"RFLNB","Rflnb","ortholog_one2one",100,91.37,1
"TARDBP","Tardbp","ortholog_one2one",100,100,1
"FBLIM1","Fblim1","ortholog_one2one",100,86.61,1
"GKN1","Gkn1","ortholog_one2one",100,100,1
"FAM83C","Fam83c","ortholog_one2one",100,100,1
"FLT4","Flt4","ortholog_one2one",100,100,1
"SF3A2","Sf3a2","ortholog_one2one",100,100,1
"MSRA","Msra","ortholog_one2one",50,100,1
"RAB3GAP1","Rab3gap1","ortholog_one2one",100,100,1
"CBFB","Cbfb","ortholog_one2one",100,100,1
"GRAMD2A","Gramd2","ortholog_one2one",100,100,1
"TAGLN","Tagln","ortholog_one2one",100,100,1
"EIF6","Eif6","ortholog_one2one",75,100,1
"ZBTB14","Zbtb14","ortholog_one2one",100,100,1
"HMCN1","Hmcn1","ortholog_one2one",100,100,1
"ERAP1","Erap1","ortholog_one2one",50,99.69,1
"BACE1","Bace1","ortholog_one2one",100,100,1
"PLEKHJ1","Plekhj1","ortholog_one2one",100,77.25,0
"LRIT3","Lrit3","ortholog_one2one",100,100,1
"ADAMTS16","Adamts16","ortholog_one2one",100,100,1
"TMEM184B","Tmem184b","ortholog_one2one",100,99.9,1
"DCUN1D4","Dcun1d4","ortholog_one2one",100,98.46,1
"BCAS2","Bcas2","ortholog_one2one",100,100,1
"BTBD19","Btbd19","ortholog_one2one",100,100,1
"TRPS1","Trps1","ortholog_one2one",100,100,1
"GIPC1","Gipc1","ortholog_one2one",75,100,1
"TTC27","Ttc27","ortholog_one2one",100,100,1
"FAM98B","Fam98b","ortholog_one2one",100,100,1
"TACC1","Tacc1","ortholog_one2one",100,100,1
"FHAD1","Fhad1","ortholog_one2one",100,100,1
"PRELID3B","Prelid3b","ortholog_one2one",100,100,1
"BROX","Brox","ortholog_one2one",100,100,1
"AHNAK2","Ahnak2","ortholog_one2one",100,97.2,0
"UNK","Unk","ortholog_one2one",100,100,1
"MRE11","Mre11a","ortholog_one2one",100,100,1
"JAGN1","Jagn1","ortholog_one2one",100,100,1
"VCAM1","Vcam1","ortholog_one2one",100,100,1
"RITA1","Rita1","ortholog_one2one",100,99.6,1
"PPM1D","Ppm1d","ortholog_one2one",100,100,1
"CNFN","Cnfn","ortholog_one2one",100,100,1
"AVIL","Avil","ortholog_one2one",100,100,1
"KARS1","Kars","ortholog_one2one",100,100,1
"ZNF423","Zfp423","ortholog_one2one",100,100,1
"INPP5A","Inpp5a","ortholog_one2one",100,100,1
"GNAT1","Gnat1","ortholog_one2one",100,100,1
"ZNF831","Zfp831","ortholog_one2one",100,100,1
"LRRC3","Lrrc3","ortholog_one2one",75,100,1
"SPINK6","Spink6","ortholog_one2one",75,96.04,1
"EPHA3","Epha3","ortholog_one2one",100,100,1
"TBX19","Tbx19","ortholog_one2one",75,100,1
"RCAN3","Rcan3","ortholog_one2one",100,100,1
"TIE1","Tie1","ortholog_one2one",100,100,1
"SLC6A5","Slc6a5","ortholog_one2one",100,100,1
"IQCD","Iqcd","ortholog_one2one",100,98.89,1
"RNF214","Rnf214","ortholog_one2one",100,100,1
"GALNT12","Galnt12","ortholog_one2one",100,100,1
"EDN3","Edn3","ortholog_one2one",100,100,1
"SENP8","Senp8","ortholog_one2one",100,100,1
"TRA2B","Tra2b","ortholog_one2one",100,100,1
"NKX2-4","Nkx2-4","ortholog_one2one",100,100,1
"OR12D3","Olfr109","ortholog_one2one",75,100,1
"KCNJ3","Kcnj3","ortholog_one2one",100,100,1
"FAM71A","Fam71a","ortholog_one2one",100,100,0
"RSAD1","Rsad1","ortholog_one2one",75,100,1
"SEMA3F","Sema3f","ortholog_one2one",100,100,1
"MAP3K6","Map3k6","ortholog_one2one",100,100,1
"GSX2","Gsx2","ortholog_one2one",100,100,1
"PPP3CA","Ppp3ca","ortholog_one2one",100,100,1
"HCFC2","Hcfc2","ortholog_one2one",100,100,1
"LSS","Lss","ortholog_one2one",100,100,1
"NKX2-2","Nkx2-2","ortholog_one2one",100,100,1
"XPNPEP3","Xpnpep3","ortholog_one2one",100,100,1
"RETREG1","Retreg1","ortholog_one2one",100,100,1
"FIGNL2","Fignl2","ortholog_one2one",100,100,1
"MYH10","Myh10","ortholog_one2one",100,100,1
"ANKRD49","Ankrd49","ortholog_one2one",100,100,1
"AIDA","Aida","ortholog_one2one",100,100,1
"ANKRD33","Ankrd33","ortholog_one2one",100,100,1
"GAS7","Gas7","ortholog_one2one",75,100,1
"RRN3","Rrn3","ortholog_one2one",50,100,1
"TSFM","Tsfm","ortholog_one2one",100,97.93,1
"IL7R","Il7r","ortholog_one2one",100,100,1
"TRAM1","Tram1","ortholog_one2one",100,100,1
"EXTL3","Extl3","ortholog_one2one",100,100,1
"LIPE","Lipe","ortholog_one2one",100,100,1
"NKX6-2","Nkx6-2","ortholog_one2one",100,100,1
"TTC24","Ttc24","ortholog_one2one",100,100,0
"EPS8","Eps8","ortholog_one2one",100,100,1
"CFAP100","Cfap100","ortholog_one2one",100,100,1
"MAS1","Mas1","ortholog_one2one",100,100,1
"DHX33","Dhx33","ortholog_one2one",100,100,1
"CNGA4","Cnga4","ortholog_one2one",75,100,1
"SFT2D2","Sft2d2","ortholog_one2one",75,100,1
"YY1","Yy1","ortholog_one2one",100,100,1
"HERPUD1","Herpud1","ortholog_one2one",100,100,1
"P2RX7","P2rx7","ortholog_one2one",50,100,1
"ACVRL1","Acvrl1","ortholog_one2one",100,100,1
"PSMC6","Psmc6","ortholog_one2one",100,100,1
"ADAP1","Adap1","ortholog_one2one",100,100,1
"EDA","Eda","ortholog_one2one",100,100,1
"DDRGK1","Ddrgk1","ortholog_one2one",100,100,1
"DNAJB7","Dnajb7","ortholog_one2one",100,100,1
"HYKK","Hykk","ortholog_one2one",100,100,1
"SMCO2","Smco2","ortholog_one2one",100,98.15,0
"EDA2R","Eda2r","ortholog_one2one",100,98.42,1
"ZDHHC4","Zdhhc4","ortholog_one2one",100,100,1
"RCVRN","Rcvrn","ortholog_one2one",100,100,1
"HEATR5A","Heatr5a","ortholog_one2one",100,100,1
"TPBGL","Tpbgl","ortholog_one2one",100,100,1
"STING1","Sting1","ortholog_one2one",75,100,1
"IGF2R","Igf2r","ortholog_one2one",100,98.64,1
"AKAIN1","Akain1","ortholog_one2one",100,100,1
"GLP2R","Glp2r","ortholog_one2one",100,100,1
"DGKH","Dgkh","ortholog_one2one",100,100,1
"DNAJA2","Dnaja2","ortholog_one2one",100,100,1
"STMN2","Stmn2","ortholog_one2one",100,100,1
"SUCLG2","Suclg2","ortholog_one2one",100,97.24,1
"ITGB8","Itgb8","ortholog_one2one",75,100,1
"AIFM1","Aifm1","ortholog_one2one",100,100,1
"GPR88","Gpr88","ortholog_one2one",100,100,1
"ZXDC","Zxdc","ortholog_one2one",100,100,1
"ZPR1","Zpr1","ortholog_one2one",100,100,1
"BTD","Btd","ortholog_one2one",100,98.63,1
"EML4","Eml4","ortholog_one2one",100,100,1
"FBXO39","Fbxo39","ortholog_one2one",75,100,1
"SULT1C2","Sult1c2","ortholog_one2one",50,100,1
"RABGGTB","Rabggtb","ortholog_one2one",100,99.97,1
"PTBP2","Ptbp2","ortholog_one2one",100,100,1
"EIF2AK4","Eif2ak4","ortholog_one2one",100,100,1
"PLK3","Plk3","ortholog_one2one",100,100,1
"COQ5","Coq5","ortholog_one2one",100,100,1
"STAM2","Stam2","ortholog_one2one",100,100,1
"CCDC88C","Ccdc88c","ortholog_one2one",75,100,1
"ATF3","Atf3","ortholog_one2one",100,100,1
"MYBPC3","Mybpc3","ortholog_one2one",100,100,1
"RAD52","Rad52","ortholog_one2one",100,100,1
"ARL6","Arl6","ortholog_one2one",100,100,1
"MAP1S","Map1s","ortholog_one2one",0,98.19,1
"FOXR1","Foxr1","ortholog_one2one",100,100,0
"USP9X","Usp9x","ortholog_one2one",100,100,1
"CLBA1","Clba1","ortholog_one2one",100,100,1
"AHCYL1","Ahcyl1","ortholog_one2one",100,100,1
"LCK","Lck","ortholog_one2one",100,100,1
"OR6N2","Olfr430","ortholog_one2one",75,100,1
"RBM5","Rbm5","ortholog_one2one",100,100,1
"UPK2","Upk2","ortholog_one2one",100,100,1
"GKN2","Gkn2","ortholog_one2one",100,100,1
"NENF","Nenf","ortholog_one2one",100,100,1
"PCSK7","Pcsk7","ortholog_one2one",100,100,1
"DENND4B","Dennd4b","ortholog_one2one",100,100,1
"LAPTM5","Laptm5","ortholog_one2one",100,100,1
"OR6N1","Olfr429","ortholog_one2one",100,100,1
"NR6A1","Nr6a1","ortholog_one2one",100,100,1
"KDM6B","Kdm6b","ortholog_one2one",100,100,1
"AR","Ar","ortholog_one2one",100,99.46,1
"ISOC1","Isoc1","ortholog_one2one",100,100,1
"SSR4","Ssr4","ortholog_one2one",100,100,1
"TRIM33","Trim33","ortholog_one2one",100,100,1
"PSMD11","Psmd11","ortholog_one2one",100,100,1
"ACVR1B","Acvr1b","ortholog_one2one",100,100,1
"TCTEX1D4","Tctex1d4","ortholog_one2one",100,100,1
"RPL12","Rpl12","ortholog_one2one",100,100,1
"EPHA6","Epha6","ortholog_one2one",75,100,1
"PSMC4","Psmc4","ortholog_one2one",100,100,1
"PCIF1","Pcif1","ortholog_one2one",100,100,1
"SDCCAG8","Sdccag8","ortholog_one2one",100,100,1
"SGCA","Sgca","ortholog_one2one",100,100,1
"DHDDS","Dhdds","ortholog_one2one",100,100,1
"NIBAN2","Fam129b","ortholog_one2one",100,100,1
"CARMIL1","Carmil1","ortholog_one2one",100,100,1
"TAMALIN","Grasp","ortholog_one2one",100,100,1
"ARFGAP1","Arfgap1","ortholog_one2one",100,100,1
"CORO1C","Coro1c","ortholog_one2one",100,100,1
"UQCC1","Uqcc1","ortholog_one2one",100,100,1
"HCK","Hck","ortholog_one2one",100,100,1
"DIP2A","Dip2a","ortholog_one2one",50,100,1
"LACTB2","Lactb2","ortholog_one2one",100,100,1
"RCAN1","Rcan1","ortholog_one2one",100,96.75,1
"ZC3H14","Zc3h14","ortholog_one2one",100,100,1
"HERPUD2","Herpud2","ortholog_one2one",100,100,1
"LRSAM1","Lrsam1","ortholog_one2one",100,98.71,1
"PIK3R4","Pik3r4","ortholog_one2one",100,100,1
"CSMD3","Csmd3","ortholog_one2one",100,100,1
"MFNG","Mfng","ortholog_one2one",100,100,1
"TYRO3","Tyro3","ortholog_one2one",100,100,1
"ZNF335","Zfp335","ortholog_one2one",100,100,1
"NID2","Nid2","ortholog_one2one",50,100,1
"XPR1","Xpr1","ortholog_one2one",100,100,1
"RRH","Rrh","ortholog_one2one",100,100,1
"SVEP1","Svep1","ortholog_one2one",100,100,1
"PLEKHA4","Plekha4","ortholog_one2one",100,100,1
"VWA2","Vwa2","ortholog_one2one",100,100,1
"P3H1","P3h1","ortholog_one2one",75,100,1
"COLQ","Colq","ortholog_one2one",100,100,1
"CXCL17","Cxcl17","ortholog_one2one",75,100,1
"TRPC3","Trpc3","ortholog_one2one",100,100,1
"NEK2","Nek2","ortholog_one2one",100,100,1
"TNFRSF17","Tnfrsf17","ortholog_one2one",100,100,1
"LIN9","Lin9","ortholog_one2one",100,100,1
"ZCCHC9","Zcchc9","ortholog_one2one",100,100,1
"HNRNPD","Hnrnpd","ortholog_one2one",100,100,1
"AKT3","Akt3","ortholog_one2one",100,100,1
"RCBTB1","Rcbtb1","ortholog_one2one",50,100,1
"TYW5","Tyw5","ortholog_one2one",100,100,1
"ITM2B","Itm2b","ortholog_one2one",75,100,1
"CISD3","Cisd3","ortholog_one2one",100,100,1
"LAYN","Layn","ortholog_one2one",75,100,1
"VRTN","Vrtn","ortholog_one2one",100,99.2,1
"SLC25A29","Slc25a29","ortholog_one2one",100,100,1
"POMP","Pomp","ortholog_one2one",100,100,1
"KIF13B","Kif13b","ortholog_one2one",50,100,1
"IZUMO2","Izumo2","ortholog_one2one",100,74.37,0
"SYNDIG1L","Syndig1l","ortholog_one2one",100,100,1
"BTG4","Btg4","ortholog_one2one",100,99.41,1
"KCTD2","Kctd2","ortholog_one2one",100,100,1
"ZNF570","Zfp39","ortholog_one2one",0,0,0
"THAP7","Thap7","ortholog_one2one",100,100,1
"RPL30","Rpl30","ortholog_one2one",100,100,1
"SCGB3A1","Scgb3a1","ortholog_one2one",100,100,1
"MYCN","Mycs","ortholog_one2one",0,0,0
"RTRAF","Rtraf","ortholog_one2one",25,100,1
"SLC46A3","Slc46a3","ortholog_one2one",100,100,1
"TERF2IP","Terf2ip","ortholog_one2one",100,100,1
"PAX1","Pax1","ortholog_one2one",100,100,1
"ZNF266","Zfp266","ortholog_one2one",0,99.53,0
"HOATZ","4833427G06Rik","ortholog_one2one",100,96.81,1
"MAT2A","Mat2a","ortholog_one2one",100,100,1
"SSBP3","Ssbp3","ortholog_one2one",100,100,1
"RBFOX1","Rbfox1","ortholog_one2one",100,92.97,1
"TRPM8","Trpm8","ortholog_one2one",100,100,1
"CDCA4","Cdca4","ortholog_one2one",100,100,1
"KANK2","Kank2","ortholog_one2one",100,99.81,1
"PACC1","Pacc1","ortholog_one2one",100,93.65,1
"ISLR","Islr","ortholog_one2one",100,100,1
"ADAMTS19","Adamts19","ortholog_one2one",100,100,1
"SLC27A1","Slc27a1","ortholog_one2one",100,100,1
"FZD3","Fzd3","ortholog_one2one",100,100,1
"TIPRL","Tiprl","ortholog_one2one",100,100,1
"ISLR2","Islr2","ortholog_one2one",100,100,1
"P3H2","P3h2","ortholog_one2one",100,100,1
"ITGA11","Itga11","ortholog_one2one",100,100,1
"PPP2R5A","Ppp2r5a","ortholog_one2one",100,100,1
"MYL6","Myl6","ortholog_one2one",100,100,1
"PSME1","Psme1","ortholog_one2one",100,100,1
"NOP58","Nop58","ortholog_one2one",100,100,1
"TMEM51","Tmem51","ortholog_one2one",100,100,1
"NR4A1","Nr4a1","ortholog_one2one",100,100,1
"CSRP1","Csrp1","ortholog_one2one",100,100,1
"MAIP1","Maip1","ortholog_one2one",100,100,1
"ITPA","Itpa","ortholog_one2one",100,100,1
"SOD2","Sod2","ortholog_one2one",50,98.36,1
"HDDC3","Hddc3","ortholog_one2one",100,100,1
"TAB3","Tab3","ortholog_one2one",100,100,1
"OTUD6A","Otud6a","ortholog_one2one",100,100,1
"FAM107A","Fam107a","ortholog_one2one",100,93.84,1
"MARK4","Mark4","ortholog_one2one",0,100,1
"AWAT2","Awat2","ortholog_one2one",100,100,1
"FAF2","Faf2","ortholog_one2one",100,100,1
"SCML4","Scml4","ortholog_one2one",100,100,1
"OR13G1","Olfr309","ortholog_one2one",50,100,1
"ARMC12","Armc12","ortholog_one2one",100,100,1
"FAM167B","Fam167b","ortholog_one2one",100,100,1
"MAFG","Mafg","ortholog_one2one",100,100,1
"ATG101","Atg101","ortholog_one2one",100,100,1
"CCKBR","Cckbr","ortholog_one2one",100,100,1
"EMCN","Emcn","ortholog_one2one",100,100,1
"C3orf33","E130311K13Rik","ortholog_one2one",100,100,1
"CLIC6","Clic6","ortholog_one2one",100,97.49,1
"UNC45A","Unc45a","ortholog_one2one",75,100,1
"SULT1C3","Sult1c1","ortholog_one2one",75,99.2,1
"DCN","Dcn","ortholog_one2one",100,100,1
"SMIM41","Smim41","ortholog_one2one",100,100,0
"GAR1","Gar1","ortholog_one2one",100,100,1
"ZFHX3","Zfhx3","ortholog_one2one",75,100,1
"CGN","Cgn","ortholog_one2one",100,76.85,1
"SLC30A1","Slc30a1","ortholog_one2one",100,100,1
"PSME3","Psme3","ortholog_one2one",100,100,1
"PTK2","Ptk2","ortholog_one2one",100,100,1
"FEM1B","Fem1b","ortholog_one2one",100,100,1
"COL6A6","Col6a6","ortholog_one2one",75,100,1
"SIRT7","Sirt7","ortholog_one2one",100,100,1
"PHLDA3","Phlda3","ortholog_one2one",100,100,1
"BCL9L","Bcl9l","ortholog_one2one",100,100,1
"CLPSL2","Clpsl2","ortholog_one2one",100,76.78,0
"GUCY2F","Gucy2f","ortholog_one2one",100,100,1
"SLC5A8","Slc5a8","ortholog_one2one",100,100,1
"OR6F1","Olfr308","ortholog_one2one",25,100,1
"ERICH5","Erich5","ortholog_one2one",100,100,1
"CHODL","Chodl","ortholog_one2one",100,100,1
"TMEM200A","Tmem200a","ortholog_one2one",100,100,1
"OR13H1","Olfr1325","ortholog_one2one",0,0,0
"SHOC2","Shoc2","ortholog_one2one",100,100,1
"ANKRD54","Ankrd54","ortholog_one2one",100,100,1
"NECTIN1","Nectin1","ortholog_one2one",100,100,1
"MED4","Med4","ortholog_one2one",100,100,1
"TRMT10A","Trmt10a","ortholog_one2one",100,100,1
"STX1A","Stx1a","ortholog_one2one",100,100,1
"TEX29","Tex29","ortholog_one2one",100,77.98,0
"PARVG","Parvg","ortholog_one2one",100,96.76,1
"SYT11","Syt11","ortholog_one2one",100,100,1
"KIAA1755","D630003M21Rik","ortholog_one2one",100,100,1
"CAVIN3","Cavin3","ortholog_one2one",100,100,1
"MTMR4","Mtmr4","ortholog_one2one",100,100,1
"C17orf58","1810010H24Rik","ortholog_one2one",75,100,0
"PDCD4","Pdcd4","ortholog_one2one",100,100,1
"NUDT15","Nudt15","ortholog_one2one",100,100,1
"EXOC3L2","Exoc3l2","ortholog_one2one",100,100,1
"SDHC","Sdhc","ortholog_one2one",100,100,1
"CLN6","Cln6","ortholog_one2one",100,92.64,1
"SUCLA2","Sucla2","ortholog_one2one",100,97.94,1
"MECOM","Mecom","ortholog_one2one",50,100,1
"TNKS1BP1","Tnks1bp1","ortholog_one2one",100,100,1
"CXCR5","Cxcr5","ortholog_one2one",100,100,1
"CLPS","Clps","ortholog_one2one",100,100,1
"DTD2","Dtd2","ortholog_one2one",100,100,1
"CCT4","Cct4","ortholog_one2one",100,99.94,1
"MTTP","Mttp","ortholog_one2one",100,100,1
"FBXO34","Fbxo34","ortholog_one2one",100,100,1
"CALML4","Calml4","ortholog_one2one",100,100,1
"RASGRP1","Rasgrp1","ortholog_one2one",100,98.72,1
"MAN2A2","Man2a2","ortholog_one2one",100,100,1
"KDM5C","Kdm5c","ortholog_one2one",100,100,1
"PPID","Ppid","ortholog_one2one",100,100,1
"SLC5A7","Slc5a7","ortholog_one2one",75,100,1
"PTPN2","Ptpn2","ortholog_one2one",75,100,1
"CNOT6","Cnot6","ortholog_one2one",100,100,1
"CD163","Cd163","ortholog_one2one",50,100,1
"POLH","Polh","ortholog_one2one",100,100,1
"CD151","Cd151","ortholog_one2one",100,100,1
"NETO2","Neto2","ortholog_one2one",100,97.04,1
"OR6K6","Olfr231","ortholog_one2one",100,100,1
"DIAPH2","Diaph2","ortholog_one2one",50,100,1
"RAB33A","Rab33a","ortholog_one2one",100,100,1
"EMC9","Emc9","ortholog_one2one",100,100,1
"PDZD4","Pdzd4","ortholog_one2one",100,100,1
"PPP4R1","Ppp4r1","ortholog_one2one",100,100,1
"KRT80","Krt80","ortholog_one2one",100,100,1
"DAD1","Dad1","ortholog_one2one",100,100,1
"DDIT4L","Ddit4l","ortholog_one2one",100,100,1
"C1orf210","2610528J11Rik","ortholog_one2one",100,100,1
"NDUFA6","Ndufa6","ortholog_one2one",100,100,1
"NFYB","Nfyb","ortholog_one2one",100,100,1
"BMP7","Bmp7","ortholog_one2one",100,100,1
"BUD13","Bud13","ortholog_one2one",100,98.63,1
"GPR161","Gpr161","ortholog_one2one",100,99.61,1
"ZRANB3","Zranb3","ortholog_one2one",100,100,1
"FLT3LG","Flt3l","ortholog_one2one",100,100,1
"EML5","Eml5","ortholog_one2one",100,100,1
"ZFC3H1","Zfc3h1","ortholog_one2one",100,100,1
"PSMD14","Psmd14","ortholog_one2one",100,100,1
"XPO5","Xpo5","ortholog_one2one",75,100,1
"PLD2","Pld2","ortholog_one2one",100,100,1
"NXT2","Nxt2","ortholog_one2one",100,92.54,1
"GPR33","Gpr33","ortholog_one2one",100,100,1
"BMP15","Bmp15","ortholog_one2one",75,100,1
"POU3F4","Pou3f4","ortholog_one2one",100,100,1
"CDC14A","Cdc14a","ortholog_one2one",100,100,1
"KRT7","Krt7","ortholog_one2one",100,100,1
"CYLC1","Cylc1","ortholog_one2one",100,97.83,0
"CD81","Cd81","ortholog_one2one",75,100,1
"MATN1","Matn1","ortholog_one2one",100,100,1
"PRRT1","Prrt1","ortholog_one2one",100,100,1
"BIRC6","Birc6","ortholog_one2one",100,99.99,1
"SPO11","Spo11","ortholog_one2one",100,100,1
"KDM4B","Kdm4b","ortholog_one2one",75,98.97,1
"SOX1","Sox1","ortholog_one2one",100,100,1
"STARD10","Stard10","ortholog_one2one",100,100,1
"CRACR2B","Cracr2b","ortholog_one2one",100,100,1
"TAF1A","Taf1a","ortholog_one2one",100,98.12,1
"BLOC1S3","Bloc1s3","ortholog_one2one",100,100,1
"NCAPD2","Ncapd2","ortholog_one2one",100,100,1
"SLC11A1","Slc11a1","ortholog_one2one",100,99.27,1
"ACBD6","Acbd6","ortholog_one2one",100,100,1
"PLA2G12A","Pla2g12a","ortholog_one2one",100,100,1
"FOXA2","Foxa2","ortholog_one2one",100,100,1
"COX19","Cox19","ortholog_one2one",100,100,1
"UBE2D2","Ube2d2a","ortholog_one2one",100,100,1
"MVB12B","Mvb12b","ortholog_one2one",100,100,1
"RUNX1","Runx1","ortholog_one2one",100,100,1
"TMEM125","Tmem125","ortholog_one2one",100,100,1
"MUSK","Musk","ortholog_one2one",100,100,1
"LRP10","Lrp10","ortholog_one2one",100,100,1
"COL6A5","Col6a5","ortholog_one2one",50,99.61,1
"FBXO16","Fbxo16","ortholog_one2one",100,100,1
"PCGF2","Pcgf2","ortholog_one2one",100,100,1
"SLC33A1","Slc33a1","ortholog_one2one",100,100,1
"VAT1","Vat1","ortholog_one2one",100,100,1
"MYCBP2","Mycbp2","ortholog_one2one",100,100,1
"CNN2","Cnn2","ortholog_one2one",100,98.08,1
"LHFPL5","Lhfpl5","ortholog_one2one",100,98.69,1
"DCAF6","Dcaf6","ortholog_one2one",100,99.06,1
"NPC2","Npc2","ortholog_one2one",100,100,1
"GSTM2","Gstm7","ortholog_one2one",100,13.61,1
"MYL4","Myl4","ortholog_one2one",50,100,1
"CYP2W1","Cyp2w1","ortholog_one2one",100,100,1
"DIO1","Dio1","ortholog_one2one",100,100,1
"CXXC5","Cxxc5","ortholog_one2one",100,100,1
"TRIM17","Trim17","ortholog_one2one",75,100,1
"SGK2","Sgk2","ortholog_one2one",100,100,1
"MS4A13","Ms4a13","ortholog_one2one",100,85.28,0
"RD3","Rd3","ortholog_one2one",100,100,1
"EXOC3L4","Exoc3l4","ortholog_one2one",100,100,1
"RND2","Rnd2","ortholog_one2one",100,100,1
"DNAH2","Dnah2","ortholog_one2one",100,99.38,1
"FKBPL","Fkbpl","ortholog_one2one",100,100,1
"CFAP46","Cfap46","ortholog_one2one",100,99.51,0
"ACADM","Acadm","ortholog_one2one",100,99.29,1
"SAMD3","Samd3","ortholog_one2one",100,100,1
"H2AW","H2aw","ortholog_one2one",50,100,1
"MPZ","Mpz","ortholog_one2one",100,100,1
"DGAT2L6","Dgat2l6","ortholog_one2one",100,100,1
"TNNI1","Tnni1","ortholog_one2one",100,100,1
"GPER1","Gper1","ortholog_one2one",100,100,1
"MRPL15","Mrpl15","ortholog_one2one",100,100,1
"USP7","Usp7","ortholog_one2one",100,97.99,1
"COL13A1","Col13a1","ortholog_one2one",100,100,1
"MARCOL","Gm37797","ortholog_one2one",50,94.04,0
"SLC25A47","Slc25a47","ortholog_one2one",100,100,1
"GPR146","Gpr146","ortholog_one2one",100,100,1
"AWAT1","Awat1","ortholog_one2one",100,100,1
"SSTR4","Sstr4","ortholog_one2one",100,100,1
"LSAMP","Lsamp","ortholog_one2one",100,100,1
"CPNE9","Cpne9","ortholog_one2one",100,100,1
"CSNKA2IP","Csnka2ip","ortholog_one2one",100,100,0
"COL15A1","Col15a1","ortholog_one2one",100,99.22,1
"C7orf50","3110082I17Rik","ortholog_one2one",100,100,1
"NUP98","Nup98","ortholog_one2one",100,100,1
"POU2AF1","Pou2af1","ortholog_one2one",75,100,1
"THBD","Thbd","ortholog_one2one",100,100,1
"C3orf38","4930453N24Rik","ortholog_one2one",100,100,1
"CKMT2","Ckmt2","ortholog_one2one",100,100,1
"EIF3D","Eif3d","ortholog_one2one",100,100,1
"P2RY4","P2ry4","ortholog_one2one",100,100,1
"APLNR","Aplnr","ortholog_one2one",100,100,1
"OR6K3","Olfr424","ortholog_one2one",75,0,1
"INTS1","Ints1","ortholog_one2one",100,100,1
"GPR101","Gpr101","ortholog_one2one",100,100,1
"CRLF2","Crlf2","ortholog_one2one",50,8.17,0
"SYT6","Syt6","ortholog_one2one",100,100,1
"ZNF395","Zfp395","ortholog_one2one",100,100,1
"RASL10B","Rasl10b","ortholog_one2one",100,100,1
"SOX3","Sox3","ortholog_one2one",75,100,1
"AOC2","Aoc2","ortholog_one2one",100,100,1
"GLYCTK","Glyctk","ortholog_one2one",50,100,1
"SEPTIN7","Septin7","ortholog_one2one",75,100,1
"ABHD4","Abhd4","ortholog_one2one",100,100,1
"REM2","Rem2","ortholog_one2one",100,100,1
"PLAC8","Plac8","ortholog_one2one",100,100,1
"ABTB2","Abtb2","ortholog_one2one",100,100,1
"HHIPL2","Hhipl2","ortholog_one2one",100,100,1
"NCOA5","Ncoa5","ortholog_one2one",100,100,1
"MAP3K12","Map3k12","ortholog_one2one",100,100,1
"GNB1","Gnb1","ortholog_one2one",100,100,1
"IQGAP3","Iqgap3","ortholog_one2one",100,100,1
"UBE2E3","Ube2e3","ortholog_one2one",100,100,1
"OR6K2","Olfr420","ortholog_one2one",100,100,1
"PMFBP1","Pmfbp1","ortholog_one2one",100,100,1
"GDF5","Gdf5","ortholog_one2one",100,100,1
"CPNE8","Cpne8","ortholog_one2one",100,100,1
"CASP6","Casp6","ortholog_one2one",100,97.88,1
"RWDD3","Rwdd3","ortholog_one2one",100,94.74,1
"ADAMTS4","Adamts4","ortholog_one2one",100,100,1
"SLC25A12","Slc25a12","ortholog_one2one",100,100,1
"ITFG1","Itfg1","ortholog_one2one",100,100,1
"RTCA","Rtca","ortholog_one2one",100,98.72,1
"FAM3D","Oit1","ortholog_one2one",100,100,1
"SLC4A11","Slc4a11","ortholog_one2one",100,100,1
"GATM","Gatm","ortholog_one2one",100,100,1
"RBX1","Rbx1","ortholog_one2one",100,100,1
"RAB7A","Rab7","ortholog_one2one",50,96.66,1
"SMPD1","Smpd1","ortholog_one2one",100,100,1
"PCP4L1","Pcp4l1","ortholog_one2one",100,100,1
"SH2B3","Sh2b3","ortholog_one2one",100,100,1
"NLRC5","Nlrc5","ortholog_one2one",100,98.62,1
"SSH1","Ssh1","ortholog_one2one",100,100,1
"ETFDH","Etfdh","ortholog_one2one",100,100,1
"CD93","Cd93","ortholog_one2one",100,100,1
"KIAA0100","2610507B11Rik","ortholog_one2one",100,100,1
"NDUFS2","Ndufs2","ortholog_one2one",100,98.95,1
"SPATA7","Spata7","ortholog_one2one",100,100,1
"CSF1","Csf1","ortholog_one2one",100,100,1
"HEY1","Hey1","ortholog_one2one",100,100,1
"BPTF","Bptf","ortholog_one2one",100,100,1
"MIXL1","Mixl1","ortholog_one2one",100,100,1
"WDR82","Wdr82","ortholog_one2one",75,100,1
"OR14J1","Olfr125","ortholog_one2one",0,100,1
"RCOR3","Rcor3","ortholog_one2one",100,100,1
"ISCA2","Isca2","ortholog_one2one",100,100,1
"CPNE6","Cpne6","ortholog_one2one",100,99.5,1
"NXT1","Nxt1","ortholog_one2one",100,100,1
"ACBD3","Acbd3","ortholog_one2one",100,100,1
"SLC44A5","Slc44a5","ortholog_one2one",100,99.51,1
"DDX3X","Ddx3x","ortholog_one2one",100,96.22,1
"MYL6B","Myl6b","ortholog_one2one",75,100,1
"MS4A12","Ms4a12","ortholog_one2one",100,100,1
"KLF15","Klf15","ortholog_one2one",100,100,1
"ZBTB18","Zbtb18","ortholog_one2one",100,100,1
"DUSP10","Dusp10","ortholog_one2one",100,100,1
"MS4A1","Ms4a1","ortholog_one2one",100,100,1
"C4orf46","4930579G24Rik","ortholog_one2one",100,100,1
"CASKIN1","Caskin1","ortholog_one2one",75,100,1
"C12orf71","1700034J05Rik","ortholog_one2one",0,100,0
"ZNF280C","Zfp280c","ortholog_one2one",100,100,1
"SCAMP2","Scamp2","ortholog_one2one",100,100,1
"TERT","Tert","ortholog_one2one",100,99.13,1
"PLEKHA6","Plekha6","ortholog_one2one",100,100,1
"MAP7D1","Map7d1","ortholog_one2one",100,100,1
"CARD10","Card10","ortholog_one2one",100,100,1
"HMOX1","Hmox1","ortholog_one2one",100,100,1
"MCUB","Mcub","ortholog_one2one",100,100,1
"MS4A5","Ms4a5","ortholog_one2one",100,100,1
"ARCN1","Arcn1","ortholog_one2one",100,100,1
"MGA","Mga","ortholog_one2one",100,100,1
"PPFIBP1","Ppfibp1","ortholog_one2one",100,100,1
"SEH1L","Seh1l","ortholog_one2one",100,100,1
"EFNB3","Efnb3","ortholog_one2one",100,100,1
"LHX4","Lhx4","ortholog_one2one",100,100,1
"PCBP2","Pcbp2","ortholog_one2one",100,100,1
"FGF17","Fgf17","ortholog_one2one",100,100,1
"TAS2R60","Tas2r135","ortholog_one2one",75,100,1
"TAS2R41","Tas2r126","ortholog_one2one",50,100,1
"EIF3L","Eif3l","ortholog_one2one",100,100,1
"AFAP1L2","Afap1l2","ortholog_one2one",100,100,1
"RSL24D1","Rsl24d1","ortholog_one2one",100,100,1
"PML","Pml","ortholog_one2one",100,100,1
"KCNE5","Kcne1l","ortholog_one2one",100,100,1
"SOBP","Sobp","ortholog_one2one",100,100,1
"TEKT1","Tekt1","ortholog_one2one",50,100,1
"ATF6B","Atf6b","ortholog_one2one",100,100,1
"ZNF318","Zfp318","ortholog_one2one",100,98.5,1
"TKT","Tkt","ortholog_one2one",100,100,1
"BPI","Bpi","ortholog_one2one",100,100,1
"NUP54","Nup54","ortholog_one2one",100,100,1
"USP3","Usp3","ortholog_one2one",100,99.51,1
"GFPT2","Gfpt2","ortholog_one2one",100,100,1
"IFT52","Ift52","ortholog_one2one",100,100,1
"NPM2","Npm2","ortholog_one2one",100,100,1
"NELL1","Nell1","ortholog_one2one",100,99.08,1
"ATXN2","Atxn2","ortholog_one2one",100,99.32,1
"PPM1M","Ppm1m","ortholog_one2one",100,100,1
"CACNG2","Cacng2","ortholog_one2one",100,100,1
"SLC16A5","Slc16a5","ortholog_one2one",75,100,1
"H1-10","H1f10","ortholog_one2one",50,100,1
"PLAT","Plat","ortholog_one2one",100,98.82,1
"PIAS1","Pias1","ortholog_one2one",100,100,1
"TLCD4","Tlcd4","ortholog_one2one",100,100,1
"RAB26","Rab26","ortholog_one2one",100,100,1
"DOK2","Dok2","ortholog_one2one",75,100,1
"ZNF654","Zfp654","ortholog_one2one",100,100,1
"GKN3P","Gkn3","ortholog_one2one",100,100,1
"TRIM11","Trim11","ortholog_one2one",100,98.76,1
"FAM166C","Fam166c","ortholog_one2one",100,100,1
"UNC13C","Unc13c","ortholog_one2one",100,100,1
"SSR3","Ssr3","ortholog_one2one",100,99.1,1
"NIBAN3","Fam129c","ortholog_one2one",100,93.68,1
"CAB39","Cab39","ortholog_one2one",100,100,1
"XPO7","Xpo7","ortholog_one2one",100,100,1
"LRRC66","Lrrc66","ortholog_one2one",100,100,0
"CNEP1R1","Cnep1r1","ortholog_one2one",100,100,1
"NUBPL","Nubpl","ortholog_one2one",100,100,1
"ZNF367","Zfp367","ortholog_one2one",100,100,1
"ZFAND4","Zfand4","ortholog_one2one",50,98.84,1
"AMH","Amh","ortholog_one2one",100,100,1
"WDR72","Wdr72","ortholog_one2one",100,100,1
"DHX38","Dhx38","ortholog_one2one",75,100,1
"ATG14","Atg14","ortholog_one2one",100,100,1
"C20orf204","Gm29797","ortholog_one2one",75,100,1
"MSTO1","Msto1","ortholog_one2one",75,100,1
"SOX18","Sox18","ortholog_one2one",100,100,1
"MS4A14","Ms4a14","ortholog_one2one",75,92.65,0
"SRSF9","Srsf9","ortholog_one2one",75,100,1
"SAXO1","Saxo1","ortholog_one2one",100,100,1
"KRT84","Krt84","ortholog_one2one",100,100,1
"AGAP2","Agap2","ortholog_one2one",100,100,1
"AP3M2","Ap3m2","ortholog_one2one",100,100,1
"GATAD2B","Gatad2b","ortholog_one2one",100,100,1
"TRAF7","Traf7","ortholog_one2one",100,100,1
"PGLS","Pgls","ortholog_one2one",100,100,1
"SHISAL1","Shisal1","ortholog_one2one",100,98.52,1
"KRT82","Krt82","ortholog_one2one",100,100,1
"MINAR2","Minar2","ortholog_one2one",75,100,1
"RGS6","Rgs6","ortholog_one2one",100,99.94,1
"XKR9","Xkr9","ortholog_one2one",100,100,1
"GPR31","Gpr31b","ortholog_one2one",0,100,1
"TRAF5","Traf5","ortholog_one2one",100,97.55,1
"SKOR1","Skor1","ortholog_one2one",100,100,1
"G3BP2","G3bp2","ortholog_one2one",100,100,1
"NYX","Nyx","ortholog_one2one",100,100,1
"TAFA1","Tafa1","ortholog_one2one",100,100,1
"RTL6","Rtl6","ortholog_one2one",100,100,1
"COLCA2","Colca2","ortholog_one2one",100,100,1
"IL17RE","Il17re","ortholog_one2one",100,100,1
"NDUFB1","Ndufb1-ps","ortholog_one2one",100,100,0
"SLIT2","Slit2","ortholog_one2one",100,100,1
"TXNL4B","Txnl4b","ortholog_one2one",100,100,1
"PRR5","Prr5","ortholog_one2one",100,97.24,1
"PSMA4","Psma4","ortholog_one2one",100,100,1
"OR1F1","Olfr161","ortholog_one2one",50,100,1
"CPSF2","Cpsf2","ortholog_one2one",100,100,1
"GAB3","Gab3","ortholog_one2one",75,100,1
"BMPR2","Bmpr2","ortholog_one2one",100,100,1
"PEX16","Pex16","ortholog_one2one",100,100,1
"TWF2","Twf2","ortholog_one2one",100,100,1
"ONECUT1","Onecut1","ortholog_one2one",100,100,1
"UNC13D","Unc13d","ortholog_one2one",100,100,1
"TOB2","Tob2","ortholog_one2one",75,100,1
"CDR1","Cdr1","ortholog_one2one",75,40.22,0
"GRID2IP","Grid2ip","ortholog_one2one",100,100,1
"TFAM","Tfam","ortholog_one2one",100,100,1
"ADH7","Adh7","ortholog_one2one",100,100,1
"PEX5","Pex5","ortholog_one2one",75,100,1
"PTPRS","Ptprs","ortholog_one2one",75,99.58,1
"PKN1","Pkn1","ortholog_one2one",100,100,1
"ITGA1","Itga1","ortholog_one2one",100,100,1
"FIGN","Fign","ortholog_one2one",100,100,1
"CGGBP1","Cggbp1","ortholog_one2one",100,100,1
"FBL","Fbl","ortholog_one2one",100,100,1
"JAG2","Jag2","ortholog_one2one",100,100,1
"SHROOM4","Shroom4","ortholog_one2one",100,100,1
"C4orf17","4930579F01Rik","ortholog_one2one",100,98.99,0
"TIPARP","Tiparp","ortholog_one2one",100,100,1
"YES1","Yes1","ortholog_one2one",0,99.83,1
"AOC3","Aoc3","ortholog_one2one",100,99.86,1
"TM9SF4","Tm9sf4","ortholog_one2one",100,100,1
"ABO","Abo","ortholog_one2one",50,93.29,1
"SMTNL2","Smtnl2","ortholog_one2one",50,100,1
"H3-3A","H3f3a","ortholog_one2one",100,100,1
"LARGE2","Large2","ortholog_one2one",100,100,1
"TRAPPC6A","Trappc6a","ortholog_one2one",100,100,1
"MYO1B","Myo1b","ortholog_one2one",100,100,1
"GPR83","Gpr83","ortholog_one2one",100,100,1
"PCDH19","Pcdh19","ortholog_one2one",50,100,1
"C11orf53","1810046K07Rik","ortholog_one2one",100,100,1
"HTR1F","Htr1f","ortholog_one2one",100,100,1
"KIF21A","Kif21a","ortholog_one2one",100,100,1
"EEF1AKMT3","Eef1akmt3","ortholog_one2one",100,100,1
"PELO","Pelo","ortholog_one2one",100,100,1
"CLDN19","Cldn19","ortholog_one2one",100,100,1
"METTL1","Mettl1","ortholog_one2one",100,99.72,1
"EIF3H","Eif3h","ortholog_one2one",100,99.71,1
"POLR2L","Polr2l","ortholog_one2one",100,100,1
"ARHGAP5","Arhgap5","ortholog_one2one",100,100,1
"KANTR","Kantr","ortholog_one2one",100,100,1
"AL021546.1","Gatc","ortholog_one2one",100,84,1
"GPRASP2","Gprasp2","ortholog_one2one",75,100,1
"ARR3","Arr3","ortholog_one2one",100,100,1
"LMO4","Lmo4","ortholog_one2one",100,100,1
"MTUS2","Mtus2","ortholog_one2one",100,100,1
"JSRP1","Jsrp1","ortholog_one2one",100,100,1
"FBXL12","Fbxl12","ortholog_one2one",75,100,1
"CA12","Car12","ortholog_one2one",100,100,1
"CHSY3","Chsy3","ortholog_one2one",50,100,1
"STRAP","Strap","ortholog_one2one",100,100,1
"FAM161A","Fam161a","ortholog_one2one",100,100,0
"EGFLAM","Egflam","ortholog_one2one",100,100,1
"COQ2","Coq2","ortholog_one2one",100,97.69,1
"ST6GAL2","St6gal2","ortholog_one2one",50,100,1
"GMPS","Gmps","ortholog_one2one",100,100,1
"LPAR1","Lpar1","ortholog_one2one",100,100,1
"KRT75","Krt75","ortholog_one2one",100,100,1
"PBX3","Pbx3","ortholog_one2one",100,100,1
"LHX8","Lhx8","ortholog_one2one",100,99.6,1
"RAE1","Rae1","ortholog_one2one",100,98.96,1
"MIER3","Mier3","ortholog_one2one",100,100,1
"ZIC3","Zic3","ortholog_one2one",100,100,1
"ATP12A","Atp12a","ortholog_one2one",50,100,1
"CIB4","Cib4","ortholog_one2one",100,100,1
"NT5C","Nt5c","ortholog_one2one",100,100,1
"PPP1CB","Ppp1cb","ortholog_one2one",50,100,1
"CPSF1","Cpsf1","ortholog_one2one",100,100,1
"TCEA2","Tcea2","ortholog_one2one",100,100,1
"POU1F1","Pou1f1","ortholog_one2one",100,100,1
"SPTA1","Spta1","ortholog_one2one",100,100,1
"ALKBH8","Alkbh8","ortholog_one2one",50,100,1
"PNOC","Pnoc","ortholog_one2one",100,100,1
"KCNK3","Kcnk3","ortholog_one2one",100,100,1
"THY1","Thy1","ortholog_one2one",75,100,1
"TSPYL2","Tspyl2","ortholog_one2one",75,100,1
"NTAN1","Ntan1","ortholog_one2one",25,100,1
"SDE2","Sde2","ortholog_one2one",100,100,1
"SNTG2","Sntg2","ortholog_one2one",100,100,1
"DLG2","Dlg2","ortholog_one2one",100,100,1
"ARMC7","Armc7","ortholog_one2one",100,100,1
"SIK2","Sik2","ortholog_one2one",100,100,1
"MAT2B","Mat2b","ortholog_one2one",100,100,1
"ULK3","Ulk3","ortholog_one2one",100,100,1
"SRP14","Srp14","ortholog_one2one",100,97.69,1
"B3GALT5","B3galt5","ortholog_one2one",100,99.44,1
"LTBP1","Ltbp1","ortholog_one2one",100,100,1
"PTOV1","Ptov1","ortholog_one2one",100,100,1
"ALAS1","Alas1","ortholog_one2one",100,100,1
"THBS1","Thbs1","ortholog_one2one",100,100,1
"C15orf48","AA467197","ortholog_one2one",100,76.88,0
"STOML1","Stoml1","ortholog_one2one",100,100,1
"GPR173","Gpr173","ortholog_one2one",50,100,1
"TMEM184A","Tmem184a","ortholog_one2one",100,100,1
"POGZ","Pogz","ortholog_one2one",100,100,1
"TANGO2","Tango2","ortholog_one2one",100,100,1
"COX7A2L","Cox7a2l","ortholog_one2one",100,100,1
"SURF6","Surf6","ortholog_one2one",100,100,1
"GPRASP1","Gprasp1","ortholog_one2one",100,99.4,1
"HTR2A","Htr2a","ortholog_one2one",100,100,1
"NIPAL3","Nipal3","ortholog_one2one",100,94.38,1
"DBT","Dbt","ortholog_one2one",100,100,1
"NKPD1","Nkpd1","ortholog_one2one",100,100,1
"PDXDC1","Pdxdc1","ortholog_one2one",50,100,1
"NOL11","Nol11","ortholog_one2one",100,100,1
"MYOT","Myot","ortholog_one2one",0,100,1
"EFCAB13","Gm11639","ortholog_one2one",50,58.55,0
"CLDN1","Cldn1","ortholog_one2one",100,100,1
"CDCA2","Cdca2","ortholog_one2one",100,99.54,1
"TNMD","Tnmd","ortholog_one2one",100,100,1
"PTGER1","Ptger1","ortholog_one2one",100,100,1
"LRRC55","Lrrc55","ortholog_one2one",100,100,1
"PPP1R37","Ppp1r37","ortholog_one2one",100,100,1
"ARMCX5","Armcx5","ortholog_one2one",100,98.4,1
"MRPS28","Mrps28","ortholog_one2one",100,100,1
"EFCAB3","Efcab3","ortholog_one2one",50,100,1
"MRTFA","Mrtfa","ortholog_one2one",100,100,1
"ACSL4","Acsl4","ortholog_one2one",100,100,1
"PDSS2","Pdss2","ortholog_one2one",100,100,1
"GAS2L2","Gas2l2","ortholog_one2one",75,100,1
"ADRA2A","Adra2a","ortholog_one2one",100,100,1
"SHROOM2","Shroom2","ortholog_one2one",25,100,1
"ALDH1L1","Aldh1l1","ortholog_one2one",75,99.9,1
"MAFK","Mafk","ortholog_one2one",100,100,1
"PHF5A","Phf5a","ortholog_one2one",100,100,1
"BEND5","Bend5","ortholog_one2one",100,100,1
"PSEN1","Psen1","ortholog_one2one",100,100,1
"TMPRSS15","Tmprss15","ortholog_one2one",100,99.18,1
"G6PC","G6pc","ortholog_one2one",100,100,1
"HSPG2","Hspg2","ortholog_one2one",100,99.83,1
"LOXL1","Loxl1","ortholog_one2one",100,100,1
"GEMIN7","Gemin7","ortholog_one2one",100,100,1
"PPP2R1B","Ppp2r1b","ortholog_one2one",100,100,1
"PSMG3","Psmg3","ortholog_one2one",100,100,1
"MMP28","Mmp28","ortholog_one2one",100,100,1
"ADCK5","Adck5","ortholog_one2one",100,100,1
"KRT5","Krt5","ortholog_one2one",100,100,1
"PCP4","Pcp4","ortholog_one2one",100,100,1
"ZNF296","Zfp296","ortholog_one2one",100,100,1
"MEF2D","Mef2d","ortholog_one2one",100,100,1
"OS9","Os9","ortholog_one2one",100,100,1
"COL20A1","Col20a1","ortholog_one2one",100,100,1
"AGBL4","Agbl4","ortholog_one2one",100,100,1
"TMEM18","Tmem18","ortholog_one2one",100,93.17,1
"GPR143","Gpr143","ortholog_one2one",25,100,1
"NR4A2","Nr4a2","ortholog_one2one",100,100,1
"KRT71","Krt71","ortholog_one2one",100,100,1
"ZFAND2A","Zfand2a","ortholog_one2one",100,93.63,0
"CRYZ","Cryz","ortholog_one2one",100,100,1
"OR10Z1","Olfr419","ortholog_one2one",100,100,1
"L3MBTL3","L3mbtl3","ortholog_one2one",100,97.15,1
"NUPR2","Nupr1l","ortholog_one2one",0,100,1
"USP51","Usp51","ortholog_one2one",25,100,1
"STPG1","Stpg1","ortholog_one2one",100,100,1
"YIPF1","Yipf1","ortholog_one2one",100,100,1
"MAGEH1","Mageh1","ortholog_one2one",25,100,1
"POC1A","Poc1a","ortholog_one2one",100,100,1
"FOLH1","Folh1","ortholog_one2one",0,100,1
"C20orf173","6430550D23Rik","ortholog_one2one",100,100,0
"C17orf50","1700020L24Rik","ortholog_one2one",75,100,1
"MUC13","Muc13","ortholog_one2one",100,74.91,0
"GSDME","Gsdme","ortholog_one2one",100,100,1
"LIN28A","Lin28a","ortholog_one2one",100,100,1
"PHF21B","Phf21b","ortholog_one2one",100,98.74,1
"SLC35F6","Slc35f6","ortholog_one2one",100,100,1
"CEP250","Cep250","ortholog_one2one",100,99.74,1
"BMP10","Bmp10","ortholog_one2one",100,100,1
"IZUMO1R","Izumo1r","ortholog_one2one",100,100,1
"TAFA4","Tafa4","ortholog_one2one",100,100,1
"HSP90B1","Hsp90b1","ortholog_one2one",50,100,1
"DLGAP1","Dlgap1","ortholog_one2one",100,100,1
"HEG1","Heg1","ortholog_one2one",100,100,1
"DERA","Dera","ortholog_one2one",100,100,1
"UTP23","Utp23","ortholog_one2one",100,100,1
"SGCB","Sgcb","ortholog_one2one",100,100,1
"OLFML2A","Olfml2a","ortholog_one2one",100,99.22,1
"KCNG3","Kcng3","ortholog_one2one",100,100,1
"CFAP20DC","4930452B06Rik","ortholog_one2one",100,100,1
"SLC24A4","Slc24a4","ortholog_one2one",100,100,1
"BRCA1","Brca1","ortholog_one2one",100,99.52,1
"SELENOF","Selenof","ortholog_one2one",100,100,1
"NETO1","Neto1","ortholog_one2one",75,100,1
"HABP4","Habp4","ortholog_one2one",75,100,1
"ADGRA1","Adgra1","ortholog_one2one",100,79.9,0
"PRMT5","Prmt5","ortholog_one2one",100,100,1
"SPATC1L","Spatc1l","ortholog_one2one",100,100,1
"MPP6","Mpp6","ortholog_one2one",100,100,1
"MCM5","Mcm5","ortholog_one2one",75,100,1
"ARFGEF2","Arfgef2","ortholog_one2one",100,99.95,1
"VWA8","Vwa8","ortholog_one2one",100,100,1
"FOXR2","Foxr2","ortholog_one2one",50,100,1
"CLDN16","Cldn16","ortholog_one2one",100,100,1
"MPC2","Mpc2","ortholog_one2one",100,100,1
"RIDA","Rida","ortholog_one2one",100,100,1
"UNC13A","Unc13a","ortholog_one2one",50,100,1
"SH2D6","Sh2d6","ortholog_one2one",100,100,0
"RAB8B","Rab8b","ortholog_one2one",100,100,1
"SRPK1","Srpk1","ortholog_one2one",100,100,1
"ATP5MC3","Atp5g3","ortholog_one2one",100,100,1
"SCARB2","Scarb2","ortholog_one2one",100,96.9,1
"DUSP7","Dusp7","ortholog_one2one",100,100,1
"RRAGB","Rragb","ortholog_one2one",50,100,1
"PPP1R9B","Ppp1r9b","ortholog_one2one",100,100,1
"TMEM207","Tmem207","ortholog_one2one",100,100,1
"SPP2","Spp2","ortholog_one2one",100,100,1
"VRK3","Vrk3","ortholog_one2one",100,100,1
"KRT72","Krt72","ortholog_one2one",100,100,1
"PYCR1","Pycr1","ortholog_one2one",100,100,1
"CTDSP1","Ctdsp1","ortholog_one2one",100,100,1
"MEFV","Mefv","ortholog_one2one",75,98.29,0
"ALKAL2","Alkal2","ortholog_one2one",100,100,1
"GGT6","Ggt6","ortholog_one2one",75,100,1
"EEPD1","Eepd1","ortholog_one2one",50,100,1
"TSPAN4","Tspan4","ortholog_one2one",100,100,1
"SGSM3","Sgsm3","ortholog_one2one",100,99.77,1
"HEATR3","Heatr3","ortholog_one2one",100,100,1
"LAD1","Lad1","ortholog_one2one",100,99.35,1
"KLF8","Klf8","ortholog_one2one",75,100,1
"TXNRD1","Txnrd1","ortholog_one2one",100,98.11,1
"STK16","Stk16","ortholog_one2one",100,100,1
"DAO","Dao","ortholog_one2one",100,100,1
"PCSK1","Pcsk1","ortholog_one2one",100,100,1
"QSOX1","Qsox1","ortholog_one2one",100,100,1
"PSMB3","Psmb3","ortholog_one2one",100,100,1
"RIPK1","Ripk1","ortholog_one2one",50,100,1
"XPO1","Xpo1","ortholog_one2one",100,100,1
"CRIP3","Crip3","ortholog_one2one",100,100,1
"ZNF622","Zfp622","ortholog_one2one",100,100,1
"CHMP2B","Chmp2b","ortholog_one2one",100,100,1
"KRT73","Krt73","ortholog_one2one",100,100,1
"TRIAP1","Triap1","ortholog_one2one",100,100,1
"DGKK","Dgkk","ortholog_one2one",100,99.54,1
"CHRNA5","Chrna5","ortholog_one2one",100,99.53,1
"ABCC9","Abcc9","ortholog_one2one",100,100,1
"WRAP53","Wrap53","ortholog_one2one",100,100,1
"GZF1","Gzf1","ortholog_one2one",100,100,1
"TYW3","Tyw3","ortholog_one2one",100,100,1
"KRT2","Krt2","ortholog_one2one",100,100,1
"LUM","Lum","ortholog_one2one",100,100,1
"SYCE1L","Syce1l","ortholog_one2one",100,96.77,1
"BMF","Bmf","ortholog_one2one",100,100,1
"GAP43","Gap43","ortholog_one2one",100,100,1
"ITM2C","Itm2c","ortholog_one2one",100,100,1
"CHID1","Chid1","ortholog_one2one",100,100,1
"ANKRD31","Ankrd31","ortholog_one2one",100,100,1
"UBQLN2","Ubqln2","ortholog_one2one",50,100,1
"KRT1","Krt1","ortholog_one2one",100,100,1
"SH3GLB1","Sh3glb1","ortholog_one2one",100,100,1
"RENBP","Renbp","ortholog_one2one",100,100,1
"TUBA4A","Tuba4a","ortholog_one2one",100,100,1
"RASD2","Rasd2","ortholog_one2one",50,100,1
"HPSE","Hpse","ortholog_one2one",100,100,1
"VKORC1L1","Vkorc1l1","ortholog_one2one",25,100,1
"WDR38","Wdr38","ortholog_one2one",100,100,1
"NQO2","Nqo2","ortholog_one2one",75,100,1
"H2AZ1","H2az1","ortholog_one2one",100,100,1
"OLFML3","Olfml3","ortholog_one2one",100,100,1
"SLC30A4","Slc30a4","ortholog_one2one",100,100,1
"TNFAIP2","Tnfaip2","ortholog_one2one",100,100,1
"RRAGA","Rraga","ortholog_one2one",100,100,1
"KRT77","Krt77","ortholog_one2one",100,100,1
"TSPAN6","Tspan6","ortholog_one2one",100,100,1
"NOTUM","Notum","ortholog_one2one",100,100,1
"ZNF473","Zfp473","ortholog_one2one",100,99.01,0
"REP15","Rep15","ortholog_one2one",100,100,1
"KERA","Kera","ortholog_one2one",100,100,1
"ARHGAP17","Arhgap17","ortholog_one2one",100,99.9,1
"LACTB","Lactb","ortholog_one2one",100,100,1
"CEP192","Cep192","ortholog_one2one",100,100,1
"MMP23B","Mmp23","ortholog_one2one",100,100,1
"MON1B","Mon1b","ortholog_one2one",100,100,1
"ARPC5L","Arpc5l","ortholog_one2one",100,100,1
"LTBP2","Ltbp2","ortholog_one2one",100,100,1
"CCNB3","Ccnb3","ortholog_one2one",100,95.81,0
"MYO9A","Myo9a","ortholog_one2one",100,100,1
"GPD2","Gpd2","ortholog_one2one",100,100,1
"COLGALT1","Colgalt1","ortholog_one2one",75,100,1
"GRB14","Grb14","ortholog_one2one",100,100,1
"SOX6","Sox6","ortholog_one2one",100,100,1
"TUBGCP3","Tubgcp3","ortholog_one2one",100,100,1
"LDOC1","Ldoc1","ortholog_one2one",0,100,1
"COX6A1","Cox6a1","ortholog_one2one",75,100,1
"MS4A7","Ms4a7","ortholog_one2one",50,97.94,0
"SNTB1","Sntb1","ortholog_one2one",100,100,1
"MYADML2","Myadml2","ortholog_one2one",100,100,0
"VGLL3","Vgll3","ortholog_one2one",100,100,1
"OPHN1","Ophn1","ortholog_one2one",100,100,1
"EOGT","Eogt","ortholog_one2one",100,100,1
"UBE2D1","Ube2d1","ortholog_one2one",100,100,1
"SRPX2","Srpx2","ortholog_one2one",100,100,1
"ICA1L","Ica1l","ortholog_one2one",100,97.74,1
"TSSC4","Tssc4","ortholog_one2one",100,100,1
"RXFP1","Rxfp1","ortholog_one2one",100,100,1
"CD40","Cd40","ortholog_one2one",100,100,1
"GCNT4","Gcnt4","ortholog_one2one",100,100,1
"SLC22A7","Slc22a7","ortholog_one2one",100,100,1
"RAD21","Rad21","ortholog_one2one",100,100,1
"CPLX3","Cplx3","ortholog_one2one",100,100,1
"PAPLN","Papln","ortholog_one2one",100,100,1
"PSMB4","Psmb4","ortholog_one2one",100,100,1
"ARID4A","Arid4a","ortholog_one2one",100,100,1
"RBM38","Rbm38","ortholog_one2one",100,100,1
"DHODH","Dhodh","ortholog_one2one",75,100,1
"MYO9B","Myo9b","ortholog_one2one",50,100,1
"TRPM5","Trpm5","ortholog_one2one",100,100,1
"HSD17B14","Hsd17b14","ortholog_one2one",100,92.79,1
"ZC3H10","Zc3h10","ortholog_one2one",100,100,1
"FAM117B","Fam117b","ortholog_one2one",100,100,1
"FTCD","Ftcd","ortholog_one2one",100,99.04,1
"KDELR2","Kdelr2","ortholog_one2one",100,100,1
"KIAA0930","5031439G07Rik","ortholog_one2one",100,99.65,1
"EID3","Eid3","ortholog_one2one",100,100,1
"TNXB","Tnxb","ortholog_one2one",75,98.97,1
"ESYT1","Esyt1","ortholog_one2one",100,100,1
"CHRNA3","Chrna3","ortholog_one2one",75,100,1
"MAP2K5","Map2k5","ortholog_one2one",100,100,1
"ARHGEF40","Arhgef40","ortholog_one2one",100,100,1
"LMAN1L","Lman1l","ortholog_one2one",100,100,1
"STAC3","Stac3","ortholog_one2one",100,100,1
"MRPL51","Mrpl51","ortholog_one2one",100,100,1
"TMEM114","Tmem114","ortholog_one2one",100,100,1
"B4GALT3","B4galt3","ortholog_one2one",100,100,1
"IQCM","Iqcm","ortholog_one2one",50,96.93,1
"TBC1D21","Tbc1d21","ortholog_one2one",100,100,1
"B4GALNT1","B4galnt1","ortholog_one2one",100,100,1
"KCTD9","Kctd9","ortholog_one2one",100,100,1
"TCAF1","Tcaf1","ortholog_one2one",50,100,1
"IRX1","Irx1","ortholog_one2one",100,100,1
"ZNF263","Zfp263","ortholog_one2one",100,100,1
"C1orf100","1700016C15Rik","ortholog_one2one",100,100,1
"KNDC1","Kndc1","ortholog_one2one",100,100,1
"CCDC28B","Ccdc28b","ortholog_one2one",100,100,1
"CTCFL","Ctcfl","ortholog_one2one",100,91.83,1
"ANO5","Ano5","ortholog_one2one",100,100,1
"IFT27","Ift27","ortholog_one2one",100,100,1
"UPK3A","Upk3a","ortholog_one2one",100,100,1
"KRT76","Krt76","ortholog_one2one",100,100,1
"ARHGAP18","Arhgap18","ortholog_one2one",100,100,1
"NRL","Nrl","ortholog_one2one",100,100,1
"IL17RC","Il17rc","ortholog_one2one",100,100,1
"SELENOS","Selenos","ortholog_one2one",100,100,0
"ELFN1","Elfn1","ortholog_one2one",100,100,1
"PHACTR3","Phactr3","ortholog_one2one",100,100,1
"PPOX","Ppox","ortholog_one2one",100,100,1
"AARD","Aard","ortholog_one2one",100,99.97,1
"FAM118A","Fam118a","ortholog_one2one",100,100,1
"FN1","Fn1","ortholog_one2one",100,100,1
"ALG14","Alg14","ortholog_one2one",100,100,1
"KRT4","Krt4","ortholog_one2one",100,100,1
"EYA1","Eya1","ortholog_one2one",100,99.36,1
"RPS6KA6","Rps6ka6","ortholog_one2one",100,98.49,1
"DCDC2B","Dcdc2b","ortholog_one2one",100,100,1
"ADSS2","Adss","ortholog_one2one",100,100,1
"RGCC","Rgcc","ortholog_one2one",100,100,1
"ECHDC2","Echdc2","ortholog_one2one",100,100,1
"KRT79","Krt79","ortholog_one2one",100,100,1
"COA5","Coa5","ortholog_one2one",100,100,1
"SASS6","Sass6","ortholog_one2one",100,100,1
"FAM166B","Fam166b","ortholog_one2one",100,100,0
"PDGFRA","Pdgfra","ortholog_one2one",100,100,1
"NAA16","Naa16","ortholog_one2one",100,100,1
"MTA3","Mta3","ortholog_one2one",100,99.46,1
"SAT1","Sat1","ortholog_one2one",50,100,1
"RPS8","Rps8","ortholog_one2one",100,100,1
"ELL2","Ell2","ortholog_one2one",100,100,1
"SCEL","Scel","ortholog_one2one",100,99.45,1
"CNN3","Cnn3","ortholog_one2one",100,100,1
"GPR55","Gpr55","ortholog_one2one",100,100,1
"RAC1","Rac1","ortholog_one2one",100,100,1
"PHKB","Phkb","ortholog_one2one",100,100,1
"ENO3","Eno3","ortholog_one2one",100,100,1
"CEP350","Cep350","ortholog_one2one",100,100,1
"DCP2","Dcp2","ortholog_one2one",50,100,1
"MIB2","Mib2","ortholog_one2one",100,98.38,1
"RUSC2","Rusc2","ortholog_one2one",100,100,1
"ARHGAP20","Arhgap20","ortholog_one2one",100,100,1
"CHRNA4","Chrna4","ortholog_one2one",100,100,1
"TTBK1","Ttbk1","ortholog_one2one",100,100,1
"CHSY1","Chsy1","ortholog_one2one",100,100,1
"TRMT13","Trmt13","ortholog_one2one",100,100,1
"SMC1B","Smc1b","ortholog_one2one",100,100,1
"PANX1","Panx1","ortholog_one2one",100,100,1
"HMMR","Hmmr","ortholog_one2one",100,95.51,1
"CATSPERE","Catspere1","ortholog_one2one",100,18.23,1
"CPNE2","Cpne2","ortholog_one2one",100,100,1
"DAGLB","Daglb","ortholog_one2one",100,100,1
"RBM6","Rbm6","ortholog_one2one",100,100,1
"RBM39","Rbm39","ortholog_one2one",100,100,1
"KIF4A","Kif4","ortholog_one2one",100,100,1
"MTRF1","Mtrf1","ortholog_one2one",100,100,1
"GLB1L2","Glb1l2","ortholog_one2one",75,100,1
"C16orf70","D230025D16Rik","ortholog_one2one",100,100,1
"IQCC","Iqcc","ortholog_one2one",100,100,0
"AKAP4","Akap4","ortholog_one2one",100,100,1
"MAPKBP1","Mapkbp1","ortholog_one2one",100,100,1
"SLC7A1","Slc7a1","ortholog_one2one",100,100,1
"IQCH","Iqch","ortholog_one2one",100,100,1
"PDZD11","Pdzd11","ortholog_one2one",100,100,1
"METTL22","Mettl22","ortholog_one2one",100,99.11,1
"HAUS8","Haus8","ortholog_one2one",50,86.65,0
"PCK1","Pck1","ortholog_one2one",100,100,1
"TENT4B","Tent4b","ortholog_one2one",100,100,1
"POLR3H","Polr3h","ortholog_one2one",75,100,1
"DNPH1","Dnph1","ortholog_one2one",100,92.01,0
"LRRC39","Lrrc39","ortholog_one2one",100,97.24,1
"RIBC2","Ribc2","ortholog_one2one",100,100,1
"EPYC","Epyc","ortholog_one2one",100,100,1
"PRDX4","Prdx4","ortholog_one2one",100,100,1
"ELP3","Elp3","ortholog_one2one",100,100,1
"EFR3A","Efr3a","ortholog_one2one",100,100,1
"AJUBA","Ajuba","ortholog_one2one",100,100,1
"ZBP1","Zbp1","ortholog_one2one",100,88.17,0
"MYBBP1A","Mybbp1a","ortholog_one2one",100,100,1
"ALKBH2","Alkbh2","ortholog_one2one",100,100,1
"USO1","Uso1","ortholog_one2one",100,100,1
"ACO2","Aco2","ortholog_one2one",100,100,1
"PCK2","Pck2","ortholog_one2one",100,100,1
"SLITRK4","Slitrk4","ortholog_one2one",50,100,1
"TP53","Trp53","ortholog_one2one",100,100,1
"CCER1","Ccer1","ortholog_one2one",100,100,1
"USP30","Usp30","ortholog_one2one",100,100,1
"MAD1L1","Mad1l1","ortholog_one2one",75,100,1
"LCMT1","Lcmt1","ortholog_one2one",100,100,1
"GSG1L2","Gsg1l2","ortholog_one2one",75,100,1
"MARCHF11","Marchf11","ortholog_one2one",100,100,1
"PTCHD1","Ptchd1","ortholog_one2one",100,100,1
"C14orf93","4931414P19Rik","ortholog_one2one",100,100,1
"SPATA18","Spata18","ortholog_one2one",100,100,1
"B3GNT9","B3gnt9","ortholog_one2one",100,100,1
"SAMD14","Samd14","ortholog_one2one",100,100,1
"C16orf72","1810013L24Rik","ortholog_one2one",100,100,1
"CSK","Csk","ortholog_one2one",100,100,1
"B3GAT1","B3gat1","ortholog_one2one",50,100,1
"TMEM144","Tmem144","ortholog_one2one",100,100,1
"CENPA","Cenpa","ortholog_one2one",100,100,1
"PHEX","Phex","ortholog_one2one",100,100,1
"TMF1","Tmf1","ortholog_one2one",100,100,1
"STBD1","Stbd1","ortholog_one2one",100,100,1
"PIP4K2B","Pip4k2b","ortholog_one2one",100,100,1
"TLK2","Tlk2","ortholog_one2one",100,100,1
"ABCA7","Abca7","ortholog_one2one",100,99.51,1
"SVOP","Svop","ortholog_one2one",100,100,1
"MON1A","Mon1a","ortholog_one2one",100,100,1
"CRELD1","Creld1","ortholog_one2one",100,96.03,1
"ARL4C","Arl4c","ortholog_one2one",100,100,1
"STK32B","Stk32b","ortholog_one2one",100,100,1
"GNG2","Gng2","ortholog_one2one",50,92.34,1
"SMS","Sms","ortholog_one2one",100,100,1
"WBP4","Wbp4","ortholog_one2one",75,100,1
"PSMB5","Psmb5","ortholog_one2one",100,100,1
"MST1R","Mst1r","ortholog_one2one",100,100,1
"PRRT3","Prrt3","ortholog_one2one",100,100,1
"CBLN2","Cbln2","ortholog_one2one",100,100,1
"DNAJC30","Dnajc30","ortholog_one2one",100,100,1
"GTF2E2","Gtf2e2","ortholog_one2one",100,100,1
"BUD23","Bud23","ortholog_one2one",100,100,1
"PRKCD","Prkcd","ortholog_one2one",100,100,1
"CWF19L2","Cwf19l2","ortholog_one2one",75,100,1
"PSMB11","Psmb11","ortholog_one2one",100,100,1
"CCDC158","Ccdc158","ortholog_one2one",100,100,1
"DHRS7C","Dhrs7c","ortholog_one2one",100,100,1
"ELF1","Elf1","ortholog_one2one",50,100,1
"BRPF1","Brpf1","ortholog_one2one",100,100,1
"DDX39A","Ddx39","ortholog_one2one",75,100,1
"PSD2","Psd2","ortholog_one2one",100,100,1
"SMIM18","Smim18","ortholog_one2one",100,100,1
"NUGGC","Nuggc","ortholog_one2one",100,100,1
"CHRNB4","Chrnb4","ortholog_one2one",50,100,1
"A1CF","A1cf","ortholog_one2one",25,99.67,1
"GPR82","Gpr82","ortholog_one2one",100,100,1
"SPNS2","Spns2","ortholog_one2one",100,100,1
"ZNF219","Zfp219","ortholog_one2one",100,100,1
"KAZN","Kazn","ortholog_one2one",100,91,0
"USP46","Usp46","ortholog_one2one",100,100,1
"FBLN1","Fbln1","ortholog_one2one",100,98.49,1
"CASK","Cask","ortholog_one2one",100,100,1
"CDH22","Cdh22","ortholog_one2one",100,100,1
"HAUS6","Haus6","ortholog_one2one",100,100,1
"NXF3","Nxf3","ortholog_one2one",50,100,0
"GFM2","Gfm2","ortholog_one2one",100,100,1
"C15orf61","2300009A05Rik","ortholog_one2one",100,100,1
"ACIN1","Acin1","ortholog_one2one",100,100,1
"NDUFA4L2","Ndufa4l2","ortholog_one2one",100,100,1
"RGS19","Rgs19","ortholog_one2one",75,100,1
"SHMT2","Shmt2","ortholog_one2one",100,100,1
"ADGRE5","Adgre5","ortholog_one2one",100,98.08,1
"TRAPPC3","Trappc3","ortholog_one2one",100,100,1
"HELQ","Helq","ortholog_one2one",100,99.72,1
"FDX1","Fdx1","ortholog_one2one",75,100,1
"L1CAM","L1cam","ortholog_one2one",75,100,1
"CFAP52","Cfap52","ortholog_one2one",100,100,1
"PMEPA1","Pmepa1","ortholog_one2one",100,100,1
"NR2E3","Nr2e3","ortholog_one2one",100,100,1
"NR3C2","Nr3c2","ortholog_one2one",75,100,1
"EMC3","Emc3","ortholog_one2one",100,100,1
"FAM214A","Fam214a","ortholog_one2one",100,100,1
"RASGRF2","Rasgrf2","ortholog_one2one",100,96.47,1
"CYTL1","Cytl1","ortholog_one2one",100,100,1
"C20orf85","1700021F07Rik","ortholog_one2one",100,100,1
"LDLRAD4","Ldlrad4","ortholog_one2one",100,100,1
"SPAG7","Spag7","ortholog_one2one",100,100,1
"TMEM253","Tmem253","ortholog_one2one",100,100,1
"HDX","Hdx","ortholog_one2one",100,100,1
"USP43","Usp43","ortholog_one2one",100,100,1
"FAM210A","Fam210a","ortholog_one2one",100,100,1
"GASK1B","Gask1b","ortholog_one2one",100,100,1
"SCARA5","Scara5","ortholog_one2one",100,100,1
"FANCM","Fancm","ortholog_one2one",100,99.25,1
"COL8A2","Col8a2","ortholog_one2one",100,100,1
"GNRH1","Gnrh1","ortholog_one2one",100,100,1
"TCEAL8","Tceal8","ortholog_one2one",100,100,1
"BLOC1S6","Bloc1s6","ortholog_one2one",100,100,1
"SPATA3","Spata3","ortholog_one2one",100,100,0
"LRRC74B","Lrrc74b","ortholog_one2one",0,100,1
"NAPB","Napb","ortholog_one2one",100,100,1
"HAAO","Haao","ortholog_one2one",100,100,1
"MBTPS2","Mbtps2","ortholog_one2one",100,100,1
"ZNRF4","Znrf4","ortholog_one2one",0,96.28,0
"LGR5","Lgr5","ortholog_one2one",100,100,1
"PDLIM3","Pdlim3","ortholog_one2one",100,100,1
"ARHGAP25","Arhgap25","ortholog_one2one",75,100,1
"ANKRD60","Ankrd60","ortholog_one2one",100,100,1
"SUGT1","Sugt1","ortholog_one2one",50,97.11,1
"ADAM8","Adam8","ortholog_one2one",100,100,1
"MAPK8","Mapk8","ortholog_one2one",75,100,1
"CAMKV","Camkv","ortholog_one2one",100,100,1
"ADCY7","Adcy7","ortholog_one2one",100,100,1
"TMEM164","Tmem164","ortholog_one2one",100,100,1
"RIN3","Rin3","ortholog_one2one",100,100,1
"CSE1L","Cse1l","ortholog_one2one",100,100,1
"HLX","Hlx","ortholog_one2one",100,100,1
"ARPP19","Arpp19","ortholog_one2one",100,97.16,1
"ATP1B2","Atp1b2","ortholog_one2one",75,100,1
"NEXN","Nexn","ortholog_one2one",100,100,1
"FMNL2","Fmnl2","ortholog_one2one",100,100,1
"NEUROG3","Neurog3","ortholog_one2one",100,100,1
"FAM241B","Fam241b","ortholog_one2one",100,100,1
"DMC1","Dmc1","ortholog_one2one",100,100,1
"ATXN10","Atxn10","ortholog_one2one",100,100,1
"TCEAL7","Tceal7","ortholog_one2one",100,100,1
"CSTL1","Cstl1","ortholog_one2one",100,100,1
"MSX1","Msx1","ortholog_one2one",100,100,1
"UBA7","Uba7","ortholog_one2one",100,100,1
"TCEAL9","Tceal9","ortholog_one2one",100,100,1
"ABCD2","Abcd2","ortholog_one2one",100,100,1
"PHF2","Phf2","ortholog_one2one",100,100,1
"CNMD","Cnmd","ortholog_one2one",50,100,1
"SMPX","Smpx","ortholog_one2one",100,100,1
"IFT46","Ift46","ortholog_one2one",100,100,1
"C12orf40","CN725425","ortholog_one2one",100,100,1
"BEX3","Bex3","ortholog_one2one",100,100,1
"SLC2A13","Slc2a13","ortholog_one2one",100,100,1
"CWC25","Cwc25","ortholog_one2one",100,100,1
"HAT1","Hat1","ortholog_one2one",100,99.74,1
"TCEA1","Tcea1","ortholog_one2one",100,97.52,1
"SEPTIN10","Septin10","ortholog_one2one",75,100,1
"SLC25A14","Slc25a14","ortholog_one2one",100,98.33,1
"FBXL7","Fbxl7","ortholog_one2one",100,100,1
"NAA10","Naa10","ortholog_one2one",75,100,1
"CAPG","Capg","ortholog_one2one",100,100,1
"GDPD2","Gdpd2","ortholog_one2one",100,98.42,1
"GUSB","Gusb","ortholog_one2one",25,100,1
"MYBL2","Mybl2","ortholog_one2one",100,100,1
"MARCHF8","Marchf8","ortholog_one2one",75,100,0
"LRRK2","Lrrk2","ortholog_one2one",100,100,1
"PCDH8","Pcdh8","ortholog_one2one",100,100,1
"POP1","Pop1","ortholog_one2one",100,100,1
"HSF5","Hsf5","ortholog_one2one",100,100,1
"LAMA2","Lama2","ortholog_one2one",100,100,1
"ETV5","Etv5","ortholog_one2one",100,100,1
"TNIP3","Tnip3","ortholog_one2one",75,100,0
"ADPRS","Adprhl2","ortholog_one2one",100,100,1
"WNT7B","Wnt7b","ortholog_one2one",100,100,1
"SLAIN1","Slain1","ortholog_one2one",100,100,1
"LYPLA1","Lypla1","ortholog_one2one",100,100,1
"MRPS35","Mrps35","ortholog_one2one",100,100,1
"UBE2Q2","Ube2q2","ortholog_one2one",50,100,1
"ADH6","Adh6b","ortholog_one2one",100,0,0
"TRADD","Tradd","ortholog_one2one",100,100,1
"OLFM4","Olfm4","ortholog_one2one",100,100,1
"MANSC4","Mansc4","ortholog_one2one",100,100,1
"RASGRP3","Rasgrp3","ortholog_one2one",100,100,1
"FAM169A","Fam169a","ortholog_one2one",100,100,1
"ZBTB10","Zbtb10","ortholog_one2one",100,100,1
"LKAAEAR1","Lkaaear1","ortholog_one2one",100,100,0
"KLHL34","Klhl34","ortholog_one2one",100,100,1
"CSDC2","Csdc2","ortholog_one2one",75,100,1
"SOWAHC","Sowahc","ortholog_one2one",50,100,1
"PLCXD1","Plcxd1","ortholog_one2one",25,88.74,1
"CNKSR2","Cnksr2","ortholog_one2one",100,100,1
"KLHL42","Klhl42","ortholog_one2one",100,100,1
"NDNF","Ndnf","ortholog_one2one",100,100,1
"PVALB","Pvalb","ortholog_one2one",75,100,1
"AMMECR1","Ammecr1","ortholog_one2one",100,100,1
"BCAT2","Bcat2","ortholog_one2one",100,96.22,1
"TSACC","Tsacc","ortholog_one2one",100,100,1
"SH3BP4","Sh3bp4","ortholog_one2one",100,100,1
"ZNF704","Zfp704","ortholog_one2one",100,100,1
"SEC24B","Sec24b","ortholog_one2one",100,99.07,1
"SYNE4","Syne4","ortholog_one2one",100,100,1
"RTL9","Rtl9","ortholog_one2one",100,100,1
"GPR34","Gpr34","ortholog_one2one",100,100,1
"THSD4","Thsd4","ortholog_one2one",100,100,1
"EDNRB","Ednrb","ortholog_one2one",100,100,1
"REN","Ren1","ortholog_one2one",100,100,1
"C17orf98","1700001P01Rik","ortholog_one2one",100,100,1
"HEXB","Hexb","ortholog_one2one",100,100,1
"GTPBP6","Gtpbp6","ortholog_one2one",25,96.38,1
"SLC44A3","Slc44a3","ortholog_one2one",100,100,1
"VPS37D","Vps37d","ortholog_one2one",100,100,1
"IRX2","Irx2","ortholog_one2one",100,100,1
"WBP2","Wbp2","ortholog_one2one",100,100,1
"HIPK1","Hipk1","ortholog_one2one",100,100,1
"MYO5A","Myo5a","ortholog_one2one",100,100,1
"AQP8","Aqp8","ortholog_one2one",100,100,1
"HEPHL1","Hephl1","ortholog_one2one",100,100,1
"BCAS3","Bcas3","ortholog_one2one",100,100,1
"DOCK5","Dock5","ortholog_one2one",100,100,1
"TECRL","Tecrl","ortholog_one2one",100,100,1
"CLSTN3","Clstn3","ortholog_one2one",100,100,1
"TNNT2","Tnnt2","ortholog_one2one",100,100,1
"ETNK2","Etnk2","ortholog_one2one",100,100,1
"ACTRT3","Actrt3","ortholog_one2one",50,100,1
"RPL23","Rpl23","ortholog_one2one",100,100,1
"FHIT","Fhit","ortholog_one2one",100,99.76,1
"KCNH1","Kcnh1","ortholog_one2one",100,100,1
"C11orf58","1110004F10Rik","ortholog_one2one",100,100,1
"UNC50","Unc50","ortholog_one2one",100,100,1
"WARS1","Wars","ortholog_one2one",100,99.97,1
"OR2C1","Olfr15","ortholog_one2one",100,100,1
"SLC30A8","Slc30a8","ortholog_one2one",100,100,1
"PRDM5","Prdm5","ortholog_one2one",75,100,1
"TSPAN8","Tspan8","ortholog_one2one",100,100,1
"PPARA","Ppara","ortholog_one2one",100,100,1
"VSTM5","Vstm5","ortholog_one2one",100,100,1
"GTSF1L","Gtsf1l","ortholog_one2one",100,100,1
"CXorf21","5430427O19Rik","ortholog_one2one",100,100,1
"C20orf194","4930402H24Rik","ortholog_one2one",100,100,1
"CHRDL1","Chrdl1","ortholog_one2one",100,100,1
"AVPR2","Avpr2","ortholog_one2one",100,100,1
"C1RL","C1rl","ortholog_one2one",100,100,1
"RPN1","Rpn1","ortholog_one2one",75,100,1
"UBL3","Ubl3","ortholog_one2one",100,100,1
"GFRA2","Gfra2","ortholog_one2one",50,100,1
"TOMM20L","Tomm20l","ortholog_one2one",100,100,1
"CCNL1","Ccnl1","ortholog_one2one",100,100,1
"ARHGAP4","Arhgap4","ortholog_one2one",100,99.72,1
"C2orf72","2810459M11Rik","ortholog_one2one",100,100,1
"ZNF597","Zfp597","ortholog_one2one",100,100,1
"TIMM9","Timm9","ortholog_one2one",100,100,1
"NR0B1","Nr0b1","ortholog_one2one",100,100,1
"R3HDM1","R3hdm1","ortholog_one2one",100,100,1
"ZNF174","Zfp174","ortholog_one2one",100,100,1
"SPATS2L","Spats2l","ortholog_one2one",100,100,1
"TOX2","Tox2","ortholog_one2one",100,100,1
"PDK2","Pdk2","ortholog_one2one",100,100,1
"INKA1","Inka1","ortholog_one2one",100,100,1
"C16orf90","1700037C18Rik","ortholog_one2one",100,99.67,1
"C14orf119","1700123O20Rik","ortholog_one2one",100,100,1
"GPAM","Gpam","ortholog_one2one",100,100,1
"AMIGO3","Amigo3","ortholog_one2one",100,100,1
"AP2A2","Ap2a2","ortholog_one2one",100,100,1
"IRF9","Irf9","ortholog_one2one",100,100,1
"MCF2L","Mcf2l","ortholog_one2one",100,100,1
"FAM120A","Fam120a","ortholog_one2one",100,100,1
"MAGEB2","Mageb4","ortholog_one2one",100,3.8,0
"TRAIP","Traip","ortholog_one2one",100,100,1
"CDH24","Cdh24","ortholog_one2one",100,100,1
"LRRK1","Lrrk1","ortholog_one2one",100,100,1
"RPS6KA3","Rps6ka3","ortholog_one2one",100,100,1
"HHAT","Hhat","ortholog_one2one",100,97.83,1
"MTARC2","Mtarc2","ortholog_one2one",100,100,1
"PHKA1","Phka1","ortholog_one2one",100,99.63,1
"PDLIM1","Pdlim1","ortholog_one2one",100,100,1
"NAA60","Naa60","ortholog_one2one",100,96.72,1
"PTHLH","Pthlh","ortholog_one2one",100,100,1
"AGAP1","Agap1","ortholog_one2one",100,100,1
"CUL9","Cul9","ortholog_one2one",100,100,1
"C4orf47","1700029J07Rik","ortholog_one2one",100,100,1
"SDHAF1","Sdhaf1","ortholog_one2one",100,100,1
"GMPPB","Gmppb","ortholog_one2one",75,100,1
"MYNN","Mynn","ortholog_one2one",100,100,1
"CCDC91","Ccdc91","ortholog_one2one",100,100,1
"PMM1","Pmm1","ortholog_one2one",75,100,1
"RBPMS","Rbpms","ortholog_one2one",75,100,1
"CST11","Cst11","ortholog_one2one",75,100,1
"OPRL1","Oprl1","ortholog_one2one",100,100,1
"PBK","Pbk","ortholog_one2one",100,99.01,1
"RNMT","Rnmt","ortholog_one2one",100,100,1
"WDR25","Wdr25","ortholog_one2one",100,100,1
"POLR2F","Polr2f","ortholog_one2one",100,81.79,1
"CD52","Cd52","ortholog_one2one",100,100,0
"ADH4","Adh4","ortholog_one2one",100,100,1
"SAFB2","Safb2","ortholog_one2one",75,98.66,1
"CADM2","Cadm2","ortholog_one2one",100,100,1
"CYP1A2","Cyp1a2","ortholog_one2one",100,100,1
"INSYN1","Insyn1","ortholog_one2one",100,100,1
"PPIP5K1","Ppip5k1","ortholog_one2one",100,100,1
"CRYBG2","Crybg2","ortholog_one2one",100,98.66,1
"RNF123","Rnf123","ortholog_one2one",100,100,1
"MUC19","Muc19","ortholog_one2one",100,75.35,0
"GLRX","Glrx","ortholog_one2one",100,100,1
"ADCY10","Adcy10","ortholog_one2one",100,98.21,1
"C22orf23","1700088E04Rik","ortholog_one2one",100,100,1
"EP300","Ep300","ortholog_one2one",100,100,1
"IL1RAP","Il1rap","ortholog_one2one",100,100,1
"PRDM2","Prdm2","ortholog_one2one",100,100,1
"FAM98A","Fam98a","ortholog_one2one",100,100,1
"TEKT2","Tekt2","ortholog_one2one",100,100,1
"MRPS18C","Mrps18c","ortholog_one2one",100,100,1
"PCDH17","Pcdh17","ortholog_one2one",100,100,1
"CDPF1","Cdpf1","ortholog_one2one",100,100,1
"ZKSCAN2","Zkscan2","ortholog_one2one",100,100,1
"MAPKAP1","Mapkap1","ortholog_one2one",100,100,1
"APOOL","Apool","ortholog_one2one",100,100,1
"SLC26A8","Slc26a8","ortholog_one2one",100,100,1
"ADH5","Adh5","ortholog_one2one",100,100,1
"HS3ST4","Hs3st4","ortholog_one2one",100,100,1
"SLITRK2","Slitrk2","ortholog_one2one",75,100,1
"DLX1","Dlx1","ortholog_one2one",100,100,1
"SLC15A5","Slc15a5","ortholog_one2one",100,100,1
"FNDC10","Fndc10","ortholog_one2one",100,100,1
"MED30","Med30","ortholog_one2one",100,100,1
"METAP1D","Metap1d","ortholog_one2one",100,100,1
"GSTM4","Gstm4","ortholog_one2one",75,100,1
"MSC","Msc","ortholog_one2one",100,100,1
"NIPAL2","Nipal2","ortholog_one2one",75,100,1
"CYP1A1","Cyp1a1","ortholog_one2one",100,100,1
"COBLL1","Cobll1","ortholog_one2one",100,98.61,1
"MAPK8IP1","Mapk8ip1","ortholog_one2one",100,100,1
"SSU72","Ssu72","ortholog_one2one",100,100,1
"POU4F1","Pou4f1","ortholog_one2one",100,100,1
"ESCO2","Esco2","ortholog_one2one",100,100,1
"CD276","Cd276","ortholog_one2one",100,100,1
"TRIM65","Trim65","ortholog_one2one",100,100,1
"PLIN2","Plin2","ortholog_one2one",100,100,1
"EIF1AX","Eif1ax","ortholog_one2one",100,100,1
"UBA3","Uba3","ortholog_one2one",100,100,1
"OBI1","Rnf219","ortholog_one2one",100,100,1
"LRRC49","Lrrc49","ortholog_one2one",100,99.37,1
"MAP3K1","Map3k1","ortholog_one2one",100,100,1
"HAS2","Has2","ortholog_one2one",100,100,1
"CISD1","Cisd1","ortholog_one2one",100,100,1
"MICALL1","Micall1","ortholog_one2one",100,100,1
"NUDT1","Nudt1","ortholog_one2one",100,100,1
"SATL1","Satl1","ortholog_one2one",100,98.51,0
"RDX","Rdx","ortholog_one2one",100,100,1
"SYTL4","Sytl4","ortholog_one2one",100,100,1
"GUCY1A2","Gucy1a2","ortholog_one2one",100,98.39,1
"TRIM47","Trim47","ortholog_one2one",100,100,1
"ZNF142","Zfp142","ortholog_one2one",100,99.27,1
"NDEL1","Ndel1","ortholog_one2one",100,100,1
"DESI2","Desi2","ortholog_one2one",100,100,1
"KDM8","Kdm8","ortholog_one2one",100,97.79,1
"RAB22A","Rab22a","ortholog_one2one",100,100,1
"NCAM2","Ncam2","ortholog_one2one",100,100,1
"PKDREJ","Pkdrej","ortholog_one2one",100,97.9,1
"AAGAB","Aagab","ortholog_one2one",100,100,1
"TTC38","Ttc38","ortholog_one2one",100,100,1
"USP21","Usp21","ortholog_one2one",100,100,1
"TAF15","Taf15","ortholog_one2one",0,98.56,1
"RNF44","Rnf44","ortholog_one2one",100,100,1
"PAG1","Pag1","ortholog_one2one",100,100,1
"MYT1","Myt1","ortholog_one2one",50,100,1
"WNK1","Wnk1","ortholog_one2one",100,100,1
"ZBTB20","Zbtb20","ortholog_one2one",100,100,1
"GALNT5","Galnt5","ortholog_one2one",100,100,1
"LY6L","Ly6l","ortholog_one2one",50,0,0
"HCFC1","Hcfc1","ortholog_one2one",100,100,1
"LRFN3","Lrfn3","ortholog_one2one",100,100,1
"CADM1","Cadm1","ortholog_one2one",75,100,1
"CNOT9","Cnot9","ortholog_one2one",100,96.88,1
"C11orf94","1700029I15Rik","ortholog_one2one",100,100,1
"PAK6","Pak6","ortholog_one2one",75,100,1
"TYROBP","Tyrobp","ortholog_one2one",100,99.51,1
"MAP7D2","Map7d2","ortholog_one2one",100,100,1
"RNF222","Rnf222","ortholog_one2one",100,100,1
"ERMN","Ermn","ortholog_one2one",100,99.88,1
"GATA2","Gata2","ortholog_one2one",100,100,1
"HCST","Hcst","ortholog_one2one",100,100,1
"TOR1AIP2","Tor1aip2","ortholog_one2one",100,98.94,1
"VAPB","Vapb","ortholog_one2one",100,100,1
"MYO5C","Myo5c","ortholog_one2one",100,100,1
"USP37","Usp37","ortholog_one2one",100,100,1
"CCDC25","Ccdc25","ortholog_one2one",100,100,1
"KIF2C","Kif2c","ortholog_one2one",100,100,1
"USP48","Usp48","ortholog_one2one",100,99.33,1
"FNDC3A","Fndc3a","ortholog_one2one",50,100,1
"ASAH2","Asah2","ortholog_one2one",25,99.41,1
"CHST11","Chst11","ortholog_one2one",100,100,1
"DLG3","Dlg3","ortholog_one2one",100,100,1
"SRF","Srf","ortholog_one2one",100,100,1
"ARMC9","Armc9","ortholog_one2one",100,100,1
"OR10D3","Olfr958","ortholog_one2one",75,100,1
"TMEM240","Tmem240","ortholog_one2one",100,100,1
"GNB5","Gnb5","ortholog_one2one",100,100,1
"MCAM","Mcam","ortholog_one2one",100,100,1
"TOR1AIP1","Tor1aip1","ortholog_one2one",100,98.84,1
"DNAJB8","Dnajb8","ortholog_one2one",100,100,1
"ESD","Esd","ortholog_one2one",100,99.24,1
"MGST1","Mgst1","ortholog_one2one",100,92.77,1
"GPR119","Gpr119","ortholog_one2one",100,100,1
"NOX4","Nox4","ortholog_one2one",50,100,1
"TFCP2L1","Tfcp2l1","ortholog_one2one",100,100,1
"YBX2","Ybx2","ortholog_one2one",100,100,1
"LGMN","Lgmn","ortholog_one2one",100,100,1
"RBMX2","Rbmx2","ortholog_one2one",100,100,1
"NDC1","Ndc1","ortholog_one2one",100,100,1
"JMJD7","Jmjd7","ortholog_one2one",100,100,1
"ZNF711","Zfp711","ortholog_one2one",100,100,1
"GTSE1","Gtse1","ortholog_one2one",100,100,1
"ANKRD63","Ankrd63","ortholog_one2one",100,100,1
"VIL1","Vil1","ortholog_one2one",100,100,1
"HEATR9","Heatr9","ortholog_one2one",25,100,1
"SPTBN5","Sptbn5","ortholog_one2one",100,99.13,1
"EXT1","Ext1","ortholog_one2one",100,100,1
"DCLRE1B","Dclre1b","ortholog_one2one",100,100,1
"FAM220A","Fam220a","ortholog_one2many",100,100,0
"SLC41A2","Slc41a2","ortholog_one2one",100,100,1
"GRIN2A","Grin2a","ortholog_one2one",100,100,1
"EDC3","Edc3","ortholog_one2one",100,100,1
"BCL2L10","Bcl2l10","ortholog_one2one",100,99.73,0
"RHOBTB3","Rhobtb3","ortholog_one2one",100,100,1
"F3","F3","ortholog_one2one",100,100,1
"PTK7","Ptk7","ortholog_one2one",75,100,1
"BCLAF3","Bclaf3","ortholog_one2one",100,100,1
"ARL6IP5","Arl6ip5","ortholog_one2one",100,100,1
"MAPK6","Mapk6","ortholog_one2one",100,100,1
"LMOD3","Lmod3","ortholog_one2one",100,100,1
"PTX3","Ptx3","ortholog_one2one",100,100,1
"AASDHPPT","Aasdhppt","ortholog_one2one",100,100,1
"VEPH1","Veph1","ortholog_one2one",100,100,1
"APEH","Apeh","ortholog_one2one",100,100,1
"CLK3","Clk3","ortholog_one2one",100,100,1
"STX18","Stx18","ortholog_one2one",100,100,1
"CST8","Cst8","ortholog_one2one",75,100,1
"PLCD4","Plcd4","ortholog_one2one",100,100,1
"SPATA6","Spata6","ortholog_one2one",75,99.97,1
"PHF20","Phf20","ortholog_one2one",100,100,1
"SPNS3","Spns3","ortholog_one2one",100,100,1
"LEO1","Leo1","ortholog_one2one",100,100,1
"THPO","Thpo","ortholog_one2one",100,100,1
"AMPD2","Ampd2","ortholog_one2one",100,100,1
"TRMU","Trmu","ortholog_one2one",100,100,1
"NAT10","Nat10","ortholog_one2one",100,100,1
"KBTBD3","Kbtbd3","ortholog_one2one",100,100,1
"IMP4","Imp4","ortholog_one2one",50,100,1
"MSANTD4","Msantd4","ortholog_one2one",100,100,1
"MAP1A","Map1a","ortholog_one2one",100,100,1
"TECTB","Tectb","ortholog_one2one",100,100,1
"TMOD3","Tmod3","ortholog_one2one",100,100,1
"GRIA2","Gria2","ortholog_one2one",100,100,1
"CHRD","Chrd","ortholog_one2one",100,100,1
"COX20","Cox20","ortholog_one2one",100,95.81,1
"ABRAXAS1","Abraxas1","ortholog_one2one",100,100,1
"GRINA","Grina","ortholog_one2one",100,99.11,1
"SYCP2","Sycp2","ortholog_one2one",75,99.81,1
"TCEAL1","Tceal1","ortholog_one2one",100,100,1
"HNRNPU","Hnrnpu","ortholog_one2one",100,100,1
"TPM1","Tpm1","ortholog_one2one",100,100,1
"CLIP1","Clip1","ortholog_one2one",100,100,1
"SOX13","Sox13","ortholog_one2one",100,100,1
"BSN","Bsn","ortholog_one2one",100,100,1
"CNTN1","Cntn1","ortholog_one2one",100,100,1
"MED25","Med25","ortholog_one2one",100,99.59,1
"POF1B","Pof1b","ortholog_one2one",100,100,1
"CCDC115","Ccdc115","ortholog_one2one",50,100,1
"NSG1","Nsg1","ortholog_one2one",100,100,1
"PSMD12","Psmd12","ortholog_one2one",100,100,1
"GLRA4","Glra4","ortholog_one2one",100,100,1
"PGK2","Pgk2","ortholog_one2one",25,100,1
"RFX5","Rfx5","ortholog_one2one",100,100,1
"SH3GLB2","Sh3glb2","ortholog_one2one",100,100,1
"ZYG11A","Zyg11a","ortholog_one2one",100,99.76,1
"MST1","Mst1","ortholog_one2one",75,100,1
"SLC6A18","Slc6a18","ortholog_one2one",100,97.22,1
"METAP1","Metap1","ortholog_one2one",100,100,1
"ALDH1A3","Aldh1a3","ortholog_one2one",100,100,1
"SPATC1","Spatc1","ortholog_one2one",100,97.72,1
"KLC4","Klc4","ortholog_one2one",100,100,1
"DDX6","Ddx6","ortholog_one2one",100,100,1
"FGF21","Fgf21","ortholog_one2one",100,100,1
"MIGA1","Miga1","ortholog_one2one",100,100,1
"MORF4L2","Morf4l2","ortholog_one2one",100,100,1
"ERICH3","Erich3","ortholog_one2one",100,100,0
"TLE1","Tle1","ortholog_one2one",0,100,1
"TRPA1","Trpa1","ortholog_one2one",100,100,1
"CST3","Cst3","ortholog_one2one",75,100,1
"UFC1","Ufc1","ortholog_one2one",100,100,1
"PPP1R3D","Ppp1r3d","ortholog_one2one",100,100,1
"ALDH16A1","Aldh16a1","ortholog_one2one",100,100,1
"NCF4","Ncf4","ortholog_one2one",75,100,1
"SCARA3","Scara3","ortholog_one2one",100,100,1
"FAM217B","Fam217b","ortholog_one2one",100,100,1
"OR6Y1","Olfr414","ortholog_one2one",75,0,1
"PKD1L3","Pkd1l3","ortholog_one2one",75,87.04,0
"OR6P1","Olfr220","ortholog_one2one",75,0,1
"ZC3H12C","Zc3h12c","ortholog_one2one",100,100,1
"EBI3","Ebi3","ortholog_one2one",50,100,1
"MGAT4A","Mgat4a","ortholog_one2one",100,100,1
"NPTN","Nptn","ortholog_one2one",100,100,1
"KATNAL1","Katnal1","ortholog_one2one",100,100,1
"YJU2","Yju2","ortholog_one2one",50,99.42,1
"MRPL2","Mrpl2","ortholog_one2one",100,100,1
"IP6K1","Ip6k1","ortholog_one2one",100,100,1
"P2RX4","P2rx4","ortholog_one2one",50,100,1
"PSMD1","Psmd1","ortholog_one2one",100,100,1
"FUT1","Fut1","ortholog_one2one",100,100,1
"TMEM25","Tmem25","ortholog_one2one",100,100,1
"C11orf87","AI593442","ortholog_one2one",75,100,1
"FAM227A","Fam227a","ortholog_one2one",100,85.35,0
"GNAT2","Gnat2","ortholog_one2one",100,100,1
"C12orf45","D10Wsu102e","ortholog_one2one",100,90.4,1
"KIAA1109","4932438A13Rik","ortholog_one2one",100,100,1
"LARP6","Larp6","ortholog_one2one",100,100,1
"CDC42EP1","Cdc42ep1","ortholog_one2one",100,100,1
"FMN2","Fmn2","ortholog_one2one",50,97.51,1
"ALDH1L2","Aldh1l2","ortholog_one2one",100,98.94,1
"LGALS2","Lgals2","ortholog_one2one",100,100,1
"HTR2B","Htr2b","ortholog_one2one",100,100,1
"MUC6","Muc6","ortholog_one2one",100,92.47,0
"CDC14C","Cdc14b","ortholog_one2one",0,91.83,1
"CLCN5","Clcn5","ortholog_one2one",100,100,1
"PDZRN4","Pdzrn4","ortholog_one2one",100,100,1
"CDHR4","Cdhr4","ortholog_one2one",100,100,1
"LY6H","Ly6h","ortholog_one2one",50,100,1
"LBP","Lbp","ortholog_one2one",100,100,1
"DIAPH3","Diaph3","ortholog_one2one",100,99.64,1
"PIH1D1","Pih1d1","ortholog_one2one",100,100,1
"ANKH","Ank","ortholog_one2one",100,100,1
"TTC36","Ttc36","ortholog_one2one",100,100,1
"SHD","Shd","ortholog_one2one",100,96.65,1
"SPATA9","Spata9","ortholog_one2one",100,100,1
"TMOD2","Tmod2","ortholog_one2one",100,100,1
"CCT3","Cct3","ortholog_one2one",100,100,1
"OTULIN","Otulin","ortholog_one2one",100,100,1
"SAFB","Safb","ortholog_one2one",25,100,1
"CUL7","Cul7","ortholog_one2one",75,100,1
"BCL2L15","Bcl2l15","ortholog_one2one",100,100,1
"SERTAD4","Sertad4","ortholog_one2one",100,99.28,1
"GREM2","Grem2","ortholog_one2one",50,100,1
"SAYSD1","Saysd1","ortholog_one2one",50,100,1
"GLI2","Gli2","ortholog_one2one",100,100,1
"ERGIC3","Ergic3","ortholog_one2one",100,98.8,1
"REC114","Rec114","ortholog_one2one",100,99.46,1
"ITGB5","Itgb5","ortholog_one2one",100,100,1
"SLC35C2","Slc35c2","ortholog_one2one",100,100,1
"CYP21A2","Cyp21a1","ortholog_one2one",100,8.78,1
"ARHGEF15","Arhgef15","ortholog_one2one",75,100,1
"LMO3","Lmo3","ortholog_one2one",100,98.94,1
"CDH26","Cdh26","ortholog_one2one",75,100,1
"DKC1","Dkc1","ortholog_one2one",100,100,1
"HELZ","Helz","ortholog_one2one",100,99.69,1
"TSPAN15","Tspan15","ortholog_one2one",100,100,1
"TARBP2","Tarbp2","ortholog_one2one",100,100,1
"MRPL38","Mrpl38","ortholog_one2one",100,100,1
"SHBG","Shbg","ortholog_one2one",100,100,1
"MC5R","Mc5r","ortholog_one2one",75,97.24,1
"MC2R","Mc2r","ortholog_one2one",50,100,1
"TACR2","Tacr2","ortholog_one2one",100,98.22,1
"SCAND1","Scand1","ortholog_one2one",100,100,1
"ZYG11B","Zyg11b","ortholog_one2one",100,100,1
"IST1","Ist1","ortholog_one2one",100,99.03,1
"CNBD2","Cnbd2","ortholog_one2one",100,96.83,1
"IPMK","Ipmk","ortholog_one2one",100,98.56,1
"ATAD3A","Atad3a","ortholog_one2one",100,100,1
"ELMOD3","Elmod3","ortholog_one2one",75,94.71,1
"KCNQ2","Kcnq2","ortholog_one2one",100,100,1
"ZFP36L2","Zfp36l2","ortholog_one2one",100,100,1
"NOX1","Nox1","ortholog_one2one",100,100,1
"UNG","Ung","ortholog_one2one",100,100,1
"MAOA","Maoa","ortholog_one2one",100,100,1
"UBXN11","Ubxn11","ortholog_one2one",100,100,1
"THADA","Thada","ortholog_one2one",100,100,1
"FSD1","Fsd1","ortholog_one2one",100,100,1
"NXPH4","Nxph4","ortholog_one2one",100,100,1
"MPP1","Mpp1","ortholog_one2one",100,100,1
"PRXL2C","Prxl2c","ortholog_one2one",50,100,1
"MICOS13","Micos13","ortholog_one2one",100,100,1
"SNRPE","Snrpe","ortholog_one2one",75,100,1
"SLC41A3","Slc41a3","ortholog_one2one",50,100,1
"AIRE","Aire","ortholog_one2one",100,100,1
"GDNF","Gdnf","ortholog_one2one",100,100,1
"RPL36","Rpl36","ortholog_one2one",100,100,1
"ATP11A","Atp11a","ortholog_one2one",100,100,1
"GLB1L3","Glb1l3","ortholog_one2one",100,98.67,1
"STAP2","Stap2","ortholog_one2one",100,96.06,1
"ISL1","Isl1","ortholog_one2one",75,100,1
"MPZL1","Mpzl1","ortholog_one2one",100,100,1
"STX16","Stx16","ortholog_one2one",100,99.8,1
"ABCD3","Abcd3","ortholog_one2one",100,100,1
"SETD4","Setd4","ortholog_one2one",100,100,1
"FMR1","Fmr1","ortholog_one2one",50,100,1
"FAM163A","Fam163a","ortholog_one2one",100,100,1
"LYSMD2","Lysmd2","ortholog_one2one",75,100,1
"CSTF2","Cstf2","ortholog_one2one",100,100,1
"GPIHBP1","Gpihbp1","ortholog_one2one",100,100,0
"GXYLT1","Gxylt1","ortholog_one2one",100,100,1
"SH3BGRL3","Sh3bgrl3","ortholog_one2one",100,100,1
"CYTH3","Cyth3","ortholog_one2one",100,100,1
"GOLGA1","Golga1","ortholog_one2one",100,99.28,1
"NFKBID","Nfkbid","ortholog_one2one",100,97.79,1
"RGS7","Rgs7","ortholog_one2one",100,100,1
"NRP1","Nrp1","ortholog_one2one",25,100,1
"ATP6V1H","Atp6v1h","ortholog_one2one",100,100,1
"RALBP1","Ralbp1","ortholog_one2one",100,100,1
"SAT2","Sat2","ortholog_one2one",100,100,1
"MAOB","Maob","ortholog_one2one",100,100,1
"ANKRD55","Ankrd55","ortholog_one2one",100,100,1
"SETDB2","Setdb2","ortholog_one2one",100,99.4,1
"GRHL3","Grhl3","ortholog_one2one",100,98.35,1
"FBXO22","Fbxo22","ortholog_one2one",50,100,1
"DPYSL5","Dpysl5","ortholog_one2one",100,100,1
"COA7","Coa7","ortholog_one2one",100,100,1
"PACRGL","5730480H06Rik","ortholog_one2one",100,100,1
"P4HA1","P4ha1","ortholog_one2one",50,100,1
"CMAS","Cmas","ortholog_one2one",100,100,1
"SCG3","Scg3","ortholog_one2one",50,100,1
"SHISAL2A","Shisal2a","ortholog_one2one",100,100,1
"SNX8","Snx8","ortholog_one2one",75,100,1
"NRG4","Nrg4","ortholog_one2one",100,100,1
"GPX7","Gpx7","ortholog_one2one",100,100,1
"RGS20","Rgs20","ortholog_one2one",100,100,1
"PAK3","Pak3","ortholog_one2one",100,100,1
"KCNIP4","Kcnip4","ortholog_one2one",100,100,1
"KCNQ1","Kcnq1","ortholog_one2one",75,100,1
"SH3YL1","Sh3yl1","ortholog_one2one",75,100,1
"CHM","Chm","ortholog_one2one",100,100,1
"NSMCE1","Nsmce1","ortholog_one2one",100,98.58,1
"CEP295","Cep295","ortholog_one2one",100,99.72,1
"ARL13A","Arl13a","ortholog_one2one",100,97.67,0
"NPFF","Npff","ortholog_one2one",100,100,1
"XKRX","Xkrx","ortholog_one2one",100,100,1
"RNF17","Rnf17","ortholog_one2one",25,100,1
"CLCA1","Clca1","ortholog_one2one",100,100,1
"LNPK","Lnpk","ortholog_one2one",100,97.98,1
"WDR70","Wdr70","ortholog_one2one",100,100,1
"LONP1","Lonp1","ortholog_one2one",50,100,1
"JPH2","Jph2","ortholog_one2one",100,100,1
"RANGRF","Rangrf","ortholog_one2one",100,100,1
"C1orf115","C130074G19Rik","ortholog_one2one",100,100,1
"SYNDIG1","Syndig1","ortholog_one2one",75,100,1
"LRCH1","Lrch1","ortholog_one2one",100,100,1
"TEX11","Tex11","ortholog_one2one",100,97.52,1
"MLXIPL","Mlxipl","ortholog_one2one",100,100,1
"SLC25A35","Slc25a35","ortholog_one2one",100,100,1
"NEFL","Nefl","ortholog_one2one",100,100,1
"CALCOCO1","Calcoco1","ortholog_one2one",100,100,1
"BMP5","Bmp5","ortholog_one2one",50,100,1
"AFDN","Afdn","ortholog_one2one",75,100,1
"TREH","Treh","ortholog_one2one",100,100,1
"REC8","Rec8","ortholog_one2one",100,100,1
"TGIF1","Tgif1","ortholog_one2one",100,100,1
"HMGCLL1","Hmgcll1","ortholog_one2one",75,97.65,1
"ITGB1","Itgb1","ortholog_one2one",50,98.11,1
"EEFSEC","Eefsec","ortholog_one2one",100,100,1
"ARID3B","Arid3b","ortholog_one2one",100,100,1
"SLC7A4","Slc7a4","ortholog_one2one",50,100,1
"PLEKHH2","Plekhh2","ortholog_one2one",100,100,1
"SQOR","Sqor","ortholog_one2one",100,100,1
"SPEF2","Spef2","ortholog_one2one",100,100,0
"EFCAB2","Efcab2","ortholog_one2one",100,86.22,0
"UBXN4","Ubxn4","ortholog_one2one",100,100,1
"ST8SIA1","St8sia1","ortholog_one2one",100,100,1
"UFSP2","Ufsp2","ortholog_one2one",100,100,1
"PHLDB1","Phldb1","ortholog_one2one",100,100,1
"CATSPERD","Catsperd","ortholog_one2one",50,80.86,0
"YAF2","Yaf2","ortholog_one2one",75,100,1
"P2RX6","P2rx6","ortholog_one2one",75,100,1
"TDRD5","Tdrd5","ortholog_one2one",100,100,1
"IFNLR1","Ifnlr1","ortholog_one2one",100,100,1
"NBR1","Nbr1","ortholog_one2one",100,100,1
"OPLAH","Oplah","ortholog_one2one",100,100,1
"NPEPL1","Npepl1","ortholog_one2one",100,100,1
"MRPL39","Mrpl39","ortholog_one2one",100,97.14,1
"OSER1","Oser1","ortholog_one2one",100,100,1
"CLCA2","Clca2","ortholog_one2one",100,100,1
"TYR","Tyr","ortholog_one2one",75,100,1
"C11orf54","4931406C07Rik","ortholog_one2one",100,100,1
"ZCRB1","Zcrb1","ortholog_one2one",100,100,1
"HOXC13","Hoxc13","ortholog_one2one",100,100,1
"ANKRD37","Ankrd37","ortholog_one2one",100,100,1
"HOXC12","Hoxc12","ortholog_one2one",100,100,1
"USP34","Usp34","ortholog_one2one",100,99.74,1
"PGAP2","Pgap2","ortholog_one2one",100,100,1
"DAG1","Dag1","ortholog_one2one",100,100,1
"KIF26B","Kif26b","ortholog_one2one",100,100,1
"AGO3","Ago3","ortholog_one2one",100,100,1
"TXLNA","Txlna","ortholog_one2one",100,100,1
"LRP2BP","Lrp2bp","ortholog_one2one",100,100,1
"GRIA4","Gria4","ortholog_one2one",100,100,1
"RASIP1","Rasip1","ortholog_one2one",100,100,1
"ATRN","Atrn","ortholog_one2one",100,100,1
"TWSG1","Twsg1","ortholog_one2one",100,100,1
"EXOSC4","Exosc4","ortholog_one2one",100,100,1
"CAB39L","Cab39l","ortholog_one2one",75,100,1
"RRP1B","Rrp1b","ortholog_one2one",50,99.32,1
"ACSL5","Acsl5","ortholog_one2one",100,100,1
"GFRAL","Gfral","ortholog_one2one",100,99.34,1
"STAU1","Stau1","ortholog_one2one",100,100,1
"TAF1D","Taf1d","ortholog_one2one",100,89.24,0
"IZUMO1","Izumo1","ortholog_one2one",100,96.6,0
"RCSD1","Rcsd1","ortholog_one2one",100,100,1
"HOXC11","Hoxc11","ortholog_one2one",75,100,1
"FEZ2","Fez2","ortholog_one2one",100,100,1
"TMEM63A","Tmem63a","ortholog_one2one",75,100,1
"CDADC1","Cdadc1","ortholog_one2one",50,99.46,1
"SLC2A4","Slc2a4","ortholog_one2one",100,100,1
"ZDHHC6","Zdhhc6","ortholog_one2one",100,100,1
"HCRTR2","Hcrtr2","ortholog_one2one",100,98.76,1
"HOXC9","Hoxc9","ortholog_one2one",75,100,1
"HSF2BP","Hsf2bp","ortholog_one2one",75,100,1
"DENND4C","Dennd4c","ortholog_one2one",100,100,1
"HOXC10","Hoxc10","ortholog_one2one",75,100,1
"HOXC8","Hoxc8","ortholog_one2one",50,100,1
"HOXC5","Hoxc5","ortholog_one2one",25,100,1
"OLFM2","Olfm2","ortholog_one2one",100,100,1
"HOXC6","Hoxc6","ortholog_one2one",75,100,1
"APLP1","Aplp1","ortholog_one2one",100,100,1
"LRRC34","Lrrc34","ortholog_one2one",100,96.46,1
"CRIM1","Crim1","ortholog_one2one",100,100,1
"SUPT4H1","Supt4a","ortholog_one2one",100,100,1
"NICN1","Nicn1","ortholog_one2one",100,100,1
"LRRIQ4","Lrriq4","ortholog_one2one",100,98.04,1
"FAM83B","Fam83b","ortholog_one2one",100,100,1
"USP27X","Usp27x","ortholog_one2one",100,100,1
"RUBCNL","Rubcnl","ortholog_one2one",100,100,1
"MAD2L1","Mad2l1","ortholog_one2one",50,100,1
"PDPN","Pdpn","ortholog_one2one",75,100,0
"ZNF687","Zfp687","ortholog_one2one",100,100,1
"GPAT3","Gpat3","ortholog_one2one",100,100,1
"ARHGAP29","Arhgap29","ortholog_one2one",100,100,1
"PKP1","Pkp1","ortholog_one2one",100,100,1
"STAT1","Stat1","ortholog_one2one",100,98.33,1
"TGOLN2","Tgoln1","ortholog_one2one",0,94.24,0
"DNAJB2","Dnajb2","ortholog_one2one",100,100,1
"CENPJ","Cenpj","ortholog_one2one",50,100,1
"EIF4E","Eif4e","ortholog_one2one",100,95.36,1
"RETSAT","Retsat","ortholog_one2one",75,100,1
"PI4KB","Pi4kb","ortholog_one2one",100,100,1
"LRRC63","Lrrc63","ortholog_one2one",100,98.24,0
"COL25A1","Col25a1","ortholog_one2one",100,100,1
"PLA2G12B","Pla2g12b","ortholog_one2one",75,100,1
"RHOA","Rhoa","ortholog_one2one",100,100,1
"KCNK5","Kcnk5","ortholog_one2one",25,100,1
"FPGT","Fpgt","ortholog_one2one",100,100,1
"DCTN6","Dctn6","ortholog_one2one",100,94.67,1
"C1orf127","Gm572","ortholog_one2one",100,80.43,0
"KCTD18","Kctd18","ortholog_one2one",100,100,1
"FRMD4B","Frmd4b","ortholog_one2one",100,100,1
"TCTA","Tcta","ortholog_one2one",100,100,1
"GBX2","Gbx2","ortholog_one2one",100,100,1
"ATP2B1","Atp2b1","ortholog_one2one",75,100,1
"HOXC4","Hoxc4","ortholog_one2one",75,100,1
"CALD1","Cald1","ortholog_one2one",100,100,1
"GLRB","Glrb","ortholog_one2one",100,100,1
"GNAS","Gnas","ortholog_one2one",100,99.82,1
"CDKN1C","Cdkn1c","ortholog_one2one",100,100,1
"CDH4","Cdh4","ortholog_one2one",100,100,1
"IL4R","Il4ra","ortholog_one2one",100,100,1
"HCN4","Hcn4","ortholog_one2one",100,100,1
"NDP","Ndp","ortholog_one2one",100,100,1
"DDX10","Ddx10","ortholog_one2one",100,100,1
"PSME3IP1","Fam192a","ortholog_one2one",100,100,1
"GDAP1L1","Gdap1l1","ortholog_one2one",100,100,1
"LCT","Lct","ortholog_one2one",100,100,1
"GRM5","Grm5","ortholog_one2one",100,100,1
"FABP5","Fabp5","ortholog_one2one",100,100,1
"C3orf62","1700102P08Rik","ortholog_one2one",100,100,1
"FRMPD2","Frmpd2","ortholog_one2one",50,100,1
"TAF4","Taf4","ortholog_one2one",100,100,1
"AP2A1","Ap2a1","ortholog_one2one",100,100,1
"SMAD3","Smad3","ortholog_one2one",100,100,1
"FITM1","Fitm1","ortholog_one2one",100,100,1
"GPX1","Gpx1","ortholog_one2one",100,100,1
"ZHX2","Zhx2","ortholog_one2one",100,100,1
"IHO1","Ccdc36","ortholog_one2one",100,100,1
"LRRC38","Lrrc38","ortholog_one2one",50,100,1
"GGA1","Gga1","ortholog_one2one",100,99.39,1
"SYT14","Syt14","ortholog_one2one",100,100,1
"USP4","Usp4","ortholog_one2one",100,100,1
"RPS6","Rps6","ortholog_one2one",100,99.9,1
"ANO4","Ano4","ortholog_one2one",100,100,1
"KCNK16","Kcnk16","ortholog_one2one",50,32.07,0
"JAM2","Jam2","ortholog_one2one",100,97.46,1
"EVX2","Evx2","ortholog_one2one",100,100,1
"FBF1","Fbf1","ortholog_one2one",100,99.88,1
"LCP1","Lcp1","ortholog_one2one",100,100,1
"UMPS","Umps","ortholog_one2one",100,100,1
"CDHR2","Cdhr2","ortholog_one2one",100,100,1
"RBM26","Rbm26","ortholog_one2one",100,100,1
"MIS18BP1","Mis18bp1","ortholog_one2one",100,96.64,0
"MCM6","Mcm6","ortholog_one2one",100,100,1
"RANBP3","Ranbp3","ortholog_one2one",50,99.31,1
"LRRC31","Lrrc31","ortholog_one2one",100,94.64,1
"SMIM9","Smim9","ortholog_one2one",75,100,0
"ACACB","Acacb","ortholog_one2one",100,100,1
"CCDC22","Ccdc22","ortholog_one2one",100,100,1
"GPRIN1","Gprin1","ortholog_one2one",100,100,1
"CLU","Clu","ortholog_one2one",100,100,1
"DEDD","Dedd","ortholog_one2one",100,100,1
"EPHX1","Ephx1","ortholog_one2one",50,100,1
"DGKG","Dgkg","ortholog_one2one",100,100,1
"USP42","Usp42","ortholog_one2one",75,99.98,1
"ACER2","Acer2","ortholog_one2one",100,100,1
"FOXP3","Foxp3","ortholog_one2one",100,100,1
"LASP1","Lasp1","ortholog_one2one",100,100,1
"RSPRY1","Rspry1","ortholog_one2one",100,100,1
"HOXD13","Hoxd13","ortholog_one2one",100,100,1
"MYL12A","Myl12a","ortholog_one2one",100,100,1
"ANKRD12","Ankrd12","ortholog_one2one",75,100,1
"PDGFC","Pdgfc","ortholog_one2one",100,100,1
"KPNA6","Kpna6","ortholog_one2one",100,100,1
"SMUG1","Smug1","ortholog_one2one",75,100,1
"STAT4","Stat4","ortholog_one2one",100,100,1
"KIAA0586","2700049A03Rik","ortholog_one2one",100,98.4,1
"EFHC2","Efhc2","ortholog_one2one",100,100,1
"RSRC1","Rsrc1","ortholog_one2one",100,100,1
"POC1B","Poc1b","ortholog_one2one",100,100,1
"VMAC","Vmac","ortholog_one2one",75,100,1
"CBX5","Cbx5","ortholog_one2one",100,100,1
"NIT1","Nit1","ortholog_one2one",100,100,1
"GLE1","Gle1","ortholog_one2one",100,100,1
"EHD4","Ehd4","ortholog_one2one",100,100,1
"MYOM1","Myom1","ortholog_one2one",100,99.63,1
"CBY1","Cby1","ortholog_one2one",100,100,1
"SMYD3","Smyd3","ortholog_one2one",100,100,1
"IL22RA1","Il22ra1","ortholog_one2one",100,100,1
"EXPH5","Exph5","ortholog_one2one",100,100,1
"HSF4","Hsf4","ortholog_one2one",100,100,1
"AXDND1","Axdnd1","ortholog_one2one",100,94.37,1
"SHOX2","Shox2","ortholog_one2one",100,100,1
"FUZ","Fuz","ortholog_one2one",100,100,1
"NRTN","Nrtn","ortholog_one2one",100,100,1
"GNAI3","Gnai3","ortholog_one2one",100,100,1
"ZNF821","Zfp821","ortholog_one2one",100,100,1
"UBE2G1","Ube2g1","ortholog_one2one",100,100,1
"MAPK14","Mapk14","ortholog_one2one",100,100,1
"OIT3","Oit3","ortholog_one2one",100,100,1
"FUNDC2","Fundc2","ortholog_one2one",50,100,1
"ASB18","Asb18","ortholog_one2one",100,100,1
"SLC7A3","Slc7a3","ortholog_one2one",100,100,1
"HOXD12","Hoxd12","ortholog_one2one",100,100,1
"F8","F8","ortholog_one2one",50,100,1
"NPHS2","Nphs2","ortholog_one2one",100,100,1
"PLCB2","Plcb2","ortholog_one2one",100,100,1
"HOXD11","Hoxd11","ortholog_one2one",100,100,1
"PPP1R3F","Ppp1r3f","ortholog_one2one",100,100,1
"RRP36","Rrp36","ortholog_one2one",100,100,1
"EPHA5","Epha5","ortholog_one2one",100,100,1
"HOXD10","Hoxd10","ortholog_one2one",100,100,1
"MBOAT4","Mboat4","ortholog_one2one",100,100,1
"KMO","Kmo","ortholog_one2one",100,100,1
"SLC38A11","Slc38a11","ortholog_one2one",100,100,1
"ATXN1L","Atxn1l","ortholog_one2one",75,100,1
"GPR61","Gpr61","ortholog_one2one",100,100,1
"COL6A2","Col6a2","ortholog_one2one",100,100,1
"KCNS2","Kcns2","ortholog_one2one",100,100,1
"ACAD8","Acad8","ortholog_one2one",100,100,1
"AMIGO1","Amigo1","ortholog_one2one",100,100,1
"IGFN1","Igfn1","ortholog_one2one",100,96.08,0
"EIF5","Eif5","ortholog_one2one",100,100,1
"MYOM3","Myom3","ortholog_one2one",100,100,1
"LRRIQ3","Lrriq3","ortholog_one2one",100,100,1
"MIGA2","Miga2","ortholog_one2one",100,100,1
"STK19","Stk19","ortholog_one2one",75,92.56,1
"PTPRR","Ptprr","ortholog_one2one",100,100,1
"FH","Fh1","ortholog_one2one",100,100,1
"TOMM22","Tomm22","ortholog_one2one",100,100,1
"GOLGA5","Golga5","ortholog_one2one",100,100,1
"MEA1","Mea1","ortholog_one2one",100,100,1
"MARK1","Mark1","ortholog_one2one",100,100,1
"UTP25","Utp25","ortholog_one2one",100,100,1
"TBX2","Tbx2","ortholog_one2one",100,100,1
"FUNDC1","Fundc1","ortholog_one2one",100,100,1
"PMP2","Pmp2","ortholog_one2one",100,100,1
"KLHDC3","Klhdc3","ortholog_one2one",100,100,1
"DYNC2LI1","Dync2li1","ortholog_one2one",100,99.94,1
"DUS3L","Dus3l","ortholog_one2one",75,100,1
"GOLM1","Golm1","ortholog_one2one",100,100,1
"COL5A3","Col5a3","ortholog_one2one",100,99.88,1
"SHROOM3","Shroom3","ortholog_one2one",100,100,1
"CAMKK2","Camkk2","ortholog_one2one",100,100,1
"SH3GL1","Sh3gl1","ortholog_one2one",100,100,1
"PDXP","Pdxp","ortholog_one2one",100,100,1
"IL1RAPL1","Il1rapl1","ortholog_one2one",100,100,1
"TFB2M","Tfb2m","ortholog_one2one",100,100,1
"PPP2R5D","Ppp2r5d","ortholog_one2one",100,99.97,1
"CLASRP","Clasrp","ortholog_one2one",100,100,1
"CBR3","Cbr3","ortholog_one2one",100,100,1
"TSPAN5","Tspan5","ortholog_one2one",100,100,1
"NAA35","Naa35","ortholog_one2one",100,100,1
"ABCG8","Abcg8","ortholog_one2one",100,100,1
"SMAD6","Smad6","ortholog_one2one",100,100,1
"MPND","Mpnd","ortholog_one2one",100,100,1
"ASB7","Asb7","ortholog_one2one",100,100,1
"FITM2","Fitm2","ortholog_one2one",100,100,1
"PRR22","Prr22","ortholog_one2one",50,100,1
"LSM14B","Lsm14b","ortholog_one2one",100,100,1
"ERGIC2","Ergic2","ortholog_one2one",100,100,1
"CYB561D1","Cyb561d1","ortholog_one2one",100,97.74,1
"SAMD12","Samd12","ortholog_one2one",100,100,1
"NDFIP2","Ndfip2","ortholog_one2one",100,100,1
"SKIV2L","Skiv2l","ortholog_one2one",100,100,1
"R3HDML","R3hdml","ortholog_one2one",100,100,1
"FMR1NB","Fmr1nb","ortholog_one2one",100,70.85,0
"ALOX5","Alox5","ortholog_one2one",100,100,1
"HNF4A","Hnf4a","ortholog_one2one",100,100,1
"DAP3","Dap3","ortholog_one2one",75,100,1
"ABCG5","Abcg5","ortholog_one2one",100,100,1
"VIT","Vit","ortholog_one2one",100,100,1
"CPB2","Cpb2","ortholog_one2one",100,100,1
"GBE1","Gbe1","ortholog_one2one",100,100,1
"MTCP1","Mtcp1","ortholog_one2one",100,100,1
"CMC4","Cmc4","ortholog_one2one",50,100,1
"GLIS1","Glis1","ortholog_one2one",100,100,1
"SPAG4","Spag4","ortholog_one2one",100,100,1
"NEO1","Neo1","ortholog_one2one",100,100,1
"SAMD7","Samd7","ortholog_one2one",100,100,1
"NXPE4","Nxpe4","ortholog_one2one",100,99.18,1
"RALGAPB","Ralgapb","ortholog_one2one",100,100,1
"NXPE2","Nxpe2","ortholog_one2one",100,100,1
"SEC62","Sec62","ortholog_one2one",100,100,1
"IPO4","Ipo4","ortholog_one2one",100,100,1
"JOSD1","Josd1","ortholog_one2one",100,100,1
"IFT43","Ift43","ortholog_one2one",100,100,1
"ARAP1","Arap1","ortholog_one2one",100,100,1
"DXO","Dxo","ortholog_one2one",100,100,1
"LCTL","Lctl","ortholog_one2one",100,100,1
"ADAM7","Adam7","ortholog_one2one",100,99.91,1
"C3orf84","BC048562","ortholog_one2one",100,100,1
"SHISA2","Shisa2","ortholog_one2one",50,100,1
"ITGA3","Itga3","ortholog_one2one",100,100,1
"ZWILCH","Zwilch","ortholog_one2one",100,100,1
"KLHDC8B","Klhdc8b","ortholog_one2one",100,100,1
"TRAF3IP3","Traf3ip3","ortholog_one2one",100,100,1
"AC118553.2","Gm43191","ortholog_one2one",100,75.23,0
"ZNF605","Zfp605","ortholog_one2one",50,98.21,1
"MFSD14A","Mfsd14a","ortholog_one2one",100,100,1
"JAK3","Jak3","ortholog_one2one",50,100,1
"GFRA4","Gfra4","ortholog_one2one",100,98.49,1
"DLX2","Dlx2","ortholog_one2one",100,100,1
"TERF1","Terf1","ortholog_one2one",100,97.59,1
"SLC35A3","Slc35a3","ortholog_one2one",100,100,1
"CCDC71","Ccdc71","ortholog_one2one",100,100,1
"FAR2","Far2","ortholog_one2one",100,100,1
"TINAG","Tinag","ortholog_one2one",100,100,1
"TTPAL","Ttpal","ortholog_one2one",100,100,1
"HOXD9","Hoxd9","ortholog_one2one",100,100,1
"NFE2","Nfe2","ortholog_one2one",100,100,1
"SNCB","Sncb","ortholog_one2one",100,100,1
"ODF2L","Odf2l","ortholog_one2one",100,98.65,1
"CTSC","Ctsc","ortholog_one2one",100,100,1
"ASH1L","Ash1l","ortholog_one2one",100,100,1
"MSH3","Msh3","ortholog_one2one",100,100,1
"SBSPON","Sbspon","ortholog_one2one",100,100,1
"PRICKLE1","Prickle1","ortholog_one2one",75,100,1
"PARP4","Parp4","ortholog_one2one",0,78.11,1
"PCMTD2","Pcmtd2","ortholog_one2one",50,100,1
"ETNPPL","Etnppl","ortholog_one2one",100,100,1
"MAMSTR","Mamstr","ortholog_one2one",100,100,1
"IRF6","Irf6","ortholog_one2one",100,100,1
"OR4A15","Olfr1234","ortholog_one2one",75,0,1
"PSMA7","Psma7","ortholog_one2one",100,100,1
"GMNC","Gmnc","ortholog_one2one",100,100,1
"VWA1","Vwa1","ortholog_one2one",100,100,1
"CRYGS","Crygs","ortholog_one2one",100,100,1
"CBL","Cbl","ortholog_one2one",100,100,1
"NRG2","Nrg2","ortholog_one2one",100,100,1
"SLC22A18","Slc22a18","ortholog_one2one",100,100,1
"C1orf74","A130010J15Rik","ortholog_one2one",100,100,1
"RHOG","Rhog","ortholog_one2one",100,100,1
"NDUFV2","Ndufv2","ortholog_one2one",50,96.92,1
"COPZ1","Copz1","ortholog_one2one",100,96.31,1
"TMEM39B","Tmem39b","ortholog_one2one",100,100,1
"INHBB","Inhbb","ortholog_one2one",100,100,1
"IRAK1","Irak1","ortholog_one2one",100,100,1
"HMGN4","Gm20379","ortholog_one2one",0,0,0
"FABP4","Fabp4","ortholog_one2one",100,100,1
"EIF3B","Eif3b","ortholog_one2one",100,100,1
"TBX4","Tbx4","ortholog_one2one",100,100,1
"SNX12","Snx12","ortholog_one2one",100,94.74,1
"SLC5A9","Slc5a9","ortholog_one2one",100,100,1
"MLIP","Mlip","ortholog_one2one",100,100,0
"BEGAIN","Begain","ortholog_one2one",100,100,1
"FOXN4","Foxn4","ortholog_one2one",100,100,1
"OSTN","Ostn","ortholog_one2one",100,100,1
"FAM110C","Fam110c","ortholog_one2one",50,96.86,0
"LAMB2","Lamb2","ortholog_one2one",100,100,1
"NEGR1","Negr1","ortholog_one2one",100,100,1
"PTPRN","Ptprn","ortholog_one2one",100,100,1
"CAPN6","Capn6","ortholog_one2one",100,100,1
"ADIG","Adig","ortholog_one2one",100,100,0
"OBSCN","Obscn","ortholog_one2one",100,99.99,1
"TMEM88B","Tmem88b","ortholog_one2one",100,100,1
"RALB","Ralb","ortholog_one2one",100,100,1
"NVL","Nvl","ortholog_one2one",50,100,1
"MARK2","Mark2","ortholog_one2one",100,100,1
"TRMT2B","Trmt2b","ortholog_one2one",100,100,1
"HOXD3","Hoxd3","ortholog_one2one",100,100,1
"ZNF385A","Zfp385a","ortholog_one2one",100,100,1
"ANKRD65","Ankrd65","ortholog_one2one",100,100,1
"NINJ2","Ninj2","ortholog_one2one",100,100,1
"ARHGAP40","Arhgap40","ortholog_one2one",100,100,1
"THYN1","Thyn1","ortholog_one2one",100,100,1
"TNFRSF11B","Tnfrsf11b","ortholog_one2one",100,100,1
"C8orf89","4930444P10Rik","ortholog_one2one",100,100,1
"POLR3K","Polr3k","ortholog_one2one",0,69.45,0
"POGLUT3","Poglut3","ortholog_one2one",100,100,1
"INAFM2","Inafm2","ortholog_one2one",75,100,1
"HOXD8","Hoxd8","ortholog_one2one",100,100,1
"OTULINL","Otulinl","ortholog_one2one",100,100,1
"ADAM2","Adam2","ortholog_one2one",0,96.38,1
"KIAA0895L","4931428F04Rik","ortholog_one2one",100,100,1
"VPS26B","Vps26b","ortholog_one2one",100,100,1
"TMEM185B","Tmem185b","ortholog_one2one",100,100,1
"ITGA5","Itga5","ortholog_one2one",100,100,1
"AFF2","Aff2","ortholog_one2one",100,99.65,1
"LPCAT3","Lpcat3","ortholog_one2one",100,100,1
"EXOC3L1","Exoc3l","ortholog_one2one",100,100,1
"PTPRG","Ptprg","ortholog_one2one",100,100,1
"FOXO4","Foxo4","ortholog_one2one",100,100,1
"CCDC9B","Ccdc9b","ortholog_one2one",100,100,1
"GAPVD1","Gapvd1","ortholog_one2one",100,99.29,1
"DUSP21","Dusp21","ortholog_one2one",100,100,1
"CACNG1","Cacng1","ortholog_one2one",100,100,1
"DCX","Dcx","ortholog_one2one",100,100,1
"NOL3","Nol3","ortholog_one2one",100,100,1
"PHLDA2","Phlda2","ortholog_one2one",100,100,1
"EMG1","Emg1","ortholog_one2one",100,100,1
"TOP1MT","Top1mt","ortholog_one2one",100,100,1
"PEX6","Pex6","ortholog_one2one",100,100,1
"CHST12","Chst12","ortholog_one2one",100,100,1
"PTPN20","Ptpn20","ortholog_one2one",50,100,1
"COLEC10","Colec10","ortholog_one2one",100,100,1
"AGO1","Ago1","ortholog_one2one",100,100,1
"RAB38","Rab38","ortholog_one2one",100,100,1
"CXorf65","Gm614","ortholog_one2one",100,100,1
"MAPRE1","Mapre1","ortholog_one2one",100,100,1
"GPATCH2L","Gpatch2l","ortholog_one2one",75,100,1
"KHDRBS1","Khdrbs1","ortholog_one2one",100,100,1
"PIP4K2C","Pip4k2c","ortholog_one2one",100,100,1
"C11orf65","4930550C14Rik","ortholog_one2one",100,100,1
"PSMD4","Psmd4","ortholog_one2one",100,100,1
"USP19","Usp19","ortholog_one2one",100,99.26,1
"DTX3","Dtx3","ortholog_one2one",100,100,1
"SLC39A4","Slc39a4","ortholog_one2one",100,100,1
"FABP12","Fabp12","ortholog_one2one",100,100,1
"NOTCH3","Notch3","ortholog_one2one",50,100,1
"ATP8A2","Atp8a2","ortholog_one2one",75,100,1
"STRN","Strn","ortholog_one2one",100,100,1
"RPL9","Rpl9-ps1","ortholog_one2one",0,0,0
"AOX1","Aox1","ortholog_one2one",100,100,1
"NTN5","Ntn5","ortholog_one2one",100,100,1
"GRIFIN","Grifin","ortholog_one2one",75,100,1
"ADAMTS20","Adamts20","ortholog_one2one",100,100,1
"CACNG4","Cacng4","ortholog_one2one",100,100,1
"UTS2B","Uts2b","ortholog_one2one",100,100,0
"GPR160","Gpr160","ortholog_one2one",100,100,1
"FUT2","Sec1","ortholog_one2one",100,0,1
"MRPL20","Mrpl20","ortholog_one2one",100,82.13,1
"FES","Fes","ortholog_one2one",100,100,1
"RDH8","Rdh8","ortholog_one2one",100,100,1
"RPL7","Rpl7","ortholog_one2one",100,100,1
"TMEM9","Tmem9","ortholog_one2one",100,100,1
"GTPBP1","Gtpbp1","ortholog_one2one",100,100,1
"PTP4A2","Ptp4a2","ortholog_one2one",100,100,1
"TSPOAP1","Tspoap1","ortholog_one2one",100,100,1
"KLHDC9","Klhdc9","ortholog_one2one",100,100,1
"SRSF10","Srsf10","ortholog_one2one",100,100,1
"ZC3H13","Zc3h13","ortholog_one2one",100,98.9,1
"PFDN2","Pfdn2","ortholog_one2one",100,100,1
"SERINC3","Serinc3","ortholog_one2one",100,100,1
"PHETA1","Pheta1","ortholog_one2one",100,99.04,1
"GNMT","Gnmt","ortholog_one2one",100,100,1
"SLC32A1","Slc32a1","ortholog_one2one",100,100,1
"SS18L1","Ss18l1","ortholog_one2one",100,100,1
"MAL2","Mal2","ortholog_one2one",100,100,1
"ATXN7L2","Atxn7l2","ortholog_one2one",100,100,1
"SIAH3","Siah3","ortholog_one2one",100,100,1
"SCAI","Scai","ortholog_one2one",75,98.48,1
"CCNL2","Ccnl2","ortholog_one2one",100,100,1
"CBY2","Cby2","ortholog_one2one",75,100,1
"CRY2","Cry2","ortholog_one2one",100,100,1
"OR5AR1","Olfr1019","ortholog_one2one",100,100,1
"MYO1H","Myo1h","ortholog_one2one",100,100,1
"RERGL","Rergl","ortholog_one2one",100,100,1
"TMEM35A","Tmem35a","ortholog_one2one",100,100,1
"OR5AP2","Olfr1020","ortholog_one2one",100,100,1
"OSTC","Ostc","ortholog_one2one",100,94.86,1
"MTG2","Mtg2","ortholog_one2one",100,100,1
"SEMA6D","Sema6d","ortholog_one2one",100,100,1
"DISP2","Disp2","ortholog_one2one",100,100,1
"EPHX2","Ephx2","ortholog_one2one",100,100,1
"CNIH4","Cnih4","ortholog_one2one",100,100,1
"RUVBL1","Ruvbl1","ortholog_one2one",100,100,1
"KCTD10","Kctd10","ortholog_one2one",100,100,1
"BBS4","Bbs4","ortholog_one2one",50,100,1
"MPHOSPH8","Mphosph8","ortholog_one2one",50,100,1
"ADPGK","Adpgk","ortholog_one2one",75,100,1
"DAB2","Dab2","ortholog_one2one",75,100,1
"CNPY3","Cnpy3","ortholog_one2one",100,100,1
"IARS2","Iars2","ortholog_one2one",100,100,1
"KIT","Kit","ortholog_one2one",100,100,1
"RESP18","Resp18","ortholog_one2one",100,100,0
"TMEM135","Tmem135","ortholog_one2one",100,100,1
"ACTR5","Actr5","ortholog_one2one",100,100,1
"COG3","Cog3","ortholog_one2one",75,100,1
"LFNG","Lfng","ortholog_one2one",50,100,1
"GLOD4","Glod4","ortholog_one2one",75,95.29,1
"NUDT13","Nudt13","ortholog_one2one",50,100,1
"APBB1","Apbb1","ortholog_one2one",100,100,1
"RFESD","Rfesd","ortholog_one2one",100,90.12,1
"CCN3","Ccn3","ortholog_one2one",100,100,1
"SPRY2","Spry2","ortholog_one2one",100,100,1
"CYFIP1","Cyfip1","ortholog_one2one",75,100,1
"PTCRA","Ptcra","ortholog_one2one",100,100,0
"PUS7L","Pus7l","ortholog_one2one",100,100,1
"TRIM52","Trim52","ortholog_one2one",0,10.46,0
"RAB3GAP2","Rab3gap2","ortholog_one2one",100,100,1
"C6orf226","2310039H08Rik","ortholog_one2one",100,87.65,0
"ZRANB2","Zranb2","ortholog_one2one",100,100,1
"VBP1","Vbp1","ortholog_one2one",75,100,1
"TCF7L1","Tcf7l1","ortholog_one2one",75,99.34,1
"CENPC","Cenpc1","ortholog_one2one",100,98.8,0
"MLF1","Mlf1","ortholog_one2one",100,100,1
"RPL7L1","Rpl7l1","ortholog_one2one",100,100,1
"SERTM2","A730046J19Rik","ortholog_one2one",100,100,1
"LRRC1","Lrrc1","ortholog_one2one",100,100,1
"TONSL","Tonsl","ortholog_one2one",100,100,1
"NCAPD3","Ncapd3","ortholog_one2one",100,98.05,1
"GEMIN4","Gemin4","ortholog_one2one",75,100,1
"MRM3","Mrm3","ortholog_one2one",100,100,1
"SLITRK1","Slitrk1","ortholog_one2one",100,100,1
"RAB39B","Rab39b","ortholog_one2one",50,100,1
"MITF","Mitf","ortholog_one2one",100,100,1
"VPS53","Vps53","ortholog_one2one",100,100,1
"SLITRK6","Slitrk6","ortholog_one2one",100,100,1
"VPS28","Vps28","ortholog_one2one",100,100,1
"SPOCD1","Spocd1","ortholog_one2one",100,97.13,0
"DACH2","Dach2","ortholog_one2one",100,100,1
"SLITRK5","Slitrk5","ortholog_one2one",100,100,1
"REXO2","Rexo2","ortholog_one2one",75,100,1
"DDX11","Ddx11","ortholog_one2one",0,97.29,1
"SYPL2","Sypl2","ortholog_one2one",100,100,1
"CRACDL","2010300C02Rik","ortholog_one2one",100,93.5,1
"ROBO1","Robo1","ortholog_one2one",75,99.45,1
"RAP1GDS1","Rap1gds1","ortholog_one2one",100,100,1
"PHB2","Phb2","ortholog_one2one",100,100,1
"STIM1","Stim1","ortholog_one2one",75,100,1
"TMEM266","Tmem266","ortholog_one2one",100,100,1
"CHGA","Chga","ortholog_one2one",100,99.33,1
"SUN5","Sun5","ortholog_one2one",100,100,1
"RPL34","Rpl34","ortholog_one2one",100,100,1
"HOXD1","Hoxd1","ortholog_one2one",100,100,1
"SCN3A","Scn3a","ortholog_one2one",100,100,1
"PPP1R16B","Ppp1r16b","ortholog_one2one",100,100,1
"DDX27","Ddx27","ortholog_one2one",100,100,1
"BICRAL","Bicral","ortholog_one2one",100,100,1
"SLC24A2","Slc24a2","ortholog_one2one",100,100,1
"TBCCD1","Tbccd1","ortholog_one2one",100,100,1
"AP1G1","Ap1g1","ortholog_one2one",100,100,1
"EPB41L5","Epb41l5","ortholog_one2one",100,100,1
"DMRTB1","Dmrtb1","ortholog_one2one",100,100,0
"ANKFY1","Ankfy1","ortholog_one2one",100,100,1
"TWF1","Twf1","ortholog_one2one",100,100,1
"IRAK4","Irak4","ortholog_one2one",100,100,1
"C11orf71","Gm5617","ortholog_one2one",100,89.09,0
"NECTIN4","Nectin4","ortholog_one2one",100,100,1
"NUMB","Numb","ortholog_one2one",75,100,1
"CRCP","Crcp","ortholog_one2one",75,100,1
"PKIG","Pkig","ortholog_one2one",100,100,1
"KLHL31","Klhl31","ortholog_one2one",100,100,1
"GCLC","Gclc","ortholog_one2one",100,100,1
"SOAT1","Soat1","ortholog_one2one",100,100,1
"FZD4","Fzd4","ortholog_one2one",100,100,1
"BRIP1","Brip1","ortholog_one2one",100,100,1
"OR13A1","Olfr211","ortholog_one2one",75,100,1
"TLCD3A","Fam57a","ortholog_one2one",75,100,1
"NKX6-1","Nkx6-1","ortholog_one2one",100,100,1
"MTX2","Mtx2","ortholog_one2one",100,100,1
"ADGRA3","Adgra3","ortholog_one2one",100,100,1
"B4GALNT3","B4galnt3","ortholog_one2one",100,100,1
"TPST1","Tpst1","ortholog_one2one",50,100,1
"LINS1","Lins1","ortholog_one2one",100,100,1
"PARP8","Parp8","ortholog_one2one",100,100,1
"HRH3","Hrh3","ortholog_one2one",100,100,1
"TMEM117","Tmem117","ortholog_one2one",100,100,1
"ANKRD34B","Ankrd34b","ortholog_one2one",100,100,1
"FXYD1","Fxyd1","ortholog_one2one",100,100,1
"NELL2","Nell2","ortholog_one2one",100,100,1
"KCTD7","Kctd7","ortholog_one2one",100,100,1
"ARHGAP45","Arhgap45","ortholog_one2one",100,99.76,1
"SNAPC5","Snapc5","ortholog_one2one",100,100,1
"IL21R","Il21r","ortholog_one2one",100,100,1
"GPC5","Gpc5","ortholog_one2one",100,100,1
"PSPC1","Pspc1","ortholog_one2one",50,100,1
"USP33","Usp33","ortholog_one2one",100,99.42,1
"TBL2","Tbl2","ortholog_one2one",100,100,1
"NNMT","Nnmt","ortholog_one2one",100,100,1
"TRPC5OS","Trpc5os","ortholog_one2one",100,100,1
"ELOVL5","Elovl5","ortholog_one2one",100,100,1
"CENPI","Cenpi","ortholog_one2one",100,100,1
"PLEKHA7","Plekha7","ortholog_one2one",100,100,1
"TRPC5","Trpc5","ortholog_one2one",100,100,1
"ACOX1","Acox1","ortholog_one2one",100,100,1
"ZBTB16","Zbtb16","ortholog_one2one",100,100,1
"PRSS23","Prss23","ortholog_one2one",100,100,1
"GCM1","Gcm1","ortholog_one2one",100,100,1
"GPC6","Gpc6","ortholog_one2one",100,100,1
"DERL1","Derl1","ortholog_one2one",100,100,1
"FAM83D","Fam83d","ortholog_one2one",100,100,1
"PSMA5","Psma5","ortholog_one2one",100,100,1
"IQCA1","Iqca","ortholog_one2one",100,100,1
"FBXO9","Fbxo9","ortholog_one2one",75,100,1
"HTR3A","Htr3a","ortholog_one2one",100,100,1
"DARS1","Dars","ortholog_one2one",100,100,1
"WDR26","Wdr26","ortholog_one2one",100,100,1
"TIGIT","Tigit","ortholog_one2one",100,100,0
"DCT","Dct","ortholog_one2one",100,100,1
"PHLPP2","Phlpp2","ortholog_one2one",100,100,1
"TBCC","Tbcc","ortholog_one2one",100,100,1
"PRPH2","Prph2","ortholog_one2one",100,100,1
"RTL4","Rtl4","ortholog_one2one",100,100,1
"BCL7B","Bcl7b","ortholog_one2one",100,91.7,1
"ETFA","Etfa","ortholog_one2one",100,100,1
"BPIFB2","Bpifb2","ortholog_one2one",100,100,1
"MAP2K1","Map2k1","ortholog_one2one",100,100,1
"ME3","Me3","ortholog_one2one",100,100,1
"ADAMDEC1","Adamdec1","ortholog_one2one",100,100,1
"LEF1","Lef1","ortholog_one2one",100,100,1
"KLHL4","Klhl4","ortholog_one2one",100,98.74,1
"MARVELD3","Marveld3","ortholog_one2one",100,100,1
"HEATR5B","Heatr5b","ortholog_one2one",100,100,1
"UBTF","Ubtf","ortholog_one2one",100,100,1
"ZMYM5","Zmym5","ortholog_one2one",100,100,1
"LHFPL1","Lhfpl1","ortholog_one2one",100,100,1
"LRPPRC","Lrpprc","ortholog_one2one",100,100,1
"ACKR3","Ackr3","ortholog_one2one",100,100,1
"FBXO47","Fbxo47","ortholog_one2one",100,100,1
"SLC25A30","Slc25a30","ortholog_one2one",0,100,1
"DRD3","Drd3","ortholog_one2one",100,100,1
"ARSK","Arsk","ortholog_one2one",100,98.13,1
"ADA","Ada","ortholog_one2one",100,100,1
"CHRNA2","Chrna2","ortholog_one2one",100,100,1
"SORT1","Sort1","ortholog_one2one",100,100,1
"NIPA2","Nipa2","ortholog_one2one",75,100,1
"MTCL1","Mtcl1","ortholog_one2one",50,100,1
"CILK1","Cilk1","ortholog_one2one",50,100,1
"TGDS","Tgds","ortholog_one2one",100,100,1
"MAGEB18","Mageb18","ortholog_one2one",75,100,1
"GTF3C1","Gtf3c1","ortholog_one2one",100,100,1
"L3MBTL2","L3mbtl2","ortholog_one2one",100,100,1
"COMT","Comt","ortholog_one2one",100,95.72,1
"CDS1","Cds1","ortholog_one2one",100,100,1
"LAMB3","Lamb3","ortholog_one2one",0,100,1
"UBL7","Ubl7","ortholog_one2one",100,100,1
"LPIN2","Lpin2","ortholog_one2one",100,100,1
"ZNFX1","Znfx1","ortholog_one2one",100,100,1
"CYB5D2","Cyb5d2","ortholog_one2one",100,100,1
"ARHGAP30","Arhgap30","ortholog_one2one",100,100,1
"GPR180","Gpr180","ortholog_one2one",100,100,1
"FANCD2OS","Fancd2os","ortholog_one2one",100,100,1
"ARVCF","Arvcf","ortholog_one2one",100,99.99,1
"TIPIN","Tipin","ortholog_one2one",100,100,1
"BMERB1","Bmerb1","ortholog_one2one",75,100,1
"FANCD2","Fancd2","ortholog_one2one",100,100,1
"BPIFB6","Bpifb6","ortholog_one2one",100,100,1
"G0S2","G0s2","ortholog_one2one",75,100,1
"HSD11B1","Hsd11b1","ortholog_one2one",75,100,1
"ZNF22","Zfp422","ortholog_one2one",75,100,1
"SOX21","Sox21","ortholog_one2one",100,100,1
"CHADL","Chadl","ortholog_one2one",100,100,1
"ISL2","Isl2","ortholog_one2one",100,100,1
"C2CD5","C2cd5","ortholog_one2one",100,100,1
"AMOT","Amot","ortholog_one2one",100,99.42,1
"CCDC153","Ccdc153","ortholog_one2one",100,100,1
"OSBPL2","Osbpl2","ortholog_one2one",100,100,1
"MOAP1","Moap1","ortholog_one2one",100,100,1
"GPATCH11","Gpatch11","ortholog_one2one",100,100,1
"MCHR1","Mchr1","ortholog_one2one",100,100,1
"TMEM251","Tmem251","ortholog_one2one",75,100,1
"PTGER3","Ptger3","ortholog_one2one",100,91.83,1
"DBX2","Dbx2","ortholog_one2one",100,100,1
"BRD7","Brd7","ortholog_one2one",100,100,1
"CPXCR1","Cpxcr1","ortholog_one2one",100,96.79,0
"ATM","Atm","ortholog_one2one",100,100,1
"ITPK1","Itpk1","ortholog_one2one",100,100,1
"ABCC4","Abcc4","ortholog_one2one",100,100,1
"PDGFB","Pdgfb","ortholog_one2one",100,100,1
"SEMA7A","Sema7a","ortholog_one2one",100,100,1
"PIP5K1A","Pip5k1a","ortholog_one2one",100,99.97,1
"ANO6","Ano6","ortholog_one2one",100,100,1
"IMPA1","Impa1","ortholog_one2one",100,94.05,1
"CTH","Cth","ortholog_one2one",100,100,1
"CERS3","Cers3","ortholog_one2one",100,100,1
"STK3","Stk3","ortholog_one2one",100,97.1,1
"TMEM185A","Tmem185a","ortholog_one2one",100,100,1
"ARMH1","Armh1","ortholog_one2one",100,100,1
"SLC10A5","Slc10a5","ortholog_one2one",100,100,1
"CYP11A1","Cyp11a1","ortholog_one2one",100,100,1
"ARIH1","Arih1","ortholog_one2one",50,100,1
"CCN5","Ccn5","ortholog_one2one",100,100,1
"CNIH3","Cnih3","ortholog_one2one",100,100,1
"DACT1","Dact1","ortholog_one2one",100,100,1
"TMEM53","Tmem53","ortholog_one2one",100,100,1
"SCN2A","Scn2a","ortholog_one2one",100,100,1
"KCNK15","Kcnk15","ortholog_one2one",100,100,1
"LMLN2","Gm29776","ortholog_one2one",100,100,1
"ARX","Arx","ortholog_one2one",100,100,1
"SLC25A17","Slc25a17","ortholog_one2one",100,87.33,1
"ATF7IP2","Atf7ip2","ortholog_one2one",100,100,0
"RIMS4","Rims4","ortholog_one2one",100,100,1
"USF1","Usf1","ortholog_one2one",100,100,1
"CFAP97","Cfap97","ortholog_one2one",100,98.54,1
"HTR3B","Htr3b","ortholog_one2one",100,100,1
"EIF2AK2","Eif2ak2","ortholog_one2one",100,97.08,1
"SNX25","Snx25","ortholog_one2one",100,100,1
"YWHAB","Ywhab","ortholog_one2one",100,100,1
"TSTD1","Tstd1","ortholog_one2one",75,100,1
"CEBPE","Cebpe","ortholog_one2one",100,100,1
"BPIFB3","Bpifb3","ortholog_one2one",100,100,1
"SULT6B1","Sult6b1","ortholog_one2one",100,100,1
"DEPP1","Depp1","ortholog_one2one",100,100,1
"HTR2C","Htr2c","ortholog_one2one",100,100,1
"TPT1","Tpt1","ortholog_one2one",50,100,1
"RASSF4","Rassf4","ortholog_one2one",100,100,1
"AK5","Ak5","ortholog_one2one",100,100,1
"ZMYM2","Zmym2","ortholog_one2one",100,100,1
"RAP1GAP","Rap1gap","ortholog_one2one",100,100,1
"ZZZ3","Zzz3","ortholog_one2one",100,100,1
"SOWAHB","Sowahb","ortholog_one2one",100,100,1
"KCMF1","Kcmf1","ortholog_one2one",75,100,1
"EMILIN2","Emilin2","ortholog_one2one",100,100,1
"ELMO2","Elmo2","ortholog_one2one",100,100,1
"PFAS","Pfas","ortholog_one2one",75,100,1
"CYTIP","Cytip","ortholog_one2one",100,100,1
"IL13RA2","Il13ra2","ortholog_one2one",75,100,1
"NAP1L2","Nap1l2","ortholog_one2one",100,100,1
"UBR2","Ubr2","ortholog_one2one",100,100,1
"GTSF1","Gtsf1","ortholog_one2one",100,100,1
"DPPA5","Dppa5a","ortholog_one2one",50,100,1
"OOEP","Ooep","ortholog_one2one",75,100,0
"CRAT","Crat","ortholog_one2one",100,100,1
"ANK2","Ank2","ortholog_one2one",100,100,1
"DIS3L","Dis3l","ortholog_one2one",100,100,1
"CHFR","Chfr","ortholog_one2one",75,100,1
"LAMA5","Lama5","ortholog_one2one",100,100,1
"ADAMTS17","Adamts17","ortholog_one2one",100,100,1
"GAS2L3","Gas2l3","ortholog_one2one",100,100,1
"ARID2","Arid2","ortholog_one2one",100,100,1
"BRK1","Brk1","ortholog_one2one",100,100,1
"PABPC5","Pabpc5","ortholog_one2one",100,100,1
"NKD1","Nkd1","ortholog_one2one",100,100,1
"DOLPP1","Dolpp1","ortholog_one2one",100,100,1
"ANKRD13C","Ankrd13c","ortholog_one2one",100,100,1
"CGAS","Cgas","ortholog_one2one",100,100,1
"SLC3A1","Slc3a1","ortholog_one2one",100,100,1
"DLX3","Dlx3","ortholog_one2one",100,100,1
"PREPL","Prepl","ortholog_one2one",100,100,1
"CA11","Car11","ortholog_one2one",100,100,1
"ECD","Ecd","ortholog_one2one",50,98.01,1
"TSGA10","Tsga10","ortholog_one2one",100,100,1
"LRP8","Lrp8","ortholog_one2one",100,100,1
"MLLT3","Mllt3","ortholog_one2one",100,100,1
"MTO1","Mto1","ortholog_one2one",100,100,1
"CCDC50","Ccdc50","ortholog_one2one",100,100,1
"IL2","Il2","ortholog_one2one",100,100,1
"ADAD1","Adad1","ortholog_one2one",100,100,1
"RDH10","Rdh10","ortholog_one2one",100,100,1
"SLC35C1","Slc35c1","ortholog_one2one",100,100,1
"SCAF11","Scaf11","ortholog_one2one",100,100,1
"VHL","Vhl","ortholog_one2one",100,91.82,1
"SNX20","Snx20","ortholog_one2one",100,100,1
"PTPN18","Ptpn18","ortholog_one2one",100,100,1
"B3GNT7","B3gnt7","ortholog_one2one",100,100,1
"PLXDC1","Plxdc1","ortholog_one2one",100,100,1
"EEF1A1","Eef1a1","ortholog_one2one",100,100,1
"DUSP6","Dusp6","ortholog_one2one",50,100,1
"DRP2","Drp2","ortholog_one2one",100,100,1
"TMEM72","Tmem72","ortholog_one2one",75,100,1
"DLX4","Dlx4","ortholog_one2one",100,100,1
"MTMR6","Mtmr6","ortholog_one2one",75,100,1
"SEPTIN11","Septin11","ortholog_one2one",100,100,1
"SLC17A5","Slc17a5","ortholog_one2one",100,100,1
"RHPN1","Rhpn1","ortholog_one2one",100,100,1
"STAU2","Stau2","ortholog_one2one",100,100,1
"RCBTB2","Rcbtb2","ortholog_one2one",50,100,1
"HADH","Hadh","ortholog_one2one",100,97.35,1
"MARF1","Marf1","ortholog_one2one",100,100,1
"ADAM28","Adam28","ortholog_one2one",100,100,1
"AGO4","Ago4","ortholog_one2one",100,100,1
"SORBS1","Sorbs1","ortholog_one2one",100,100,1
"NDE1","Nde1","ortholog_one2one",100,96.04,1
"NCKAP1L","Nckap1l","ortholog_one2one",100,100,1
"BPNT1","Bpnt1","ortholog_one2one",100,100,1
"E2F4","E2f4","ortholog_one2one",100,100,1
"SLC38A1","Slc38a1","ortholog_one2one",100,98.31,1
"KDM5A","Kdm5a","ortholog_one2one",50,100,1
"BAZ1B","Baz1b","ortholog_one2one",100,100,1
"CD109","Cd109","ortholog_one2one",100,100,1
"RPS21","Rps21","ortholog_one2one",100,100,1
"PDE1B","Pde1b","ortholog_one2one",75,100,1
"COPS8","Cops8","ortholog_one2one",100,100,1
"POLA1","Pola1","ortholog_one2one",100,100,1
"KCTD4","Kctd4","ortholog_one2one",100,100,1
"GTF2F2","Gtf2f2","ortholog_one2one",100,100,1
"CCDC77","Ccdc77","ortholog_one2one",75,99.38,1
"TTYH3","Ttyh3","ortholog_one2one",25,100,1
"SEC61A1","Sec61a1","ortholog_one2one",100,99.49,1
"CABLES2","Cables2","ortholog_one2one",100,100,1
"SLC38A2","Slc38a2","ortholog_one2one",100,100,1
"AMER2","Amer2","ortholog_one2one",50,100,1
"DHX35","Dhx35","ortholog_one2one",100,100,1
"PEX14","Pex14","ortholog_one2one",100,100,1
"ADAM33","Adam33","ortholog_one2one",100,99.74,1
"ZZEF1","Zzef1","ortholog_one2one",100,100,1
"CYP2U1","Cyp2u1","ortholog_one2one",100,100,1
"RNF220","Rnf220","ortholog_one2one",100,100,1
"FAM151B","Fam151b","ortholog_one2one",100,100,1
"RBBP8NL","Rbbp8nl","ortholog_one2one",100,98.4,1
"ZWINT","Zwint","ortholog_one2one",75,93.38,1
"TMEM106A","Tmem106a","ortholog_one2one",100,100,1
"FURIN","Furin","ortholog_one2one",100,100,1
"SGMS2","Sgms2","ortholog_one2one",100,100,1
"SLC38A4","Slc38a4","ortholog_one2one",100,100,1
"CCDC191","Ccdc191","ortholog_one2one",100,100,1
"STAP1","Stap1","ortholog_one2one",100,100,1
"PABPC1L","Pabpc1l","ortholog_one2one",100,100,1
"RB1","Rb1","ortholog_one2one",100,100,1
"QTRT2","Qtrt2","ortholog_one2one",100,100,1
"COL6A1","Col6a1","ortholog_one2one",100,100,1
"ELMO3","Elmo3","ortholog_one2one",100,100,1
"ZNHIT6","Znhit6","ortholog_one2one",100,100,1
"PNRC2","Pnrc2","ortholog_one2one",100,100,1
"NUFIP1","Nufip1","ortholog_one2one",75,100,1
"HSPA5","Hspa5","ortholog_one2one",75,100,1
"PCED1B","Pced1b","ortholog_one2one",100,100,1
"ARL2BP","Arl2bp","ortholog_one2one",100,100,1
"AMIGO2","Amigo2","ortholog_one2one",100,100,1
"GATA5","Gata5","ortholog_one2one",100,100,1
"SMCHD1","Smchd1","ortholog_one2one",75,100,1
"RAB12","Rab12","ortholog_one2one",75,96.34,1
"QARS1","Qars","ortholog_one2one",100,100,1
"LXN","Lxn","ortholog_one2one",100,100,1
"GFM1","Gfm1","ortholog_one2one",100,99.33,1
"LPAR6","Lpar6","ortholog_one2one",100,100,1
"TIMM8A","Timm8a1","ortholog_one2one",100,100,1
"CLDN10","Cldn10","ortholog_one2one",100,100,1
"INTS2","Ints2","ortholog_one2one",75,100,1
"GJA3","Gja3","ortholog_one2one",100,100,1
"TTC8","Ttc8","ortholog_one2one",100,98.7,1
"SLCO4A1","Slco4a1","ortholog_one2one",100,100,1
"GJB2","Gjb2","ortholog_one2one",100,100,1
"TEX36","Tex36","ortholog_one2one",100,100,0
"ELP5","Elp5","ortholog_one2one",100,100,1
"CCDC200","Gm11634","ortholog_one2one",100,100,0
"COL12A1","Col12a1","ortholog_one2one",100,100,1
"PLS3","Pls3","ortholog_one2one",0,100,1
"RARRES1","Rarres1","ortholog_one2one",100,100,1
"PIGK","Pigk","ortholog_one2one",100,95.26,1
"AURKAIP1","Aurkaip1","ortholog_one2one",100,100,1
"DLK1","Dlk1","ortholog_one2one",100,100,1
"MED13","Med13","ortholog_one2one",50,100,1
"CTDNEP1","Ctdnep1","ortholog_one2one",100,100,1
"USP28","Usp28","ortholog_one2one",100,100,1
"RDM1","Rdm1","ortholog_one2one",0,76.19,1
"TSC2","Tsc2","ortholog_one2one",100,100,1
"DBP","Dbp","ortholog_one2one",100,100,1
"KBTBD12","Kbtbd12","ortholog_one2one",100,100,1
"ST6GALNAC5","St6galnac5","ortholog_one2one",100,100,1
"SPHK2","Sphk2","ortholog_one2one",100,100,1
"TXNRD2","Txnrd2","ortholog_one2one",100,100,1
"KNSTRN","Knstrn","ortholog_one2one",100,100,1
"IRAK2","Irak2","ortholog_one2one",100,100,1
"STAB2","Stab2","ortholog_one2one",100,100,1
"CACNG5","Cacng5","ortholog_one2one",100,100,1
"TTC37","Ttc37","ortholog_one2one",100,100,1
"RPL18","Rpl18","ortholog_one2one",75,99.54,1
"ZFAND1","Zfand1","ortholog_one2one",100,100,1
"CDX4","Cdx4","ortholog_one2one",100,100,1
"DZIP1","Dzip1","ortholog_one2one",100,100,1
"MGLL","Mgll","ortholog_one2one",100,100,1
"CAMKMT","Camkmt","ortholog_one2one",100,100,1
"CHIC1","Chic1","ortholog_one2one",75,100,1
"RPAP3","Rpap3","ortholog_one2one",100,100,1
"GDF10","Gdf10","ortholog_one2one",50,100,1
"ASCL5","Ascl5","ortholog_one2one",100,100,1
"ZCCHC8","Zcchc8","ortholog_one2one",100,100,1
"SHFL","Shfl","ortholog_one2one",100,100,1
"ENDOU","Endou","ortholog_one2one",100,100,1
"KCNB1","Kcnb1","ortholog_one2one",100,100,1
"LYSMD4","Lysmd4","ortholog_one2one",100,100,1
"DNAH6","Dnah6","ortholog_one2one",75,100,1
"MDFIC2","Gm765","ortholog_one2one",100,100,1
"SLC7A8","Slc7a8","ortholog_one2one",100,100,1
"ANGPTL6","Angptl6","ortholog_one2one",100,100,1
"PTGIS","Ptgis","ortholog_one2one",100,100,1
"GDF2","Gdf2","ortholog_one2one",100,100,1
"SOX10","Sox10","ortholog_one2one",100,100,1
"CCDC33","Ccdc33","ortholog_one2one",100,100,0
"EPHX3","Ephx3","ortholog_one2one",50,100,1
"PPP6C","Ppp6c","ortholog_one2one",50,100,1
"MEF2A","Mef2a","ortholog_one2one",100,100,1
"PCYT1B","Pcyt1b","ortholog_one2one",75,100,1
"PDZD3","Pdzd3","ortholog_one2one",100,100,1
"AHSG","Ahsg","ortholog_one2one",100,100,1
"SCAPER","Scaper","ortholog_one2one",100,100,1
"MAMLD1","Mamld1","ortholog_one2one",100,98.81,0
"NAP1L4","Nap1l4","ortholog_one2one",100,100,1
"ESRRB","Esrrb","ortholog_one2one",100,97.06,1
"SNX16","Snx16","ortholog_one2one",100,100,1
"COX7A2","Cox7a2","ortholog_one2one",100,100,1
"TSC22D1","Tsc22d1","ortholog_one2one",100,100,1
"NFAM1","Nfam1","ortholog_one2one",75,100,0
"OPRK1","Oprk1","ortholog_one2one",100,100,1
"TMEM30A","Tmem30a","ortholog_one2one",100,100,1
"CXCL12","Cxcl12","ortholog_one2one",100,100,1
"HOMEZ","Homez","ortholog_one2one",100,100,1
"CNR2","Cnr2","ortholog_one2one",100,100,1
"CHMP4C","Chmp4c","ortholog_one2one",100,100,1
"KIF5A","Kif5a","ortholog_one2one",100,100,1
"RNF212B","Rnf212b","ortholog_one2one",100,100,1
"VTI1A","Vti1a","ortholog_one2one",100,100,1
"FILIP1","Filip1","ortholog_one2one",100,100,1
"TAT","Tat","ortholog_one2one",100,100,1
"FGF12","Fgf12","ortholog_one2one",100,100,1
"CCN1","Ccn1","ortholog_one2one",100,100,1
"RRM1","Rrm1","ortholog_one2one",75,100,1
"STK4","Stk4","ortholog_one2one",100,100,1
"BPIFB4","Bpifb4","ortholog_one2one",100,100,1
"STRA6","Stra6","ortholog_one2one",100,100,1
"NR1H4","Nr1h4","ortholog_one2one",100,100,1
"UBE3B","Ube3b","ortholog_one2one",100,100,1
"TOMM34","Tomm34","ortholog_one2one",100,96.72,1
"F11R","F11r","ortholog_one2one",75,100,1
"ATP5PF","Atp5j","ortholog_one2one",100,100,1
"FUCA1","Fuca1","ortholog_one2one",100,100,1
"KDR","Kdr","ortholog_one2one",100,100,1
"MXRA8","Mxra8","ortholog_one2one",100,100,1
"CSRNP3","Csrnp3","ortholog_one2one",100,100,1
"STC1","Stc1","ortholog_one2one",100,100,1
"GABPA","Gabpa","ortholog_one2one",100,100,1
"SENP6","Senp6","ortholog_one2one",100,100,1
"DDAH1","Ddah1","ortholog_one2one",100,100,1
"ARL4D","Arl4d","ortholog_one2one",100,100,1
"NTSR1","Ntsr1","ortholog_one2one",100,100,1
"CTSO","Ctso","ortholog_one2one",100,100,1
"LRCH2","Lrch2","ortholog_one2one",50,100,1
"BTK","Btk","ortholog_one2one",100,99.04,1
"RIOX1","Riox1","ortholog_one2one",100,98.97,1
"CHST4","Chst4","ortholog_one2one",100,100,1
"EDRF1","Edrf1","ortholog_one2one",100,100,1
"SIX3","Six3","ortholog_one2one",100,100,1
"PKD1","Pkd1","ortholog_one2one",100,100,1
"RBP3","Rbp3","ortholog_one2one",75,100,1
"NPBWR1","Npbwr1","ortholog_one2one",100,100,1
"ZNF488","Zfp488","ortholog_one2one",50,100,1
"ZNF511","Zfp511","ortholog_one2one",100,100,1
"SIDT2","Sidt2","ortholog_one2one",100,100,1
"PAPSS1","Papss1","ortholog_one2one",100,100,1
"TUBGCP2","Tubgcp2","ortholog_one2one",100,100,1
"OR52B4","Olfr547","ortholog_one2one",0,100,1
"NKX2-6","Nkx2-6","ortholog_one2one",100,100,1
"ETNK1","Etnk1","ortholog_one2one",100,100,1
"FBXW2","Fbxw2","ortholog_one2one",50,100,1
"KIFC2","Kifc2","ortholog_one2one",100,100,1
"PTPRB","Ptprb","ortholog_one2one",100,100,1
"ALPL","Alpl","ortholog_one2one",100,100,1
"MRGBP","Mrgbp","ortholog_one2one",100,100,1
"CYHR1","Cyhr1","ortholog_one2one",100,100,1
"LIPT1","Lipt1","ortholog_one2one",100,100,1
"MITD1","Mitd1","ortholog_one2one",100,100,1
"DNAJC3","Dnajc3","ortholog_one2one",100,100,1
"MYO18A","Myo18a","ortholog_one2one",75,100,1
"SERP2","Serp2","ortholog_one2one",100,100,1
"FZD9","Fzd9","ortholog_one2one",100,100,1
"HMGCL","Hmgcl","ortholog_one2one",100,100,1
"ARL5C","Arl5c","ortholog_one2one",100,100,1
"PPP1R3E","Ppp1r3e","ortholog_one2one",100,100,1
"PLLP","Pllp","ortholog_one2one",100,100,1
"EPRS1","Eprs","ortholog_one2one",100,100,1
"EIF2AK1","Eif2ak1","ortholog_one2one",100,100,1
"ITLN1","Itln1","ortholog_one2one",0,74.2,0
"MEGF11","Megf11","ortholog_one2one",100,100,1
"AIMP2","Aimp2","ortholog_one2one",75,100,1
"MFSD1","Mfsd1","ortholog_one2one",100,100,1
"MB21D2","Mb21d2","ortholog_one2one",100,100,1
"OR4A47","Olfr1256","ortholog_one2one",0,100,1
"SRSF11","Srsf11","ortholog_one2one",100,100,1
"KATNIP","D430042O09Rik","ortholog_one2one",100,100,1
"ANKRD61","Ankrd61","ortholog_one2one",100,100,1
"MPO","Mpo","ortholog_one2one",100,100,1
"CCL22","Ccl22","ortholog_one2one",100,100,1
"GJB6","Gjb6","ortholog_one2one",100,100,1
"BCL10","Bcl10","ortholog_one2one",100,100,1
"TRIM21","Trim21","ortholog_one2one",75,100,1
"LGALS1","Lgals1","ortholog_one2one",100,100,1
"PLA2G4E","Pla2g4e","ortholog_one2one",100,100,1
"RABEPK","Rabepk","ortholog_one2one",50,100,1
"PGBD5","Pgbd5","ortholog_one2one",100,100,1
"NKX3-1","Nkx3-1","ortholog_one2one",100,100,1
"NOD2","Nod2","ortholog_one2one",100,100,1
"C1orf52","2410004B18Rik","ortholog_one2one",100,100,1
"WDFY3","Wdfy3","ortholog_one2one",100,99.95,1
"HEATR6","Heatr6","ortholog_one2one",0,100,1
"HEATR4","Heatr4","ortholog_one2one",100,95.76,1
"ADGRL1","Adgrl1","ortholog_one2one",100,100,1
"FDPS","Fdps","ortholog_one2one",100,100,1
"NAP1L3","Nap1l3","ortholog_one2one",50,100,1
"CXCR4","Cxcr4","ortholog_one2one",75,100,1
"SRD5A3","Srd5a3","ortholog_one2one",100,98.94,1
"DNAH14","Dnah14","ortholog_one2one",100,99.85,1
"SIX2","Six2","ortholog_one2one",100,100,1
"TDO2","Tdo2","ortholog_one2one",100,100,1
"NUP155","Nup155","ortholog_one2one",100,100,1
"BCL2L2-PABPN1","Gm20521","ortholog_one2one",100,100,1
"BCL2L2","Bcl2l2","ortholog_one2one",100,100,1
"NDC80","Ndc80","ortholog_one2one",50,100,1
"IL21","Il21","ortholog_one2one",100,100,1
"RUSC1","Rusc1","ortholog_one2one",100,100,1
"SPZ1","Spz1","ortholog_one2one",100,96.49,0
"LRRC29","Lrrc29","ortholog_one2one",100,100,1
"SYNGR1","Syngr1","ortholog_one2one",100,100,1
"ST6GALNAC3","St6galnac3","ortholog_one2one",100,100,1
"IL6ST","Il6st","ortholog_one2one",100,100,1
"OSR2","Osr2","ortholog_one2one",75,100,1
"LBR","Lbr","ortholog_one2one",100,100,1
"RAPGEF3","Rapgef3","ortholog_one2one",100,100,1
"B3GNT3","B3gnt3","ortholog_one2one",25,98.56,1
"DNPEP","Dnpep","ortholog_one2one",100,98.44,1
"NELFE","Nelfe","ortholog_one2one",100,100,1
"CLSPN","Clspn","ortholog_one2one",100,100,1
"C9orf153","4921517D22Rik","ortholog_one2one",100,92.13,0
"RPL3","Rpl3","ortholog_one2one",100,100,1
"PDK3","Pdk3","ortholog_one2one",50,100,1
"CRYL1","Cryl1","ortholog_one2one",100,100,1
"RAB11A","Rab11a","ortholog_one2one",100,100,1
"ACOT4","Acot4","ortholog_one2one",100,100,1
"THSD7B","Thsd7b","ortholog_one2one",50,100,1
"SYDE2","Syde2","ortholog_one2one",75,99.32,1
"SERINC5","Serinc5","ortholog_one2one",100,100,1
"MRPS10","Mrps10","ortholog_one2one",100,100,1
"ACVR1C","Acvr1c","ortholog_one2one",100,100,1
"SLC25A37","Slc25a37","ortholog_one2one",75,100,1
"MAFB","Mafb","ortholog_one2one",100,100,1
"POLR2E","Polr2e","ortholog_one2one",100,100,1
"FGF2","Fgf2","ortholog_one2one",100,99.01,1
"SPDYA","Spdya","ortholog_one2one",50,100,1
"PIK3C2G","Pik3c2g","ortholog_one2one",100,98.72,1
"CTC1","Ctc1","ortholog_one2one",100,100,1
"SPATA5","Spata5","ortholog_one2one",100,98.94,1
"CALY","Caly","ortholog_one2one",100,100,1
"SRBD1","Srbd1","ortholog_one2one",100,100,1
"UBA6","Uba6","ortholog_one2one",100,100,1
"UGGT2","Uggt2","ortholog_one2one",100,100,1
"ITGA6","Itga6","ortholog_one2one",100,100,1
"PTPRM","Ptprm","ortholog_one2one",100,100,1
"EMB","Emb","ortholog_one2one",100,100,1
"PTPN4","Ptpn4","ortholog_one2one",100,100,1
"PLA2G4D","Pla2g4d","ortholog_one2one",100,100,1
"MIPEP","Mipep","ortholog_one2one",75,100,1
"BBS12","Bbs12","ortholog_one2one",100,100,1
"RCN2","Rcn2","ortholog_one2one",100,98.49,1
"FAM81B","Fam81b","ortholog_one2one",100,98.03,1
"OR52K2","Olfr552","ortholog_one2one",50,99.26,1
"NUDT6","Nudt6","ortholog_one2one",100,100,1
"RRP7A","Rrp7a","ortholog_one2one",100,100,1
"OR52M1","Olfr554","ortholog_one2one",100,100,1
"B4GALT5","B4galt5","ortholog_one2one",100,100,1
"ZNF32","Zfp637","ortholog_one2one",100,100,1
"APOH","Apoh","ortholog_one2one",100,100,1
"OR5M8","Olfr1031","ortholog_one2one",100,100,1
"SERHL2","Serhl","ortholog_one2one",100,100,1
"CHCHD4","AU015836","ortholog_one2one",0,0,0
"OR4C5","Olfr1260","ortholog_one2one",25,100,1
"LRP1","Lrp1","ortholog_one2one",100,100,1
"PRKCA","Prkca","ortholog_one2one",100,100,1
"DNAI3","Wdr63","ortholog_one2one",100,100,1
"CUX2","Cux2","ortholog_one2one",100,99.48,1
"SLC30A10","Slc30a10","ortholog_one2one",100,100,1
"JAM3","Jam3","ortholog_one2one",100,100,1
"PPP1R1A","Ppp1r1a","ortholog_one2one",50,100,1
"VASH1","Vash1","ortholog_one2one",100,100,1
"PLAAT1","Plaat1","ortholog_one2one",100,100,1
"CD244","Cd244a","ortholog_one2one",50,100,0
"OGFR","Ogfr","ortholog_one2one",100,100,0
"GSG1L","Gsg1l","ortholog_one2one",100,100,1
"EMP2","Emp2","ortholog_one2one",100,100,1
"MCTP1","Mctp1","ortholog_one2one",100,100,1
"MCOLN3","Mcoln3","ortholog_one2one",100,100,1
"ZFY","Zfx","ortholog_one2one",0,62.9,0
"ABL2","Abl2","ortholog_one2one",100,98.65,1
"LY9","Ly9","ortholog_one2one",75,100,1
"CAPRIN1","Caprin1","ortholog_one2one",100,100,1
"TOP1","Top1","ortholog_one2one",100,100,1
"SLC6A19","Slc6a19","ortholog_one2one",100,100,1
"TMTC1","Tmtc1","ortholog_one2one",100,100,1
"GALNT3","Galnt3","ortholog_one2one",100,100,1
"PSTPIP1","Pstpip1","ortholog_one2one",100,100,1
"WASHC4","Washc4","ortholog_one2one",100,100,1
"BCS1L","Bcs1l","ortholog_one2one",100,100,1
"HS6ST3","Hs6st3","ortholog_one2one",100,100,1
"ZW10","Zw10","ortholog_one2one",100,100,1
"CX3CL1","Cx3cl1","ortholog_one2one",100,100,1
"GLA","Gla","ortholog_one2one",100,96.89,1
"GABARAP","Gabarap","ortholog_one2one",100,100,1
"IFT88","Ift88","ortholog_one2one",100,99.68,1
"CASP12","Casp12","ortholog_one2one",75,95.87,0
"QRICH1","Qrich1","ortholog_one2one",100,100,1
"HNRNPH2","Hnrnph2","ortholog_one2one",100,100,1
"DKK2","Dkk2","ortholog_one2one",100,100,1
"ANGEL1","Angel1","ortholog_one2one",100,100,1
"KCNS1","Kcns1","ortholog_one2one",100,100,1
"VPS72","Vps72","ortholog_one2one",100,100,1
"TRIM68","Trim68","ortholog_one2one",100,100,1
"SLC17A8","Slc17a8","ortholog_one2one",100,100,1
"GIMD1","Gimd1","ortholog_one2one",100,100,1
"CDK3","Cdk3","ortholog_one2one",100,100,1
"GNRHR","Gnrhr","ortholog_one2one",100,100,1
"GALE","Gale","ortholog_one2one",100,100,1
"MAFA","Mafa","ortholog_one2one",100,100,1
"BPIFA3","Bpifa3","ortholog_one2one",100,100,1
"LRRC30","Lrrc30","ortholog_one2one",100,100,1
"EVPL","Evpl","ortholog_one2one",100,100,1
"CAMTA2","Camta2","ortholog_one2one",100,100,1
"ZNF239","Zfp239","ortholog_one2one",100,100,0
"ECE1","Ece1","ortholog_one2one",100,100,1
"TCFL5","Tcfl5","ortholog_one2one",100,100,1
"DENND4A","Dennd4a","ortholog_one2one",100,99.7,1
"IQCJ","Iqcj","ortholog_one2one",100,86.92,1
"ASIC5","Asic5","ortholog_one2one",100,100,1
"IGSF9B","Igsf9b","ortholog_one2one",100,100,1
"CCL17","Ccl17","ortholog_one2one",100,100,1
"NLRX1","Nlrx1","ortholog_one2one",100,100,1
"IVD","Ivd","ortholog_one2one",100,100,1
"CEP85","Cep85","ortholog_one2one",100,100,1
"PRKCE","Prkce","ortholog_one2one",100,100,1
"OR51D1","Olfr557","ortholog_one2one",100,100,1
"OXGR1","Oxgr1","ortholog_one2one",100,100,1
"BTBD7","Btbd7","ortholog_one2one",100,100,1
"PLA2G4F","Pla2g4f","ortholog_one2one",100,100,1
"C12orf42","1700113H08Rik","ortholog_one2one",100,100,0
"IL17D","Il17d","ortholog_one2one",100,100,1
"SLC24A1","Slc24a1","ortholog_one2one",100,98.83,1
"MMP21","Mmp21","ortholog_one2one",100,100,1
"CCDC122","Ccdc122","ortholog_one2one",100,100,1
"IMPDH2","Impdh2","ortholog_one2one",100,100,1
"INTS14","Ints14","ortholog_one2one",100,100,1
"EEF1AKMT1","Eef1akmt1","ortholog_one2one",100,100,1
"LPO","Lpo","ortholog_one2one",100,100,1
"FETUB","Fetub","ortholog_one2one",75,100,1
"DIPK2B","Dipk2b","ortholog_one2one",100,100,1
"FUOM","Fuom","ortholog_one2one",100,100,1
"PURA","Pura","ortholog_one2one",100,100,1
"ZCCHC13","Zcchc13","ortholog_one2one",75,100,1
"IGIP","Igip","ortholog_one2one",100,100,1
"SFMBT1","Sfmbt1","ortholog_one2one",100,100,1
"SPACA4","Spaca4","ortholog_one2one",100,100,1
"TMOD4","Tmod4","ortholog_one2one",75,100,1
"FAM83E","Fam83e","ortholog_one2one",100,100,1
"ARMCX4","Armcx4","ortholog_one2one",100,96.95,1
"NDUFAF3","Ndufaf3","ortholog_one2one",100,100,1
"HPX","Hpx","ortholog_one2one",100,100,1
"MCOLN2","Mcoln2","ortholog_one2one",75,100,1
"CCDC30","Ccdc30","ortholog_one2one",100,92.11,0
"BLM","Blm","ortholog_one2one",100,100,1
"ENAH","Enah","ortholog_one2one",75,100,1
"SLC48A1","Slc48a1","ortholog_one2one",100,100,1
"TESK1","Tesk1","ortholog_one2one",100,100,1
"SCYL2","Scyl2","ortholog_one2one",100,100,1
"WDR6","Wdr6","ortholog_one2one",100,100,1
"CDK20","Cdk20","ortholog_one2one",0,100,1
"ZC3H7B","Zc3h7b","ortholog_one2one",100,100,1
"DALRD3","Dalrd3","ortholog_one2one",100,100,1
"FKBP6","Fkbp6","ortholog_one2one",100,100,1
"HDAC7","Hdac7","ortholog_one2one",100,99.94,1
"TOR3A","Tor3a","ortholog_one2one",100,100,1
"CD72","Cd72","ortholog_one2one",100,100,1
"COG2","Cog2","ortholog_one2one",100,100,1
"RANGAP1","Rangap1","ortholog_one2one",100,100,1
"LRRC74A","Lrrc74a","ortholog_one2one",100,99.17,1
"TRABD2B","Trabd2b","ortholog_one2one",100,100,1
"OR51E1","Olfr558","ortholog_one2one",100,100,1
"P4HTM","P4htm","ortholog_one2one",100,100,1
"TMPRSS11D","Tmprss11d","ortholog_one2one",100,100,1
"SLC24A5","Slc24a5","ortholog_one2one",100,100,1
"GUCY1B1","Gucy1b1","ortholog_one2one",100,100,1
"AGT","Agt","ortholog_one2one",100,100,1
"HCN1","Hcn1","ortholog_one2one",100,98.95,1
"MTM1","Mtm1","ortholog_one2one",100,100,1
"GOLGA3","Golga3","ortholog_one2one",100,100,1
"ZC3H3","Zc3h3","ortholog_one2one",100,100,1
"RALYL","Ralyl","ortholog_one2one",100,100,1
"TMEM165","Tmem165","ortholog_one2one",100,100,1
"MBNL2","Mbnl2","ortholog_one2one",100,100,1
"MREG","Mreg","ortholog_one2one",100,100,1
"PHF23","Phf23","ortholog_one2one",100,100,1
"ABCA4","Abca4","ortholog_one2one",100,100,1
"CAPN9","Capn9","ortholog_one2one",100,100,1
"ARIH2","Arih2","ortholog_one2one",100,100,1
"SOX5","Sox5","ortholog_one2one",100,100,1
"DES","Des","ortholog_one2one",100,100,1
"MAPK13","Mapk13","ortholog_one2one",100,100,1
"ACOT6","Acot6","ortholog_one2one",100,100,1
"ARMCX1","Armcx1","ortholog_one2one",100,100,1
"OR5R1","Olfr1038-ps","ortholog_one2one",100,100,1
"KCNMB4","Kcnmb4","ortholog_one2one",100,100,1
"THBS4","Thbs4","ortholog_one2one",100,99.94,1
"C2","C2","ortholog_one2one",100,100,1
"DOP1B","Dop1b","ortholog_one2one",100,100,1
"MAPRE3","Mapre3","ortholog_one2one",100,100,1
"PECR","Pecr","ortholog_one2one",100,100,1
"SLC25A20","Slc25a20","ortholog_one2one",100,100,1
"IRF2BPL","Irf2bpl","ortholog_one2one",100,100,1
"C1orf216","5730409E04Rik","ortholog_one2one",100,100,1
"CNST","Cnst","ortholog_one2one",100,100,1
"RSRC2","Rsrc2","ortholog_one2one",100,100,1
"COL6A3","Col6a3","ortholog_one2one",100,98.97,1
"TUT7","Tut7","ortholog_one2one",100,100,1
"PRKAR2A","Prkar2a","ortholog_one2one",100,100,1
"PLCZ1","Plcz1","ortholog_one2one",100,100,1
"TMEM208","Tmem208","ortholog_one2one",100,100,1
"RFX2","Rfx2","ortholog_one2one",25,99.89,1
"SLC9A8","Slc9a8","ortholog_one2one",100,100,1
"LMTK3","Lmtk3","ortholog_one2one",100,100,1
"CYSTM1","Cystm1","ortholog_one2one",100,100,1
"CAPZA3","Capza3","ortholog_one2one",100,100,1
"HNF1B","Hnf1b","ortholog_one2one",50,100,1
"DFFA","Dffa","ortholog_one2one",100,100,1
"FHOD1","Fhod1","ortholog_one2one",100,99.42,1
"MORC3","Morc3","ortholog_one2one",100,100,1
"SULT2B1","Sult2b1","ortholog_one2one",75,95.42,1
"MTX3","Mtx3","ortholog_one2one",100,100,1
"PFDN1","Pfdn1","ortholog_one2one",100,100,1
"RB1CC1","Rb1cc1","ortholog_one2one",100,100,1
"CRTC3","Crtc3","ortholog_one2one",75,100,1
"GUCY1A1","Gucy1a1","ortholog_one2one",100,100,1
"LRRC40","Lrrc40","ortholog_one2one",100,100,1
"RELB","Relb","ortholog_one2one",100,100,1
"FOXD2","Foxd2","ortholog_one2one",100,100,1
"IP6K2","Ip6k2","ortholog_one2one",100,100,1
"ASF1B","Asf1b","ortholog_one2one",100,100,1
"BRD4","Brd4","ortholog_one2one",100,100,1
"TMPRSS11A","Tmprss11a","ortholog_one2one",75,99.17,1
"ANKLE2","Ankle2","ortholog_one2one",100,100,1
"DDI1","Ddi1","ortholog_one2one",100,100,1
"PDGFD","Pdgfd","ortholog_one2one",100,100,1
"HACD3","Hacd3","ortholog_one2one",100,96.63,1
"FOXE3","Foxe3","ortholog_one2one",100,99.54,1
"NCKIPSD","Nckipsd","ortholog_one2one",100,100,1
"MYO6","Myo6","ortholog_one2one",100,100,1
"DIDO1","Dido1","ortholog_one2one",100,100,1
"LYG2","Lyg2","ortholog_one2one",100,100,1
"ZBTB12","Zbtb12","ortholog_one2one",100,100,1
"LYG1","Lyg1","ortholog_one2one",100,100,1
"RAP2A","Rap2a","ortholog_one2one",100,100,1
"SPATA19","Spata19","ortholog_one2one",100,100,1
"VPS13B","Vps13b","ortholog_one2one",100,100,1
"PRKACA","Prkaca","ortholog_one2one",100,100,1
"CELSR3","Celsr3","ortholog_one2one",100,100,1
"POLDIP3","Poldip3","ortholog_one2one",75,100,1
"HNRNPF","Hnrnpf","ortholog_one2one",100,100,1
"EPB41L1","Epb41l1","ortholog_one2one",100,100,1
"HBEGF","Hbegf","ortholog_one2one",100,100,1
"MYBPHL","Mybphl","ortholog_one2one",100,100,1
"PSMB2","Psmb2","ortholog_one2one",100,100,1
"ECHS1","Echs1","ortholog_one2one",100,100,1
"COX6C","Cox6c","ortholog_one2one",100,100,1
"GUCA1B","Guca1b","ortholog_one2one",75,100,1
"CHST7","Chst7","ortholog_one2one",100,100,1
"CARS1","Cars","ortholog_one2one",100,100,1
"NLRC3","Nlrc3","ortholog_one2one",100,100,1
"CATSPER4","Catsper4","ortholog_one2one",100,99.24,1
"CMYA5","Cmya5","ortholog_one2one",100,95.72,1
"BPIFA1","Bpifa5","ortholog_one2one",100,100,1
"CORT","Cort","ortholog_one2one",100,100,1
"SRP68","Srp68","ortholog_one2one",100,100,1
"TFAP2E","Tfap2e","ortholog_one2one",100,100,1
"TRIM50","Trim50","ortholog_one2one",100,100,1
"NSMF","Nsmf","ortholog_one2one",100,100,1
"CLOCK","Clock","ortholog_one2one",100,100,1
"GUCA1A","Guca1a","ortholog_one2one",100,100,1
"IPO5","Ipo5","ortholog_one2one",100,99.43,1
"C1orf198","2310022B05Rik","ortholog_one2one",100,100,1
"C6orf132","AI661453","ortholog_one2one",75,99.47,1
"SLC26A6","Slc26a6","ortholog_one2one",100,98.76,1
"SLC16A2","Slc16a2","ortholog_one2one",0,100,1
"BRPF3","Brpf3","ortholog_one2one",100,100,1
"IPO8","Ipo8","ortholog_one2one",75,99.87,1
"COQ9","Coq9","ortholog_one2one",100,100,1
"TSPAN3","Tspan3","ortholog_one2one",100,100,1
"RPL19","Rpl19","ortholog_one2one",100,100,1
"BPIFB1","Bpifb1","ortholog_one2one",100,100,1
"TMPRSS11F","Tmprss11f","ortholog_one2one",50,100,1
"SCNM1","Scnm1","ortholog_one2one",100,100,1
"CACNB1","Cacnb1","ortholog_one2one",100,100,1
"CMPK1","Cmpk1","ortholog_one2one",100,100,1
"MYL2","Myl2","ortholog_one2one",100,100,1
"LPAR3","Lpar3","ortholog_one2one",100,100,1
"CIAPIN1","Ciapin1","ortholog_one2one",100,100,1
"FEZF2","Fezf2","ortholog_one2one",100,100,1
"EPAS1","Epas1","ortholog_one2one",100,100,1
"ACTR6","Actr6","ortholog_one2one",100,100,1
"CIPC","Cipc","ortholog_one2one",75,100,1
"PXMP2","Pxmp2","ortholog_one2one",100,91.04,0
"TMEM89","Tmem89","ortholog_one2one",100,100,1
"PEAK1","Peak1","ortholog_one2one",100,100,1
"PGAM5","Pgam5","ortholog_one2one",100,100,1
"MKS1","Mks1","ortholog_one2one",100,100,1
"DPP8","Dpp8","ortholog_one2one",100,100,1
"MAP9","Map9","ortholog_one2one",100,100,1
"UQCRC1","Uqcrc1","ortholog_one2one",100,100,1
"TAF8","Taf8","ortholog_one2one",100,94.93,1
"SIGLEC1","Siglec1","ortholog_one2one",100,100,1
"TMEM169","Tmem169","ortholog_one2one",100,100,1
"TMEM247","Tmem247","ortholog_one2one",100,100,1
"OR8U1","Olfr52","ortholog_one2one",100,100,1
"ATP13A5","Atp13a5","ortholog_one2one",100,100,1
"IL17RA","Il17ra","ortholog_one2one",50,100,1
"RNF114","Rnf114","ortholog_one2one",100,100,1
"OR8K1","Olfr1046","ortholog_one2one",75,100,1
"RPS6KB1","Rps6kb1","ortholog_one2one",75,100,1
"TMEM121B","Tmem121b","ortholog_one2one",50,100,1
"CNKSR1","Cnksr1","ortholog_one2one",100,100,1
"MBD6","Mbd6","ortholog_one2one",75,100,1
"FCHO1","Fcho1","ortholog_one2one",50,99.75,1
"SPATA2","Spata2","ortholog_one2one",100,100,1
"HDHD5","Hdhd5","ortholog_one2one",100,100,1
"LRP1B","Lrp1b","ortholog_one2one",50,100,1
"ATP6V1E2","Atp6v1e2","ortholog_one2one",100,100,1
"NCDN","Ncdn","ortholog_one2one",100,100,1
"FARP1","Farp1","ortholog_one2one",100,99.06,1
"MED12","Med12","ortholog_one2one",100,100,1
"GALR2","Galr2","ortholog_one2one",100,100,1
"RHOQ","Rhoq","ortholog_one2one",100,100,1
"PSRC1","Psrc1","ortholog_one2one",100,99.95,1
"XRCC5","Xrcc5","ortholog_one2one",100,100,1
"PIGF","Pigf","ortholog_one2one",100,100,1
"DCTN2","Dctn2","ortholog_one2one",100,100,1
"CACNA1S","Cacna1s","ortholog_one2one",100,100,1
"TAB1","Tab1","ortholog_one2one",100,100,1
"RNFT1","Rnft1","ortholog_one2one",50,100,1
"EPX","Epx","ortholog_one2one",100,100,1
"DHX8","Dhx8","ortholog_one2one",100,99.29,1
"EXOC7","Exoc7","ortholog_one2one",100,100,1
"TENT2","Tent2","ortholog_one2one",100,100,1
"IL31RA","Il31ra","ortholog_one2one",100,99.04,1
"FAM240B","Fam240b","ortholog_one2one",50,100,1
"OR4C3","Olfr1264","ortholog_one2one",75,100,1
"STK24","Stk24","ortholog_one2one",100,100,1
"C19orf67","1700067K01Rik","ortholog_one2one",100,100,1
"TRIM3","Trim3","ortholog_one2one",100,100,1
"UCN2","Ucn2","ortholog_one2one",100,100,1
"ASCL1","Ascl1","ortholog_one2one",100,100,1
"TSKS","Tsks","ortholog_one2one",100,100,1
"LOXL2","Loxl2","ortholog_one2one",75,100,1
"CCNI","Ccni","ortholog_one2one",100,100,1
"PFKFB4","Pfkfb4","ortholog_one2one",100,100,1
"SLC15A1","Slc15a1","ortholog_one2one",100,100,1
"ZDHHC23","Zdhhc23","ortholog_one2one",100,99.83,1
"SLAMF7","Slamf7","ortholog_one2one",100,100,0
"BAHD1","Bahd1","ortholog_one2one",100,100,1
"ERI3","Eri3","ortholog_one2one",100,100,1
"CYB5R3","Cyb5r3","ortholog_one2one",100,100,1
"SLC4A1","Slc4a1","ortholog_one2one",100,100,1
"OR51E2","Olfr78","ortholog_one2one",100,100,1
"CHST14","Chst14","ortholog_one2one",100,100,1
"FOXH1","Foxh1","ortholog_one2one",100,100,1
"NSUN5","Nsun5","ortholog_one2one",75,100,1
"NLGN3","Nlgn3","ortholog_one2one",100,100,1
"OR51C1P","Olfr560","ortholog_one2one",100,100,1
"APPL2","Appl2","ortholog_one2one",100,100,1
"IQGAP1","Iqgap1","ortholog_one2one",50,100,1
"RLIM","Rlim","ortholog_one2one",75,100,1
"OR4X1","Olfr1268-ps1","ortholog_one2one",75,100,1
"HHLA1","Hhla1","ortholog_one2one",100,100,0
"ABTB1","Abtb1","ortholog_one2one",100,99.95,1
"MTMR1","Mtmr1","ortholog_one2one",100,100,1
"TMPRSS11E","Tmprss11e","ortholog_one2one",25,100,1
"MRPS30","Mrps30","ortholog_one2one",100,100,1
"YTHDC1","Ythdc1","ortholog_one2one",25,100,1
"HRG","Hrg","ortholog_one2one",75,100,1
"EIF3G","Eif3g","ortholog_one2one",100,100,1
"CEBPZOS","Cebpzos","ortholog_one2one",100,100,1
"IGDCC4","Igdcc4","ortholog_one2one",100,100,1
"SSX2IP","Ssx2ip","ortholog_one2one",100,100,1
"MLPH","Mlph","ortholog_one2one",100,100,1
"TEKT5","Tekt5","ortholog_one2one",100,95.08,1
"CEBPZ","Cebpz","ortholog_one2one",100,100,1
"DHX32","Dhx32","ortholog_one2one",100,100,1
"PAH","Pah","ortholog_one2one",100,100,1
"SPEG","Speg","ortholog_one2one",100,100,1
"AMER3","Amer3","ortholog_one2one",100,100,1
"CENPS","Cenps","ortholog_one2one",100,100,1
"B3GNT10","Gm34653","ortholog_one2one",50,100,1
"GHRL","Ghrl","ortholog_one2one",100,100,1
"SLC9A5","Slc9a5","ortholog_one2one",100,100,1
"PNMA1","Pnma1","ortholog_one2one",100,100,1
"DNAL1","Dnal1","ortholog_one2one",100,100,1
"NPAT","Npat","ortholog_one2one",100,100,1
"FAM20B","Fam20b","ortholog_one2one",75,100,1
"MARCHF4","Marchf4","ortholog_one2one",100,100,1
"PRLH","Prlh","ortholog_one2one",100,100,1
"GPX4","Gpx4","ortholog_one2one",100,100,1
"UROS","Uros","ortholog_one2one",100,99.56,1
"NIPA1","Nipa1","ortholog_one2one",50,100,1
"RNF25","Rnf25","ortholog_one2one",100,100,1
"OR5J2","Olfr1052","ortholog_one2one",0,100,1
"CD48","Cd48","ortholog_one2one",100,100,0
"PARP6","Parp6","ortholog_one2one",100,100,1
"STPG2","Stpg2","ortholog_one2one",100,98.15,0
"MISP3","Misp3","ortholog_one2one",100,100,0
"KCNQ3","Kcnq3","ortholog_one2one",100,100,1
"DDX52","Ddx52","ortholog_one2one",75,100,1
"XPO6","Xpo6","ortholog_one2one",75,100,1
"PCBP3","Pcbp3","ortholog_one2one",100,100,1
"LYSMD1","Lysmd1","ortholog_one2one",100,100,1
"ZDHHC22","Zdhhc22","ortholog_one2one",100,100,1
"TNFAIP8L2","Tnfaip8l2","ortholog_one2one",75,100,1
"AURKB","Aurkb","ortholog_one2one",100,100,1
"ABCG4","Abcg4","ortholog_one2one",100,100,1
"SHISA5","Shisa5","ortholog_one2one",100,100,1
"BCCIP","Bccip","ortholog_one2one",100,91.65,1
"NDUFAF7","Ndufaf7","ortholog_one2one",100,100,1
"PAFAH1B2","Pafah1b2","ortholog_one2one",100,100,1
"FANK1","Fank1","ortholog_one2one",100,100,1
"AKAP8","Akap8","ortholog_one2one",100,100,1
"TBC1D31","Tbc1d31","ortholog_one2one",100,100,1
"PDCL2","Pdcl2","ortholog_one2one",100,100,1
"DMAP1","Dmap1","ortholog_one2one",100,100,1
"ZNF593","Zfp593","ortholog_one2one",100,100,1
"APEX2","Apex2","ortholog_one2one",75,100,1
"LYPLA2","Lypla2","ortholog_one2one",100,100,1
"DVL2","Dvl2","ortholog_one2one",100,100,1
"ZSCAN2","Zscan2","ortholog_one2one",50,100,1
"NMU","Nmu","ortholog_one2one",100,100,1
"ACAT1","Acat1","ortholog_one2one",100,95.51,1
"DVL1","Dvl1","ortholog_one2one",100,100,1
"IMPG1","Impg1","ortholog_one2one",100,100,1
"PFKFB1","Pfkfb1","ortholog_one2one",75,100,1
"PLEKHG4","Plekhg4","ortholog_one2one",100,100,1
"PDHA2","Pdha2","ortholog_one2one",100,100,1
"PSMD5","Psmd5","ortholog_one2one",100,100,1
"CYLD","Cyld","ortholog_one2one",100,100,1
"KCTD19","Kctd19","ortholog_one2one",100,100,1
"ACADVL","Acadvl","ortholog_one2one",100,98.29,1
"MTG1","Mtg1","ortholog_one2one",100,100,1
"TAS1R3","Tas1r3","ortholog_one2one",100,100,1
"GPRIN2","Gprin2","ortholog_one2one",75,100,1
"UNC5C","Unc5c","ortholog_one2one",100,100,1
"ALAS2","Alas2","ortholog_one2one",75,100,1
"BORCS6","Borcs6","ortholog_one2one",100,100,1
"SPRN","Sprn","ortholog_one2one",100,100,1
"OSBPL5","Osbpl5","ortholog_one2one",100,100,1
"GRAMD1C","Gramd1c","ortholog_one2one",100,100,1
"ALKAL1","Alkal1","ortholog_one2one",100,100,1
"SLAMF1","Slamf1","ortholog_one2one",100,100,0
"NPY2R","Npy2r","ortholog_one2one",100,100,1
"ANAPC5","Anapc5","ortholog_one2one",100,100,1
"KIRREL2","Kirrel2","ortholog_one2one",100,100,1
"PDK1","Pdk1","ortholog_one2one",100,100,1
"TCP11","Tcp11","ortholog_one2one",100,93.65,1
"HTR1B","Htr1b","ortholog_one2one",100,100,1
"GJB1","Gjb1","ortholog_one2one",100,100,1
"A4GALT","A4galt","ortholog_one2one",100,100,1
"LAMA1","Lama1","ortholog_one2one",100,100,1
"MGAT3","Mgat3","ortholog_one2one",100,100,1
"MEI4","Mei4","ortholog_one2one",100,100,1
"STAT6","Stat6","ortholog_one2one",100,99.25,1
"CRIPT","Cript","ortholog_one2one",100,100,1
"IL27RA","Il27ra","ortholog_one2one",100,95.61,1
"CCND3","Ccnd3","ortholog_one2one",100,100,1
"IGDCC3","Igdcc3","ortholog_one2one",100,99.47,1
"NEMP1","Nemp1","ortholog_one2one",100,100,1
"SOCS5","Socs5","ortholog_one2one",100,100,1
"PALM3","Palm3","ortholog_one2one",100,100,1
"IRAK1BP1","Irak1bp1","ortholog_one2one",100,100,1
"PRKD3","Prkd3","ortholog_one2one",100,100,1
"SGMS1","Sgms1","ortholog_one2one",0,100,1
"CAPRIN2","Caprin2","ortholog_one2one",50,100,1
"POLE","Pole","ortholog_one2one",100,100,1
"NEUROG2","Neurog2","ortholog_one2one",100,100,1
"HMG20A","Hmg20a","ortholog_one2one",75,100,1
"RAB17","Rab17","ortholog_one2one",100,100,1
"NAB2","Nab2","ortholog_one2one",100,100,1
"STIL","Stil","ortholog_one2one",100,100,1
"PHIP","Phip","ortholog_one2one",100,100,1
"PARP16","Parp16","ortholog_one2one",100,100,1
"PKLR","Pklr","ortholog_one2one",100,100,1
"TCF7L2","Tcf7l2","ortholog_one2one",100,100,1
"ACSBG2","Acsbg2","ortholog_one2one",0,99.3,1
"BYSL","Bysl","ortholog_one2one",100,100,1
"LEPROTL1","Leprotl1","ortholog_one2one",100,78.92,1
"PGD","Pgd","ortholog_one2one",100,100,1
"SCCPDH","Sccpdh","ortholog_one2one",75,100,1
"CD84","Cd84","ortholog_one2one",100,98.88,1
"CILP","Cilp","ortholog_one2one",100,100,1
"ZBTB49","Zbtb49","ortholog_one2one",100,100,1
"UHRF1BP1L","Uhrf1bp1l","ortholog_one2one",100,100,1
"ARFGAP3","Arfgap3","ortholog_one2one",100,100,1
"CECR2","Cecr2","ortholog_one2one",100,99.48,1
"HCN3","Hcn3","ortholog_one2one",100,100,1
"STAC2","Stac2","ortholog_one2one",100,100,1
"CCNG2","Ccng2","ortholog_one2one",100,100,1
"CDK5RAP1","Cdk5rap1","ortholog_one2one",100,99.05,1
"APP","App","ortholog_one2one",100,100,1
"XPO4","Xpo4","ortholog_one2one",100,100,1
"LRRC6","Lrrc6","ortholog_one2one",100,100,1
"SNAI1","Snai1","ortholog_one2one",100,100,1
"CLPX","Clpx","ortholog_one2one",100,100,1
"KIF21B","Kif21b","ortholog_one2one",100,100,1
"NEXMIF","Nexmif","ortholog_one2one",50,100,1
"CELSR2","Celsr2","ortholog_one2one",100,100,1
"HMGN3","Hmgn3","ortholog_one2one",100,100,1
"OR4D1","Olfr464","ortholog_one2one",100,100,1
"TVP23A","Tvp23a","ortholog_one2one",100,100,1
"MLLT1","Mllt1","ortholog_one2one",75,100,1
"WDR73","Wdr73","ortholog_one2one",50,100,1
"DYNLL2","Dynll2","ortholog_one2one",100,100,1
"NUBP1","Nubp1","ortholog_one2one",100,100,1
"SARAF","Saraf","ortholog_one2one",75,100,1
"FBXO3","Fbxo3","ortholog_one2one",100,100,1
"CEBPB","Cebpb","ortholog_one2one",100,100,1
"PDCD7","Pdcd7","ortholog_one2one",100,100,1
"CCDC32","Ccdc32","ortholog_one2one",100,85.38,1
"RPL10L","Rpl10l","ortholog_one2one",100,100,1
"MRGPRG","Mrgprg","ortholog_one2one",75,100,1
"SLX4","Slx4","ortholog_one2one",100,100,1
"KNTC1","Kntc1","ortholog_one2one",100,100,1
"SEC13","Sec13","ortholog_one2one",100,100,1
"ATRIP","Atrip","ortholog_one2one",100,100,1
"MRGPRE","Mrgpre","ortholog_one2one",50,100,1
"UBAP1L","Ubap1l","ortholog_one2one",100,98.4,1
"KLF17","Klf17","ortholog_one2one",100,94.31,0
"RPUSD2","Rpusd2","ortholog_one2one",100,100,1
"SLAMF6","Slamf6","ortholog_one2one",100,97.66,0
"TMEM177","Tmem177","ortholog_one2one",100,100,1
"KBTBD13","Kbtbd13","ortholog_one2one",100,100,1
"MCFD2","Mcfd2","ortholog_one2one",100,100,1
"AKAP8L","Akap8l","ortholog_one2one",100,100,1
"ZNF334","Zfp334","ortholog_one2one",100,99.53,1
"MCU","Mcu","ortholog_one2one",100,100,1
"TREX1","Trex1","ortholog_one2one",100,100,1
"LCA5","Lca5","ortholog_one2one",100,100,1
"ACVR1","Acvr1","ortholog_one2one",100,100,1
"CFAP221","Cfap221","ortholog_one2one",100,100,1
"RASL12","Rasl12","ortholog_one2one",100,100,1
"TMA7","Tma7","ortholog_one2one",100,100,1
"RLN3","Rln3","ortholog_one2one",100,100,1
"PLCG1","Plcg1","ortholog_one2one",100,99.76,1
"SLC51B","Slc51b","ortholog_one2one",100,100,1
"CCDC51","Ccdc51","ortholog_one2one",100,100,1
"SUN2","Sun2","ortholog_one2one",100,100,1
"MTFMT","Mtfmt","ortholog_one2one",100,100,1
"NMB","Nmb","ortholog_one2one",100,100,1
"HINFP","Hinfp","ortholog_one2one",100,100,1
"SEC11A","Sec11a","ortholog_one2one",100,100,1
"SRSF1","Srsf1","ortholog_one2one",100,100,1
"PLXNB1","Plxnb1","ortholog_one2one",100,100,1
"CYTH2","Cyth2","ortholog_one2one",100,100,1
"SH3BGRL2","Sh3bgrl2","ortholog_one2one",100,100,1
"GNG12","Gng12","ortholog_one2one",50,100,1
"TRO","Tro","ortholog_one2one",100,91.7,0
"PPP1R16A","Ppp1r16a","ortholog_one2one",100,100,1
"ELOVL4","Elovl4","ortholog_one2one",100,100,1
"CTBS","Ctbs","ortholog_one2one",100,100,1
"AHCTF1","Ahctf1","ortholog_one2one",50,100,1
"ENPP2","Enpp2","ortholog_one2one",100,100,1
"SPATA1","Spata1","ortholog_one2one",100,100,1
"TTK","Ttk","ortholog_one2one",100,100,1
"LMO2","Lmo2","ortholog_one2one",100,100,1
"EIF4G3","Eif4g3","ortholog_one2one",100,100,1
"LPIN3","Lpin3","ortholog_one2one",100,100,1
"ACER1","Acer1","ortholog_one2one",50,100,1
"KIAA0319L","AU040320","ortholog_one2one",100,99.85,1
"ABCB7","Abcb7","ortholog_one2one",100,100,1
"CD99L2","Cd99l2","ortholog_one2one",100,95.44,1
"SHLD2","Shld2","ortholog_one2one",50,100,1
"SBK1","Sbk1","ortholog_one2one",50,100,1
"WNK2","Wnk2","ortholog_one2one",100,99.28,1
"RFX1","Rfx1","ortholog_one2one",100,100,1
"CHAF1B","Chaf1b","ortholog_one2one",100,100,1
"UPRT","Uprt","ortholog_one2one",100,100,1
"GCLM","Gclm","ortholog_one2one",100,100,1
"ZDHHC15","Zdhhc15","ortholog_one2one",100,100,1
"HIP1","Hip1","ortholog_one2one",75,100,1
"ZHX3","Zhx3","ortholog_one2one",100,100,1
"MAGEE2","Magee2","ortholog_one2one",100,100,1
"TMEM71","Tmem71","ortholog_one2one",100,100,1
"LINGO1","Lingo1","ortholog_one2one",50,100,1
"BCAR3","Bcar3","ortholog_one2one",75,100,1
"ALPK1","Alpk1","ortholog_one2one",100,100,1
"ARMCX6","Armcx6","ortholog_one2one",100,100,1
"TRAP1","Trap1","ortholog_one2one",100,100,1
"CEP112","Cep112","ortholog_one2one",100,100,1
"PACSIN2","Pacsin2","ortholog_one2one",100,100,1
"ARMCX3","Armcx3","ortholog_one2one",100,100,1
"BCKDHB","Bckdhb","ortholog_one2one",100,100,1
"DNTTIP2","Dnttip2","ortholog_one2one",100,100,1
"TTC7A","Ttc7","ortholog_one2one",100,100,1
"DNASE1","Dnase1","ortholog_one2one",100,100,1
"TIFA","Tifa","ortholog_one2one",100,100,1
"AAR2","Aar2","ortholog_one2one",100,100,1
"AP1AR","Ap1ar","ortholog_one2one",100,100,1
"SNTA1","Snta1","ortholog_one2one",100,100,1
"ENOX1","Enox1","ortholog_one2one",100,100,1
"SMIM39","Arhgef4","ortholog_one2one",100,100,1
"CUL5","Cul5","ortholog_one2one",100,100,1
"TENT5A","Tent5a","ortholog_one2one",100,100,1
"FAM168B","Fam168b","ortholog_one2one",75,98.17,1
"MECP2","Mecp2","ortholog_one2one",100,100,1
"SRP9","Srp9","ortholog_one2one",50,100,1
"LAT","Lat","ortholog_one2one",50,100,1
"MFSD14B","Mfsd14b","ortholog_one2one",0,100,1
"ANKDD1A","Ankdd1a","ortholog_one2one",100,97.81,1
"SPG21","Spg21","ortholog_one2one",100,100,1
"ZMYM4","Zmym4","ortholog_one2one",100,100,1
"MIEF1","Mief1","ortholog_one2one",100,100,1
"IBTK","Ibtk","ortholog_one2one",100,100,1
"MINPP1","Minpp1","ortholog_one2one",50,100,1
"OCSTAMP","Ocstamp","ortholog_one2one",100,100,1
"KNL1","Knl1","ortholog_one2one",100,97.2,1
"QPCT","Qpct","ortholog_one2one",100,100,1
"PLEKHO2","Plekho2","ortholog_one2one",100,100,1
"FRS3","Frs3","ortholog_one2one",100,100,1
"ARHGAP28","Arhgap28","ortholog_one2one",100,100,1
"ATP6V1A","Atp6v1a","ortholog_one2one",100,100,1
"SALL1","Sall1","ortholog_one2one",100,100,1
"SLC25A18","Slc25a18","ortholog_one2one",100,100,1
"AL022312.1","AC140267.1","ortholog_one2one",100,100,1
"TOMM6","Tomm6","ortholog_one2one",100,100,1
"TOX3","Tox3","ortholog_one2one",100,100,1
"GID8","Gid8","ortholog_one2one",100,100,1
"CLPP","Clpp","ortholog_one2one",100,100,1
"MAGED2","Maged2","ortholog_one2one",100,100,1
"R3HCC1","R3hcc1","ortholog_one2one",100,100,1
"SPINK8","Spink8","ortholog_one2one",100,100,0
"CDC42EP3","Cdc42ep3","ortholog_one2one",100,100,1
"VDR","Vdr","ortholog_one2one",100,100,1
"ARMCX2","Armcx2","ortholog_one2one",100,95.19,1
"TSSK4","Tssk4","ortholog_one2one",100,100,1
"RAB39A","Rab39","ortholog_one2one",100,100,1
"BRAT1","Brat1","ortholog_one2one",25,100,1
"USP49","Usp49","ortholog_one2one",100,100,1
"LRRC36","Lrrc36","ortholog_one2one",100,100,1
"NME6","Nme6","ortholog_one2one",100,100,1
"SLC13A3","Slc13a3","ortholog_one2one",100,100,1
"SARS1","Sars","ortholog_one2one",100,100,1
"CHMP7","Chmp7","ortholog_one2one",100,100,1
"TPBG","Tpbg","ortholog_one2one",100,100,1
"RPF1","Rpf1","ortholog_one2one",100,100,1
"SLC17A9","Slc17a9","ortholog_one2one",100,100,1
"FOXN3","Foxn3","ortholog_one2one",100,100,1
"UBE3D","Ube2cbp","ortholog_one2one",100,100,1
"PIF1","Pif1","ortholog_one2one",100,99.97,1
"ODF3L1","Odf3l1","ortholog_one2one",50,100,1
"CAMP","Camp","ortholog_one2one",100,100,1
"TMEM106C","Tmem106c","ortholog_one2one",100,99.12,1
"LRRC7","Lrrc7","ortholog_one2one",100,100,1
"CDC25A","Cdc25a","ortholog_one2one",100,100,1
"CTXN2","Ctxn2","ortholog_one2one",100,100,1
"VANGL2","Vangl2","ortholog_one2one",100,100,1
"C4BPA","C4bp","ortholog_one2one",50,91.06,0
"INCA1","Inca1","ortholog_one2one",100,100,1
"NADSYN1","Nadsyn1","ortholog_one2one",50,99.96,1
"SLC35F2","Slc35f2","ortholog_one2one",75,100,1
"TTLL1","Ttll1","ortholog_one2one",100,100,1
"SPRY1","Spry1","ortholog_one2one",100,100,1
"TEX33","Tex33","ortholog_one2one",75,100,1
"NXN","Nxn","ortholog_one2one",100,100,1
"CYP1B1","Cyp1b1","ortholog_one2one",100,100,1
"AGXT2","Agxt2","ortholog_one2one",100,100,1
"FBXL20","Fbxl20","ortholog_one2one",100,100,1
"ZNF592","Zfp592","ortholog_one2one",100,100,1
"BHLHE23","Bhlhe23","ortholog_one2one",100,98.9,1
"BMPR1B","Bmpr1b","ortholog_one2one",75,100,1
"HCAR1","Hcar1","ortholog_one2one",100,100,1
"ALKBH7","Alkbh7","ortholog_one2one",100,100,1
"RBM46","Rbm46","ortholog_one2one",100,100,1
"HMGB3","Hmgb3","ortholog_one2one",100,100,1
"DNASE2B","Dnase2b","ortholog_one2one",100,100,1
"DNAJC15","Dnajc15","ortholog_one2one",100,100,1
"PGM3","Pgm3","ortholog_one2one",100,100,1
"P2RX2","P2rx2","ortholog_one2one",100,100,1
"NTHL1","Nthl1","ortholog_one2one",100,100,1
"TEX28","Tex28","ortholog_one2one",100,99.13,1
"FAM241A","Fam241a","ortholog_one2one",100,100,1
"FBXO28","Fbxo28","ortholog_one2one",75,100,1
"EPSTI1","Epsti1","ortholog_one2one",100,100,1
"VPS39","Vps39","ortholog_one2one",100,100,1
"STPG4","Stpg4","ortholog_one2one",100,100,1
"KHSRP","Khsrp","ortholog_one2one",100,99.97,1
"DNHD1","Dnhd1","ortholog_one2one",100,100,1
"C1orf194","1700013F07Rik","ortholog_one2one",100,100,1
"CSPG4","Cspg4","ortholog_one2one",75,100,1
"LRRFIP1","Lrrfip1","ortholog_one2one",100,97.03,1
"ELAPOR1","5330417C22Rik","ortholog_one2one",100,100,1
"ATF4","Atf4","ortholog_one2one",100,100,1
"DOCK9","Dock9","ortholog_one2one",100,100,1
"TST","Tst","ortholog_one2one",50,100,1
"DOP1A","Dop1a","ortholog_one2one",100,100,1
"PRRG1","Prrg1","ortholog_one2one",50,100,1
"ARFIP2","Arfip2","ortholog_one2one",100,100,1
"CALM2","Calm2","ortholog_one2one",100,100,1
"IL12A","Il12a","ortholog_one2one",100,100,1
"UBE4A","Ube4a","ortholog_one2one",100,100,1
"FAM216B","Fam216b","ortholog_one2one",100,100,1
"CBFA2T2","Cbfa2t2","ortholog_one2one",100,97.94,1
"YTHDF1","Ythdf1","ortholog_one2one",100,100,1
"PTPN1","Ptpn1","ortholog_one2one",100,100,1
"COL18A1","Col18a1","ortholog_one2one",100,100,1
"ETV4","Etv4","ortholog_one2one",100,100,1
"BIRC7","Birc7","ortholog_one2one",100,100,1
"SINHCAF","Sinhcaf","ortholog_one2one",50,100,1
"TRIOBP","Triobp","ortholog_one2one",100,99.82,1
"RWDD2A","Rwdd2a","ortholog_one2one",100,100,1
"TNFSF11","Tnfsf11","ortholog_one2one",100,100,1
"RHOBTB2","Rhobtb2","ortholog_one2one",100,99.31,1
"DEPDC1","Depdc1a","ortholog_one2one",100,100,1
"ME1","Me1","ortholog_one2one",100,100,1
"SAMD13","Samd13","ortholog_one2one",100,100,1
"CCDC62","Ccdc62","ortholog_one2one",100,100,1
"DENR","Denr","ortholog_one2one",100,100,1
"SNX33","Snx33","ortholog_one2one",100,100,1
"PRSS35","Prss35","ortholog_one2one",100,100,1
"VEZF1","Vezf1","ortholog_one2one",100,100,1
"EPCAM","Epcam","ortholog_one2one",100,93.39,1
"PEBP4","Pebp4","ortholog_one2one",100,100,0
"IMP3","Imp3","ortholog_one2one",100,100,1
"PBDC1","Pbdc1","ortholog_one2one",100,100,1
"SLC2A10","Slc2a10","ortholog_one2one",100,99.8,1
"SLC19A1","Slc19a1","ortholog_one2one",100,98.72,1
"COL2A1","Col2a1","ortholog_one2one",100,100,1
"ELMOD1","Elmod1","ortholog_one2one",50,100,1
"TKTL1","Tktl1","ortholog_one2one",100,100,1
"IGF1","Igf1","ortholog_one2one",100,100,1
"RPS19BP1","Rps19bp1","ortholog_one2one",100,100,1
"ALPK3","Alpk3","ortholog_one2one",100,100,1
"EGR3","Egr3","ortholog_one2one",100,100,1
"UPP2","Upp2","ortholog_one2one",100,96.34,1
"TIMM22","Timm22","ortholog_one2one",100,100,1
"EYA2","Eya2","ortholog_one2one",100,100,1
"SNUPN","Snupn","ortholog_one2one",100,100,1
"DLGAP4","Dlgap4","ortholog_one2one",100,100,1
"MAGEE1","Magee1","ortholog_one2one",100,100,1
"SLC28A1","Slc28a1","ortholog_one2one",75,100,1
"PTPN9","Ptpn9","ortholog_one2one",100,100,1
"TPPP3","Tppp3","ortholog_one2one",100,100,1
"TP53BP2","Trp53bp2","ortholog_one2one",100,100,1
"RIPOR3","Ripor3","ortholog_one2one",100,99.96,1
"LRCOL1","Lrcol1","ortholog_one2one",100,100,0
"SBNO2","Sbno2","ortholog_one2one",100,100,1
"AKAP11","Akap11","ortholog_one2one",100,100,1
"SKA3","Ska3","ortholog_one2one",100,100,1
"CCAR2","Ccar2","ortholog_one2one",100,100,1
"NHLH1","Nhlh1","ortholog_one2one",100,100,1
"GPR50","Gpr50","ortholog_one2one",100,100,1
"OR51F2","Olfr568","ortholog_one2one",100,100,1
"NKAIN4","Nkain4","ortholog_one2one",100,100,1
"SLC12A7","Slc12a7","ortholog_one2one",100,100,1
"GPT","Gpt","ortholog_one2one",100,100,1
"ZMYM3","Zmym3","ortholog_one2one",100,100,1
"BIN3","Bin3","ortholog_one2one",100,100,1
"OR51S1","Olfr571","ortholog_one2one",75,100,1
"L3MBTL4","L3mbtl4","ortholog_one2one",100,99.4,1
"FGF10","Fgf10","ortholog_one2one",100,100,1
"MSH2","Msh2","ortholog_one2one",100,99.83,1
"PKM","Pkm","ortholog_one2one",100,100,1
"VMA21","Vma21","ortholog_one2one",100,100,1
"BID","Bid","ortholog_one2one",100,95.11,1
"OR51T1","Olfr574","ortholog_one2one",100,100,1
"BCL2L13","Bcl2l13","ortholog_one2one",100,98.45,1
"OR51A7","Olfr576","ortholog_one2one",100,100,1
"ZDHHC1","Zdhhc1","ortholog_one2one",100,100,1
"SLC22A17","Slc22a17","ortholog_one2one",100,100,1
"OR51G2","Olfr577","ortholog_one2one",75,100,1
"PARD6B","Pard6b","ortholog_one2one",100,100,1
"OR51G1","Olfr578","ortholog_one2one",50,100,1
"PDE8A","Pde8a","ortholog_one2one",50,100,1
"PITHD1","Pithd1","ortholog_one2one",100,100,1
"CCDC148","Ccdc148","ortholog_one2one",100,100,1
"TMEM167B","Tmem167b","ortholog_one2one",100,100,0
"SNAP91","Snap91","ortholog_one2one",100,100,1
"HOMER1","Homer1","ortholog_one2one",100,100,1
"ADNP","Adnp","ortholog_one2one",100,100,1
"PLEKHB2","Plekhb2","ortholog_one2one",50,73.37,0
"SMARCC1","Smarcc1","ortholog_one2one",100,100,1
"KCNK12","Kcnk12","ortholog_one2one",100,100,1
"SIK3","Sik3","ortholog_one2one",100,100,1
"FGF16","Fgf16","ortholog_one2one",100,100,1
"NCSTN","Ncstn","ortholog_one2one",100,100,1
"CACNA1I","Cacna1i","ortholog_one2one",100,99.81,1
"GMPPA","Gmppa","ortholog_one2one",100,100,1
"SLC9A3R2","Slc9a3r2","ortholog_one2one",100,100,1
"COPA","Copa","ortholog_one2one",100,100,1
"FGG","Fgg","ortholog_one2one",100,100,1
"LRAT","Lrat","ortholog_one2one",100,100,1
"HERC2","Herc2","ortholog_one2one",50,99.97,1
"YOD1","Yod1","ortholog_one2one",100,100,1
"TAF13","Taf13","ortholog_one2one",100,100,1
"DHX30","Dhx30","ortholog_one2one",100,100,1
"FBXO11","Fbxo11","ortholog_one2one",100,100,1
"MAGEB16","Mageb16","ortholog_one2one",75,96.3,0
"RECQL4","Recql4","ortholog_one2one",100,100,1
"CAPN2","Capn2","ortholog_one2one",100,100,1
"DENND5B","Dennd5b","ortholog_one2one",50,98.24,1
"MFSD3","Mfsd3","ortholog_one2one",100,100,1
"NNT","Nnt","ortholog_one2many",100,92.95,1
"NECAB3","Necab3","ortholog_one2one",100,100,1
"MSH6","Msh6","ortholog_one2one",100,100,1
"MPST","Mpst","ortholog_one2one",100,100,1
"TMEM200C","Tmem200c","ortholog_one2one",100,100,1
"LRRCC1","Lrrcc1","ortholog_one2one",100,100,1
"SPNS1","Spns1","ortholog_one2one",75,100,1
"TNFAIP8L3","Tnfaip8l3","ortholog_one2one",50,93.61,1
"ZMAT1","Zmat1","ortholog_one2one",75,100,1
"TINF2","Tinf2","ortholog_one2one",100,100,1
"ATL2","Atl2","ortholog_one2one",100,100,1
"RPE65","Rpe65","ortholog_one2one",75,100,1
"C20orf144","1700003F12Rik","ortholog_one2one",100,100,0
"PGC","Pgc","ortholog_one2one",100,100,1
"GMPR2","Gmpr2","ortholog_one2one",100,100,1
"RUNDC3A","Rundc3a","ortholog_one2one",100,100,1
"NAA50","Naa50","ortholog_one2one",100,100,1
"C2orf74","1700093K21Rik","ortholog_one2one",100,100,1
"NEDD8","Nedd8","ortholog_one2one",100,100,1
"C2CD2L","C2cd2l","ortholog_one2one",100,100,1
"ELOA","Eloa","ortholog_one2one",100,100,1
"MAN2C1","Man2c1","ortholog_one2one",100,100,1
"CSPG5","Cspg5","ortholog_one2one",100,100,1
"SPINDOC","Spindoc","ortholog_one2one",100,100,1
"PTK2B","Ptk2b","ortholog_one2one",100,100,1
"BCAT1","Bcat1","ortholog_one2one",100,100,1
"FNBP1L","Fnbp1l","ortholog_one2one",50,100,1
"TEF","Tef","ortholog_one2one",100,100,1
"CLPTM1","Clptm1","ortholog_one2one",100,100,1
"ELP6","Elp6","ortholog_one2one",100,100,1
"WLS","Wls","ortholog_one2one",50,98.01,1
"RIPPLY2","Ripply2","ortholog_one2one",100,100,1
"PRRG3","Prrg3","ortholog_one2one",100,100,1
"C11orf95","2700081O15Rik","ortholog_one2one",100,100,1
"CYB5R4","Cyb5r4","ortholog_one2one",100,100,1
"WDR47","Wdr47","ortholog_one2one",100,100,1
"CNOT2","Cnot2","ortholog_one2one",100,100,1
"SCAP","Scap","ortholog_one2one",100,100,1
"RTN3","Rtn3","ortholog_one2one",100,100,1
"FATE1","Fate1","ortholog_one2one",100,100,0
"FAM83A","Fam83a","ortholog_one2one",100,100,1
"EFS","Efs","ortholog_one2one",100,100,1
"SIN3A","Sin3a","ortholog_one2one",100,100,1
"FGA","Fga","ortholog_one2one",100,98.86,1
"MRAP2","Mrap2","ortholog_one2one",100,100,1
"CNGA2","Cnga2","ortholog_one2one",100,100,1
"MYL9","Myl9","ortholog_one2one",100,100,1
"PTPN23","Ptpn23","ortholog_one2one",100,98.96,1
"IL25","Il25","ortholog_one2one",100,100,1
"CD3G","Cd3g","ortholog_one2one",100,100,1
"E2F1","E2f1","ortholog_one2one",100,100,1
"FGB","Fgb","ortholog_one2one",100,100,1
"SCART1","5830411N06Rik","ortholog_one2one",100,0,0
"KLHL18","Klhl18","ortholog_one2one",100,100,1
"ATP2B2","Atp2b2","ortholog_one2one",100,100,1
"SENP1","Senp1","ortholog_one2one",100,100,1
"SLC25A41","Slc25a41","ortholog_one2one",100,96.98,1
"GABRE","Gabre","ortholog_one2one",100,95.95,0
"CMTM5","Cmtm5","ortholog_one2one",100,100,1
"CPLANE1","Cplane1","ortholog_one2one",100,99.27,1
"KIF9","Kif9","ortholog_one2one",100,98.46,1
"PFKM","Pfkm","ortholog_one2one",100,100,1
"MYH6","Myh6","ortholog_one2one",100,100,1
"LMTK2","Lmtk2","ortholog_one2one",50,100,1
"DENND1C","Dennd1c","ortholog_one2one",100,99.53,1
"FBRSL1","Fbrsl1","ortholog_one2one",100,100,1
"ENTHD1","Enthd1","ortholog_one2one",100,100,1
"CEP162","Cep162","ortholog_one2one",100,100,1
"TMEM214","Tmem214","ortholog_one2one",100,100,1
"SLC25A23","Slc25a23","ortholog_one2one",100,100,1
"PRKACB","Prkacb","ortholog_one2one",100,100,1
"TBX18","Tbx18","ortholog_one2one",100,100,1
"ZHX1","Zhx1","ortholog_one2one",100,100,1
"CRB3","Crb3","ortholog_one2one",100,100,1
"NPW","Npw","ortholog_one2one",100,100,1
"GLS","Gls","ortholog_one2one",100,100,1
"BHLHA15","Bhlha15","ortholog_one2one",100,100,1
"CCL24","Ccl24","ortholog_one2one",100,100,1
"CLCC1","Clcc1","ortholog_one2one",100,98.77,1
"NT5E","Nt5e","ortholog_one2one",100,100,1
"CELSR1","Celsr1","ortholog_one2one",100,100,1
"CIITA","Ciita","ortholog_one2one",100,100,1
"TGIF2","Tgif2","ortholog_one2one",100,100,1
"RBPMS2","Rbpms2","ortholog_one2one",100,100,1
"ASB8","Asb8","ortholog_one2one",75,100,1
"ZNF598","Zfp598","ortholog_one2one",100,100,1
"CYYR1","Cyyr1","ortholog_one2one",100,100,1
"CD3D","Cd3d","ortholog_one2one",100,100,1
"PLRG1","Plrg1","ortholog_one2one",100,100,1
"GPSM2","Gpsm2","ortholog_one2one",100,98.46,1
"CCDC184","Ccdc184","ortholog_one2one",75,100,1
"SLA2","Sla2","ortholog_one2one",100,100,1
"ANKRD50","Ankrd50","ortholog_one2one",100,100,0
"SH3KBP1","Sh3kbp1","ortholog_one2one",100,100,1
"MAGEA10","Magea10","ortholog_one2one",100,100,0
"APOC4","Apoc4","ortholog_one2one",100,100,1
"GNL3L","Gnl3l","ortholog_one2one",100,100,1
"USF3","Usf3","ortholog_one2one",100,100,1
"TFEB","Tfeb","ortholog_one2one",100,99.75,1
"SETD2","Setd2","ortholog_one2one",100,100,1
"CD3E","Cd3e","ortholog_one2one",100,100,1
"RHBDD2","Rhbdd2","ortholog_one2one",100,100,1
"AGBL3","Agbl3","ortholog_one2one",75,100,1
"DEXI","Dexi","ortholog_one2one",100,100,1
"TGM1","Tgm1","ortholog_one2one",100,100,1
"PNPLA1","Pnpla1","ortholog_one2one",100,98.15,1
"NFATC2IP","Nfatc2ip","ortholog_one2one",100,100,1
"MED1","Med1","ortholog_one2one",100,100,1
"OAZ2","Oaz2","ortholog_one2one",100,100,1
"DCHS2","Dchs2","ortholog_one2one",100,99.99,1
"CYP19A1","Cyp19a1","ortholog_one2one",50,100,1
"CAMK1G","Camk1g","ortholog_one2one",100,100,1
"SYNCRIP","Syncrip","ortholog_one2one",50,100,1
"BNIP5","Bnip5","ortholog_one2one",100,100,0
"B4GALT2","B4galt2","ortholog_one2one",100,100,1
"BIK","Bik","ortholog_one2one",100,100,0
"PDE5A","Pde5a","ortholog_one2one",50,100,1
"NBEAL2","Nbeal2","ortholog_one2one",100,100,1
"MYO1A","Myo1a","ortholog_one2one",100,100,1
"ZNF609","Zfp609","ortholog_one2one",100,100,1
"GLDN","Gldn","ortholog_one2one",75,100,1
"CCDC24","Ccdc24","ortholog_one2one",100,100,1
"MCAT","Mcat","ortholog_one2one",100,100,1
"TSPO","Tspo","ortholog_one2one",100,100,1
"KCTD17","Kctd17","ortholog_one2one",100,100,1
"HNRNPLL","Hnrnpll","ortholog_one2one",100,97.74,1
"TECPR1","Tecpr1","ortholog_one2one",100,100,1
"KIAA1841","0610010F05Rik","ortholog_one2one",100,100,1
"SLC6A9","Slc6a9","ortholog_one2one",100,100,1
"FGD1","Fgd1","ortholog_one2one",100,100,1
"HSD11B2","Hsd11b2","ortholog_one2one",100,100,1
"DNAL4","Dnal4","ortholog_one2one",100,100,1
"TSR2","Tsr2","ortholog_one2one",100,100,1
"CCDC12","Ccdc12","ortholog_one2one",100,100,1
"SMPD4","Smpd4","ortholog_one2one",25,100,1
"GALM","Galm","ortholog_one2one",100,100,1
"PXT1","Pxt1","ortholog_one2one",100,100,0
"SFRP2","Sfrp2","ortholog_one2one",100,100,1
"CUEDC1","Cuedc1","ortholog_one2one",100,100,1
"MYL3","Myl3","ortholog_one2one",100,100,1
"TRIP4","Trip4","ortholog_one2one",100,100,1
"ADAMTS1","Adamts1","ortholog_one2one",75,100,1
"SIT1","Sit1","ortholog_one2one",100,100,1
"PTH1R","Pth1r","ortholog_one2one",100,100,1
"SNX14","Snx14","ortholog_one2one",100,100,1
"APOC1","Apoc1","ortholog_one2one",100,100,0
"HS6ST1","Hs6st1","ortholog_one2one",25,100,1
"FLNA","Flna","ortholog_one2one",100,100,1
"PDLIM5","Pdlim5","ortholog_one2one",50,100,1
"CCDC107","Ccdc107","ortholog_one2one",100,100,1
"TAC3","Tac2","ortholog_one2one",100,100,1
"PXMP4","Pxmp4","ortholog_one2one",100,100,1
"ATP13A4","Atp13a4","ortholog_one2one",100,100,1
"PRSS45P","Prss45","ortholog_one2one",100,100,1
"CHD9","Chd9","ortholog_one2one",100,100,1
"DPAGT1","Dpagt1","ortholog_one2one",100,100,1
"TLR2","Tlr2","ortholog_one2one",100,100,1
"PUS10","Pus10","ortholog_one2one",100,100,1
"FAT4","Fat4","ortholog_one2one",100,100,1
"GABRA3","Gabra3","ortholog_one2one",100,100,1
"PEX13","Pex13","ortholog_one2one",100,100,1
"AL589666.1","Gm20537","ortholog_one2one",75,100,1
"KCTD20","Kctd20","ortholog_one2one",100,100,1
"H1-7","H1f7","ortholog_one2one",0,88.88,0
"ALS2CL","Als2cl","ortholog_one2one",100,100,1
"ZNF641","Zfp641","ortholog_one2one",25,100,1
"ZNF341","Zfp341","ortholog_one2one",100,100,1
"LAMB1","Lamb1","ortholog_one2one",50,100,1
"OR8S1","Olfr285","ortholog_one2one",0,0,0
"KIF1B","Kif1b","ortholog_one2one",100,100,1
"H2AX","H2ax","ortholog_one2one",100,100,1
"GABRQ","Gabrq","ortholog_one2one",100,100,1
"TMIE","Tmie","ortholog_one2one",100,100,1
"MPZL3","Mpzl3","ortholog_one2one",100,100,1
"MPZL2","Mpzl2","ortholog_one2one",100,100,1
"FAM240A","Fam240a","ortholog_one2one",100,94.36,1
"TDGF1","Tdgf1","ortholog_one2one",100,97.67,1
"HMBS","Hmbs","ortholog_one2one",100,100,1
"FABP2","Fabp2","ortholog_one2one",75,100,1
"LRRC2","Lrrc2","ortholog_one2one",100,100,1
"GRAP2","Grap2","ortholog_one2one",100,100,1
"TUBB4A","Tubb4a","ortholog_one2one",100,100,1
"UBAC2","Ubac2","ortholog_one2one",100,100,1
"C4orf3","1810037I17Rik","ortholog_one2one",100,69.33,0
"ADAMTS5","Adamts5","ortholog_one2one",75,100,1
"RTP3","Rtp3","ortholog_one2one",100,73.76,0
"ENTPD8","Entpd8","ortholog_one2one",100,100,1
"GPR183","Gpr183","ortholog_one2one",100,100,1
"GPR182","Gpr182","ortholog_one2one",100,100,1
"GPR18","Gpr18","ortholog_one2one",100,100,1
"ZBTB39","Zbtb39","ortholog_one2one",100,100,1
"TNFSF9","Tnfsf9","ortholog_one2one",100,90.67,0
"PDLIM2","Pdlim2","ortholog_one2one",100,100,0
"CD70","Cd70","ortholog_one2one",100,86.84,0
"LTF","Ltf","ortholog_one2one",75,100,1
"TNFSF14","Tnfsf14","ortholog_one2one",100,100,1
"NOXA1","Noxa1","ortholog_one2one",100,100,1
"BAIAP2L1","Baiap2l1","ortholog_one2one",100,100,1
"BRI3","Bri3","ortholog_one2one",100,100,1
"NDRG3","Ndrg3","ortholog_one2one",100,100,1
"WNK3","Wnk3","ortholog_one2one",100,99.77,1
"EFCAB11","Efcab11","ortholog_one2one",100,100,1
"OR5BS1P","OR5BS1P","ortholog_one2one",75,100,1
"CCRL2","Ccrl2","ortholog_one2one",50,100,0
"LALBA","Lalba","ortholog_one2one",50,100,1
"AKNAD1","Aknad1","ortholog_one2one",100,97.4,0
"FAM120C","Fam120c","ortholog_one2one",100,100,1
"MOCS3","Mocs3","ortholog_one2one",100,100,1
"KCNG1","Kcng1","ortholog_one2one",100,100,1
"SLC4A9","Slc4a9","ortholog_one2one",100,100,1
"KANSL2","Kansl2","ortholog_one2one",100,99.05,1
"LRRFIP2","Lrrfip2","ortholog_one2one",50,100,1
"MDFI","Mdfi","ortholog_one2one",100,100,1
"TTLL12","Ttll12","ortholog_one2one",100,100,1
"PKP4","Pkp4","ortholog_one2one",100,100,1
"ETFBKMT","Etfbkmt","ortholog_one2one",100,100,1
"TM9SF2","Tm9sf2","ortholog_one2one",100,100,1
"PEX19","Pex19","ortholog_one2one",100,100,1
"HIP1R","Hip1r","ortholog_one2one",100,100,1
"CLYBL","Clybl","ortholog_one2one",100,100,1
"CCNT1","Ccnt1","ortholog_one2one",100,100,1
"CYREN","Cyren","ortholog_one2one",100,100,1
"ZIC5","Zic5","ortholog_one2one",100,100,1
"C3","C3","ortholog_one2one",100,100,1
"CHMP4B","Chmp4b","ortholog_one2one",75,100,1
"RBM44","Rbm44","ortholog_one2one",100,100,1
"TMEM140","Tmem140","ortholog_one2one",100,100,1
"VPS37B","Vps37b","ortholog_one2one",100,100,1
"CETN2","Cetn2","ortholog_one2one",100,100,1
"GFER","Gfer","ortholog_one2one",100,100,1
"APOE","Apoe","ortholog_one2one",100,100,1
"PHF8","Phf8","ortholog_one2one",100,100,1
"MRPS23","Mrps23","ortholog_one2one",100,100,1
"POR","Por","ortholog_one2one",100,100,1
"STXBP3","Stxbp3","ortholog_one2one",100,100,1
"DSN1","Dsn1","ortholog_one2one",100,100,1
"ASIC4","Asic4","ortholog_one2one",100,100,1
"CAPN3","Capn3","ortholog_one2one",100,100,1
"ATL3","Atl3","ortholog_one2one",100,100,1
"TEX49","4930415O20Rik","ortholog_one2one",100,100,1
"MLH1","Mlh1","ortholog_one2one",75,100,1
"USP53","Usp53","ortholog_one2one",100,100,1
"CD19","Cd19","ortholog_one2one",100,100,1
"NKD2","Nkd2","ortholog_one2one",100,100,1
"EPM2AIP1","Epm2aip1","ortholog_one2one",100,100,1
"LRRC24","Lrrc24","ortholog_one2one",100,100,1
"C8orf82","C030006K11Rik","ortholog_one2one",100,100,1
"TRANK1","Trank1","ortholog_one2one",100,98.92,1
"LRRC14","Lrrc14","ortholog_one2one",100,100,1
"ADCY6","Adcy6","ortholog_one2one",100,100,1
"DCLK3","Dclk3","ortholog_one2one",100,100,1
"RPL7A","Gm14214","ortholog_one2one",0,0,0
"SLC6A11","Slc6a11","ortholog_one2one",100,100,1
"NSDHL","Nsdhl","ortholog_one2one",100,100,1
"SCN2B","Scn2b","ortholog_one2one",100,100,1
"STAC","Stac","ortholog_one2one",100,100,1
"ZNF185","Zfp185","ortholog_one2one",100,94.47,0
"EMD","Emd","ortholog_one2one",100,100,1
"ZIC2","Zic2","ortholog_one2one",100,100,1
"SCUBE1","Scube1","ortholog_one2one",100,100,1
"RIPOR2","Ripor2","ortholog_one2one",100,100,1
"CACNB3","Cacnb3","ortholog_one2one",100,100,1
"GPR108","Gpr108","ortholog_one2one",100,100,1
"PDHA1","Pdha1","ortholog_one2one",100,98.22,1
"PEA15","Pea15a","ortholog_one2one",100,100,1
"MAP3K15","Map3k15","ortholog_one2one",100,100,1
"DCAF8","Dcaf8","ortholog_one2one",100,100,1
"GRAMD4","Gramd4","ortholog_one2one",100,100,1
"ARPP21","Arpp21","ortholog_one2one",100,100,1
"PNMA5","Pnma5","ortholog_one2one",100,100,0
"RABGGTA","Rabggta","ortholog_one2one",100,100,1
"CERK","Cerk","ortholog_one2one",100,100,1
"PNMA3","Pnma3","ortholog_one2one",75,100,1
"CSNK1G1","Csnk1g1","ortholog_one2one",100,100,1
"TBC1D22A","Tbc1d22a","ortholog_one2one",100,100,1
"FOXP4","Foxp4","ortholog_one2one",75,100,1
"DDX23","Ddx23","ortholog_one2one",100,100,1
"MINAR1","Minar1","ortholog_one2one",100,100,1
"TAFA5","Tafa5","ortholog_one2one",100,89.68,1
"RND1","Rnd1","ortholog_one2one",100,100,1
"TMED3","Tmed3","ortholog_one2one",100,100,1
"ANKRD34C","Ankrd34c","ortholog_one2one",100,100,1
"CCDC65","Ccdc65","ortholog_one2one",100,98.01,1
"TMEM87A","Tmem87a","ortholog_one2one",100,100,1
"TLN2","Tln2","ortholog_one2one",100,100,1
"FKBP11","Fkbp11","ortholog_one2one",100,100,1
"ARF3","Arf3","ortholog_one2one",100,100,1
"RASGRF1","Rasgrf1","ortholog_one2one",100,99.71,1
"WNT10B","Wnt10b","ortholog_one2one",100,100,1
"WNT1","Wnt1","ortholog_one2one",100,100,1
"BRD1","Brd1","ortholog_one2one",100,100,1
"DDN","Ddn","ortholog_one2one",100,100,1
"PRKAG1","Prkag1","ortholog_one2one",100,100,1
"MYOZ2","Myoz2","ortholog_one2one",100,100,1
"CTSH","Ctsh","ortholog_one2one",100,100,1
"SLC25A39","Slc25a39","ortholog_one2one",100,100,1
"SYNPO2","Synpo2","ortholog_one2one",100,100,1
"GGACT","Ggact","ortholog_one2one",100,100,1
"MORF4L1","Morf4l1","ortholog_one2one",75,100,1
"ADGRG2","Adgrg2","ortholog_one2one",100,100,1
"PCCA","Pcca","ortholog_one2one",100,100,1
"SOGA1","Soga1","ortholog_one2one",100,100,1
"TLDC2","Tldc2","ortholog_one2one",100,100,1
"SCN4B","Scn4b","ortholog_one2one",100,100,1
"TMTC4","Tmtc4","ortholog_one2one",100,100,1
"TRIP10","Trip10","ortholog_one2one",100,100,1
"MYH7","Myh7","ortholog_one2one",100,100,1
"MPPED1","Mpped1","ortholog_one2one",100,100,1
"KMT2D","Kmt2d","ortholog_one2one",100,99.67,1
"SNX22","Snx22","ortholog_one2one",100,100,1
"PPIB","Ppib","ortholog_one2one",100,100,1
"FNDC7","Fndc7","ortholog_one2one",100,100,1
"TOMM40","Tomm40","ortholog_one2one",100,99.93,1
"HUWE1","Huwe1","ortholog_one2one",100,100,1
"NECTIN2","Nectin2","ortholog_one2one",100,100,1
"TAZ","Taz","ortholog_one2one",100,98.59,1
"ADAMTS7","Adamts7","ortholog_one2one",50,100,1
"WDR91","Wdr91","ortholog_one2one",75,100,1
"NONO","Nono","ortholog_one2one",100,97.31,1
"CASQ1","Casq1","ortholog_one2one",100,100,1
"PLAAT3","Plaat3","ortholog_one2one",100,100,1
"TBC1D2B","Tbc1d2b","ortholog_one2one",0,100,1
"NRARP","Nrarp","ortholog_one2one",100,100,1
"ARHGEF39","Arhgef39","ortholog_one2one",100,100,1
"SRSF7","Srsf7","ortholog_one2one",100,100,1
"DNASE1L1","Dnase1l1","ortholog_one2one",100,99.06,1
"DHH","Dhh","ortholog_one2one",100,100,1
"CLASP2","Clasp2","ortholog_one2one",100,99.97,1
"RHEBL1","Rhebl1","ortholog_one2one",100,100,1
"HENMT1","Henmt1","ortholog_one2one",100,97.59,1
"TOR4A","Tor4a","ortholog_one2one",100,100,1
"DLD","Dld","ortholog_one2one",75,100,1
"REL","Rel","ortholog_one2one",100,98.31,1
"SEC24D","Sec24d","ortholog_one2one",100,100,1
"LGALS12","Lgals12","ortholog_one2one",100,100,1
"METTL14","Mettl14","ortholog_one2one",100,100,1
"TRIM35","Trim35","ortholog_one2one",100,100,1
"ASIP","a","ortholog_one2one",75,100,1
"DHRS1","Dhrs1","ortholog_one2one",100,100,1
"PLXNA2","Plxna2","ortholog_one2one",100,100,1
"RALY","Raly","ortholog_one2one",75,100,1
"CA9","Car9","ortholog_one2one",100,100,1
"GEMIN6","Gemin6","ortholog_one2one",100,100,1
"ITGB1BP2","Itgb1bp2","ortholog_one2one",100,100,1
"PTPRK","Ptprk","ortholog_one2one",100,100,1
"GBP5","Gbp5","ortholog_one2one",50,100,1
"ZBED4","Zbed4","ortholog_one2one",100,100,1
"EIF2S2","Eif2s2","ortholog_one2one",75,100,1
"VPS13C","Vps13c","ortholog_one2one",100,99.98,1
"SNX1","Snx1","ortholog_one2one",100,100,1
"COQ8A","Coq8a","ortholog_one2one",75,100,1
"STRA8","Stra8","ortholog_one2one",100,100,1
"CIAO2A","Ciao2a","ortholog_one2one",100,100,1
"CBX6","Cbx6","ortholog_one2one",100,100,1
"ARMH2","Armh2","ortholog_one2one",100,100,1
"PLAAT5","Plaat5","ortholog_one2one",100,100,1
"EFCAB6","Efcab6","ortholog_one2one",100,100,1
"NPTXR","Nptxr","ortholog_one2one",100,100,1
"ALG12","Alg12","ortholog_one2one",100,100,1
"BCAM","Bcam","ortholog_one2one",100,100,1
"DAPK2","Dapk2","ortholog_one2one",100,100,1
"ZMYND8","Zmynd8","ortholog_one2one",100,99.89,1
"CDC42BPA","Cdc42bpa","ortholog_one2one",50,100,1
"CRELD2","Creld2","ortholog_one2one",100,97.06,1
"EIF4EBP3","Eif4ebp3","ortholog_one2one",100,100,1
"PIM3","Pim3","ortholog_one2one",100,100,1
"RORA","Rora","ortholog_one2one",100,99.21,1
"HSD17B10","Hsd17b10","ortholog_one2one",100,100,1
"RIBC1","Ribc1","ortholog_one2one",100,100,1
"SULT4A1","Sult4a1","ortholog_one2one",100,100,1
"PHKA2","Phka2","ortholog_one2one",100,100,1
"DMXL2","Dmxl2","ortholog_one2one",50,100,1
"NELFB","Nelfb","ortholog_one2one",100,100,1
"PNPLA5","Pnpla5","ortholog_one2one",100,100,1
"SMC1A","Smc1a","ortholog_one2one",100,100,1
"PAPOLG","Papolg","ortholog_one2one",100,100,1
"NALCN","Nalcn","ortholog_one2one",100,100,1
"CBLC","Cblc","ortholog_one2one",100,100,1
"TTLL8","Ttll8","ortholog_one2one",100,94.87,1
"DHX57","Dhx57","ortholog_one2one",100,100,1
"PNPLA3","Pnpla3","ortholog_one2one",100,92.83,1
"ICE2","Ice2","ortholog_one2one",100,99.42,1
"STPG3","Stpg3","ortholog_one2one",100,100,0
"SAMM50","Samm50","ortholog_one2one",100,100,1
"PPEF1","Ppef1","ortholog_one2one",100,100,1
"HERC1","Herc1","ortholog_one2one",100,100,1
"FAM166A","Fam166a","ortholog_one2one",100,100,1
"TUBB4B","Tubb4b","ortholog_one2one",100,100,1
"MORN2","Morn2","ortholog_one2one",100,100,0
"RPS17","Rps17","ortholog_one2one",50,95.15,1
"GJA1","Gja6","ortholog_one2one",0,0,0
"FBXL22","Fbxl22","ortholog_one2one",100,100,0
"CDKL5","Cdkl5","ortholog_one2one",100,98.27,1
"CD34","Cd34","ortholog_one2one",100,100,1
"TMPRSS6","Tmprss6","ortholog_one2one",100,100,1
"ATP6V0D1","Atp6v0d1","ortholog_one2one",100,100,1
"IQSEC2","Iqsec2","ortholog_one2one",100,100,1
"GALNT9","Galnt9","ortholog_one2one",100,100,1
"RS1","Rs1","ortholog_one2one",100,100,1
"CD46","Cd46","ortholog_one2one",100,97.86,0
"CTCF","Ctcf","ortholog_one2one",100,100,1
"AGRP","Agrp","ortholog_one2one",100,100,1
"STMN4","Stmn4","ortholog_one2one",100,100,1
"ITGBL1","Itgbl1","ortholog_one2one",75,100,1
"RIPOR1","Ripor1","ortholog_one2one",100,100,1
"CPEB1","Cpeb1","ortholog_one2one",50,96.61,1
"PARVB","Parvb","ortholog_one2one",100,86.88,1
"FOXB1","Foxb1","ortholog_one2one",100,100,1
"TMPRSS4","Tmprss4","ortholog_one2one",100,100,1
"BNIP2","Bnip2","ortholog_one2one",100,99.03,1
"FGF14","Fgf14","ortholog_one2one",50,100,1
"SMIM35","BC049352","ortholog_one2one",100,100,1
"ARHGEF33","Arhgef33","ortholog_one2one",100,100,1
"NOP9","Nop9","ortholog_one2one",100,100,1
"SOS1","Sos1","ortholog_one2one",100,100,1
"NOC4L","Noc4l","ortholog_one2one",100,100,1
"CIDEB","Cideb","ortholog_one2one",100,100,1
"MLC1","Mlc1","ortholog_one2one",100,100,1
"ADRA1A","Adra1a","ortholog_one2one",100,97.31,1
"SFPQ","Sfpq","ortholog_one2one",100,100,1
"SH2D7","Sh2d7","ortholog_one2one",50,100,0
"SAMHD1","Samhd1","ortholog_one2one",100,100,1
"CIB2","Cib2","ortholog_one2one",50,100,1
"MOV10L1","Mov10l1","ortholog_one2one",100,97.62,1
"CDKL4","Cdkl4","ortholog_one2one",100,100,1
"ZMYM1","Zmym1","ortholog_one2one",100,98.64,1
"SCML2","Scml2","ortholog_one2one",100,82,0
"RAPGEF4","Rapgef4","ortholog_one2one",100,100,1
"UBP1","Ubp1","ortholog_one2one",100,100,1
"GTF2A2","Gtf2a2","ortholog_one2one",100,100,1
"TRABD","Trabd","ortholog_one2one",100,100,1
"FBXL2","Fbxl2","ortholog_one2one",100,100,1
"SULF2","Sulf2","ortholog_one2one",100,99.29,1
"PANX2","Panx2","ortholog_one2one",100,100,1
"SUSD5","Susd5","ortholog_one2one",75,100,1
"VAV1","Vav1","ortholog_one2one",75,100,1
"GCNT3","Gcnt3","ortholog_one2one",100,100,1
"RAI2","Rai2","ortholog_one2one",100,100,1
"CRTAP","Crtap","ortholog_one2one",75,100,1
"FAM81A","Fam81a","ortholog_one2one",100,100,1
"NCOA3","Ncoa3","ortholog_one2one",100,98.65,1
"GLB1","Glb1","ortholog_one2one",100,100,1
"NHS","Nhs","ortholog_one2one",100,100,1
"MYO1E","Myo1e","ortholog_one2one",100,99.97,1
"CR1","Cr1l","ortholog_one2one",75,72.47,0
"TMPPE","Tmppe","ortholog_one2one",100,100,1
"CCR4","Ccr4","ortholog_one2one",75,100,1
"JMY","Jmy","ortholog_one2one",100,100,1
"TRIM71","Trim71","ortholog_one2one",100,100,1
"REPS2","Reps2","ortholog_one2one",100,100,1
"DDX51","Ddx51","ortholog_one2one",100,98.3,1
"CNOT10","Cnot10","ortholog_one2one",100,100,1
"IDH3A","Idh3a","ortholog_one2one",100,100,1
"CCNB2","Ccnb2","ortholog_one2one",75,100,1
"ATP5F1D","Atp5d","ortholog_one2one",100,100,1
"TUBGCP6","Tubgcp6","ortholog_one2one",100,99.49,1
"STK11","Stk11","ortholog_one2one",100,100,1
"SELENOO","Selenoo","ortholog_one2one",100,100,1
"DPYSL2","Dpysl2","ortholog_one2one",100,99.88,1
"RNF111","Rnf111","ortholog_one2one",100,100,1
"CBARP","Cbarp","ortholog_one2one",100,99.08,1
"MAP4K3","Map4k3","ortholog_one2one",100,100,1
"DYNC1LI1","Dync1li1","ortholog_one2one",100,100,1
"CMTM6","Cmtm6","ortholog_one2one",100,100,1
"CMTM7","Cmtm7","ortholog_one2one",100,100,1
"PNMA2","Pnma2","ortholog_one2one",100,100,1
"ACD","Acd","ortholog_one2one",100,100,0
"CMTM8","Cmtm8","ortholog_one2one",100,100,1
"ACSBG1","Acsbg1","ortholog_one2one",100,100,1
"GPD1L","Gpd1l","ortholog_one2one",100,100,1
"CARMIL2","Carmil2","ortholog_one2one",100,100,1
"KYAT3","Kyat3","ortholog_one2one",100,100,1
"RBBP7","Rbbp7","ortholog_one2one",100,100,1
"OSBPL10","Osbpl10","ortholog_one2one",100,100,1
"ABR","Abr","ortholog_one2one",100,100,1
"STT3B","Stt3b","ortholog_one2one",100,100,1
"TXLNG","Txlng","ortholog_one2one",100,100,1
"GADL1","Gadl1","ortholog_one2one",100,99.31,1
"CR2","Cr2","ortholog_one2one",50,100,1
"TGFBR2","Tgfbr2","ortholog_one2one",100,100,1
"BNIP3L","Bnip3l","ortholog_one2one",100,100,1
"SLTM","Sltm","ortholog_one2one",100,100,1
"TMEM178A","Tmem178","ortholog_one2one",100,100,1
"GTF2B","Gtf2b","ortholog_one2one",100,100,1
"DNAJA4","Dnaja4","ortholog_one2one",100,100,1
"SYAP1","Syap1","ortholog_one2one",75,100,1
"WDR61","Wdr61","ortholog_one2one",100,100,1
"MINDY2","Mindy2","ortholog_one2one",75,100,1
"RBMS3","Rbms3","ortholog_one2one",100,100,1
"BHMT2","Bhmt2","ortholog_one2one",100,100,1
"THUMPD2","Thumpd2","ortholog_one2one",100,100,1
"OGT","Ogt","ortholog_one2one",75,100,1
"S100G","S100g","ortholog_one2one",100,100,1
"CTPS2","Ctps2","ortholog_one2one",100,100,1
"SLC8A1","Slc8a1","ortholog_one2one",100,100,1
"PPP2R2A","Ppp2r2a","ortholog_one2one",100,100,1
"CXCR3","Cxcr3","ortholog_one2one",75,100,1
"PKDCC","Pkdcc","ortholog_one2one",100,100,1
"PKN2","Pkn2","ortholog_one2one",100,100,1
"NHSL2","Nhsl2","ortholog_one2one",75,100,1
"RTL5","Rtl5","ortholog_one2one",50,100,1
"CRABP1","Crabp1","ortholog_one2one",100,100,1
"AP3B2","Ap3b2","ortholog_one2one",100,100,1
"MICAL3","Mical3","ortholog_one2one",100,100,1
"PRSS12","Prss12","ortholog_one2one",100,99.9,1
"LTB4R2","Ltb4r2","ortholog_one2one",100,100,1
"IL10RA","Il10ra","ortholog_one2one",100,100,1
"ADGRE1","Adgre1","ortholog_one2one",50,94.57,1
"TMPRSS13","Tmprss13","ortholog_one2one",100,100,1
"IL2RB","Il2rb","ortholog_one2one",100,100,1
"ADAM10","Adam10","ortholog_one2one",100,100,1
"RBL1","Rbl1","ortholog_one2one",100,100,1
"LIPC","Lipc","ortholog_one2one",100,100,1
"NAB1","Nab1","ortholog_one2one",100,100,1
"GRPR","Grpr","ortholog_one2one",75,100,1
"AQP9","Aqp9","ortholog_one2one",100,93.42,1
"DMGDH","Dmgdh","ortholog_one2one",100,100,1
"NDST3","Ndst3","ortholog_one2one",100,100,1
"AP1S2","Ap1s2","ortholog_one2one",75,100,1
"FXYD6","Fxyd6","ortholog_one2one",100,100,1
"EP400","Ep400","ortholog_one2one",100,99.78,1
"C1QTNF6","C1qtnf6","ortholog_one2one",100,100,1
"HDAC10","Hdac10","ortholog_one2one",100,100,1
"MROH8","Mroh8","ortholog_one2one",100,100,0
"RPN2","Rpn2","ortholog_one2one",100,100,1
"CA5B","Car5b","ortholog_one2one",75,100,1
"ALDH1A2","Aldh1a2","ortholog_one2one",100,100,1
"UACA","Uaca","ortholog_one2one",100,100,1
"POLR2M","Polr2m","ortholog_one2one",100,100,1
"ADCY4","Adcy4","ortholog_one2one",100,100,1
"PLP1","Plp1","ortholog_one2one",75,100,1
"ACE2","Ace2","ortholog_one2one",100,100,1
"SSTR3","Sstr3","ortholog_one2one",100,100,1
"XRCC6","Xrcc6","ortholog_one2one",100,100,1
"ZMYM6","Zmym6","ortholog_one2one",100,99.98,1
"TMEM35B","Tmem35b","ortholog_one2one",100,100,1
"PARD6A","Pard6a","ortholog_one2one",100,100,1
"TRAM1L1","Tram1l1","ortholog_one2one",100,100,1
"DESI1","Desi1","ortholog_one2one",75,100,1
"ATP6AP1","Atp6ap1","ortholog_one2one",100,100,1
"ARSB","Arsb","ortholog_one2one",100,100,1
"MAPK12","Mapk12","ortholog_one2one",100,100,1
"TDRD3","Tdrd3","ortholog_one2one",100,100,1
"BMX","Bmx","ortholog_one2one",100,99.12,1
"ENKD1","Enkd1","ortholog_one2one",100,100,1
"RAB9B","Rab9b","ortholog_one2one",75,100,1
"C16orf86","4933405L10Rik","ortholog_one2one",100,100,1
"CGNL1","Cgnl1","ortholog_one2one",100,100,1
"NEMP2","Nemp2","ortholog_one2one",100,100,1
"NUDT12","Nudt12","ortholog_one2one",50,100,1
"PIR","Pir","ortholog_one2one",100,100,1
"MAPK11","Mapk11","ortholog_one2one",100,100,1
"RIPK3","Ripk3","ortholog_one2one",100,100,1
"VEGFD","Vegfd","ortholog_one2one",100,100,1
"PIGA","Piga","ortholog_one2one",100,100,1
"SLC25A53","Slc25a53","ortholog_one2one",75,100,1
"PLXNB2","Plxnb2","ortholog_one2one",100,100,1
"ASB11","Asb11","ortholog_one2one",100,100,1
"PCDH9","Pcdh9","ortholog_one2one",100,100,1
"ASB9","Asb9","ortholog_one2one",100,100,1
"GHRH","Ghrh","ortholog_one2one",100,100,1
"EEF1A2","Eef1a2","ortholog_one2one",100,100,1
"MOSPD2","Mospd2","ortholog_one2one",100,100,1
"SNU13","Snu13","ortholog_one2one",75,86.74,0
"CMC1","Cmc1","ortholog_one2one",75,100,1
"GDI1","Gdi1","ortholog_one2one",100,100,1
"FAM199X","Fam199x","ortholog_one2one",100,100,1
"AZI2","Azi2","ortholog_one2one",100,100,1
"PPDPF","Ppdpf","ortholog_one2one",100,100,1
"MANBAL","Manbal","ortholog_one2one",100,100,1
"FANCB","Fancb","ortholog_one2one",100,100,0
"RAC2","Rac2","ortholog_one2one",100,100,1
"EFNA5","Efna5","ortholog_one2one",50,100,1
"GLRA2","Glra2","ortholog_one2one",100,100,1
"PTK6","Ptk6","ortholog_one2one",100,100,1
"NDST4","Ndst4","ortholog_one2one",100,100,1
"EOMES","Eomes","ortholog_one2one",50,100,1
"GEMIN8","Gemin8","ortholog_one2one",100,100,1
"SRMS","Srms","ortholog_one2one",100,100,1
"FAM50A","Fam50a","ortholog_one2one",100,100,1
"ESX1","Esx1","ortholog_one2one",100,61.01,0
"GOLGA4","Golga4","ortholog_one2one",50,100,1
"DENND6B","Dennd6b","ortholog_one2one",100,100,1
"NFATC4","Nfatc4","ortholog_one2one",100,100,1
"FNDC11","Fndc11","ortholog_one2one",100,100,1
"IL1RAPL2","Il1rapl2","ortholog_one2one",100,100,1
"CTDSPL","Ctdspl","ortholog_one2one",100,100,1
"GPM6B","Gpm6b","ortholog_one2one",100,100,1
"KLHL1","Klhl1","ortholog_one2one",100,100,1
"ITGA9","Itga9","ortholog_one2one",50,100,1
"FBXL17","Fbxl17","ortholog_one2one",100,100,1
"DACH1","Dach1","ortholog_one2one",100,100,1
"SRC","Src","ortholog_one2one",100,100,1
"VILL","Vill","ortholog_one2one",100,100,1
"HELZ2","Helz2","ortholog_one2one",100,100,1
"NRK","Nrk","ortholog_one2one",100,100,1
"PLCD1","Plcd1","ortholog_one2one",100,100,1
"DSCAML1","Dscaml1","ortholog_one2one",100,100,1
"MEI1","Mei1","ortholog_one2one",100,100,1
"DLEC1","Dlec1","ortholog_one2one",75,100,1
"UGT8","Ugt8a","ortholog_one2one",100,100,1
"SERPINA7","Serpina7","ortholog_one2one",100,100,1
"GMEB2","Gmeb2","ortholog_one2one",100,100,1
"OXSR1","Oxsr1","ortholog_one2one",100,100,1
"MZT1","Mzt1","ortholog_one2one",100,100,1
"PWWP3B","Pwwp3b","ortholog_one2one",100,100,1
"BORA","Bora","ortholog_one2one",100,100,1
"XYLB","Xylb","ortholog_one2one",50,94.67,1
"STMN3","Stmn3","ortholog_one2one",100,100,1
"SLC22A14","Slc22a14","ortholog_one2one",50,100,1
"RADX","Radx","ortholog_one2one",100,100,1
"MYD88","Myd88","ortholog_one2one",75,100,1
"ACVR2B","Acvr2b","ortholog_one2one",50,100,1
"EXOG","Exog","ortholog_one2one",100,100,1
"PIBF1","Pibf1","ortholog_one2one",100,100,1
"DIS3","Dis3","ortholog_one2one",100,100,1
"SCN5A","Scn5a","ortholog_one2one",100,100,1
"RNF128","Rnf128","ortholog_one2one",100,100,1
"CCDC134","Ccdc134","ortholog_one2one",100,100,1
"SCN10A","Scn10a","ortholog_one2one",100,100,1
"TBC1D8B","Tbc1d8b","ortholog_one2one",100,100,1
"KLF5","Klf5","ortholog_one2one",100,100,1
"RIPPLY1","Ripply1","ortholog_one2one",75,100,0
"SCN11A","Scn11a","ortholog_one2one",100,100,1
"CLDN2","Cldn2","ortholog_one2one",75,100,1
"PPP6R2","Ppp6r2","ortholog_one2one",100,100,1
"KLF12","Klf12","ortholog_one2one",100,100,1
"TRAPPC2","Trappc2","ortholog_one2one",100,100,1
"SREBF2","Srebf2","ortholog_one2one",100,100,1
"OFD1","Ofd1","ortholog_one2one",100,100,1
"RAB9A","Rab9","ortholog_one2one",100,100,1
"TCEANC","Tceanc","ortholog_one2one",75,96.99,1
"EGFL6","Egfl6","ortholog_one2one",50,100,1
"TTC21A","Ttc21a","ortholog_one2one",100,100,1
"MORC4","Morc4","ortholog_one2one",75,100,1
"TMSB4X","Tmsb4x","ortholog_one2one",50,100,1
"TLR8","Tlr8","ortholog_one2one",75,99.67,1
"WDR48","Wdr48","ortholog_one2one",100,100,1
"TLR7","Tlr7","ortholog_one2one",100,99.97,1
"PRPS2","Prps2","ortholog_one2one",100,100,1
"XIRP1","Xirp1","ortholog_one2one",100,100,0
"GORASP1","Gorasp1","ortholog_one2one",100,100,1
"CX3CR1","Cx3cr1","ortholog_one2one",0,100,1
"TCF12","Tcf12","ortholog_one2one",100,100,1
"CSRNP1","Csrnp1","ortholog_one2one",100,100,1
"CCR8","Ccr8","ortholog_one2one",100,100,1
"SLC25A38","Slc25a38","ortholog_one2one",100,99.91,1
"RPSA","Rpsa","ortholog_one2one",100,99.73,1
"MOBP","Mobp","ortholog_one2one",100,100,1
"MYRIP","Myrip","ortholog_one2one",100,100,1
"EIF1B","Eif1b","ortholog_one2one",100,100,1
"ENTPD3","Entpd3","ortholog_one2one",100,100,1
"ULK4","Ulk4","ortholog_one2one",100,100,1
"CTNNB1","Ctnnb1","ortholog_one2one",100,100,1
"FRMPD4","Frmpd4","ortholog_one2one",100,100,1
"AMELX","Amelx","ortholog_one2one",100,98.31,1
"HCCS","Hccs","ortholog_one2one",50,100,1
"ARHGAP6","Arhgap6","ortholog_one2one",100,100,1
"SBF1","Sbf1","ortholog_one2one",100,100,1
"MID1","Mid1","ortholog_one2one",50,97.88,1
"ASMT","Asmt","ortholog_one2one",0,25.45,0
"ADM2","Adm2","ortholog_one2one",100,100,1
"MIOX","Miox","ortholog_one2one",100,100,1
"LMF2","Lmf2","ortholog_one2one",100,100,1
"TEX9","Tex9","ortholog_one2one",100,100,1
"MNS1","Mns1","ortholog_one2one",100,100,1
"SCO2","Sco2","ortholog_one2one",100,100,1
"NCAPH2","Ncaph2","ortholog_one2one",100,100,1
"TYMP","Tymp","ortholog_one2one",100,100,1
"ODF3B","Odf3b","ortholog_one2one",100,100,0
"KLHDC7B","Klhdc7b","ortholog_one2one",100,100,0
"SYCE3","Syce3","ortholog_one2one",100,100,1
"CPT1B","Cpt1b","ortholog_one2one",100,100,1
"CHKB","Chkb","ortholog_one2one",100,100,1
"RFX7","Rfx7","ortholog_one2one",100,100,1
"NEDD4","Nedd4","ortholog_one2one",100,98.03,0
"MAPK8IP2","Mapk8ip2","ortholog_one2one",100,100,1
"ARSA","Arsa","ortholog_one2one",100,100,1
"PRTG","Prtg","ortholog_one2one",100,100,1
"PYGO1","Pygo1","ortholog_one2one",100,100,1
"PIGBOS1","Pigbos1","ortholog_one2one",100,100,1
"CCPG1","Ccpg1","ortholog_one2one",100,100,1
"C15orf65","Ccpg1os","ortholog_one2one",100,100,1
"PIGB","Pigb","ortholog_one2one",100,97.27,1
"SHANK3","Shank3","ortholog_one2one",100,99.94,1
"ACR","Acr","ortholog_one2one",75,100,1
"SYT10","Syt10","ortholog_one2one",50,100,1
"RAB27A","Rab27a","ortholog_one2one",100,100,1
"TLE3","Tle3","ortholog_one2one",100,100,1
"PRR30","Prr30","ortholog_one2one",0,100,1
"RBM41","Rbm41","ortholog_one2one",100,100,1
"SHISA8","Shisa8","ortholog_one2one",100,100,1
"TNFRSF13C","Tnfrsf13c","ortholog_one2one",100,100,0
"NUP62CL","Nup62cl","ortholog_one2one",100,100,0
"TBC1D4","Tbc1d4","ortholog_one2one",100,100,1
"FRMPD3","Frmpd3","ortholog_one2one",100,100,1
"CENPM","Cenpm","ortholog_one2one",100,100,1
"ZGPAT","Zgpat","ortholog_one2one",100,100,1
"ARFRP1","Arfrp1","ortholog_one2one",100,100,1
"COMMD6","Commd6","ortholog_one2one",100,100,1
"TSC22D3","Tsc22d3","ortholog_one2one",100,100,1
"MID2","Mid2","ortholog_one2one",100,100,1
"VSIG1","Vsig1","ortholog_one2one",100,100,1
"PSMD10","Psmd10","ortholog_one2one",100,100,1
"ZBTB46","Zbtb46","ortholog_one2one",100,100,1
"ABHD16B","Abhd16b","ortholog_one2one",100,100,1
"KIF23","Kif23","ortholog_one2one",100,100,1
"SEPTIN3","Septin3","ortholog_one2one",100,100,0
"LMO7","Lmo7","ortholog_one2one",100,98.38,1
"TPD52L2","Tpd52l2","ortholog_one2one",100,100,1
"PAQR5","Paqr5","ortholog_one2one",100,100,1
"GLCE","Glce","ortholog_one2one",100,100,1
"WBP2NL","Wbp2nl","ortholog_one2one",100,97.14,1
"SPESP1","Spesp1","ortholog_one2one",100,98.13,0
"COL4A6","Col4a6","ortholog_one2one",100,100,1
"KCTD12","Kctd12","ortholog_one2one",100,100,1
"ACOD1","Acod1","ortholog_one2one",100,100,1
"DNAJC5","Dnajc5","ortholog_one2one",100,100,1
"FBXL3","Fbxl3","ortholog_one2one",100,100,1
"NAGA","Naga","ortholog_one2one",100,99.96,1
"CORO2B","Coro2b","ortholog_one2one",100,100,1
"COL4A5","Col4a5","ortholog_one2one",100,100,1
"UCKL1","Uckl1","ortholog_one2one",100,100,1
"ZNF512B","Zfp512b","ortholog_one2one",75,100,1
"PRPF6","Prpf6","ortholog_one2one",100,100,1
"SAMD10","Samd10","ortholog_one2one",100,100,1
"IRS4","Irs4","ortholog_one2one",100,100,1
"PHETA2","Pheta2","ortholog_one2one",100,100,1
"SMDT1","Smdt1","ortholog_one2one",100,100,1
"TMLHE","Tmlhe","ortholog_one2one",50,98.83,1
"5_8S_rRNA","n-R5-8s1","ortholog_one2many",NA,NA,0
"RNU6-723P","Gm23378","ortholog_one2one",NA,NA,0
"RNU6-553P","Gm25008","ortholog_one2one",NA,NA,0
"RNU6-658P","Gm25937","ortholog_one2one",NA,NA,0
"RNU6-527P","Gm22229","ortholog_one2one",NA,NA,0
"RNU6-1291P","Gm22867","ortholog_one2one",NA,NA,0
"MIR326","Mir326","ortholog_one2one",NA,NA,0
"MIR301B","Mir301b","ortholog_one2one",NA,NA,0
"MIR582","Mir582","ortholog_one2one",NA,NA,0
"MIR490","Mir490","ortholog_one2one",NA,NA,0
"SNORA16A","Snora16a","ortholog_one2one",NA,NA,0
"AC109486.3","Gm27572","ortholog_one2one",NA,NA,0
"MIR192","Mir192","ortholog_one2one",NA,NA,0
"MIR541","Mir541","ortholog_one2one",NA,NA,0
"RNU6-402P","Gm23889","ortholog_one2one",NA,NA,0
"MIR330","Mir330","ortholog_one2one",NA,NA,0
"MIR23A","Mir23a","ortholog_one2one",NA,NA,0
"MIR491","Mir491","ortholog_one2one",NA,NA,0
"SNORA20","Snora20","ortholog_one2one",NA,NA,0
"RNU6-897P","Gm24296","ortholog_one2one",NA,NA,0
"AL138691.1","Gm23212","ortholog_one2one",NA,NA,0
"RNU6-125P","Gm24839","ortholog_one2one",NA,NA,0
"RNU6-25P","Gm24565","ortholog_one2one",NA,NA,0
"RNU6-1233P","Gm22576","ortholog_one2one",NA,NA,0
"RNU6-163P","Gm24164","ortholog_one2one",NA,NA,0
"RNU6-29P","Gm24448","ortholog_one2one",NA,NA,0
"RNU6-1099P","Gm24646","ortholog_one2one",NA,NA,0
"RNU6-268P","Gm25142","ortholog_one2one",NA,NA,0
"RNU1-73P","Gm25060","ortholog_one2one",NA,NA,0
"MIR138-2","Mir138-2","ortholog_one2one",NA,NA,0
"SNORA5C","Snora5c","ortholog_one2one",NA,NA,0
"SNORD73A","Snord73a","ortholog_one2one",NA,NA,0
"MIR148B","Mir148b","ortholog_one2one",NA,NA,0
"RNU1-131P","Gm25260","ortholog_one2one",NA,NA,0
"SNORA80E","Gm25945","ortholog_one2one",NA,NA,0
"RNU6-1124P","Gm22838","ortholog_one2one",NA,NA,0
"RNU6-172P","Gm23846","ortholog_one2one",NA,NA,0
"SNORD34","Snord34","ortholog_one2one",NA,NA,0
"AL355598.1","Gm26158","ortholog_one2one",NA,NA,0
"SNORD3J","Gm22152","ortholog_one2one",NA,NA,0
"SNORD107","Snord107","ortholog_one2one",NA,NA,0
"RNU6-602P","Gm23941","ortholog_one2one",NA,NA,0
"RNU6-26P","Gm26204","ortholog_one2one",NA,NA,0
"SNORA49","Gm26079","ortholog_one2one",NA,NA,0
"MIR216A","Mir216a","ortholog_one2one",NA,NA,0
"SNORD15B","Snord15b","ortholog_one2one",NA,NA,0
"MIR10A","Mir10a","ortholog_one2one",NA,NA,0
"AC004381.2","Gm22710","ortholog_one2one",NA,NA,0
"SNORA9B","Snora9","ortholog_one2one",NA,NA,0
"SPRY3","Spry3","ortholog_one2one",50,100,1
"RNU6-102P","Gm47290","ortholog_one2one",NA,NA,0
"RNU6ATAC19P","Gm24833","ortholog_one2one",NA,NA,0
"MIR99A","Mir99a","ortholog_one2one",NA,NA,0
"RNU6-640P","Gm24477","ortholog_one2one",NA,NA,0
"Z99774.2","Gm27882","ortholog_one2one",NA,NA,0
"RNU6-108P","Gm22965","ortholog_one2one",NA,NA,0
"MIR542","Mir542","ortholog_one2one",NA,NA,0
"AC007351.4","Gm27366","ortholog_one2one",NA,NA,0
"RNU2-45P","Gm22850","ortholog_one2one",NA,NA,0
"SNORD53","Snord53","ortholog_one2one",NA,NA,0
"AC126172.1","Gm26224","ortholog_one2one",NA,NA,0
"AC004542.3","Gm27624","ortholog_one2one",NA,NA,0
"MIR323A","Mir323","ortholog_one2one",NA,NA,0
"MIR199B","Mir199b","ortholog_one2one",NA,NA,0
"RNU6-1023P","Gm24805","ortholog_one2one",NA,NA,0
"MIR29B2","Mir29b-2","ortholog_one2one",NA,NA,0
"RNU6-679P","Gm24947","ortholog_one2one",NA,NA,0
"MIR450B","Mir450b","ortholog_one2one",NA,NA,0
"SNORA4","Gm24616","ortholog_one2one",NA,NA,0
"MIR450A2","Mir450-2","ortholog_one2one",NA,NA,0
"ACTL10","Actl10","ortholog_one2many",100,100,1
"MIR221","Mir221","ortholog_one2one",NA,NA,0
"MIR29B1","Mir29b-1","ortholog_one2one",NA,NA,0
"RNU6-129P","Gm24775","ortholog_one2one",NA,NA,0
"MIR671","Mir671","ortholog_one2one",NA,NA,0
"RNU6-853P","Gm25879","ortholog_one2one",NA,NA,0
"RNU6-336P","Gm23587","ortholog_one2one",NA,NA,0
"RNU1-18P","Gm23738","ortholog_one2one",NA,NA,0
"RNU6-374P","Gm22573","ortholog_one2one",NA,NA,0
"MIR433","Mir433","ortholog_one2one",NA,NA,0
"AL162740.1","Gm25651","ortholog_one2one",NA,NA,0
"MIR708","Mir708","ortholog_one2one",NA,NA,0
"MIR431","Mir431","ortholog_one2one",NA,NA,0
"MIR186","Mir186","ortholog_one2one",NA,NA,0
"MIR218-2","Mir218-2","ortholog_one2one",NA,NA,0
"RNU6-965P","Gm24384","ortholog_one2one",NA,NA,0
"AL132709.1","Gm22205","ortholog_one2one",NA,NA,0
"RNU6-915P","Gm22783","ortholog_one2one",NA,NA,0
"SNORA23","Snora23","ortholog_one2one",NA,NA,0
"SNORD114-19","Gm23787","ortholog_one2one",NA,NA,0
"RNU6-687P","Gm22067","ortholog_one2one",NA,NA,0
"MIRLET7A3","Mirlet7c-2","ortholog_one2one",NA,NA,0
"MIR488","Mir488","ortholog_one2one",NA,NA,0
"MIR106B","Mir106b","ortholog_one2one",NA,NA,0
"RNU6-61P","Gm26378","ortholog_one2one",NA,NA,0
"RNU6-1012P","Gm22236","ortholog_one2one",NA,NA,0
"SNORD12B","Gm23201","ortholog_one2one",NA,NA,0
"RNU6-1237P","Gm25014","ortholog_one2one",NA,NA,0
"SNORD89","Snord89","ortholog_one2one",NA,NA,0
"RNU1-15P","Gm23040","ortholog_one2one",NA,NA,0
"RNU6-678P","CAAA01019125.1","ortholog_one2one",NA,NA,0
"AC022028.3","Gm27617","ortholog_one2one",NA,NA,0
"SNORD111B","Gm22193","ortholog_one2one",NA,NA,0
"MIR30C2","Mir30c-2","ortholog_one2one",NA,NA,0
"RNU6-1191P","Gm23543","ortholog_one2one",NA,NA,0
"RNU6-622P","Gm23448","ortholog_one2one",NA,NA,0
"RNU6-969P","Gm23712","ortholog_one2one",NA,NA,0
"RNU6-58P","Gm26143","ortholog_one2one",NA,NA,0
"SNORD23","Snord23","ortholog_one2one",NA,NA,0
"SNORA21B","Gm27326","ortholog_one2one",NA,NA,0
"AL354709.2","Gm27580","ortholog_one2one",NA,NA,0
"RNU6-923P","Gm23622","ortholog_one2one",NA,NA,0
"SNORD12C","Gm25878","ortholog_one2one",NA,NA,0
"RNU6-680P","Gm22392","ortholog_one2one",NA,NA,0
"RNU6-14P","Gm24457","ortholog_one2one",NA,NA,0
"SNORD94","Gm22486","ortholog_one2one",NA,NA,0
"RNU6-700P","Gm23504","ortholog_one2one",NA,NA,0
"MIR185","Mir185","ortholog_one2one",NA,NA,0
"MIR133A1","Mir133a-1","ortholog_one2one",NA,NA,0
"RNU6-1308P","Gm24211","ortholog_one2one",NA,NA,0
"SNORA84","Gm25394","ortholog_one2one",NA,NA,0
"RNVU1-32","Gm23330","ortholog_one2one",NA,NA,0
"SNORD15A","Snord15a","ortholog_one2one",NA,NA,0
"RNU2-66P","Gm25783","ortholog_one2one",NA,NA,0
"MIR124-2","Mir124a-2","ortholog_one2one",NA,NA,0
"AP000944.4","Gm28006","ortholog_one2one",NA,NA,0
"MIR208B","Mir208b","ortholog_one2one",NA,NA,0
"MIR342","Mir342","ortholog_one2one",NA,NA,0
"RNU6-663P","Gm22087","ortholog_one2one",NA,NA,0
"AC004542.5","Gm27640","ortholog_one2one",NA,NA,0
"RNU6-717P","Gm25637","ortholog_one2one",NA,NA,0
"MIR19A","Mir19a","ortholog_one2one",NA,NA,0
"RNU6-1282P","Gm22345","ortholog_one2one",NA,NA,0
"AC106037.1","Gm26040","ortholog_one2one",NA,NA,0
"MIR365A","Mir365-1","ortholog_one2one",NA,NA,0
"MIR181B1","Mir181b-1","ortholog_one2one",NA,NA,0
"RNU6-263P","Gm26335","ortholog_one2one",NA,NA,0
"SNORA5A","Gm24313","ortholog_one2one",NA,NA,0
"MIR652","Mir652","ortholog_one2one",NA,NA,0
"MIR29A","Mir29a","ortholog_one2one",NA,NA,0
"RNU6-1326P","Gm22055","ortholog_one2one",NA,NA,0
"AC021863.1","Gm25969","ortholog_one2one",NA,NA,0
"MIR191","Gm24083","ortholog_one2one",NA,NA,0
"MIR511","Mir511","ortholog_one2one",NA,NA,0
"MIR34A","Mir34a","ortholog_one2one",NA,NA,0
"MIR377","Mir377","ortholog_one2one",NA,NA,0
"SNORA50A","Gm26265","ortholog_one2one",NA,NA,0
"SNORD57","Snord57","ortholog_one2one",NA,NA,0
"SNORD117","Gm25128","ortholog_one2one",NA,NA,0
"MIR216B","Mir216b","ortholog_one2one",NA,NA,0
"MIR129-2","Mir129b","ortholog_one2one",NA,NA,0
"AP001065.1","Gm22394","ortholog_one2one",NA,NA,0
"SNORD61","Snord61","ortholog_one2one",NA,NA,0
"SNORD48","Gm25744","ortholog_one2one",NA,NA,0
"MIR206","Mir206","ortholog_one2one",NA,NA,0
"SNORD45A","Gm24494","ortholog_one2one",NA,NA,0
"AL132655.7","Gm27899","ortholog_one2one",NA,NA,0
"MIRLET7G","Mirlet7g","ortholog_one2one",NA,NA,0
"AC073065.2","Gm22435","ortholog_one2one",NA,NA,0
"RNU6-702P","Gm22675","ortholog_one2one",NA,NA,0
"SNORD56","Gm23650","ortholog_one2one",NA,NA,0
"RNU6-800P","Gm25204","ortholog_one2one",NA,NA,0
"RNU6-1","Gm25064","ortholog_one2one",NA,NA,0
"RNU6-1147P","Gm25814","ortholog_one2one",NA,NA,0
"MIR346","Mir346","ortholog_one2one",NA,NA,0
"AL132655.4","Gm27869","ortholog_one2one",NA,NA,0
"AC093298.1","Gm27993","ortholog_one2one",NA,NA,0
"MIR410","Mir410","ortholog_one2one",NA,NA,0
"RN7SL1","Rn7s1","ortholog_one2one",NA,NA,0
"AC004386.3","Gm27285","ortholog_one2one",NA,NA,0
"RNU6-137P","Gm22259","ortholog_one2one",NA,NA,0
"RNU6-1067P","Gm23247","ortholog_one2one",NA,NA,0
"RN7SL128P","Gm26461","ortholog_one2one",NA,NA,0
"RN7SL446P","Gm27853","ortholog_one2one",NA,NA,0
"RNU6-101P","Gm23958","ortholog_one2one",NA,NA,0
"RNU6-1037P","Gm23864","ortholog_one2one",NA,NA,0
"RNU6-558P","Gm26164","ortholog_one2one",NA,NA,0
"SNORD49B","Snord49b","ortholog_one2one",NA,NA,0
"RNU6-492P","Gm23730","ortholog_one2one",NA,NA,0
"SNORA71E","Gm25187","ortholog_one2one",NA,NA,0
"SNORD38B","Gm22980","ortholog_one2one",NA,NA,0
"RNU6-1129P","Gm25163","ortholog_one2one",NA,NA,0
"AC106873.2","Gm27365","ortholog_one2one",NA,NA,0
"SNORD25","Gm25855","ortholog_one2one",NA,NA,0
"RNU6-994P","Gm24131","ortholog_one2one",NA,NA,0
"MIRLET7I","Mirlet7i","ortholog_one2one",NA,NA,0
"RNU6-883P","Gm26022","ortholog_one2one",NA,NA,0
"RNU6-242P","Gm24705","ortholog_one2one",NA,NA,0
"MIR532","Mir532","ortholog_one2one",NA,NA,0
"AC012531.7","Gm27443","ortholog_one2one",NA,NA,0
"SNORD102","Gm25091","ortholog_one2one",NA,NA,0
"AL133229.1","Gm23593","ortholog_one2one",NA,NA,0
"RNU6-1321P","Gm22336","ortholog_one2one",NA,NA,0
"SNORD55","Snord55","ortholog_one2one",NA,NA,0
"SNORA53","Gm24119","ortholog_one2one",NA,NA,0
"MIR21","Mir21a","ortholog_one2one",NA,NA,0
"MIR129-1","Mir129-1","ortholog_one2one",NA,NA,0
"SNORD54","Gm24016","ortholog_one2one",NA,NA,0
"AC004774.3","Gm27905","ortholog_one2one",NA,NA,0
"SNORA65","Snora65","ortholog_one2one",NA,NA,0
"RNU6-972P","Gm23253","ortholog_one2one",NA,NA,0
"AC091179.3","Gm27605","ortholog_one2one",NA,NA,0
"RNU6-556P","Gm22887","ortholog_one2one",NA,NA,0
"MIR873","Mir873b","ortholog_one2one",NA,NA,0
"RNU105C","Gm24533","ortholog_one2one",NA,NA,0
"MIR489","Mir489","ortholog_one2one",NA,NA,0
"RNU6-993P","Gm25384","ortholog_one2one",NA,NA,0
"RNU6-837P","Gm22021","ortholog_one2one",NA,NA,0
"MIR16-2","Mir16-2","ortholog_one2one",NA,NA,0
"MIR103A2","Mir103-2","ortholog_one2one",NA,NA,0
"RNU2-13P","Gm24840","ortholog_one2one",NA,NA,0
"Z95327.1","Gm24438","ortholog_one2one",NA,NA,0
"MIR28","Mir28a","ortholog_one2one",NA,NA,0
"MIR218-1","Mir218-1","ortholog_one2one",NA,NA,0
"MIR143","Mir143","ortholog_one2one",NA,NA,0
"MIR187","Mir187","ortholog_one2one",NA,NA,0
"SNORD63B","Gm22200","ortholog_one2one",NA,NA,0
"RNU6-1153P","Gm22381","ortholog_one2one",NA,NA,0
"SNORA74D","Mir1949","ortholog_one2one",NA,NA,0
"RNU6-611P","Gm22747","ortholog_one2one",NA,NA,0
"MIR26A2","Mir26a-2","ortholog_one2one",NA,NA,0
"MIR147B","Mir147","ortholog_one2one",NA,NA,0
"RNU6-28P","Gm23025","ortholog_one2one",NA,NA,0
"AC078843.1","Gm25200","ortholog_one2one",NA,NA,0
"MIR9-2","Mir9-2","ortholog_one2one",NA,NA,0
"MIR214","Mir214","ortholog_one2one",NA,NA,0
"RNU6-1213P","Gm24378","ortholog_one2one",NA,NA,0
"MIR34C","Mir34c","ortholog_one2one",NA,NA,0
"MIR302D","Mir302d","ortholog_one2one",NA,NA,0
"MIR15B","Mir15b","ortholog_one2one",NA,NA,0
"RNU2-46P","Gm25007","ortholog_one2one",NA,NA,0
"MIR127","Mir127","ortholog_one2one",NA,NA,0
"SCARNA16","Gm26083","ortholog_one2one",NA,NA,0
"RNU1-125P","Gm25581","ortholog_one2one",NA,NA,0
"TSR3","Tsr3","ortholog_one2one",100,100,1
"MIR200B","Mir200b","ortholog_one2one",NA,NA,0
"SNORA35B","Gm25107","ortholog_one2one",NA,NA,0
"MIR675","Mir675","ortholog_one2one",NA,NA,0
"GNPTG","Gnptg","ortholog_one2one",100,100,1
"MIR1251","Mir1251","ortholog_one2one",NA,NA,0
"SNORD27","Gm24452","ortholog_one2one",NA,NA,0
"MIR133A2","Mir133a-2","ortholog_one2one",NA,NA,0
"RNU6-1292P","Gm24391","ortholog_one2one",NA,NA,0
"SNORD96A","Snord96a","ortholog_one2one",NA,NA,0
"MIR135A1","Mir135a-1","ortholog_one2one",NA,NA,0
"SNORA21","Snora21","ortholog_one2one",NA,NA,0
"MIRLET7C","Mirlet7c-1","ortholog_one2one",NA,NA,0
"RNU6-815P","Gm23231","ortholog_one2one",NA,NA,0
"MIR132","Mir132","ortholog_one2one",NA,NA,0
"AC006127.1","Gm27373","ortholog_one2one",NA,NA,0
"RNU6-505P","Gm25797","ortholog_one2one",NA,NA,0
"SNORA60","Gm25129","ortholog_one2one",NA,NA,0
"RNU6-230P","Gm23940","ortholog_one2one",NA,NA,0
"RNU6-27P","Gm26055","ortholog_one2one",NA,NA,0
"RNU6-218P","Gm26355","ortholog_one2one",NA,NA,0
"MIR31","Mir31","ortholog_one2one",NA,NA,0
"RNU6-638P","Gm24060","ortholog_one2one",NA,NA,0
"MIR200C","Mir200c","ortholog_one2one",NA,NA,0
"SNORD2","Snord2","ortholog_one2one",NA,NA,0
"RNU6-1140P","Gm23349","ortholog_one2one",NA,NA,0
"RNU6-254P","Gm24499","ortholog_one2one",NA,NA,0
"RNU6-935P","Gm25834","ortholog_one2one",NA,NA,0
"MIR199A1","Mir199a-1","ortholog_one2one",NA,NA,0
"MIR9-1","Mir9-1","ortholog_one2one",NA,NA,0
"RNU6-840P","Gm24602","ortholog_one2one",NA,NA,0
"SNORA58B","Gm24608","ortholog_one2one",NA,NA,0
"MIR486-1","Mir486","ortholog_one2one",NA,NA,0
"RN7SL2","Rn7s2","ortholog_one2one",NA,NA,0
"MIR374B","Mir374b","ortholog_one2one",NA,NA,0
"AC011774.1","Gm23839","ortholog_one2one",NA,NA,0
"RNU6-765P","Gm24254","ortholog_one2one",NA,NA,0
"MIR1-2","Mir1a-2","ortholog_one2one",NA,NA,0
"RNU6-4P","Gm24540","ortholog_one2one",NA,NA,0
"SNORD8","Snord8","ortholog_one2one",NA,NA,0
"AC023509.4","Gm27406","ortholog_one2one",NA,NA,0
"RNU6-302P","Gm23124","ortholog_one2one",NA,NA,0
"RNU6-842P","Gm24861","ortholog_one2one",NA,NA,0
"MIR134","Mir134","ortholog_one2one",NA,NA,0
"SNORD101","Gm23130","ortholog_one2one",NA,NA,0
"AC098588.1","Gm27820","ortholog_one2one",NA,NA,0
"SNORD19","Snord19","ortholog_one2one",NA,NA,0
"MIR1224","Mir1224","ortholog_one2one",NA,NA,0
"RNU6-229P","Gm22591","ortholog_one2one",NA,NA,0
"SNORD124","Gm22059","ortholog_one2one",NA,NA,0
"SNORD35A","Snord35a","ortholog_one2one",NA,NA,0
"MIR130A","Mir130a","ortholog_one2one",NA,NA,0
"SNORD83B","Snord83b","ortholog_one2one",NA,NA,0
"MIR412","Mir412","ortholog_one2one",NA,NA,0
"MIR19B2","Mir19b-2","ortholog_one2one",NA,NA,0
"RNU1-24P","Gm22979","ortholog_one2one",NA,NA,0
"MIR874","Mir874","ortholog_one2one",NA,NA,0
"RNU6-40P","Gm23714","ortholog_one2one",NA,NA,0
"AL139281.2","Gm26251","ortholog_one2one",NA,NA,0
"RNU6-438P","Gm22491","ortholog_one2one",NA,NA,0
"MIR302C","Mir302c","ortholog_one2one",NA,NA,0
"AC004125.1","Gm22620","ortholog_one2one",NA,NA,0
"RNU6-880P","Gm23041","ortholog_one2one",NA,NA,0
"RNU6-36P","Gm26435","ortholog_one2one",NA,NA,0
"SCARNA1","Gm22767","ortholog_one2one",NA,NA,0
"RNU1-77P","Gm23510","ortholog_one2one",NA,NA,0
"RNU6-524P","Gm24283","ortholog_one2one",NA,NA,0
"RNU6-147P","Gm23545","ortholog_one2one",NA,NA,0
"SCARNA18B","Gm25663","ortholog_one2one",NA,NA,0
"RNU6-975P","Gm25784","ortholog_one2one",NA,NA,0
"SNORD82","Snord82","ortholog_one2one",NA,NA,0
"RNU6-73P","Gm25453","ortholog_one2one",NA,NA,0
"SNORD14E","Snord14e","ortholog_one2one",NA,NA,0
"SNORD37","Snord37","ortholog_one2one",NA,NA,0
"RN7SL766P","Gm22876","ortholog_one2one",NA,NA,0
"MIR146B","Mir146b","ortholog_one2one",NA,NA,0
"LINC00901","Gm27717","ortholog_one2one",NA,NA,0
"RNU6-384P","Gm23469","ortholog_one2one",NA,NA,0
"AL096855.1","Gm25777","ortholog_one2one",NA,NA,0
"Z99774.5","Gm27357","ortholog_one2one",NA,NA,0
"MIR137","Mir137","ortholog_one2one",NA,NA,0
"RNU6-841P","Gm24925","ortholog_one2one",NA,NA,0
"MIR30A","Mir30a","ortholog_one2one",NA,NA,0
"MIR204","Mir204","ortholog_one2one",NA,NA,0
"MIR124-3","Mir124a-3","ortholog_one2one",NA,NA,0
"RNU6-710P","Gm23516","ortholog_one2one",NA,NA,0
"MIRLET7A1","Mirlet7a-1","ortholog_one2one",NA,NA,0
"POLL","Poll","ortholog_one2one",100,100,1
"SNORD11B","Gm26287","ortholog_one2one",NA,NA,0
"MIR20A","Mir20a","ortholog_one2one",NA,NA,0
"MIR425","Mir425","ortholog_one2one",NA,NA,0
"SNORA35","Snora35","ortholog_one2one",NA,NA,0
"MIR140","Mir140","ortholog_one2one",NA,NA,0
"AC012531.5","Gm27337","ortholog_one2one",NA,NA,0
"AC011375.1","Gm27457","ortholog_one2one",NA,NA,0
"AL731566.1","Gm27884","ortholog_one2one",NA,NA,0
"RNU6-1313P","Gm27975","ortholog_one2one",NA,NA,0
"MIR504","Mir504","ortholog_one2one",NA,NA,0
"SNORA74A","Snora74a","ortholog_one2one",NA,NA,0
"RNU6-307P","Gm23431","ortholog_one2one",NA,NA,0
"MIR30D","Mir30d","ortholog_one2one",NA,NA,0
"MIR1282","Gm22953","ortholog_one2one",NA,NA,0
"RNU1-105P","Gm23735","ortholog_one2one",NA,NA,0
"MIR501","Mir501","ortholog_one2one",NA,NA,0
"RNU6-312P","Gm23097","ortholog_one2one",NA,NA,0
"RNU6-1261P","Gm22084","ortholog_one2one",NA,NA,0
"MIR628","Gm27353","ortholog_one2one",NA,NA,0
"RNU6-1194P","Gm24651","ortholog_one2one",NA,NA,0
"AC011399.1","Snord45c","ortholog_one2one",NA,NA,0
"SNORD24","Gm23969","ortholog_one2one",NA,NA,0
"SNORA33","Snora33","ortholog_one2one",NA,NA,0
"MIR203B","Mir203","ortholog_one2one",NA,NA,0
"RNU6-439P","Gm24776","ortholog_one2one",NA,NA,0
"RNU6-293P","Gm24552","ortholog_one2one",NA,NA,0
"RNU6-173P","Gm24319","ortholog_one2one",NA,NA,0
"AC012354.5","Gm27610","ortholog_one2one",NA,NA,0
"SNORD86","Gm23187","ortholog_one2one",NA,NA,0
"SNORA47","Snora47","ortholog_one2one",NA,NA,0
"RNU6-304P","Gm22929","ortholog_one2one",NA,NA,0
"MIR455","Mir455","ortholog_one2one",NA,NA,0
"RNU6-708P","Gm22911","ortholog_one2one",NA,NA,0
"SNORD36B","Gm22879","ortholog_one2one",NA,NA,0
"MIR27A","Mir27a","ortholog_one2one",NA,NA,0
"SNORD49A","Snord49a","ortholog_one2one",NA,NA,0
"RNU6-317P","Gm22302","ortholog_one2one",NA,NA,0
"MIR196A2","Mir196a-2","ortholog_one2one",NA,NA,0
"SNORD62A","Gm22192","ortholog_one2one",NA,NA,0
"SNORD99","Snord99","ortholog_one2one",NA,NA,0
"SNORD66","Snord66","ortholog_one2one",NA,NA,0
"AL049692.3","Gm27636","ortholog_one2one",NA,NA,0
"MIR374A","Mir374c","ortholog_one2one",NA,NA,0
"SCARNA8","Scarna8","ortholog_one2one",NA,NA,0
"RNU6-143P","Gm24678","ortholog_one2one",NA,NA,0
"RNU6-517P","Gm22749","ortholog_one2one",NA,NA,0
"AC091825.2","Gm27369","ortholog_one2one",NA,NA,0
"RNU1-17P","Gm26263","ortholog_one2one",NA,NA,0
"SNORD21","Snord21","ortholog_one2one",NA,NA,0
"RNU6-833P","Gm26371","ortholog_one2one",NA,NA,0
"RNU6-766P","Gm25810","ortholog_one2one",NA,NA,0
"MIR151A","Mir151","ortholog_one2one",NA,NA,0
"RNU6-952P","Gm22808","ortholog_one2one",NA,NA,0
"RNU6-864P","Gm22943","ortholog_one2one",NA,NA,0
"MIR592","Mir592","ortholog_one2one",NA,NA,0
"RNU6-742P","Gm24099","ortholog_one2one",NA,NA,0
"SNORD105","Gm24067","ortholog_one2one",NA,NA,0
"SNORD52","Snord52","ortholog_one2one",NA,NA,0
"MIR150","Mir150","ortholog_one2one",NA,NA,0
"SCARNA11","Gm23751","ortholog_one2one",NA,NA,0
"RNU6-657P","Gm24430","ortholog_one2one",NA,NA,0
"RNU6-581P","Gm25054","ortholog_one2one",NA,NA,0
"FAM122A","Fam122a","ortholog_one2one",100,100,1
"SNORD18","Gm23344","ortholog_one2one",NA,NA,0
"RNU6-1179P","Gm22448","ortholog_one2one",NA,NA,0
"MIR100","Mir100","ortholog_one2one",NA,NA,0
"MIR190A","Mir190a","ortholog_one2one",NA,NA,0
"RNU6-582P","Gm25801","ortholog_one2one",NA,NA,0
"MIR876","Mir876","ortholog_one2one",NA,NA,0
"SNORA64","Snora64","ortholog_one2one",NA,NA,0
"SNORD18C","Gm22455","ortholog_one2one",NA,NA,0
"SNORD71","Snord71","ortholog_one2one",NA,NA,0
"SCARNA7","Gm22009","ortholog_one2one",NA,NA,0
"MIR668","Mir668","ortholog_one2one",NA,NA,0
"SNORD113-9","Gm24899","ortholog_one2one",NA,NA,0
"GTF2F1","Gtf2f1","ortholog_one2one",100,100,1
"MIR26A1","Mir26a-1","ortholog_one2one",NA,NA,0
"RNU6-1062P","Gm24686","ortholog_one2one",NA,NA,0
"RNU6-487P","Gm25101","ortholog_one2one",NA,NA,0
"MIR19B1","Mir19b-1","ortholog_one2one",NA,NA,0
"RNU6-1137P","Gm25964","ortholog_one2one",NA,NA,0
"MIR24-1","Mir24-1","ortholog_one2one",NA,NA,0
"MIR96","Mir96","ortholog_one2one",NA,NA,0
"RNU6-273P","Gm23185","ortholog_one2one",NA,NA,0
"RNU6-1226P","Gm22766","ortholog_one2one",NA,NA,0
"MIR598","Mir598","ortholog_one2one",NA,NA,0
"SNORA27","Gm23202","ortholog_one2one",NA,NA,0
"SNORD97","Gm23262","ortholog_one2one",NA,NA,0
"RNU2-7P","Gm24764","ortholog_one2one",NA,NA,0
"AC012354.4","Gm27275","ortholog_one2one",NA,NA,0
"SNORA63E","Gm25852","ortholog_one2one",NA,NA,0
"MIR205","Mir205","ortholog_one2one",NA,NA,0
"RNU6-1205P","Gm23640","ortholog_one2one",NA,NA,0
"MIR30E","Mir30e","ortholog_one2one",NA,NA,0
"SNORD105B","Gm23008","ortholog_one2one",NA,NA,0
"RNU6-1228P","Gm24762","ortholog_one2one",NA,NA,0
"RNU6-1134P","Gm24898","ortholog_one2one",NA,NA,0
"RNU6-46P","Gm25522","ortholog_one2one",NA,NA,0
"RNU6-1130P","Gm22827","ortholog_one2one",NA,NA,0
"SNORA66","Gm26387","ortholog_one2one",NA,NA,0
"RNU6-895P","Gm23032","ortholog_one2one",NA,NA,0
"RNU6-161P","Gm23275","ortholog_one2one",NA,NA,0
"MIR139","Mir139","ortholog_one2one",NA,NA,0
"RNU6-1039P","Gm26207","ortholog_one2one",NA,NA,0
"RNU6-422P","Gm26063","ortholog_one2one",NA,NA,0
"AL157858.2","Gm27976","ortholog_one2one",NA,NA,0
"MIR340","Mir340","ortholog_one2one",NA,NA,0
"MIR194-1","Mir194-1","ortholog_one2one",NA,NA,0
"RNU6-1297P","Gm26099","ortholog_one2one",NA,NA,0
"RNU2-55P","Gm22958","ortholog_one2one",NA,NA,0
"MIR1302-6","Gm25317","ortholog_one2one",NA,NA,0
"RNU2-47P","Gm24763","ortholog_one2one",NA,NA,0
"AC018659.5","Gm27999","ortholog_one2one",NA,NA,0
"MIR181B2","Mir181b-2","ortholog_one2one",NA,NA,0
"AP000769.3","Gm27702","ortholog_one2one",NA,NA,0
"RNU6-365P","Gm22452","ortholog_one2one",NA,NA,0
"MIR502","Mir500","ortholog_one2one",NA,NA,0
"SNORD31B","Gm23246","ortholog_one2one",NA,NA,0
"MIR33A","Mir33","ortholog_one2one",NA,NA,0
"MIR4657","Gm22123","ortholog_one2one",NA,NA,0
"RNU6-654P","Gm23445","ortholog_one2one",NA,NA,0
"AC117415.2","Gm27611","ortholog_one2one",NA,NA,0
"SNORD38A","Snord38a","ortholog_one2one",NA,NA,0
"SNORA6","Gm24044","ortholog_one2one",NA,NA,0
"AC009951.1","Gm27404","ortholog_one2one",NA,NA,0
"MIR770","Mir770","ortholog_one2one",NA,NA,0
"RNU6-168P","Gm25819","ortholog_one2one",NA,NA,0
"RNU6-84P","Gm24536","ortholog_one2one",NA,NA,0
"MIR381","Mir381","ortholog_one2one",NA,NA,0
"RNU6-561P","Gm25881","ortholog_one2one",NA,NA,0
"RNU6-1232P","Gm25047","ortholog_one2one",NA,NA,0
"RNU6-933P","Gm22764","ortholog_one2one",NA,NA,0
"MIR335","Mir335","ortholog_one2one",NA,NA,0
"SCARNA6","Scarna6","ortholog_one2one",NA,NA,0
"SNORD28","Gm24453","ortholog_one2one",NA,NA,0
"RNU6-740P","Gm23851","ortholog_one2one",NA,NA,0
"MIR142","Mir142","ortholog_one2one",NA,NA,0
"SNORD98","Snord98","ortholog_one2one",NA,NA,0
"MIR370","Mir370","ortholog_one2one",NA,NA,0
"RNU6-812P","Gm24042","ortholog_one2one",NA,NA,0
"SNORD70B","Gm26293","ortholog_one2one",NA,NA,0
"SNORD53B","Gm22858","ortholog_one2one",NA,NA,0
"AC003657.1","Gm27980","ortholog_one2one",NA,NA,0
"RNU1-45P","Gm22054","ortholog_one2one",NA,NA,0
"RNU6-1103P","Gm23412","ortholog_one2one",NA,NA,0
"SNORD60","Snord60","ortholog_one2one",NA,NA,0
"RNU6-79P","Gm23848","ortholog_one2one",NA,NA,0
"RNU6-564P","Gm23318","ortholog_one2one",NA,NA,0
"MIR345","Mir345","ortholog_one2one",NA,NA,0
"MIR361","Mir361","ortholog_one2one",NA,NA,0
"SNORD7","Snord7","ortholog_one2one",NA,NA,0
"SNORA54","Gm23297","ortholog_one2one",NA,NA,0
"SNORA14A","Gm26397","ortholog_one2one",NA,NA,0
"RNU6-153P","Gm25920","ortholog_one2one",NA,NA,0
"RNU1-46P","Gm23173","ortholog_one2one",NA,NA,0
"RNU2-54P","Gm23118","ortholog_one2one",NA,NA,0
"RNU6-893P","Gm24582","ortholog_one2one",NA,NA,0
"RNU6-262P","Gm24086","ortholog_one2one",NA,NA,0
"MIR1225","Gm24589","ortholog_one2one",NA,NA,0
"RNU6-838P","Gm23350","ortholog_one2one",NA,NA,0
"MIR29C","Mir29c","ortholog_one2one",NA,NA,0
"MIR10B","Mir10b","ortholog_one2one",NA,NA,0
"RNU6-278P","Gm26038","ortholog_one2one",NA,NA,0
"RNU6-670P","Gm26061","ortholog_one2one",NA,NA,0
"RNU6-757P","Gm23567","ortholog_one2one",NA,NA,0
"AL049692.2","Gm27538","ortholog_one2one",NA,NA,0
"AL359751.1","Gm27545","ortholog_one2one",NA,NA,0
"AC007938.6","Gm27522","ortholog_one2one",NA,NA,0
"RNU6-940P","Gm22384","ortholog_one2one",NA,NA,0
"RNU6-5P","Gm22580","ortholog_one2one",NA,NA,0
"RNU6-390P","Gm25322","ortholog_one2one",NA,NA,0
"SNORA80B","Gm22748","ortholog_one2one",NA,NA,0
"RNU6-410P","Gm27659","ortholog_one2one",NA,NA,0
"MIR154","Mir154","ortholog_one2one",NA,NA,0
"AC004080.7","Gm28032","ortholog_one2one",NA,NA,0
"SNORD83A","Gm22077","ortholog_one2one",NA,NA,0
"RNU6-107P","Gm23754","ortholog_one2one",NA,NA,0
"RNU6-188P","Gm23725","ortholog_one2one",NA,NA,0
"SNORD127","Gm25970","ortholog_one2one",NA,NA,0
"AC009951.3","Gm27645","ortholog_one2one",NA,NA,0
"RNU6-1197P","Gm24400","ortholog_one2one",NA,NA,0
"AL117190.5","Gm27528","ortholog_one2one",NA,NA,0
"MIR7-1","Mir7-1","ortholog_one2one",NA,NA,0
"RNU6-480P","Gm26139","ortholog_one2one",NA,NA,0
"AP001610.1","Gm25876","ortholog_one2one",NA,NA,0
"MIR1306","Mir1306","ortholog_one2one",NA,NA,0
"AC116913.2","Gm22571","ortholog_one2one",NA,NA,0
"MIR450A1","Mir450-1","ortholog_one2one",NA,NA,0
"SNORA44","Snora44","ortholog_one2one",NA,NA,0
"SNORD14D","Snord14d","ortholog_one2one",NA,NA,0
"RNU6-1203P","Gm25827","ortholog_one2one",NA,NA,0
"MIR23B","Mir23b","ortholog_one2one",NA,NA,0
"SNORD92","Snord92","ortholog_one2one",NA,NA,0
"RNU6-1294P","Gm26084","ortholog_one2one",NA,NA,0
"RNU6-525P","Gm24234","ortholog_one2one",NA,NA,0
"SNORA24","Snora24","ortholog_one2one",NA,NA,0
"RNU6-16P","Gm25258","ortholog_one2one",NA,NA,0
"AC009951.2","Gm27761","ortholog_one2one",NA,NA,0
"RNU1-94P","Gm23039","ortholog_one2one",NA,NA,0
"SNORA28","Snora28","ortholog_one2one",NA,NA,0
"AC109486.2","Gm28016","ortholog_one2one",NA,NA,0
"MIR337","Mir337","ortholog_one2one",NA,NA,0
"RNU6-72P","Gm25895","ortholog_one2one",NA,NA,0
"AC002542.5","Gm27444","ortholog_one2one",NA,NA,0
"RNU6-1015P","Gm26034","ortholog_one2one",NA,NA,0
"MIR196B","Mir196b","ortholog_one2one",NA,NA,0
"RNU6-1169P","Gm23038","ortholog_one2one",NA,NA,0
"SCARNA12","Gm23547","ortholog_one2one",NA,NA,0
"MIR375","Mir375","ortholog_one2one",NA,NA,0
"AC007435.1","Gm27421","ortholog_one2one",NA,NA,0
"SNORD113-3","Gm24564","ortholog_one2one",NA,NA,0
"RNU2-30P","Gm22768","ortholog_one2one",NA,NA,0
"RNU6-914P","Gm24340","ortholog_one2one",NA,NA,0
"AC005045.2","Gm27941","ortholog_one2one",NA,NA,0
"SNORA2C","Snora34","ortholog_one2one",NA,NA,0
"SNORD100","Snord100","ortholog_one2one",NA,NA,0
"SNORD104","Snord104","ortholog_one2one",NA,NA,0
"RNU6-907P","Gm26412","ortholog_one2one",NA,NA,0
"AC004080.9","Gm27280","ortholog_one2one",NA,NA,0
"MIR449A","Mir449a","ortholog_one2one",NA,NA,0
"MIR133B","Mir133b","ortholog_one2one",NA,NA,0
"RNU6-916P","Gm22950","ortholog_one2one",NA,NA,0
"RNU1-138P","Gm22940","ortholog_one2one",NA,NA,0
"MIR505","Mir505","ortholog_one2one",NA,NA,0
"RNU6-383P","Gm24129","ortholog_one2one",NA,NA,0
"SNORD121B","Gm22888","ortholog_one2one",NA,NA,0
"MIR181A1","Mir181a-1","ortholog_one2one",NA,NA,0
"RNU6-284P","Gm25705","ortholog_one2one",NA,NA,0
"RNU2-34P","Gm22451","ortholog_one2one",NA,NA,0
"RNU6-1005P","Gm24707","ortholog_one2one",NA,NA,0
"AC004386.2","Gm27987","ortholog_one2one",NA,NA,0
"AC108713.1","Gm27587","ortholog_one2one",NA,NA,0
"MIR122","Mir122","ortholog_one2one",NA,NA,0
"MIRLET7F2","Mirlet7f-2","ortholog_one2one",NA,NA,0
"RNU6-1167P","Gm22359","ortholog_one2one",NA,NA,0
"AC009014.4","Gm27698","ortholog_one2one",NA,NA,0
"REEP2","Reep2","ortholog_one2one",100,100,1
"MIR155","Mir155","ortholog_one2one",NA,NA,0
"MIR339","Mir339","ortholog_one2one",NA,NA,0
"MIR711","Mir711","ortholog_one2one",NA,NA,0
"MIR448","Mir448","ortholog_one2one",NA,NA,0
"SCARNA2","Scarna2","ortholog_one2one",NA,NA,0
"FBXL15","Fbxl15","ortholog_one2one",100,100,1
"MIR382","Mir382","ortholog_one2one",NA,NA,0
"AP000944.3","Gm27505","ortholog_one2one",NA,NA,0
"MIR152","Mir152","ortholog_one2one",NA,NA,0
"RNU1-64P","Gm22847","ortholog_one2one",NA,NA,0
"RNU6-652P","Gm25160","ortholog_one2one",NA,NA,0
"RNU6-794P","Gm26468","ortholog_one2one",NA,NA,0
"SNORA41B","Gm25409","ortholog_one2one",NA,NA,0
"RNU6-189P","Gm25039","ortholog_one2one",NA,NA,0
"AC021424.4","Gm27803","ortholog_one2one",NA,NA,0
"MIR126","Mir126a","ortholog_one2one",NA,NA,0
"RNU1-63P","Gm23928","ortholog_one2one",NA,NA,0
"SNORD84","Gm22589","ortholog_one2one",NA,NA,0
"SNORD69","Snord69","ortholog_one2one",NA,NA,0
"AL353804.7","Gm27520","ortholog_one2one",NA,NA,0
"RNU6-546P","Gm24410","ortholog_one2one",NA,NA,0
"RNU6-47P","Gm24508","ortholog_one2one",NA,NA,0
"RNU6-1164P","Gm26314","ortholog_one2one",NA,NA,0
"MIR128-1","Mir128-1","ortholog_one2one",NA,NA,0
"MIR3618","Gm24572","ortholog_one2one",NA,NA,0
"MIRLET7E","Mirlet7e","ortholog_one2one",NA,NA,0
"RNU6-629P","Gm24796","ortholog_one2one",NA,NA,0
"AL138834.1","Gm27265","ortholog_one2one",NA,NA,0
"SNORD10","Gm25835","ortholog_one2one",NA,NA,0
"RNU6-1031P","Gm26255","ortholog_one2one",NA,NA,0
"RNU6-1257P","Gm24697","ortholog_one2one",NA,NA,0
"SNORA63B","Gm24201","ortholog_one2one",NA,NA,0
"SCARNA15","Mir1839","ortholog_one2one",NA,NA,0
"RNU1-148P","Gm22739","ortholog_one2one",NA,NA,0
"MIR1-1","Mir1a-1","ortholog_one2one",NA,NA,0
"RNU6-31P","Gm24863","ortholog_one2one",NA,NA,0
"SNORD65","Snord65","ortholog_one2one",NA,NA,0
"RNU6-762P","Gm22543","ortholog_one2one",NA,NA,0
"SCARNA18","Gm24507","ortholog_one2one",NA,NA,0
"RNU6-764P","Gm24225","ortholog_one2one",NA,NA,0
"NRON","Nron","ortholog_one2one",NA,NA,0
"MIR484","Mir484","ortholog_one2one",NA,NA,0
"MIR183","Mir183","ortholog_one2one",NA,NA,0
"RNU6-1299P","Gm23463","ortholog_one2one",NA,NA,0
"MIR193A","Mir193a","ortholog_one2one",NA,NA,0
"SNORD1A","Snord1a","ortholog_one2one",NA,NA,0
"MIR34B","Mir34b","ortholog_one2one",NA,NA,0
"MIR761","Mir761","ortholog_one2one",NA,NA,0
"SNORD87","Snord87","ortholog_one2one",NA,NA,0
"MIRLET7D","Mirlet7d","ortholog_one2one",NA,NA,0
"RNU6-171P","Gm23570","ortholog_one2one",NA,NA,0
"MIR496","Mir496a","ortholog_one2one",NA,NA,0
"RNU6-753P","Gm24498","ortholog_one2one",NA,NA,0
"MIR200A","Mir200a","ortholog_one2one",NA,NA,0
"MIR222","Mir222","ortholog_one2one",NA,NA,0
"AC004080.14","Gm27492","ortholog_one2one",NA,NA,0
"MIR22","Mir22","ortholog_one2one",NA,NA,0
"MIR299","Mir299a","ortholog_one2one",NA,NA,0
"MIR188","Mir188","ortholog_one2one",NA,NA,0
"AC007383.3","Gm27390","ortholog_one2one",NA,NA,0
"SNORD67","Snord67","ortholog_one2one",NA,NA,0
"MIR331","Mir331","ortholog_one2one",NA,NA,0
"AL137060.1","Gm27928","ortholog_one2one",NA,NA,0
"AC104446.3","Gm23852","ortholog_one2one",NA,NA,0
"MIR363","Mir363","ortholog_one2one",NA,NA,0
"SNORD33","Snord33","ortholog_one2one",NA,NA,0
"Z69713.1","Gm22532","ortholog_one2one",NA,NA,0
"MIR125A","Mir125a","ortholog_one2one",NA,NA,0
"MIR223","Mir223","ortholog_one2one",NA,NA,0
"SNORD59A","Snord59a","ortholog_one2one",NA,NA,0
"MIR25","Mir25","ortholog_one2one",NA,NA,0
"RNU6-698P","Gm23815","ortholog_one2one",NA,NA,0
"AL031591.2","Gm27680","ortholog_one2one",NA,NA,0
"MIR9-3","Mir9-3","ortholog_one2one",NA,NA,0
"SNORD16","Snord16a","ortholog_one2one",NA,NA,0
"MIR135A2","Mir135a-2","ortholog_one2one",NA,NA,0
"RNU6-318P","Gm22474","ortholog_one2one",NA,NA,0
"AC004080.8","Gm27695","ortholog_one2one",NA,NA,0
"RNU6-100P","Gm23308","ortholog_one2one",NA,NA,0
"RNU6-738P","Gm22951","ortholog_one2one",NA,NA,0
"MIR125B1","Mir125b-1","ortholog_one2one",NA,NA,0
"MIR424","Mir322","ortholog_one2one",NA,NA,0
"MIR181C","Mir181c","ortholog_one2one",NA,NA,0
"RNU6-1028P","Gm26226","ortholog_one2one",NA,NA,0
"MIR378A","Mir378a","ortholog_one2one",NA,NA,0
"SNORD111","Snord111","ortholog_one2one",NA,NA,0
"SNORD72","Snord72","ortholog_one2one",NA,NA,0
"MIR199A2","Mir199a-2","ortholog_one2one",NA,NA,0
"SNORD12","Snord12","ortholog_one2one",NA,NA,0
"SNORA25B","Gm22843","ortholog_one2one",NA,NA,0
"SNORD17","Snord17","ortholog_one2one",NA,NA,0
"AL158154.1","Gm23531","ortholog_one2one",NA,NA,0
"MIR497","Mir497","ortholog_one2one",NA,NA,0
"RNU6-769P","Gm26487","ortholog_one2one",NA,NA,0
"SNORD123","Snord123","ortholog_one2one",NA,NA,0
"SNORA11G","Gm24595","ortholog_one2one",NA,NA,0
"MIR665","Mir665","ortholog_one2one",NA,NA,0
"RNU1-104P","Gm23121","ortholog_one2one",NA,NA,0
"SNORD26","Gm25894","ortholog_one2one",NA,NA,0
"AC005837.3","Gm27401","ortholog_one2one",NA,NA,0
"RNU6-575P","Gm26159","ortholog_one2one",NA,NA,0
"SNORA36B","Snora36b","ortholog_one2one",NA,NA,0
"MIR26B","Mir26b","ortholog_one2one",NA,NA,0
"AC108726.1","Gm27793","ortholog_one2one",NA,NA,0
"RNU6-381P","Gm25207","ortholog_one2one",NA,NA,0
"RNU6-867P","Gm24150","ortholog_one2one",NA,NA,0
"RNU6-395P","Gm25493","ortholog_one2one",NA,NA,0
"SNORD110","Snord110","ortholog_one2one",NA,NA,0
"RNU6-1055P","Gm23588","ortholog_one2one",NA,NA,0
"AC126773.1","Gm23897","ortholog_one2one",NA,NA,0
"MIR99B","Mir99b","ortholog_one2one",NA,NA,0
"AC004774.1","Gm27699","ortholog_one2one",NA,NA,0
"RNU6-32P","Gm23819","ortholog_one2one",NA,NA,0
"SNORD20","Gm24148","ortholog_one2one",NA,NA,0
"RNU6-257P","Gm23428","ortholog_one2one",NA,NA,0
"MIR193B","Mir193b","ortholog_one2one",NA,NA,0
"MIR30C1","Mir30c-1","ortholog_one2one",NA,NA,0
"SNORD114-10","Gm25854","ortholog_one2one",NA,NA,0
"RNU6-1196P","Gm25839","ortholog_one2one",NA,NA,0
"AC012354.2","Gm27435","ortholog_one2one",NA,NA,0
"RNU6-138P","Gm23981","ortholog_one2one",NA,NA,0
"MIR17","Mir17","ortholog_one2one",NA,NA,0
"VAMP7","Vamp7","ortholog_one2one",50,100,1
"SNORD41","Gm25506","ortholog_one2one",NA,NA,0
"MIR145","Mir145a","ortholog_one2one",NA,NA,0
"RNU6-1195P","Gm23042","ortholog_one2one",NA,NA,0
"MIR18A","Mir18","ortholog_one2one",NA,NA,0
"RNU6-572P","Gm24388","ortholog_one2one",NA,NA,0
"RNU6-943P","Gm24768","ortholog_one2one",NA,NA,0
"MIR15A","Mir15a","ortholog_one2one",NA,NA,0
"SNORD45B","Snord45b","ortholog_one2one",NA,NA,0
"AC106873.7","Gm27762","ortholog_one2one",NA,NA,0
"SNORD63","Gm26109","ortholog_one2one",NA,NA,0
"MIR208A","Mir208a","ortholog_one2one",NA,NA,0
"SNORD4A","Snord4a","ortholog_one2one",NA,NA,0
"MIR494","Mir494","ortholog_one2one",NA,NA,0
"RNU6-485P","Gm25968","ortholog_one2one",NA,NA,0
"MIR219A2","Mir219a-2","ortholog_one2one",NA,NA,0
"RNU6-544P","Gm24592","ortholog_one2one",NA,NA,0
"RNU1-141P","Gm25130","ortholog_one2one",NA,NA,0
"MIR32","Mir32","ortholog_one2one",NA,NA,0
"RNU6-633P","Gm25326","ortholog_one2one",NA,NA,0
"RNU6-979P","Gm26008","ortholog_one2one",NA,NA,0
"AC004542.4","Gm27937","ortholog_one2one",NA,NA,0
"RNU6-944P","Gm26101","ortholog_one2one",NA,NA,0
"MIR98","Mir98","ortholog_one2one",NA,NA,0
"RNU6-628P","Gm23858","ortholog_one2one",NA,NA,0
"RNU6-744P","Gm25524","ortholog_one2one",NA,NA,0
"SNORD35B","Snord35b","ortholog_one2one",NA,NA,0
"MIR101-1","Mir101a","ortholog_one2one",NA,NA,0
"RNU6-24P","Gm22113","ortholog_one2one",NA,NA,0
"MIR27B","Mir27b","ortholog_one2one",NA,NA,0
"RNU6-904P","Gm23390","ortholog_one2one",NA,NA,0
"RNU6-167P","Gm24661","ortholog_one2one",NA,NA,0
"MIR124-1","Mir124a-1","ortholog_one2one",NA,NA,0
"SNORD11","Snord11","ortholog_one2one",NA,NA,0
"SNORD42A","Snord42a","ortholog_one2one",NA,NA,0
"SNORD125","Gm24958","ortholog_one2one",NA,NA,0
"RMRPP5","Rmrp","ortholog_one2one",NA,NA,0
"RNU6-393P","Gm26285","ortholog_one2one",NA,NA,0
"SNORD68","Snord68","ortholog_one2one",NA,NA,0
"MIR877","Mir877","ortholog_one2one",NA,NA,0
"SNORD73B","Rnu73b","ortholog_one2one",NA,NA,0
"MIR144","Mir144","ortholog_one2one",NA,NA,0
"RNU6-9","Gm24753","ortholog_one2one",NA,NA,0
"SNORD79","Gm50452","ortholog_one2one",NA,NA,0
"RNU6-509P","Gm22779","ortholog_one2one",NA,NA,0
"SNORD5","Gm24299","ortholog_one2one",NA,NA,0
"MIR744","Mir744","ortholog_one2one",NA,NA,0
"RNU6-693P","Gm22935","ortholog_one2one",NA,NA,0
"RNU6-12P","Gm26128","ortholog_one2one",NA,NA,0
"RNU6-967P","Gm26420","ortholog_one2one",NA,NA,0
"SNORD90","Snord90","ortholog_one2one",NA,NA,0
"MIR7-3","Mir7-2","ortholog_one2one",NA,NA,0
"RNU2-14P","Gm26108","ortholog_one2one",NA,NA,0
"RNU6-80P","Gm25367","ortholog_one2one",NA,NA,0
"RNU2-65P","Gm26105","ortholog_one2one",NA,NA,0
"MIR195","Mir195a","ortholog_one2one",NA,NA,0
"MIR103A1","Mir103-1","ortholog_one2one",NA,NA,0
"RNU6-387P","Gm24531","ortholog_one2one",NA,NA,0
"RNU6-910P","Gm24537","ortholog_one2one",NA,NA,0
"AC012354.8","Gm27283","ortholog_one2one",NA,NA,0
"AC005722.2","Gm23663","ortholog_one2one",NA,NA,0
